year,sitc4,export_value_current_usd,manufacturing_export_share_pct,annual_rank,top5_flag,top10_flag
2000,5111,50690,0.0006901374336036495,364,0,0
2000,5112,52653,0.0007168634107621416,361,0,0
2000,5113,138227,0.0018819417446188924,293,0,0
2000,5114,5576,7.591647918275695e-05,452,0,0
2000,5121,4241590,0.05774866910631098,74,0,0
2000,5122,0,0.0,481,0,0
2000,5123,0,0.0,482,0,0
2000,5137,188776,0.002570159482461285,278,0,0
2000,5138,22553120,0.3070576515398528,37,0,0
2000,5139,173990,0.002368850109936851,279,0,0
2000,5145,22411,0.00030512270713141425,416,0,0
2000,5146,3266,4.446614437067507e-05,464,0,0
2000,5147,26272,0.00035768969531732256,408,0,0
2000,5148,53854,0.0007332148618917131,358,0,0
2000,5154,45665,0.0006217227442397051,371,0,0
2000,5155,170835,0.0023258952154207825,281,0,0
2000,5156,36589,0.0004981542426143999,391,0,0
2000,5157,1671,2.2750437000428056e-05,473,0,0
2000,5161,112253,0.001528309278640964,314,0,0
2000,5162,0,0.0,483,0,0
2000,5163,0,0.0,484,0,0
2000,5169,811586,0.01104963265315943,167,0,0
2000,5221,128400,0.001748148480463772,300,0,0
2000,5222,226823,0.003088164196138895,264,0,0
2000,5223,0,0.0,485,0,0
2000,5224,37131,0.0005055334986612174,389,0,0
2000,5225,290155,0.003950420734805029,243,0,0
2000,5231,170621,0.0023229816346200093,282,0,0
2000,5232,113615,0.0015468527228028927,312,0,0
2000,5233,0,0.0,486,0,0
2000,5239,27315,0.00037188999800520195,406,0,0
2000,5241,2706,3.684182077986734e-05,467,0,0
2000,5249,864881,0.01177523680632389,161,0,0
2000,5311,371584,0.005059065459226248,213,0,0
2000,5312,20146,0.000274285041179308,424,0,0
2000,5322,326871,0.004450304065090916,225,0,0
2000,5323,61391,0.0008358300885058522,354,0,0
2000,5331,121680,0.001656656597374079,303,0,0
2000,5332,6718,9.146465336258271e-05,448,0,0
2000,5334,263863,0.003592458742216606,252,0,0
2000,5335,206827,0.002815921384492839,271,0,0
2000,5411,92279,0.0012563659939931182,329,0,0
2000,5413,352964,0.004805556699831891,215,0,0
2000,5414,624531,0.008502904350876323,180,0,0
2000,5415,51829,0.0007056447631928102,362,0,0
2000,5416,115875,0.001577622314437224,308,0,0
2000,5417,29804563,0.4057850585618128,33,0,0
2000,5419,7013133,0.09548284888816459,62,0,0
2000,5513,299830,0.004082144539699788,239,0,0
2000,5514,211721,0.0028825525267310768,270,0,0
2000,5530,3237178,0.04407373677329246,85,0,0
2000,5541,2032742,0.02767550497254586,109,0,0
2000,5542,268971,0.0036620034652556166,251,0,0
2000,5543,100330,0.0013659792604745345,323,0,0
2000,5621,13345020,0.18169062643893027,46,0,0
2000,5622,1930,2.6276686661176636e-05,469,0,0
2000,5623,957473,0.013035864252609728,153,0,0
2000,5629,4625870,0.06298058887323169,69,0,0
2000,5721,21032,0.00028634781028905027,420,0,0
2000,5722,29077,0.00039587938758913626,402,0,0
2000,5723,0,0.0,487,0,0
2000,5821,25424,0.00034614429102267086,410,0,0
2000,5822,273814,0.003727940249452548,249,0,0
2000,5823,17757184,0.24176163728127417,41,0,0
2000,5824,71441,0.0009726594672337409,341,0,0
2000,5825,2443663,0.033270138319435684,97,0,0
2000,5826,157042,0.002138105402406477,287,0,0
2000,5827,45614,0.0006210283861983995,372,0,0
2000,5828,1282,1.745425507752769e-05,476,0,0
2000,5829,336254,0.0045780523298276105,222,0,0
2000,5831,120937,0.001646540753752704,304,0,0
2000,5832,142238,0.001936550962338053,292,0,0
2000,5833,34614,0.00047126488709324765,395,0,0
2000,5834,15252055,0.207654647758566,43,0,0
2000,5835,22317,0.000303842909957243,417,0,0
2000,5836,213640,0.002908679449893148,269,0,0
2000,5837,1242103,0.016911062866273304,137,0,0
2000,5838,13348,0.0001817311987323242,435,0,0
2000,5839,394353,0.005369062287510357,208,0,0
2000,5841,270982,0.003689382955864749,250,0,0
2000,5842,28465,0.0003875470910934678,403,0,0
2000,5843,62553,0.0008516505599567781,351,0,0
2000,5849,129960,0.0017693876676095933,298,0,0
2000,5851,77115,0.001049910203044889,338,0,0
2000,5852,1727117,0.02351446229854477,114,0,0
2000,5911,1579964,0.021510994281833822,119,0,0
2000,5912,431325,0.005872431022866327,204,0,0
2000,5913,198092,0.0026969955513397935,274,0,0
2000,5914,103558,0.001409928040030119,322,0,0
2000,5921,2451946,0.03338291023426186,96,0,0
2000,5922,2092981,0.028495650738236337,107,0,0
2000,5981,277930,0.0037839790278449852,247,0,0
2000,5982,3240,4.411215791824471e-05,465,0,0
2000,5983,1448456,0.019720530805441068,124,0,0
2000,5989,2544722,0.03464604281544183,93,0,0
2000,6112,752589,0.01024639654800428,170,0,0
2000,6113,47173921,0.6422664977700001,22,0,0
2000,6114,54058219,0.7359952757120546,21,0,0
2000,6115,16986711,0.23127175251345203,42,0,0
2000,6116,77120202,1.0499810275651023,16,0,0
2000,6118,578079,0.007870466709018822,185,0,0
2000,6121,1324990,0.018039558061757735,131,0,0
2000,6122,2300323,0.03131858377746001,101,0,0
2000,6123,1553735,0.021153890025649366,120,0,0
2000,6129,6682107,0.0909759750650026,63,0,0
2000,6130,75857,0.0010327827046926817,339,0,0
2000,6210,58069,0.0007906015117760963,355,0,0
2000,6251,116811,0.001590365826724717,307,0,0
2000,6252,21141,0.00028783183041654673,419,0,0
2000,6253,25628,0.00034892172318789366,409,0,0
2000,6254,87648,0.0011933155608698494,332,0,0
2000,6259,541053,0.007366362771030881,190,0,0
2000,6281,88534,0.0012053783299795918,331,0,0
2000,6282,148585,0.0020229645013217254,290,0,0
2000,6289,195705,0.0026644968720339756,276,0,0
2000,6330,0,0.0,488,0,0
2000,6342,41045,0.0005588220746155414,382,0,0
2000,6343,70714,0.0009627614614292459,342,0,0
2000,6344,883685,0.01203125070061237,157,0,0
2000,6349,40320,0.0005489512985381563,384,0,0
2000,6351,5992,8.158026242164269e-05,450,0,0
2000,6352,31922,0.00043461367440315044,400,0,0
2000,6353,84074,0.00114465603852423,336,0,0
2000,6354,137956,0.0018782521165954839,294,0,0
2000,6359,1972350,0.026853276132731464,111,0,0
2000,6411,129617,0.0017647177694102235,299,0,0
2000,6412,230943,0.0031442574339855516,263,0,0
2000,6413,20956,0.00028531308065886916,421,0,0
2000,6415,42038,0.0005723416341256701,379,0,0
2000,6416,216713,0.0029505179255977054,268,0,0
2000,6417,9627,0.00013107029144411784,443,0,0
2000,6418,1363791,0.018567828382555825,126,0,0
2000,6419,10457,0.0001423706281947793,441,0,0
2000,6421,787524,0.010722031806298687,169,0,0
2000,6422,8319,0.0001132620499141598,446,0,0
2000,6423,159717,0.002174525162416139,286,0,0
2000,6424,45604,0.0006208922375628493,373,0,0
2000,6428,130660,0.0017789180720981029,297,0,0
2000,6511,8962,0.00012201640718003366,444,0,0
2000,6512,43885,0.0005974882871117806,376,0,0
2000,6513,1031347560,14.041656307196407,1,1,1
2000,6514,62750318,0.8543370176037265,18,0,0
2000,6515,569215,0.0077497845584671805,187,0,0
2000,6516,13771151,0.18749234186049185,44,0,0
2000,6517,2979263,0.040562259239501075,87,0,0
2000,6518,50128,0.0006824858802857317,365,0,0
2000,6519,257440,0.0035050104736027527,255,0,0
2000,6521,425582084,5.794242005118421,5,1,1
2000,6522,551432772,7.507681950543034,4,1,1
2000,6531,598098664,8.143031702796044,3,1,1
2000,6532,7020871,0.0955882007023533,61,0,0
2000,6534,40420435,0.5503187073593042,26,0,0
2000,6535,4342569,0.05912348441323272,73,0,0
2000,6536,1066467,0.014519802690924902,146,0,0
2000,6538,1332986,0.018148422510743622,129,0,0
2000,6539,10241328,0.13943428334214236,51,0,0
2000,6541,1901693,0.025891290718524855,112,0,0
2000,6542,2092776,0.02849285969120756,108,0,0
2000,6543,4611435,0.06278405831781506,70,0,0
2000,6544,846126,0.011519890040349605,162,0,0
2000,6545,2135338,0.029072335513836055,105,0,0
2000,6546,0,0.0,489,0,0
2000,6549,1152031,0.0156847448761461,142,0,0
2000,6551,58552157,0.7971796284067462,20,0,0
2000,6552,9613319,0.1308840264958217,52,0,0
2000,6553,104981,0.0014293019908689036,320,0,0
2000,6560,7566926,0.10302266502088635,59,0,0
2000,6571,3601885,0.04903917281585088,81,0,0
2000,6572,5708822,0.07772483258986099,65,0,0
2000,6573,1721247,0.023434543049476838,115,0,0
2000,6574,8546642,0.11636136468355024,55,0,0
2000,6575,2667229,0.0363139589049759,92,0,0
2000,6576,28303,0.0003853414831975555,404,0,0
2000,6577,37337348,0.5083428985260674,29,0,0
2000,6579,12769,0.0001738481927339712,436,0,0
2000,6581,12447040,0.16946475126379895,48,0,0
2000,6582,41045770,0.5588325580604787,25,0,0
2000,6583,12813074,0.17444825423029486,47,0,0
2000,6584,961457047,13.09010650891149,2,1,1
2000,6589,31904272,0.43437231010204724,31,0,0
2000,6591,25387,0.0003456405410711353,411,0,0
2000,6592,259822621,3.537449533421063,10,0,1
2000,6593,4170784,0.05678465507743467,76,0,0
2000,6594,4047007,0.055099448111185736,77,0,0
2000,6595,1316461,0.01792343689049702,132,0,0
2000,6596,168295,0.0022913134619910475,283,0,0
2000,6597,39473,0.0005374195091070597,387,0,0
2000,6611,41251,0.0005616267365078743,381,0,0
2000,6612,574504,0.007821793571809647,186,0,0
2000,6613,2452335,0.03338820641618477,95,0,0
2000,6618,110231,0.001500780024532726,317,0,0
2000,6623,201010,0.0027367237231933237,273,0,0
2000,6624,344630,0.004692090426964406,218,0,0
2000,6631,37558,0.0005113470453992083,388,0,0
2000,6632,12370,0.0001684158621755207,437,0,0
2000,6633,11885653,0.16182154385724043,49,0,0
2000,6635,1955,2.6617058250051978e-05,468,0,0
2000,6637,621261,0.008458383747051428,181,0,0
2000,6638,33600,0.0004574594154484637,396,0,0
2000,6639,299035,0.004071320723173552,240,0,0
2000,6641,44062,0.0005998981179610181,375,0,0
2000,6642,119841,0.0016316188632964088,305,0,0
2000,6643,1209,1.6460370038011685e-05,477,0,0
2000,6644,0,0.0,490,0,0
2000,6645,0,0.0,491,0,0
2000,6646,5279,7.187286470691785e-05,454,0,0
2000,6647,18142,0.00024700085461506035,427,0,0
2000,6648,52980,0.0007213154711446311,360,0,0
2000,6649,844540,0.011498296866751355,163,0,0
2000,6651,409318,0.005572808720611139,207,0,0
2000,6652,98071,0.0013352232837037584,325,0,0
2000,6658,305694,0.0041619820995863884,236,0,0
2000,6664,321264,0.004373965525137954,227,0,0
2000,6665,125879,0.0017138254094415822,301,0,0
2000,6666,154780,0.002107308581045036,288,0,0
2000,6671,1113,1.515334313673036e-05,480,0,0
2000,6672,7761,0.00010566495605046209,447,0,0
2000,6673,2739965,0.03730424962051339,90,0,0
2000,6674,4825,6.569171665294159e-05,456,0,0
2000,6712,0,0.0,492,0,0
2000,6713,0,0.0,493,0,0
2000,6716,0,0.0,494,0,0
2000,6724,0,0.0,495,0,0
2000,6725,20270,0.0002759732842601297,423,0,0
2000,6727,5484,7.466391173569568e-05,453,0,0
2000,6731,3880,5.2825670593453546e-05,458,0,0
2000,6732,70079,0.0009541160230718121,343,0,0
2000,6733,1734,2.3608173404393927e-05,471,0,0
2000,6741,0,0.0,496,0,0
2000,6744,0,0.0,497,0,0
2000,6745,0,0.0,498,0,0
2000,6746,1500,2.04222953325207e-05,474,0,0
2000,6747,245959,0.0033486982251276394,257,0,0
2000,6749,22438,0.0003054903084473996,415,0,0
2000,6750,1916,2.608607857140644e-05,470,0,0
2000,6760,24284,0.0003306233465699551,414,0,0
2000,6770,28031,0.00038163824031059185,405,0,0
2000,6781,68069,0.0009267501473262343,348,0,0
2000,6782,498810,0.006791230089876433,196,0,0
2000,6783,6163398,0.08391382280524494,64,0,0
2000,6784,621106,0.0084562734432004,182,0,0
2000,6785,1340804,0.01825486351401672,128,0,0
2000,6793,293877,0.00400109525695679,242,0,0
2000,6794,334742,0.004557466656132429,223,0,0
2000,6911,1045433,0.014233427650908742,148,0,0
2000,6912,40826,0.0005558404194969934,383,0,0
2000,6921,40108,0.0005460649474644934,385,0,0
2000,6924,462503,0.006296915238784548,201,0,0
2000,6931,1047894,0.01426693383011763,147,0,0
2000,6932,0,0.0,499,0,0
2000,6935,99636,0.001356530545167355,324,0,0
2000,6940,675645,0.009198814486627299,175,0,0
2000,6951,262744,0.0035772237098985462,253,0,0
2000,6953,1248454,0.0169975308647112,136,0,0
2000,6954,385715,0.005251457096122148,210,0,0
2000,6960,25298830,0.34444011855148976,34,0,0
2000,6973,313806,0.00427242587274466,230,0,0
2000,6974,1327744,0.018077053395988245,130,0,0
2000,6975,1022075,0.01391541166799073,150,0,0
2000,6978,20839,0.00028372014162293257,422,0,0
2000,6991,1258094,0.01712877814938153,135,0,0
2000,6992,14164,0.00019284092739321545,433,0,0
2000,6993,31219,0.00042504242532397584,401,0,0
2000,6994,384692,0.005237529090705369,211,0,0
2000,6996,53154,0.0007236844574032035,359,0,0
2000,6997,1168428,0.015907987793857666,140,0,0
2000,6998,736221,0.010023548461335813,171,0,0
2000,6999,196757,0.00267881970849385,275,0,0
2000,7111,3398,4.626330635993689e-05,461,0,0
2000,7112,16561,0.00022547575533458353,430,0,0
2000,7119,16294,0.00022184058676539485,431,0,0
2000,7126,1142,1.554817417982576e-05,478,0,0
2000,7129,1685242,0.022944339887178568,116,0,0
2000,7131,96255,0.0013104986914878533,327,0,0
2000,7132,311637,0.004242895233693835,234,0,0
2000,7133,5651,7.693759394938297e-05,451,0,0
2000,7138,3131,4.2628137790748205e-05,466,0,0
2000,7139,340847,0.004640585398135788,220,0,0
2000,7144,1135518,0.01545992263426216,143,0,0
2000,7148,2392009,0.032566876157365005,99,0,0
2000,7149,5269269,0.07174037846966401,66,0,0
2000,7161,871593,0.011866619770505142,159,0,0
2000,7162,832825,0.011338798740204367,165,0,0
2000,7163,0,0.0,500,0,0
2000,7169,412921,0.005621863073999853,206,0,0
2000,7187,0,0.0,501,0,0
2000,7188,667375,0.009086219565027333,177,0,0
2000,7211,43700,0.000594969537354103,377,0,0
2000,7212,68753,0.0009360627139978637,345,0,0
2000,7213,17230,0.00023458409905288775,428,0,0
2000,7219,108952,0.0014833666140458635,318,0,0
2000,7224,2772081,0.03774150457844621,89,0,0
2000,7233,2193222,0.029860418275854474,104,0,0
2000,7234,923459,0.012572768283649487,154,0,0
2000,7239,13445091,0.18305307944974403,45,0,0
2000,7243,672013,0.009149365302195489,176,0,0
2000,7244,705375,0.00960358438011786,173,0,0
2000,7245,548330,0.007465438133120716,189,0,0
2000,7246,528452,0.0071948018753741514,192,0,0
2000,7247,301751,0.004108298692588969,238,0,0
2000,7248,25267,0.0003440067574445337,412,0,0
2000,7251,245077,0.003336689915472117,258,0,0
2000,7252,554453,0.007548801942668066,188,0,0
2000,7259,119271,0.0016238583910700509,306,0,0
2000,7263,94814,0.0012908796731050784,328,0,0
2000,7264,16615,0.00022621095796655427,429,0,0
2000,7267,15111,0.00020573420317981353,432,0,0
2000,7268,0,0.0,502,0,0
2000,7269,32509,0.0004426055993099436,398,0,0
2000,7271,22299,0.0003035978424132527,418,0,0
2000,7272,631802,0.008601898023784828,179,0,0
2000,7281,1597300,0.02174702155642354,118,0,0
2000,7283,340031,0.0046294756694748975,221,0,0
2000,7284,9312511,0.1267885666195651,53,0,0
2000,7361,278335,0.0037894930475847657,246,0,0
2000,7362,61413,0.0008361296155040624,353,0,0
2000,7367,46907,0.0006386324047750323,368,0,0
2000,7368,19364,0.0002636382178792872,426,0,0
2000,7369,113657,0.0015474245470722034,311,0,0
2000,7371,3336,4.541918481952604e-05,463,0,0
2000,7372,112461,0.0015311411702604069,313,0,0
2000,7373,1307598,0.017802768354808936,133,0,0
2000,7411,0,0.0,503,0,0
2000,7412,36274,0.0004938655605945706,392,0,0
2000,7413,144968,0.0019737195398432405,291,0,0
2000,7414,260683,0.0035491634761116624,254,0,0
2000,7415,872704,0.011881745883914762,158,0,0
2000,7416,313549,0.004268926852811022,231,0,0
2000,7421,294433,0.004008665121093378,241,0,0
2000,7422,314449,0.004281180230010534,229,0,0
2000,7423,444023,0.006045312560287892,203,0,0
2000,7428,329670,0.0044884120681813995,224,0,0
2000,7429,313295,0.004265468677468048,232,0,0
2000,7431,224686,0.0030590692327218303,265,0,0
2000,7432,836922,0.01139457883618926,164,0,0
2000,7433,0,0.0,504,0,0
2000,7434,2267650,0.03087374534052704,102,0,0
2000,7435,1729,2.354009908661886e-05,472,0,0
2000,7436,3527118,0.04802123031243316,82,0,0
2000,7439,14056,0.00019137052212927393,434,0,0
2000,7441,1277643,0.017394935117018496,134,0,0
2000,7442,173297,0.002359415009493226,280,0,0
2000,7449,638287,0.008690190413939093,178,0,0
2000,7451,715860,0.00974633622449218,172,0,0
2000,7452,480879,0.00654710197147148,199,0,0
2000,7491,312056,0.004248599861523386,233,0,0
2000,7492,788620,0.010736953696754982,168,0,0
2000,7493,237531,0.0032339521550859827,260,0,0
2000,7499,201986,0.002750011830023017,272,0,0
2000,7511,3969,5.4037393449849765e-05,457,0,0
2000,7512,24331,0.00033126324515704076,413,0,0
2000,7518,233092,0.0031735157757652767,262,0,0
2000,7521,0,0.0,505,0,0
2000,7522,275607,0.003752351699806688,248,0,0
2000,7523,111338,0.0015158516784881263,315,0,0
2000,7524,26605,0.00036222344488114213,407,0,0
2000,7525,239316,0.0032582546865316826,259,0,0
2000,7528,44898,0.0006112801438930096,374,0,0
2000,7591,96410,0.0013126089953388804,326,0,0
2000,7599,1159474,0.01578608030558607,141,0,0
2000,7611,224380,0.0030549030844739967,266,0,0
2000,7621,0,0.0,506,0,0
2000,7622,10592,0.00014420863477470616,440,0,0
2000,7628,6062,8.253330287049365e-05,449,0,0
2000,7631,1138,1.5493714725605704e-05,479,0,0
2000,7638,68535,0.0009330946737428706,346,0,0
2000,7641,115150,0.001567751538359839,309,0,0
2000,7642,36062,0.0004909792095209077,394,0,0
2000,7643,254414,0.0034638118964852808,256,0,0
2000,7648,3970434,0.05405691716418766,78,0,0
2000,7649,971167,0.013222306194132085,152,0,0
2000,7711,5027869,0.06845375040748368,68,0,0
2000,7712,522946,0.007119838436640246,194,0,0
2000,7721,2209368,0.030080243862813726,103,0,0
2000,7722,46853,0.0006378972021430615,369,0,0
2000,7723,43211,0.0005883118690757013,378,0,0
2000,7731,55175,0.0007512000966478864,357,0,0
2000,7732,1841230,0.025068095223398056,113,0,0
2000,7741,4602809,0.06266661650478951,71,0,0
2000,7742,85174,0.0011596323884347454,334,0,0
2000,7751,69278,0.0009432105173642459,344,0,0
2000,7752,50936,0.0006934866900381829,363,0,0
2000,7753,0,0.0,507,0,0
2000,7754,8716,0.00011866715074550026,445,0,0
2000,7757,1487312,0.020249549943734683,123,0,0
2000,7758,221760,0.00301923214195986,267,0,0
2000,7761,166916,0.0022725385651486832,284,0,0
2000,7762,0,0.0,508,0,0
2000,7763,41681,0.0005674811278365301,380,0,0
2000,7764,320415,0.004362406505979746,228,0,0
2000,7768,47040,0.0006404431816278491,367,0,0
2000,7781,88980,0.001211450559125128,330,0,0
2000,7782,33407,0.00045483174678234603,397,0,0
2000,7783,114275,0.001555838532749202,310,0,0
2000,7784,107899,0.001469030162722434,319,0,0
2000,7788,1033345,0.014068851180255734,149,0,0
2000,7810,892621,0.012152913121339974,156,0,0
2000,7821,1527007,0.02078999195255096,121,0,0
2000,7822,817034,0.011123806429807145,166,0,0
2000,7831,68154,0.0009279074107284105,347,0,0
2000,7832,47160,0.0006420769652544508,366,0,0
2000,7841,290084,0.003949454079492622,244,0,0
2000,7842,5127,6.980340544655575e-05,455,0,0
2000,7849,3292861,0.04483185322062629,83,0,0
2000,7851,916441,0.012477219171220402,155,0,0
2000,7852,159951,0.002177711040488012,285,0,0
2000,7853,527090,0.007176258431212224,193,0,0
2000,7861,1510134,0.02056026835978721,122,0,0
2000,7868,131121,0.0017851945241969642,296,0,0
2000,7911,0,0.0,509,0,0
2000,7912,0,0.0,510,0,0
2000,7913,233627,0.0031807997277672087,261,0,0
2000,7914,103635,0.001410976384523855,321,0,0
2000,7915,444305,0.006049151951810406,202,0,0
2000,7919,150619,0.0020506571337926237,289,0,0
2000,7921,3527,4.801962375853367e-05,460,0,0
2000,7922,870995,0.011858478082099244,160,0,0
2000,7923,19641,0.00026740953508402605,425,0,0
2000,7928,3752,5.1082968058411776e-05,459,0,0
2000,7929,2723027,0.03707364106161856,91,0,0
2000,7931,3733812,0.05083534092007318,80,0,0
2000,7932,0,0.0,511,0,0
2000,7933,304014,0.004139109128813965,237,0,0
2000,7938,4595510,0.06256724161570146,72,0,0
2000,8121,12236,0.00016659147045914883,438,0,0
2000,8122,602476,0.008202628535170495,183,0,0
2000,8124,381595,0.00519536385827549,212,0,0
2000,8211,3885204,0.05289652234339383,79,0,0
2000,8212,2001506,0.027250231094541447,110,0,0
2000,8219,4190029,0.057046673126550915,75,0,0
2000,8310,3247745,0.044217605036478286,84,0,0
2000,8421,2516240,0.03425826427166792,94,0,0
2000,8422,38765035,0.5277806622303344,27,0,0
2000,8423,270834507,3.6873748587944295,9,0,1
2000,8424,31350406,0.42683150008428594,32,0,0
2000,8429,74604670,1.0157324026168313,17,0,0
2000,8431,5145102,0.07004986170662861,67,0,0
2000,8432,21006575,0.286001652383164,39,0,0
2000,8433,9032979,0.12298277658030499,54,0,0
2000,8434,8131553,0.11070998458536313,56,0,0
2000,8435,22376362,0.30465111548759566,38,0,0
2000,8439,103826069,1.413577762888448,14,0,0
2000,8441,102955661,1.4017272767312556,15,0,0
2000,8442,43492107,0.5921391025250605,23,0,0
2000,8443,7553676,0.10284226807878241,60,0,0
2000,8451,20006126,0.272380675754414,40,0,0
2000,8452,41232773,0.5613785783898569,24,0,0
2000,8459,273010852,3.717005499018066,8,0,1
2000,8461,1442860,0.01964434202898721,125,0,0
2000,8462,349494508,4.758320039646679,7,0,1
2000,8463,145881413,1.9861555332076162,12,0,0
2000,8464,23403208,0.3186314836696074,36,0,0
2000,8465,414457,0.0056427755044203545,205,0,0
2000,8471,1174487,0.015990480252137493,139,0,0
2000,8472,36977157,0.5034389472073234,30,0,0
2000,8481,385811831,5.2527754369750435,6,0,1
2000,8482,3131779,0.04263874376945756,86,0,0
2000,8483,392205,0.005339817560594187,209,0,0
2000,8484,497779,0.006777193165551213,197,0,0
2000,8510,37549959,0.5112375682813624,28,0,0
2000,8710,360118,0.004902957433704459,214,0,0
2000,8720,111639211,1.5199526251543958,13,0,0
2000,8731,584860,0.00796278909878537,184,0,0
2000,8732,32195,0.0004383305321536693,399,0,0
2000,8741,684159,0.009314731434934685,174,0,0
2000,8742,62766,0.0008545505258939961,350,0,0
2000,8743,84229,0.0011467663423752573,335,0,0
2000,8744,62265,0.0008477294792529343,352,0,0
2000,8745,7985906,0.10872702055316602,58,0,0
2000,8748,513440,0.006990415543686286,195,0,0
2000,8749,473857,0.006451498399588173,200,0,0
2000,8811,1391,1.8938275205024196e-05,475,0,0
2000,8812,0,0.0,512,0,0
2000,8813,111054,0.0015119850572385025,316,0,0
2000,8821,82200,0.0011191417842221344,337,0,0
2000,8822,39481,0.0005375284280154998,386,0,0
2000,8830,45941,0.000625480446580889,370,0,0
2000,8841,496934,0.006765688605847227,198,0,0
2000,8842,72997,0.0009938441949253424,340,0,0
2000,8851,85234,0.0011604492802480462,333,0,0
2000,8852,351478,0.004785325012589141,217,0,0
2000,8921,1620945,0.02206894500518184,117,0,0
2000,8922,1130958,0.015397838856451296,144,0,0
2000,8924,57004,0.0007761016820900066,356,0,0
2000,8928,2823514,0.038441757855671235,88,0,0
2000,8931,2354502,0.0320562234700071,100,0,0
2000,8932,66686,0.0009079207910296502,349,0,0
2000,8933,3363,4.578678613551141e-05,462,0,0
2000,8935,536779,0.007308172844196752,191,0,0
2000,8939,7993392,0.10882894142173885,57,0,0
2000,8941,9632,0.0001311383657618929,442,0,0
2000,8942,989259,0.013468626305569397,151,0,0
2000,8946,1084048,0.014759165607085598,145,0,0
2000,8947,244593657,3.330109266476846,11,0,0
2000,8951,37101,0.0005051250527545669,390,0,0
2000,8952,2133593,0.029048577576932556,106,0,0
2000,8959,36220,0.0004931303579625998,393,0,0
2000,8960,286208,0.0038966828683533895,245,0,0
2000,8972,309462,0.00421328290546168,235,0,0
2000,8973,23831480,0.32446234851404027,35,0,0
2000,8974,11606,0.00015801410641949016,439,0,0
2000,8981,352286,0.004796325822341591,216,0,0
2000,8982,2436300,0.03316989207908012,98,0,0
2000,8983,1211111,0.016489111014976316,138,0,0
2000,8989,191946,0.0026133185999306784,277,0,0
2000,8991,60910582,0.8292892629864795,19,0,0
2000,8993,10750686,0.1463691230127971,50,0,0
2000,8994,124636,0.0016969021340426998,302,0,0
2000,8996,342312,0.0046605311732438835,219,0,0
2000,8997,1362305,0.018547596695313074,127,0,0
2000,8998,322155,0.004386096368565471,226,0,0
2000,8999,132300,0.0018012464483283257,295,0,0
2001,5111,57412,0.000765503592510413,368,0,0
2001,5112,11997,0.0001599621437913228,449,0,0
2001,5113,26180,0.0003490713448742878,410,0,0
2001,5114,0,0.0,478,0,0
2001,5121,8306830,0.11075921771360124,58,0,0
2001,5122,45072,0.0006009680540937319,388,0,0
2001,5123,15083,0.00020110936190752038,440,0,0
2001,5137,2382345,0.03176502571063924,103,0,0
2001,5138,54344627,0.7246047377227477,21,0,0
2001,5139,123468,0.0016462620629846664,320,0,0
2001,5145,27587,0.00036783159629667604,403,0,0
2001,5146,68524,0.0009136655781575896,356,0,0
2001,5147,30119,0.0004015920487497584,399,0,0
2001,5148,57862,0.0007715036729226906,367,0,0
2001,5154,38200,0.0005093401594422381,392,0,0
2001,5155,230089,0.003067894448845684,269,0,0
2001,5156,199821,0.0026643157068038602,282,0,0
2001,5157,2362,3.149375540844415e-05,473,0,0
2001,5161,61228,0.0008163842744065277,364,0,0
2001,5162,0,0.0,479,0,0
2001,5163,0,0.0,480,0,0
2001,5169,1765416,0.02353919546915912,117,0,0
2001,5221,118093,0.0015745944358380166,326,0,0
2001,5222,957247,0.012763464387581261,161,0,0
2001,5223,0,0.0,481,0,0
2001,5224,13493,0.00017990907778413925,444,0,0
2001,5225,275557,0.0036741425737022207,248,0,0
2001,5231,121464,0.00161954170488199,323,0,0
2001,5232,140352,0.0018713850800533248,312,0,0
2001,5233,0,0.0,482,0,0
2001,5239,47121,0.0006282884202376363,384,0,0
2001,5241,23404,0.0003120575154865482,417,0,0
2001,5249,602638,0.008035281021098208,193,0,0
2001,5311,957879,0.012771891167182503,160,0,0
2001,5312,227531,0.0030337873250798923,270,0,0
2001,5322,321208,0.004282830731259749,238,0,0
2001,5323,47607,0.0006347685070828961,382,0,0
2001,5331,474641,0.0063286314821419725,210,0,0
2001,5332,29132,0.00038843187237882934,400,0,0
2001,5334,312017,0.004160282422216985,243,0,0
2001,5335,211027,0.0028137310425816017,277,0,0
2001,5411,82502,0.0011000414092749615,346,0,0
2001,5413,241728,0.0032230831953312393,264,0,0
2001,5414,293354,0.003911439087251789,245,0,0
2001,5415,91628,0.001221723040035953,340,0,0
2001,5416,161500,0.0021533621924063207,300,0,0
2001,5417,28684936,0.3824709391578638,32,0,0
2001,5419,6732140,0.08976306965935783,66,0,0
2001,5513,635400,0.008472113542136075,188,0,0
2001,5514,492266,0.006563634631622848,205,0,0
2001,5530,3675040,0.049001190040748765,81,0,0
2001,5541,3203488,0.042713745777259074,86,0,0
2001,5542,867256,0.011563568306733971,167,0,0
2001,5543,12506,0.00016674890141321023,447,0,0
2001,5621,10742,0.00014322858619708173,453,0,0
2001,5622,0,0.0,483,0,0
2001,5623,18358,0.0002447766137968746,432,0,0
2001,5629,90733,0.0012097895467715338,341,0,0
2001,5721,68031,0.0009070921567281389,357,0,0
2001,5722,171662,0.0022888573416275783,293,0,0
2001,5723,8110,0.00010813478254127099,458,0,0
2001,5821,132264,0.001763543634776654,315,0,0
2001,5822,356230,0.0047497969894792795,225,0,0
2001,5823,17756201,0.23675251959236723,42,0,0
2001,5824,76263,0.0010168536277367383,351,0,0
2001,5825,1493103,0.019908306808473403,130,0,0
2001,5826,158769,0.002116948371059809,302,0,0
2001,5827,56238,0.0007498500493903819,370,0,0
2001,5828,0,0.0,484,0,0
2001,5829,127578,0.0017010627974168024,318,0,0
2001,5831,165322,0.002204322875374599,296,0,0
2001,5832,107018,0.0014269257901358492,329,0,0
2001,5833,134407,0.0017921173510511233,314,0,0
2001,5834,6427628,0.08570285524490562,68,0,0
2001,5835,13721,0.00018294911852635994,442,0,0
2001,5836,213029,0.002840424733660224,276,0,0
2001,5837,611736,0.008156589313522434,191,0,0
2001,5838,7186,9.581461742806083e-05,460,0,0
2001,5839,224453,0.002992746775059913,271,0,0
2001,5841,255897,0.0034120057272458227,257,0,0
2001,5842,25773,0.00034364460547918333,414,0,0
2001,5843,94468,0.0012595902141934387,336,0,0
2001,5849,164789,0.0021972161134640573,298,0,0
2001,5851,8637,0.00011516154337964951,456,0,0
2001,5852,1455881,0.01941200682379385,133,0,0
2001,5911,2399811,0.03199790883170777,100,0,0
2001,5912,215363,0.002871545150731904,274,0,0
2001,5913,352162,0.00469555626255229,227,0,0
2001,5914,74519,0.0009935999827611556,354,0,0
2001,5921,2110318,0.028137950434393325,109,0,0
2001,5922,2842446,0.0378997879279045,91,0,0
2001,5981,162519,0.002166949041162123,299,0,0
2001,5982,756247,0.010083428470097232,177,0,0
2001,5983,3051114,0.040682065215613746,89,0,0
2001,5989,3543380,0.047245699847236595,82,0,0
2001,6112,476333,0.006351191784492137,208,0,0
2001,6113,64719833,0.862942671709294,18,0,0
2001,6114,47372639,0.63164365187067,24,0,0
2001,6115,12620083,0.16827002846581884,46,0,0
2001,6116,103867834,1.384923013886909,14,0,0
2001,6118,915605,0.012208230279741111,164,0,0
2001,6121,1478687,0.019716090899088084,131,0,0
2001,6122,2017283,0.026897467142934988,112,0,0
2001,6123,2023146,0.02697564152395095,111,0,0
2001,6129,9162029,0.12216202386582224,56,0,0
2001,6130,275070,0.0036676491533449334,250,0,0
2001,6210,54276,0.0007236896987928513,373,0,0
2001,6251,719580,0.00959452858459282,179,0,0
2001,6252,337866,0.004504940374610242,234,0,0
2001,6253,20100,0.0002680035917484028,428,0,0
2001,6254,89411,0.0011921626438714647,343,0,0
2001,6259,1208867,0.01611844268388639,145,0,0
2001,6281,160270,0.002136961972612762,301,0,0
2001,6282,83934,0.001119134998498032,345,0,0
2001,6289,673982,0.008986547103172737,184,0,0
2001,6330,1149,1.5320205319348995e-05,475,0,0
2001,6342,21222,0.0002829637922430151,423,0,0
2001,6343,51079,0.0006810624608416252,378,0,0
2001,6344,666555,0.0088875191093461,185,0,0
2001,6349,32284,0.0004304591022888277,395,0,0
2001,6351,32015,0.00042687238755348834,396,0,0
2001,6352,0,0.0,485,0,0
2001,6353,202974,0.002706356270225886,280,0,0
2001,6354,142592,0.0019012521469944405,311,0,0
2001,6359,1948497,0.02598030818462625,114,0,0
2001,6411,165096,0.0022013095016564332,297,0,0
2001,6412,194434,0.002592488077512883,285,0,0
2001,6413,70575,0.0009410126113255485,355,0,0
2001,6415,96694,0.001289270611966172,334,0,0
2001,6416,128445,0.0017126229523444577,317,0,0
2001,6417,47580,0.0006344085022581595,383,0,0
2001,6418,1577537,0.021034108562985078,125,0,0
2001,6419,273463,0.003646222199517088,251,0,0
2001,6421,1455620,0.01940852677715473,134,0,0
2001,6422,16817,0.00022422967176283036,436,0,0
2001,6423,193289,0.0025772212062416433,286,0,0
2001,6424,110510,0.001473486414135124,328,0,0
2001,6428,390556,0.005207483123327821,217,0,0
2001,6511,6517,8.689449788180802e-05,462,0,0
2001,6512,316439,0.004219243212401634,241,0,0
2001,6513,957476270,12.766521361883756,2,1,1
2001,6514,49835563,0.6644830786469557,22,0,0
2001,6515,344441,0.004592608216189633,233,0,0
2001,6516,7621679,0.10162374861459576,61,0,0
2001,6517,1844225,0.02458999621851732,115,0,0
2001,6518,26510,0.00035347140384329144,407,0,0
2001,6519,197721,0.0026363153315465647,283,0,0
2001,6521,333221015,4.44300641124619,7,0,1
2001,6522,631075992,8.414459329462005,3,1,1
2001,6531,585348641,7.804753144927681,4,1,1
2001,6532,6064975,0.08086741710767509,69,0,0
2001,6534,27990321,0.3732092817010321,33,0,0
2001,6535,3222447,0.04296653583178435,85,0,0
2001,6536,973796,0.012984120678120778,159,0,0
2001,6538,1779400,0.023725651301348655,116,0,0
2001,6539,10089783,0.13453224298318284,52,0,0
2001,6541,2151902,0.028692411198535897,107,0,0
2001,6542,1658766,0.02211717641144931,122,0,0
2001,6543,4448057,0.05930822150754355,77,0,0
2001,6544,830345,0.011071415044294902,172,0,0
2001,6545,2733132,0.03644224839415401,93,0,0
2001,6546,0,0.0,486,0,0
2001,6549,1136077,0.015147896343420408,148,0,0
2001,6551,61744511,0.823271180037252,19,0,0
2001,6552,9958817,0.13278600624701759,53,0,0
2001,6553,102554,0.0013674049924460548,332,0,0
2001,6560,8260727,0.11014450280860738,60,0,0
2001,6571,4116296,0.054884682223859865,78,0,0
2001,6572,6458857,0.08611924749200565,67,0,0
2001,6573,3988745,0.05318397943126781,79,0,0
2001,6574,9465100,0.12620302468944314,54,0,0
2001,6575,3164012,0.04218739205647002,87,0,0
2001,6576,62565,0.000834211179987006,362,0,0
2001,6577,40540590,0.5405484443581782,27,0,0
2001,6579,18682,0.0002490966716937145,431,0,0
2001,6581,12777736,0.1703720966374562,45,0,0
2001,6582,45671931,0.6089672412977722,25,0,0
2001,6583,18231229,0.24308631114366377,40,0,0
2001,6584,1113113472,14.841711866643543,1,1,1
2001,6589,35411908,0.4721651012270647,29,0,0
2001,6591,11902,0.00015869546014873087,451,0,0
2001,6592,247983779,3.306494699867768,10,0,1
2001,6593,3431338,0.04575178649267567,83,0,0
2001,6594,4755594,0.0634087697958783,74,0,0
2001,6595,923003,0.012306871601718956,163,0,0
2001,6596,124890,0.001665222317087464,319,0,0
2001,6597,75127,0.0010017067580737442,353,0,0
2001,6611,2693,3.590714788947506e-05,470,0,0
2001,6612,1299437,0.017326058868197478,138,0,0
2001,6613,2502931,0.03337286059196127,97,0,0
2001,6618,231199,0.003082694647195969,268,0,0
2001,6623,82452,0.0010993747336735973,347,0,0
2001,6624,218833,0.0029178124374665787,273,0,0
2001,6631,57129,0.0007617302086066918,369,0,0
2001,6632,14308,0.00019077589008637547,441,0,0
2001,6633,10137260,0.1351652781337022,51,0,0
2001,6635,13686,0.000182482445605405,443,0,0
2001,6637,13435,0.00017913573408655679,445,0,0
2001,6638,63068,0.0008409179365367297,361,0,0
2001,6639,508797,0.006784050918945876,202,0,0
2001,6641,257549,0.003434032689114895,255,0,0
2001,6642,19967,0.0002662302346487741,429,0,0
2001,6643,0,0.0,487,0,0
2001,6644,5397,7.196096441125025e-05,463,0,0
2001,6645,0,0.0,488,0,0
2001,6646,2626,3.5013802583647055e-05,471,0,0
2001,6647,0,0.0,489,0,0
2001,6648,35083,0.0004677796024531948,393,0,0
2001,6649,487225,0.00649642039749331,206,0,0
2001,6651,1258425,0.016779224872934515,142,0,0
2001,6652,103620,0.0013816185162671393,331,0,0
2001,6658,237212,0.0031628690550160265,266,0,0
2001,6664,256497,0.0034200058344621923,256,0,0
2001,6665,99837,0.001331177840267925,333,0,0
2001,6666,58100,0.0007746770487851843,366,0,0
2001,6671,1622,2.1626956508254196e-05,474,0,0
2001,6672,0,0.0,490,0,0
2001,6673,1553004,0.02070699751241973,126,0,0
2001,6674,26393,0.0003519113829360993,408,0,0
2001,6712,0,0.0,491,0,0
2001,6713,0,0.0,492,0,0
2001,6716,28169,0.00037559170029655516,402,0,0
2001,6724,0,0.0,493,0,0
2001,6725,324249,0.004323377941334719,237,0,0
2001,6727,11965,0.00015953547140644972,450,0,0
2001,6731,21039,0.00028052375954202224,424,0,0
2001,6732,49893,0.0006652489155772667,380,0,0
2001,6733,0,0.0,494,0,0
2001,6741,0,0.0,495,0,0
2001,6744,8582,0.0001144282002181489,457,0,0
2001,6745,17308,0.00023077642616822663,435,0,0
2001,6746,1123,1.4973534006639618e-05,476,0,0
2001,6747,31164,0.0004155255688182699,398,0,0
2001,6749,2856,3.8080510349922304e-05,468,0,0
2001,6750,16060,0.00021413620315817656,438,0,0
2001,6760,120627,0.0016083815553151533,324,0,0
2001,6770,1522035,0.02029407197844678,127,0,0
2001,6781,42064,0.0005608608499156624,391,0,0
2001,6782,317092,0.004227949995755449,240,0,0
2001,6783,7042473,0.09390089844732087,64,0,0
2001,6784,269948,0.0035993549047411855,253,0,0
2001,6785,2265109,0.030201858094608604,106,0,0
2001,6793,347860,0.004638195493810915,231,0,0
2001,6794,382541,0.005100615024429142,221,0,0
2001,6911,1255160,0.016735690956165436,143,0,0
2001,6912,191935,0.002559167630956701,287,0,0
2001,6921,22616,0.00030155070800904867,420,0,0
2001,6924,509562,0.006794251055646747,201,0,0
2001,6931,731533,0.009753904053854942,178,0,0
2001,6932,22575,0.00030100403401593,421,0,0
2001,6935,67959,0.0009061321438621744,358,0,0
2001,6940,1123316,0.014977747396440241,149,0,0
2001,6951,244927,0.00326573710030652,263,0,0
2001,6953,1097877,0.01463855618397817,152,0,0
2001,6954,869622,0.011595115396190524,166,0,0
2001,6960,24578822,0.32772201875346574,36,0,0
2001,6973,1086072,0.014481154074496086,153,0,0
2001,6974,2602834,0.03470491844402299,95,0,0
2001,6975,854348,0.011391459333485792,170,0,0
2001,6978,25983,0.00034644464300491294,413,0,0
2001,6991,348280,0.004643795568862375,230,0,0
2001,6992,17936,0.00023914987172136084,434,0,0
2001,6993,154028,0.0020537341905384567,306,0,0
2001,6994,593986,0.007919919475038149,194,0,0
2001,6996,254648,0.0033953521707237454,259,0,0
2001,6997,1515304,0.02020432410899113,128,0,0
2001,6998,983719,0.013116429117967515,158,0,0
2001,6999,364770,0.0048636651821922835,222,0,0
2001,7111,0,0.0,496,0,0
2001,7112,10976,0.00014634862801146613,452,0,0
2001,7119,0,0.0,497,0,0
2001,7126,19225,0.00025633676872452953,430,0,0
2001,7129,522150,0.006962093305046196,199,0,0
2001,7131,213393,0.002845278132038155,275,0,0
2001,7132,26317,0.0003508980360220257,409,0,0
2001,7133,25622,0.0003416312451630635,415,0,0
2001,7138,21741,0.00028988388498517537,422,0,0
2001,7139,422839,0.0056379288921046215,214,0,0
2001,7144,9146001,0.12194831433504894,57,0,0
2001,7148,275225,0.0036697158477091625,249,0,0
2001,7149,871665,0.011622355761262264,165,0,0
2001,7161,864600,0.011528154498789507,168,0,0
2001,7162,846028,0.011280524513418792,171,0,0
2001,7163,0,0.0,498,0,0
2001,7169,1577777,0.021037308605871628,124,0,0
2001,7187,0,0.0,499,0,0
2001,7188,1297298,0.01729753848597112,139,0,0
2001,7211,122826,0.0016377019482631504,322,0,0
2001,7212,1046365,0.01395172031242873,155,0,0
2001,7213,23125,0.00030833746563093604,418,0,0
2001,7219,96645,0.0012886172698768352,335,0,0
2001,7223,422225,0.0056297421157198695,215,0,0
2001,7224,2369348,0.03159173005482063,104,0,0
2001,7233,10170360,0.13560661738180527,50,0,0
2001,7234,1690393,0.022538875396336214,121,0,0
2001,7239,13603409,0.18138121751355962,43,0,0
2001,7243,335548,0.004474033293730998,235,0,0
2001,7244,546553,0.0072874709990480005,197,0,0
2001,7245,773053,0.010307511473227763,176,0,0
2001,7246,502715,0.0067029564987959355,203,0,0
2001,7247,704082,0.009387885815193977,181,0,0
2001,7248,26775,0.0003570047845305216,405,0,0
2001,7251,80143,0.0010685876544025991,348,0,0
2001,7252,823535,0.0109806138273891,173,0,0
2001,7259,131353,0.0017513968053197986,316,0,0
2001,7263,79025,0.001053680787956096,349,0,0
2001,7264,42353,0.0005647142348915474,389,0,0
2001,7267,77632,0.0010351072057020899,350,0,0
2001,7268,8994,0.00011992160717338979,455,0,0
2001,7269,20646,0.0002752836893152997,425,0,0
2001,7271,7625,0.00010166802920803836,459,0,0
2001,7272,1054950,0.01406618851318296,154,0,0
2001,7281,450952,0.006012773915727648,213,0,0
2001,7283,590127,0.007868465452124862,195,0,0
2001,7284,7541886,0.10055982768940272,62,0,0
2001,7361,174672,0.002328991212829702,292,0,0
2001,7362,53211,0.0007094895084837941,374,0,0
2001,7367,4972,6.629422179965466e-05,464,0,0
2001,7368,31234,0.00041645891466017977,397,0,0
2001,7369,150744,0.0020099469370408575,307,0,0
2001,7371,42262,0.0005635008852970646,390,0,0
2001,7372,179483,0.002393138739192964,291,0,0
2001,7373,1004474,0.013393166160093789,157,0,0
2001,7411,0,0.0,500,0,0
2001,7412,28646,0.0003819517855335695,401,0,0
2001,7413,85480,0.0011397486080922125,344,0,0
2001,7414,271261,0.0036168618060330097,252,0,0
2001,7415,477145,0.0063620185962582915,207,0,0
2001,7416,94098,0.0012546568147433438,337,0,0
2001,7421,46835,0.0006244750357978331,385,0,0
2001,7422,790555,0.010540874600729283,175,0,0
2001,7423,10693,0.00014257524410774485,454,0,0
2001,7428,284300,0.0037907174693567617,247,0,0
2001,7429,704141,0.009388672492403587,180,0,0
2001,7431,349608,0.004661502472834607,228,0,0
2001,7432,1170857,0.015611635891729335,147,0,0
2001,7433,1120,1.4933533470557769e-05,477,0,0
2001,7434,3301430,0.044019656612235294,84,0,0
2001,7435,15294,0.00020392273294527724,439,0,0
2001,7436,1986614,0.026488541662570222,113,0,0
2001,7439,203513,0.0027135430332085922,278,0,0
2001,7441,1250683,0.016675996822819287,144,0,0
2001,7442,1293281,0.017243977768157517,140,0,0
2001,7449,475914,0.006345605042952705,209,0,0
2001,7451,144518,0.001926932491158989,308,0,0
2001,7452,612594,0.008168029466841843,190,0,0
2001,7491,324827,0.004331084711286489,236,0,0
2001,7492,688935,0.00918592310851671,183,0,0
2001,7493,467931,0.0062391636164389,212,0,0
2001,7499,154716,0.0020629076468132285,305,0,0
2001,7511,4539,6.052081109184081e-05,465,0,0
2001,7512,50012,0.0006668356035085135,379,0,0
2001,7518,168267,0.0022435900682949497,294,0,0
2001,7521,0,0.0,501,0,0
2001,7522,48932,0.0006524354105190471,381,0,0
2001,7523,247139,0.003295230828910872,262,0,0
2001,7524,18009,0.00024012321809935253,433,0,0
2001,7525,607491,0.008099988554966615,192,0,0
2001,7528,20318,0.00027091029737035064,426,0,0
2001,7591,54990,0.0007332098263803319,371,0,0
2001,7599,1709990,0.022800172231534892,120,0,0
2001,7611,237656,0.0031687891343561403,265,0,0
2001,7621,0,0.0,502,0,0
2001,7622,26760,0.0003568047818501124,406,0,0
2001,7628,106525,0.0014203523687063985,330,0,0
2001,7631,0,0.0,503,0,0
2001,7638,118443,0.0015792611650475657,325,0,0
2001,7641,1475517,0.019673823665961595,132,0,0
2001,7642,6885,9.180123030784843e-05,461,0,0
2001,7643,658479,0.008779837666213756,187,0,0
2001,7648,361096,0.004814677859004042,223,0,0
2001,7649,5819054,0.07758842649641345,70,0,0
2001,7711,6817825,0.09090555163741564,65,0,0
2001,7712,495663,0.0066089285719795315,204,0,0
2001,7721,2419020,0.03225403226423987,99,0,0
2001,7722,16113,0.0002148428792956226,437,0,0
2001,7723,54829,0.0007310631309439392,372,0,0
2001,7731,183997,0.0024533262124841228,290,0,0
2001,7732,1505329,0.020071322326518978,129,0,0
2001,7741,5052129,0.06736262278488889,72,0,0
2001,7742,185437,0.0024725264698034115,289,0,0
2001,7751,27157,0.000362098186124944,404,0,0
2001,7752,111009,0.0014801398366367385,327,0,0
2001,7753,0,0.0,504,0,0
2001,7754,24735,0.00032980441999486284,416,0,0
2001,7757,2525310,0.033671251257619855,96,0,0
2001,7758,203346,0.0027113163367000355,279,0,0
2001,7761,62257,0.0008301044582826026,363,0,0
2001,7762,0,0.0,505,0,0
2001,7763,388470,0.005179669417238908,218,0,0
2001,7764,358172,0.004775690669836265,224,0,0
2001,7768,46055,0.0006140748964165517,386,0,0
2001,7781,1006945,0.013426113268313208,156,0,0
2001,7782,167706,0.002236109968047644,295,0,0
2001,7783,234874,0.0031316953038962366,267,0,0
2001,7784,2747,3.662715753894838e-05,469,0,0
2001,7788,1283273,0.017110535979788465,141,0,0
2001,7810,1114171,0.014855812428950732,151,0,0
2001,7821,859098,0.01145479351561539,169,0,0
2001,7822,2635720,0.035143404320552254,94,0,0
2001,7831,313638,0.004181896045213212,242,0,0
2001,7832,52723,0.0007029827546144796,376,0,0
2001,7841,91790,0.0012238830689843727,339,0,0
2001,7842,0,0.0,506,0,0
2001,7849,5389436,0.07186010972627588,71,0,0
2001,7851,1421228,0.01894996063151239,135,0,0
2001,7852,158465,0.002112894983403515,303,0,0
2001,7853,792110,0.010561608211931708,174,0,0
2001,7861,60098,0.0008013174058156971,365,0,0
2001,7868,32961,0.0004394858899312987,394,0,0
2001,7912,0,0.0,507,0,0
2001,7913,690037,0.009200616638770778,182,0,0
2001,7914,306096,0.0040813346975034385,244,0,0
2001,7915,1312295,0.017497501165844292,137,0,0
2001,7919,0,0.0,508,0,0
2001,7921,0,0.0,509,0,0
2001,7922,0,0.0,510,0,0
2001,7923,0,0.0,511,0,0
2001,7924,4620138,0.06160266559071055,76,0,0
2001,7928,0,0.0,512,0,0
2001,7929,1625481,0.02167337046362117,123,0,0
2001,7931,382949,0.005106055097336274,220,0,0
2001,7932,0,0.0,513,0,0
2001,7933,12743,0.00016990894376367648,446,0,0
2001,7938,10687142,0.14249713639428901,49,0,0
2001,8121,26119,0.0003482580006406235,411,0,0
2001,8122,2132805,0.028437781119350858,108,0,0
2001,8124,386431,0.005152482386215276,219,0,0
2001,8211,4691510,0.06255430501112186,75,0,0
2001,8212,2785025,0.03713416433378585,92,0,0
2001,8219,4844762,0.06459769239632714,73,0,0
2001,8310,3935149,0.052469356520653515,80,0,0
2001,8421,2873195,0.03830978008923146,90,0,0
2001,8422,27892905,0.37191038429338225,34,0,0
2001,8423,303030358,4.040458923025092,8,0,1
2001,8424,35593853,0.4745910670728688,28,0,0
2001,8429,90273494,1.2036627179939248,17,0,0
2001,8431,8263546,0.1101820899790123,59,0,0
2001,8432,20976852,0.27969510843655054,37,0,0
2001,8433,12024933,0.16033458878278092,47,0,0
2001,8434,9377258,0.1250317823259425,55,0,0
2001,8435,17870852,0.23828122007980732,41,0,0
2001,8439,95683027,1.275790791311413,15,0,0
2001,8441,92465940,1.232895723104095,16,0,0
2001,8442,48337981,0.644515051038112,23,0,0
2001,8443,11401789,0.15202589076405124,48,0,0
2001,8451,26880723,0.35841444342258216,35,0,0
2001,8452,34013527,0.4535197713448396,30,0,0
2001,8459,256592856,3.42128393159108,9,0,1
2001,8461,1188951,0.015852892458351007,146,0,0
2001,8462,375639584,5.008594911187854,6,0,1
2001,8463,147674757,1.969023148585701,12,0,0
2001,8464,20787266,0.277167261225346,38,0,0
2001,8465,928801,0.012384179304453149,162,0,0
2001,8471,1402217,0.0186964772343617,136,0,0
2001,8472,30651350,0.40869014387748287,31,0,0
2001,8481,380568282,5.074311765249703,5,1,1
2001,8482,1742558,0.023234418051239467,119,0,0
2001,8483,470075,0.006267750666225395,211,0,0
2001,8484,658862,0.008784944401320207,186,0,0
2001,8510,41299924,0.5506730333799036,26,0,0
2001,8710,143177,0.0019090522515304014,310,0,0
2001,8720,122239506,1.6298819234602204,13,0,0
2001,8731,75756,0.0010100935371389055,352,0,0
2001,8732,2480,3.3067109827663627e-05,472,0,0
2001,8741,539368,0.007191669715131966,198,0,0
2001,8742,63428,0.0008457180008665519,360,0,0
2001,8743,134726,0.0017963707413878266,313,0,0
2001,8744,45088,0.0006011813902861684,387,0,0
2001,8745,403860,0.005384872167338804,216,0,0
2001,8748,261923,0.0034923534707222343,254,0,0
2001,8749,354448,0.00472603667104666,226,0,0
2001,8811,22985,0.00030647077394711634,419,0,0
2001,8812,4225,5.633408831527372e-05,467,0,0
2001,8813,155891,0.0020785745234452864,304,0,0
2001,8821,196188,0.0026158750576087387,284,0,0
2001,8822,286252,0.00381674448483402,246,0,0
2001,8830,201409,0.002685489323903187,281,0,0
2001,8841,565581,0.0075411810659031546,196,0,0
2001,8842,51122,0.0006816358018587983,377,0,0
2001,8851,92912,0.0012388432694789852,338,0,0
2001,8852,123224,0.0016430086860500092,321,0,0
2001,8921,2091352,0.027885067045283866,110,0,0
2001,8922,1120312,0.01493769352631028,150,0,0
2001,8924,67283,0.0008971186897317307,359,0,0
2001,8928,1748435,0.023312779101423813,118,0,0
2001,8931,3066432,0.04088630795284768,88,0,0
2001,8932,26065,0.0003475379909911502,412,0,0
2001,8933,4298,5.730743469326544e-05,466,0,0
2001,8935,517040,0.006893959058586775,200,0,0
2001,8939,7212700,0.0961706221991893,63,0,0
2001,8941,12047,0.00016062881939268698,448,0,0
2001,8942,623849,0.008318098144708921,189,0,0
2001,8946,219605,0.002928105908751642,272,0,0
2001,8947,242077103,3.2277379643805,11,0,0
2001,8951,52819,0.0007042627717690989,375,0,0
2001,8952,2325710,0.03100988225697402,105,0,0
2001,8959,20269,0.0002702569552810137,427,0,0
2001,8960,144159,0.0019221457603411942,309,0,0
2001,8972,249974,0.0033330313355082212,261,0,0
2001,8973,19619608,0.2615982792385919,39,0,0
2001,8974,319404,0.004258777075562529,239,0,0
2001,8981,348476,0.004646408937219721,229,0,0
2001,8982,2388616,0.031848640164562333,102,0,0
2001,8983,2393422,0.03191272102336546,101,0,0
2001,8989,90176,0.0012023627805723368,342,0,0
2001,8991,59082860,0.7877820244163203,20,0,0
2001,8993,12854237,0.17139212364105544,44,0,0
2001,8994,191556,0.0025541142298983605,288,0,0
2001,8996,345463,0.004606235065481516,232,0,0
2001,8997,2456010,0.03274723887412909,98,0,0
2001,8998,254808,0.0033974855326481105,258,0,0
2001,8999,252545,0.003367311794930367,260,0,0
2002,5111,1505,1.836905533539926e-05,478,0,0
2002,5112,12267,0.0001497230576739819,450,0,0
2002,5113,2739,3.3430460175188425e-05,473,0,0
2002,5114,0,0.0,483,0,0
2002,5121,8211750,0.10022730242555805,62,0,0
2002,5122,0,0.0,484,0,0
2002,5123,0,0.0,485,0,0
2002,5137,40570,0.0004951711461509289,406,0,0
2002,5138,52805798,0.6445133724198775,25,0,0
2002,5139,228752,0.0027919987681616293,284,0,0
2002,5145,37815,0.0004615454003376233,409,0,0
2002,5146,12234,0.00014932028104536516,451,0,0
2002,5147,72677,0.0008870483950902407,371,0,0
2002,5148,0,0.0,486,0,0
2002,5154,79344,0.000968421479423202,362,0,0
2002,5155,243883,0.00297667795505859,278,0,0
2002,5156,67209,0.000820309528263687,378,0,0
2002,5157,0,0.0,487,0,0
2002,5161,50514,0.0006165411702407696,395,0,0
2002,5162,17571,0.00021446024670983418,437,0,0
2002,5163,6182,7.545348842753371e-05,466,0,0
2002,5169,1667771,0.020355732748022697,132,0,0
2002,5221,106654,0.0013017496529845,339,0,0
2002,5222,1939156,0.02366808230429999,125,0,0
2002,5223,28725,0.00035059874718228824,422,0,0
2002,5224,75022,0.0009156699464267929,368,0,0
2002,5225,42653,0.0005205948951633121,402,0,0
2002,5231,125779,0.0015351770172964676,326,0,0
2002,5232,96155,0.0011736056583224691,349,0,0
2002,5233,5448,6.64947597789071e-05,467,0,0
2002,5239,114342,0.0013955844020998155,333,0,0
2002,5241,0,0.0,488,0,0
2002,5249,783313,0.009560611190656213,176,0,0
2002,5311,771828,0.009420432718545209,178,0,0
2002,5312,141170,0.0017230295958128332,317,0,0
2002,5322,81282,0.000992075452340148,360,0,0
2002,5323,15026,0.00018339762489681682,443,0,0
2002,5331,370055,0.004516651675841312,247,0,0
2002,5332,6405,7.81752820087922e-05,464,0,0
2002,5334,1525846,0.01862348811116121,140,0,0
2002,5335,79690,0.0009726445313474865,361,0,0
2002,5411,27769,0.00033893043030478544,423,0,0
2002,5413,27469,0.0003352688245900879,427,0,0
2002,5414,14031,0.00017125329927640334,445,0,0
2002,5415,8509,0.0001038553434212042,458,0,0
2002,5416,766868,0.009359894170728878,179,0,0
2002,5417,31213819,0.3809756600931142,33,0,0
2002,5419,3333787,0.04069004510261441,92,0,0
2002,5513,414757,0.005062255338036007,234,0,0
2002,5514,102915,0.0012561138404269868,344,0,0
2002,5530,4911779,0.05994999351910435,82,0,0
2002,5541,4889589,0.05967915674974056,83,0,0
2002,5542,972128,0.011865164800724927,166,0,0
2002,5543,31744,0.00038744670602452764,419,0,0
2002,5621,8931300,0.10900966373226008,60,0,0
2002,5622,0,0.0,489,0,0
2002,5623,683507,0.008342443790785876,186,0,0
2002,5629,3305405,0.04034363279129926,93,0,0
2002,5721,34018,0.0004152016773419349,416,0,0
2002,5722,1336013,0.01630650945236729,152,0,0
2002,5723,48844,0.0005961582317622867,399,0,0
2002,5821,75463,0.0009210525068273982,366,0,0
2002,5822,362081,0.004419326195944651,249,0,0
2002,5823,43765303,0.5341709452342294,28,0,0
2002,5824,70507,0.0008605627804205952,374,0,0
2002,5825,1063668,0.012982442757802963,164,0,0
2002,5826,469149,0.005726128864815433,223,0,0
2002,5827,110477,0.0013484107151421289,336,0,0
2002,5828,817,9.971772896359598e-06,482,0,0
2002,5829,415917,0.005076413546799505,233,0,0
2002,5831,159325,0.0019446177683139448,306,0,0
2002,5832,91148,0.0011124934589441674,354,0,0
2002,5833,1206681,0.014727966818056423,159,0,0
2002,5834,9294343,0.11344073147719652,57,0,0
2002,5835,22089,0.00026960402877317894,432,0,0
2002,5836,224536,0.0027405410025177464,286,0,0
2002,5837,387880,0.004734212082056256,242,0,0
2002,5838,7046,8.599891288586258e-05,461,0,0
2002,5839,522801,0.00638097043083194,215,0,0
2002,5841,210819,0.0025731201838893932,292,0,0
2002,5842,50910,0.0006213744897841703,394,0,0
2002,5843,145169,0.0017718387999897508,313,0,0
2002,5849,143394,0.001750174299511124,316,0,0
2002,5851,34181,0.0004171911497802539,415,0,0
2002,5852,1218872,0.014876762268949349,158,0,0
2002,5911,393390,0.0048014635736828674,240,0,0
2002,5912,91767,0.0011200485720688266,352,0,0
2002,5913,57062,0.0006964618176402344,389,0,0
2002,5914,34350,0.0004192538543328668,414,0,0
2002,5921,2541579,0.031020867302517418,109,0,0
2002,5922,2280815,0.0278381507938928,117,0,0
2002,5981,238573,0.0029118675339084438,282,0,0
2002,5982,179903,0.0021957795096374305,301,0,0
2002,5983,3077305,0.03755959191289091,94,0,0
2002,5989,2068323,0.02524461105546778,119,0,0
2002,6112,554546,0.006768429342208849,204,0,0
2002,6113,27133693,0.33117628449882763,35,0,0
2002,6114,87094480,1.0630188189553649,18,0,0
2002,6115,12017584,0.14667884750419188,50,0,0
2002,6116,100055522,1.2212129038074804,17,0,0
2002,6118,2681149,0.032724368334518535,105,0,0
2002,6121,636485,0.007768523711064186,188,0,0
2002,6122,2423052,0.029574203500697577,112,0,0
2002,6123,2376991,0.0290120127646153,115,0,0
2002,6129,68253413,0.8330569569613682,19,0,0
2002,6130,222352,0.0027138845129147486,288,0,0
2002,6210,137657,0.0016801521928937247,319,0,0
2002,6251,97100,0.0011851397163237661,348,0,0
2002,6252,193634,0.0023633712031991363,297,0,0
2002,6253,67796,0.0008274740701121119,376,0,0
2002,6254,223980,0.002733754826593174,287,0,0
2002,6259,813555,0.00992972545740249,175,0,0
2002,6281,27763,0.0003388571981904915,424,0,0
2002,6282,61731,0.0007534486079133102,386,0,0
2002,6289,549476,0.006706548205630462,206,0,0
2002,6330,66084,0.0008065785068335714,381,0,0
2002,6342,207740,0.0025355399039042143,294,0,0
2002,6343,405626,0.004950808265432997,238,0,0
2002,6344,888242,0.010841306610781202,171,0,0
2002,6349,124423,0.0015186265594660346,327,0,0
2002,6351,64488,0.0007870987644313805,383,0,0
2002,6353,488839,0.005966452253223415,222,0,0
2002,6354,222275,0.0027129447007813094,289,0,0
2002,6359,3014648,0.03679484114867157,96,0,0
2002,6411,1844,2.2506669793007466e-05,475,0,0
2002,6412,127551,0.0015568049017179477,325,0,0
2002,6413,66953,0.0008171849580538117,379,0,0
2002,6415,90728,0.0011073672109435909,355,0,0
2002,6416,430206,0.005250815826990548,232,0,0
2002,6417,15103,0.00018433743703025584,441,0,0
2002,6418,1773511,0.021646326708929752,130,0,0
2002,6419,442452,0.005400282572264501,229,0,0
2002,6421,1538010,0.018771954017539814,137,0,0
2002,6422,58581,0.0007150017479089861,388,0,0
2002,6423,398761,0.004867018521328335,239,0,0
2002,6424,135270,0.001651018016757115,322,0,0
2002,6428,283856,0.0034645625058372705,264,0,0
2002,6511,12622,0.0001540559577697073,447,0,0
2002,6512,327344,0.003995348870239825,255,0,0
2002,6513,872848726,10.65342627729352,2,1,1
2002,6514,38278318,0.46720035979269736,32,0,0
2002,6515,249033,0.003039535519827564,275,0,0
2002,6516,5529232,0.06748622496362812,75,0,0
2002,6517,1252390,0.01528586127010012,156,0,0
2002,6518,21325,0.00026027913955308256,435,0,0
2002,6519,315012,0.003844832464660991,258,0,0
2002,6521,392299662,4.788155614177027,5,1,1
2002,6522,768013880,9.373880039916736,3,1,1
2002,6531,558532264,6.817083099017826,4,1,1
2002,6532,6328745,0.07724456286287801,67,0,0
2002,6534,26305561,0.32106864161974796,38,0,0
2002,6535,3667957,0.04476870770821599,90,0,0
2002,6536,940567,0.011479951674186363,168,0,0
2002,6538,1353623,0.016521445707820034,151,0,0
2002,6539,10150514,0.12389060023172419,55,0,0
2002,6541,1810680,0.022099987451628396,129,0,0
2002,6542,1734677,0.02117234405451454,131,0,0
2002,6543,4474680,0.05461504619814244,84,0,0
2002,6544,837030,0.010216246104577569,174,0,0
2002,6545,1551188,0.018932796151234093,136,0,0
2002,6546,0,0.0,490,0,0
2002,6549,1140785,0.013923682917470728,162,0,0
2002,6551,55369383,0.6758028307069204,23,0,0
2002,6552,8998662,0.10983184067943826,59,0,0
2002,6553,98721,0.0012049245925355152,346,0,0
2002,6560,6259254,0.07639640072047786,69,0,0
2002,6571,5119251,0.0624822623885701,79,0,0
2002,6572,7480708,0.09130467720927836,65,0,0
2002,6573,1912663,0.023344725903635056,126,0,0
2002,6574,11724985,0.14310757360247595,51,0,0
2002,6575,2691622,0.032852194990018624,104,0,0
2002,6576,6927,8.45464759523659e-05,462,0,0
2002,6577,41368019,0.5049112492537196,30,0,0
2002,6579,6184,7.547789913229836e-05,465,0,0
2002,6581,12323747,0.15041567480562168,49,0,0
2002,6582,45486427,0.5551778701479063,26,0,0
2002,6583,26881907,0.3281031476438915,36,0,0
2002,6584,1363905469,16.64694686532537,1,1,1
2002,6589,43379094,0.529457128296004,29,0,0
2002,6591,13030,0.0001590357415416959,446,0,0
2002,6592,234013247,2.8562141417670794,11,0,0
2002,6593,2735605,0.03338902300385043,102,0,0
2002,6594,3993946,0.04874751832597776,88,0,0
2002,6595,1449673,0.017693769804142362,145,0,0
2002,6596,168787,0.0020601048125555048,304,0,0
2002,6597,107978,0.0013179095395386986,337,0,0
2002,6611,0,0.0,491,0,0
2002,6612,6157657,0.07515637353449077,70,0,0
2002,6613,4121958,0.050309949895143966,85,0,0
2002,6618,146129,0.001783555938276783,312,0,0
2002,6623,493871,0.0060278695864112745,221,0,0
2002,6624,508709,0.006208972605060215,220,0,0
2002,6631,37932,0.0004629734265663553,408,0,0
2002,6632,6502,7.935920118987774e-05,463,0,0
2002,6633,10787880,0.1316698768582372,54,0,0
2002,6635,83789,0.001022674270762637,357,0,0
2002,6637,4782,5.8365995092278584e-05,470,0,0
2002,6638,848711,0.010358816825755509,173,0,0
2002,6639,375139,0.004578703687353052,245,0,0
2002,6641,32728,0.0003994567727687356,418,0,0
2002,6642,70182,0.0008565960408963395,375,0,0
2002,6643,35024,0.000427480261838554,413,0,0
2002,6644,15090,0.0001841787674492856,442,0,0
2002,6645,1607,1.961400127839642e-05,477,0,0
2002,6646,14319,0.00017476844076251297,444,0,0
2002,6647,3713,4.531847339557306e-05,472,0,0
2002,6648,49832,0.0006082171199160239,396,0,0
2002,6649,2205640,0.026920613428551513,118,0,0
2002,6651,693677,0.008466572224514121,185,0,0
2002,6652,73291,0.0008945424814529882,370,0,0
2002,6658,292474,0.0035697482326681484,261,0,0
2002,6664,523071,0.006384265875975167,213,0,0
2002,6665,203770,0.0024870846549463837,296,0,0
2002,6666,122559,0.0014958757826253808,329,0,0
2002,6671,0,0.0,492,0,0
2002,6672,2403,2.932946177472719e-05,474,0,0
2002,6673,1523967,0.01860055425403482,141,0,0
2002,6674,389596,0.0047551564667443254,241,0,0
2002,6712,0,0.0,493,0,0
2002,6713,0,0.0,494,0,0
2002,6716,0,0.0,495,0,0
2002,6724,12480,0.00015232279773141712,449,0,0
2002,6725,154196,0.0018820165159449996,309,0,0
2002,6727,83149,0.001014862845237949,358,0,0
2002,6731,373470,0.004558332954226952,246,0,0
2002,6732,188381,0.0022992564871347826,299,0,0
2002,6733,430998,0.005260482466077349,231,0,0
2002,6741,25788,0.0003147516272353994,429,0,0
2002,6744,16717,0.00020403687577532856,440,0,0
2002,6745,1401,1.7099698687637453e-05,479,0,0
2002,6746,40015,0.0004883971755787385,407,0,0
2002,6747,49146,0.0005998442481817489,397,0,0
2002,6749,145093,0.0017709111932086943,315,0,0
2002,6750,56826,0.0006935813544780056,390,0,0
2002,6760,61983,0.0007565243567136561,385,0,0
2002,6770,27721,0.00033834457339043385,425,0,0
2002,6781,75441,0.0009207839890749872,367,0,0
2002,6782,559959,0.006834496914654375,200,0,0
2002,6783,8684567,0.10599820052291187,61,0,0
2002,6784,522520,0.006377540726812506,216,0,0
2002,6785,2858658,0.034890928230552676,100,0,0
2002,6793,409472,0.00499775005069542,236,0,0
2002,6794,444845,0.005429489980515405,228,0,0
2002,6911,2928188,0.03573956638169574,98,0,0
2002,6912,138210,0.0016869017527611507,318,0,0
2002,6921,36096,0.0004405643995924065,410,0,0
2002,6924,1333450,0.016275227134211392,153,0,0
2002,6931,1224766,0.014948700615890771,157,0,0
2002,6932,17442,0.00021288575625251423,438,0,0
2002,6935,253541,0.0030945572483670855,271,0,0
2002,6940,1425521,0.017398986133404445,148,0,0
2002,6951,172520,0.0021056673929987246,303,0,0
2002,6953,1517674,0.01852374597149285,143,0,0
2002,6954,522975,0.006383094162146464,214,0,0
2002,6960,26525961,0.32375870128481243,37,0,0
2002,6973,2545483,0.03106851699821802,108,0,0
2002,6974,5259663,0.06419604032727713,78,0,0
2002,6975,922074,0.011254238092580025,169,0,0
2002,6978,22069,0.0002693599217255324,433,0,0
2002,6991,458639,0.005597850611277197,225,0,0
2002,6992,51420,0.0006275992194991561,393,0,0
2002,6993,64902,0.0007921517803176631,382,0,0
2002,6994,452425,0.005522006551573429,227,0,0
2002,6996,286256,0.003493855351554851,263,0,0
2002,6997,1898264,0.023168981034681953,127,0,0
2002,6998,1444097,0.017625712759258515,146,0,0
2002,6999,342569,0.0041811753602607245,251,0,0
2002,7111,509759,0.006221788225061656,219,0,0
2002,7112,0,0.0,496,0,0
2002,7119,0,0.0,497,0,0
2002,7126,1026,1.2522691544265542e-05,480,0,0
2002,7129,587054,0.0071652009374534725,195,0,0
2002,7131,248507,0.003033115504474461,276,0,0
2002,7132,120171,0.0014667294011363884,330,0,0
2002,7133,30139,0.0003678571154508959,421,0,0
2002,7138,16747,0.00020440303634679827,439,0,0
2002,7139,324379,0.003959160000426231,256,0,0
2002,7144,9017988,0.11006772131957906,58,0,0
2002,7148,4960009,0.060538657664503885,81,0,0
2002,7149,1534465,0.01872868604334447,138,0,0
2002,7161,539799,0.006588437010626701,207,0,0
2002,7162,442200,0.005397206823464154,230,0,0
2002,7163,0,0.0,498,0,0
2002,7169,174285,0.0021272098399535283,302,0,0
2002,7187,0,0.0,499,0,0
2002,7188,161430,0.0019703100350787392,305,0,0
2002,7211,252657,0.0030837677168611107,272,0,0
2002,7212,380755,0.004647248946332189,244,0,0
2002,7213,406407,0.004960340645643593,237,0,0
2002,7219,136378,0.0016645415471967314,320,0,0
2002,7223,4667,5.69623795683112e-05,471,0,0
2002,7224,2640123,0.032223631547681264,106,0,0
2002,7233,1070247,0.013062741771126282,163,0,0
2002,7234,1959214,0.02391289726238467,124,0,0
2002,7239,15095406,0.18424474958426446,45,0,0
2002,7243,290767,0.003548913696151519,262,0,0
2002,7244,578662,0.007062773620261001,196,0,0
2002,7245,577745,0.00705158131212641,197,0,0
2002,7246,539163,0.006580674406511543,208,0,0
2002,7247,857081,0.010460975625195571,172,0,0
2002,7248,204928,0.0025012184530051164,295,0,0
2002,7251,0,0.0,500,0,0
2002,7252,555168,0.006776021071390656,203,0,0
2002,7259,112219,0.0013696724389921392,335,0,0
2002,7263,189790,0.002316453828641479,298,0,0
2002,7264,24593,0.00030016623113852096,430,0,0
2002,7267,78400,0.0009568996267742871,363,0,0
2002,7268,10606,0.00012944996736693993,454,0,0
2002,7269,46485,0.0005673658054923818,400,0,0
2002,7271,32955,0.00040222738775952334,417,0,0
2002,7272,1627061,0.01985885285253824,133,0,0
2002,7281,381371,0.004654767443399702,243,0,0
2002,7283,102998,0.0012571268846747197,343,0,0
2002,7284,8047763,0.09822578330443772,64,0,0
2002,7361,252551,0.0030824739495085842,273,0,0
2002,7362,2693171,0.03287110108085884,103,0,0
2002,7367,116474,0.0014216062133789325,332,0,0
2002,7368,73562,0.0008978501319485983,369,0,0
2002,7369,328180,0.004005552544831448,254,0,0
2002,7371,741498,0.00905024438078929,180,0,0
2002,7372,341523,0.004168408561668812,252,0,0
2002,7373,987864,0.012057228225813192,165,0,0
2002,7411,0,0.0,501,0,0
2002,7412,44528,0.0005434799308801716,401,0,0
2002,7413,182433,0.0022266590511647133,300,0,0
2002,7414,364531,0.004449229309281348,248,0,0
2002,7415,566359,0.006912611169901256,199,0,0
2002,7416,118886,0.0014510455233251007,331,0,0
2002,7421,41687,0.000508804524761986,405,0,0
2002,7422,899039,0.010973087800453167,170,0,0
2002,7423,9395,0.00011466928563194423,456,0,0
2002,7428,644864,0.007870792358675686,187,0,0
2002,7429,321947,0.0039294765834324155,257,0,0
2002,7431,947852,0.011568867666291602,167,0,0
2002,7432,1423667,0.017376357410087615,149,0,0
2002,7433,0,0.0,502,0,0
2002,7434,5348028,0.06527456629054129,77,0,0
2002,7435,53604,0.0006542557091021541,392,0,0
2002,7436,1442960,0.017611835273599812,147,0,0
2002,7439,158572,0.0019354271379700542,307,0,0
2002,7441,2067696,0.02523695829952406,120,0,0
2002,7442,1179994,0.014402242579029313,161,0,0
2002,7449,527190,0.006434539722437965,211,0,0
2002,7451,221240,0.002700312161065603,290,0,0
2002,7452,523965,0.006395177461004966,212,0,0
2002,7491,593237,0.007240666631233389,193,0,0
2002,7492,567052,0.006921069479102208,198,0,0
2002,7493,414215,0.005055640037044787,235,0,0
2002,7499,133146,0.0016250938482970565,323,0,0
2002,7511,18104,0.00022096569952961343,436,0,0
2002,7512,42000,0.0005126248000576537,404,0,0
2002,7518,145155,0.0017716679250563987,314,0,0
2002,7521,0,0.0,503,0,0
2002,7522,35412,0.00043221593856289614,412,0,0
2002,7523,91478,0.0011165212252303347,353,0,0
2002,7524,9699,0.00011837971275617106,455,0,0
2002,7525,517891,0.006321042150634722,218,0,0
2002,7528,128036,0.0015627244976233752,324,0,0
2002,7591,228309,0.002786591797056259,285,0,0
2002,7599,3015769,0.036808523348692154,95,0,0
2002,7611,529016,0.00645682669588809,209,0,0
2002,7621,1685,2.0566018764217776e-05,476,0,0
2002,7622,8442,0.00010303758481158841,459,0,0
2002,7628,107819,0.001315968888509909,338,0,0
2002,7631,0,0.0,504,0,0
2002,7638,157229,0.0019190353497205918,308,0,0
2002,7641,5092060,0.0621503866519423,80,0,0
2002,7642,30858,0.0003766327638137876,420,0,0
2002,7643,1189082,0.014513164821479881,160,0,0
2002,7648,528201,0.006446879333696495,210,0,0
2002,7649,1331969,0.01625715100733317,154,0,0
2002,7711,10023421,0.12233938538139734,56,0,0
2002,7712,233710,0.002852512905273197,283,0,0
2002,7721,1860325,0.022705922170648922,128,0,0
2002,7722,217554,0.0026553232321843527,291,0,0
2002,7723,53651,0.0006548293606641234,391,0,0
2002,7731,558440,0.006815956984385623,201,0,0
2002,7732,1579152,0.01927410662525343,135,0,0
2002,7741,5626686,0.06867568537469523,73,0,0
2002,7742,135387,0.0016524460429858472,321,0,0
2002,7751,92833,0.001133059477708385,351,0,0
2002,7752,361523,0.004412515609315313,250,0,0
2002,7753,0,0.0,505,0,0
2002,7754,21414,0.0002613654159151095,434,0,0
2002,7757,2891343,0.03528986017316897,99,0,0
2002,7758,304970,0.003722266316037683,259,0,0
2002,7761,0,0.0,506,0,0
2002,7762,81798,0.0009983734141694278,359,0,0
2002,7763,521075,0.006359903992620046,217,0,0
2002,7764,256401,0.0031294645561805354,270,0,0
2002,7768,101617,0.0012402712930347287,345,0,0
2002,7781,455286,0.005556926064739261,226,0,0
2002,7782,263993,0.003222127591467148,268,0,0
2002,7783,775953,0.0094707797971223,177,0,0
2002,7784,76098,0.0009288029055901747,364,0,0
2002,7788,3009667,0.036734046288455204,97,0,0
2002,7810,1528838,0.018660006525489128,139,0,0
2002,7821,554243,0.006764731120437005,205,0,0
2002,7822,1385536,0.016910955118397176,150,0,0
2002,7831,84687,0.001033634677201965,356,0,0
2002,7832,36039,0.00043986869450661395,411,0,0
2002,7841,95093,0.0011606435740924399,350,0,0
2002,7842,11123,0.00013576013454860198,453,0,0
2002,7849,5497655,0.06710081655145145,76,0,0
2002,7851,1498429,0.018288853964895,144,0,0
2002,7852,209999,0.0025631117949358865,293,0,0
2002,7853,719786,0.008785241769864248,182,0,0
2002,7861,97187,0.0011862015819810287,347,0,0
2002,7868,242501,0.0029598101580662166,280,0,0
2002,7912,0,0.0,507,0,0
2002,7913,0,0.0,508,0,0
2002,7914,606527,0.00740287576439449,192,0,0
2002,7915,0,0.0,509,0,0
2002,7919,238685,0.002913234533375264,281,0,0
2002,7921,0,0.0,510,0,0
2002,7922,24068,0.0002937584211378003,431,0,0
2002,7923,2422761,0.029570651743154316,113,0,0
2002,7924,5639013,0.06882614075351215,72,0,0
2002,7928,0,0.0,511,0,0
2002,7929,5955522,0.07268924463068949,71,0,0
2002,7931,697867,0.008517712650996065,184,0,0
2002,7932,27306,0.0003332793521517689,428,0,0
2002,7933,911,1.1119076020298156e-05,481,0,0
2002,7938,112362,0.0013714178043828117,334,0,0
2002,8121,60713,0.0007410235591881032,387,0,0
2002,8122,5574629,0.06804031134572854,74,0,0
2002,8124,619707,0.007563742308793534,190,0,0
2002,8211,4072144,0.04970195247157082,87,0,0
2002,8212,15174246,0.18520701956608696,44,0,0
2002,8219,7182300,0.0876625024155735,66,0,0
2002,8310,6270168,0.07652960993637854,68,0,0
2002,8421,2602788,0.031767944716487154,107,0,0
2002,8422,21068341,0.25714652601598736,42,0,0
2002,8423,336823506,4.111049581380189,7,0,1
2002,8424,38849034,0.4741661496829285,31,0,0
2002,8429,113391211,1.383979687313577,15,0,0
2002,8431,10834718,0.13224155115312053,53,0,0
2002,8432,11342375,0.13843768372747456,52,0,0
2002,8433,16927653,0.20660796987072247,43,0,0
2002,8434,14840134,0.18112906487092356,46,0,0
2002,8435,24656917,0.300946360646742,39,0,0
2002,8439,134939797,1.646987772784414,14,0,0
2002,8441,109133619,1.3320142766534089,16,0,0
2002,8442,53108967,0.6482136568962746,24,0,0
2002,8443,14784819,0.18045392580389527,47,0,0
2002,8451,23950710,0.29232685535687736,40,0,0
2002,8452,59984750,0.7321350113156749,21,0,0
2002,8459,287936551,3.5143670687063198,9,0,1
2002,8461,1522983,0.018588544187290612,142,0,0
2002,8462,367275554,4.482727557983667,6,0,1
2002,8463,155935299,1.9032452731382252,12,0,0
2002,8464,22420535,0.27365053027525305,41,0,0
2002,8465,1264715,0.015436292238212275,155,0,0
2002,8471,1963167,0.023961145020352,123,0,0
2002,8472,44815283,0.5469863211286231,27,0,0
2002,8481,310940163,3.795134259232602,8,0,1
2002,8482,2327155,0.028403746823289746,116,0,0
2002,8483,624544,0.007622779598266841,189,0,0
2002,8484,729593,0.00890493966067771,181,0,0
2002,8510,66238314,0.8084619635810975,20,0,0
2002,8710,70532,0.0008608679142301532,373,0,0
2002,8720,135792496,1.6573952645554704,13,0,0
2002,8731,281406,0.003434659392500574,265,0,0
2002,8732,8040,9.813103315389373e-05,460,0,0
2002,8741,556679,0.006794463358840349,202,0,0
2002,8742,72574,0.0008857912437948611,372,0,0
2002,8743,250687,0.00305972317266793,274,0,0
2002,8744,42568,0.0005195574402108144,403,0,0
2002,8745,2036699,0.02485862899172913,121,0,0
2002,8748,262746,0.003206907517046388,269,0,0
2002,8749,466537,0.0056942484843928,224,0,0
2002,8811,4876,5.951329821621714e-05,469,0,0
2002,8812,0,0.0,512,0,0
2002,8813,103711,0.0012658293009233173,342,0,0
2002,8821,264468,0.003227925133848752,267,0,0
2002,8822,707602,0.008636531756437998,183,0,0
2002,8830,243473,0.002971673760581837,279,0,0
2002,8841,62087,0.0007577937133614179,384,0,0
2002,8842,67762,0.0008270590881311129,377,0,0
2002,8851,153206,0.0018699332170864977,310,0,0
2002,8852,124067,0.0015142814540179271,328,0,0
2002,8921,2023961,0.024703157213083072,122,0,0
2002,8922,2478211,0.030247438532754245,110,0,0
2002,8924,105217,0.001284210561611099,341,0,0
2002,8928,1617896,0.019746990797954233,134,0,0
2002,8931,3867010,0.047198219715974946,89,0,0
2002,8932,27719,0.0003383201626856692,426,0,0
2002,8933,5296,6.463954621679368e-05,468,0,0
2002,8935,608602,0.007428201870587814,191,0,0
2002,8939,8131014,0.09924189109561866,63,0,0
2002,8941,12486,0.0001523960298457111,448,0,0
2002,8942,589175,0.0071910884898563855,194,0,0
2002,8946,9313,0.00011366844673659357,457,0,0
2002,8947,286768615,3.5001119982663162,10,0,1
2002,8951,66416,0.0008106306838245032,380,0,0
2002,8952,2426742,0.029619241250988353,111,0,0
2002,8959,48853,0.0005962680799337277,398,0,0
2002,8960,2833980,0.03458972454446166,101,0,0
2002,8972,248134,0.0030285629080358542,277,0,0
2002,8973,29800667,0.3637276419633267,34,0,0
2002,8974,11515,0.00014054463268247343,452,0,0
2002,8981,75878,0.0009261177280660632,365,0,0
2002,8982,2391549,0.029189698284597186,114,0,0
2002,8983,4102749,0.05007549728123188,86,0,0
2002,8989,147479,0.001800033163992922,311,0,0
2002,8991,58161246,0.7098785024250956,22,0,0
2002,8993,13901547,0.1696732797944542,48,0,0
2002,8994,106404,0.001298698314888919,340,0,0
2002,8996,302093,0.0036871515172337333,260,0,0
2002,8997,3517186,0.042928494524180454,91,0,0
2002,8998,279866,0.003415863149831794,266,0,0
2002,8999,333250,0.004067433681409836,253,0,0
2003,5111,419689,0.004410654728780808,282,0,0
2003,5112,0,0.0,481,0,0
2003,5113,0,0.0,482,0,0
2003,5114,47152,0.0004955364371510158,413,0,0
2003,5121,14104388,0.14822782019247419,53,0,0
2003,5122,3415,3.588939881385136e-05,471,0,0
2003,5123,0,0.0,483,0,0
2003,5137,42409,0.000445690633761822,417,0,0
2003,5138,46011410,0.48354958813400534,28,0,0
2003,5139,455800,0.0047901575342177,278,0,0
2003,5145,0,0.0,484,0,0
2003,5146,967,1.0162532548460983e-05,478,0,0
2003,5147,12630,0.00013273297423687926,452,0,0
2003,5148,84754,0.0008907086697127841,387,0,0
2003,5154,0,0.0,485,0,0
2003,5155,1629310,0.01712297405018921,152,0,0
2003,5156,10669,0.00011212415693850077,456,0,0
2003,5157,5482,5.761220623646651e-05,466,0,0
2003,5161,46460,0.0004882639733210934,414,0,0
2003,5162,23755,0.00024964939057775667,432,0,0
2003,5163,48781,0.0005126561533055587,412,0,0
2003,5169,2118745,0.02226661326203616,131,0,0
2003,5221,337332,0.0035451369489528863,304,0,0
2003,5222,1484965,0.015606003253180314,168,0,0
2003,5223,734,7.713856143299237e-06,480,0,0
2003,5224,133568,0.0014037116312645673,370,0,0
2003,5225,19433,0.00020422801966312544,437,0,0
2003,5231,932203,0.00979683901682831,209,0,0
2003,5232,673185,0.007074730582870431,240,0,0
2003,5233,13431,0.00014115095621342242,450,0,0
2003,5239,219055,0.002302123647779856,340,0,0
2003,5241,342066,0.003594888168274927,302,0,0
2003,5249,2242430,0.02356646107822685,127,0,0
2003,5311,1524849,0.01602515780143556,162,0,0
2003,5312,199096,0.002092367714858726,344,0,0
2003,5322,276728,0.0029082288594317594,323,0,0
2003,5323,36975,0.0003885828758835004,420,0,0
2003,5331,1186669,0.012471108931488777,187,0,0
2003,5332,17586,0.00018481726721534112,441,0,0
2003,5334,2240283,0.02354389752354066,128,0,0
2003,5335,149863,0.0015749613395139696,361,0,0
2003,5411,99632,0.0010470666420561165,383,0,0
2003,5413,146882,0.0015436329946050115,364,0,0
2003,5414,0,0.0,486,0,0
2003,5415,20936,0.0002200235588775379,435,0,0
2003,5416,1406232,0.014778571324392333,172,0,0
2003,5417,22760269,0.23919542349971823,39,0,0
2003,5419,1798510,0.018901154512650016,142,0,0
2003,5513,465935,0.0048966697031718395,276,0,0
2003,5514,83574,0.000878307647575055,389,0,0
2003,5530,4341569,0.0456270282046424,95,0,0
2003,5541,6876262,0.07226498075154646,73,0,0
2003,5542,1411160,0.014830361355828544,171,0,0
2003,5543,296451,0.0031155045879253437,316,0,0
2003,5621,487516,0.005123471786861949,270,0,0
2003,5622,1369831,0.014396020810124983,176,0,0
2003,5623,508952,0.00534875001613683,266,0,0
2003,5629,2685927,0.028227322192647532,112,0,0
2003,5721,15474,0.00016262153945696513,447,0,0
2003,5722,1777247,0.018677694399332614,144,0,0
2003,5723,112404,0.0011812919426858412,376,0,0
2003,5821,97402,0.0010236308120839678,384,0,0
2003,5822,1521359,0.015988480202062103,163,0,0
2003,5823,99073148,1.0411934759343249,17,0,0
2003,5824,350857,0.0036872757832010087,301,0,0
2003,5825,2787742,0.029297330725658453,109,0,0
2003,5826,699085,0.0073469225094527895,236,0,0
2003,5827,95531,0.0010039678354571108,385,0,0
2003,5828,2564,2.6945949797573904e-05,474,0,0
2003,5829,725742,0.007627070007016723,232,0,0
2003,5831,672639,0.007068992482796533,241,0,0
2003,5832,361942,0.0038037718259100986,293,0,0
2003,5833,5629874,0.05916626449713985,81,0,0
2003,5834,18334758,0.19268622021008833,44,0,0
2003,5835,43580,0.00045799707183239883,416,0,0
2003,5836,856771,0.009004098422003583,219,0,0
2003,5837,941965,0.00989943120166603,208,0,0
2003,5838,18857,0.00019817463936538655,438,0,0
2003,5839,1224497,0.012868656275070143,184,0,0
2003,5841,880853,0.009257184367021203,215,0,0
2003,5842,102013,0.001072089382488263,381,0,0
2003,5843,280784,0.0029508547456950037,322,0,0
2003,5849,685965,0.007209039958226514,237,0,0
2003,5851,127889,0.0013440290848915478,371,0,0
2003,5852,1663472,0.01748199415041726,149,0,0
2003,5911,602246,0.00632920845623623,249,0,0
2003,5912,275419,0.002894472132331516,324,0,0
2003,5913,360980,0.003793661840065611,294,0,0
2003,5914,21259,0.00022341807595422137,434,0,0
2003,5921,2570136,0.02701043511269009,117,0,0
2003,5922,3320806,0.03489948196703674,103,0,0
2003,5981,708980,0.007450912436616204,235,0,0
2003,5982,521237,0.005477857267799543,264,0,0
2003,5983,4079033,0.042867947909768826,97,0,0
2003,5989,4419606,0.046447145632237286,94,0,0
2003,6112,1645666,0.017294864828227088,151,0,0
2003,6113,21389950,0.22479427413128547,41,0,0
2003,6114,89610469,0.9417469574926101,18,0,0
2003,6115,14286905,0.15014595354629778,51,0,0
2003,6116,81218783,0.8535558694766181,19,0,0
2003,6118,3095235,0.03252887945463871,106,0,0
2003,6121,10464376,0.10997369358772902,62,0,0
2003,6122,2619199,0.027526054900099753,113,0,0
2003,6123,1782609,0.01873404548467372,143,0,0
2003,6129,17866037,0.1877602714834625,46,0,0
2003,6130,222332,0.002336562757564041,339,0,0
2003,6210,84417,0.0008871670218649751,388,0,0
2003,6251,881651,0.009265570820975361,214,0,0
2003,6252,1083719,0.011389172296675893,197,0,0
2003,6253,507360,0.005332019145591691,267,0,0
2003,6254,982704,0.010327571236300726,202,0,0
2003,6259,1171746,0.012314278038809683,188,0,0
2003,6281,17553,0.0001844704589691165,442,0,0
2003,6282,11264,0.00011837721471133871,455,0,0
2003,6289,303751,0.0031922227757265483,311,0,0
2003,6330,78752,0.0008276316062630812,393,0,0
2003,6341,0,0.0,487,0,0
2003,6342,1246786,0.013102898972042892,183,0,0
2003,6343,2139704,0.022486878535751976,130,0,0
2003,6344,767483,0.008065740401127695,226,0,0
2003,6349,147910,0.0015544365969419485,363,0,0
2003,6351,102840,0.001080780607325468,379,0,0
2003,6352,3279,3.446012846577411e-05,472,0,0
2003,6353,486808,0.005116031173579312,271,0,0
2003,6354,267795,0.0028143489181128327,327,0,0
2003,6359,3794323,0.039875833492113884,100,0,0
2003,6411,294909,0.003099299184419938,319,0,0
2003,6412,169037,0.0017764674399112714,354,0,0
2003,6413,155936,0.001638784566160095,356,0,0
2003,6415,137755,0.001447714241171916,366,0,0
2003,6416,302991,0.0031842356767225874,312,0,0
2003,6417,66552,0.0006994176485679166,403,0,0
2003,6418,1733765,0.018220727242898093,146,0,0
2003,6419,235958,0.002479763035232427,333,0,0
2003,6421,1547296,0.016261060974253866,160,0,0
2003,6422,291483,0.003063294182857345,320,0,0
2003,6423,1044212,0.01097397976990025,199,0,0
2003,6424,180789,0.0018999732129304165,351,0,0
2003,6428,499371,0.005248060021982947,268,0,0
2003,6511,6566,6.900433165790571e-05,462,0,0
2003,6512,3110819,0.032692657021583096,105,0,0
2003,6513,914046139,9.606022376817574,2,1,1
2003,6514,35559448,0.3737063575029016,33,0,0
2003,6515,185466,0.001949125399827161,349,0,0
2003,6516,4173278,0.043858400732963966,96,0,0
2003,6517,945582,0.009937443487320407,206,0,0
2003,6518,11498,0.00012083640045729513,454,0,0
2003,6519,188792,0.0019840794673102857,348,0,0
2003,6521,500166409,5.256419246235107,5,1,1
2003,6522,863812991,9.078105105295693,3,1,1
2003,6531,680321846,7.14973412968362,4,1,1
2003,6532,7342367,0.0771634370426534,70,0,0
2003,6534,40696733,0.42769583632732805,30,0,0
2003,6535,5909113,0.06210088231130706,78,0,0
2003,6536,1104329,0.011605769810454365,195,0,0
2003,6538,1427245,0.014999404102511061,169,0,0
2003,6539,11936789,0.12544778359525444,59,0,0
2003,6541,1550538,0.016295132257110233,159,0,0
2003,6542,1933212,0.020316783736375753,137,0,0
2003,6543,5323225,0.0559435856517903,85,0,0
2003,6544,985450,0.010356429886122932,201,0,0
2003,6545,2610204,0.027431523379651553,115,0,0
2003,6546,0,0.0,488,0,0
2003,6549,1342947,0.014113487692200654,180,0,0
2003,6551,43682207,0.45907120002700125,29,0,0
2003,6552,8530974,0.08965491307660227,67,0,0
2003,6553,153212,0.0016101571218353715,358,0,0
2003,6560,6151517,0.06464838855730203,77,0,0
2003,6571,5720728,0.060121080145700216,80,0,0
2003,6572,9998748,0.10508025025218115,64,0,0
2003,6573,5739551,0.06031889746747858,79,0,0
2003,6574,14150209,0.14870936869702747,52,0,0
2003,6575,2055841,0.02160553368868726,133,0,0
2003,6576,12007,0.0001261856549217901,453,0,0
2003,6577,49616908,0.5214409953505628,26,0,0
2003,6579,16161,0.0001698414565829141,444,0,0
2003,6581,12674437,0.13319997781377269,57,0,0
2003,6582,74916435,0.7873223465379128,23,0,0
2003,6583,26958639,0.2833175246119024,37,0,0
2003,6584,1796053650,18.87533989338899,1,1,1
2003,6589,49342364,0.5185557188914266,27,0,0
2003,6591,70951,0.0007456482387237386,399,0,0
2003,6592,212872711,2.23715186578762,10,0,1
2003,6593,2425796,0.02549351686238517,120,0,0
2003,6594,3774070,0.039662987812999116,101,0,0
2003,6595,2171720,0.02282334559063463,129,0,0
2003,6596,254526,0.0026749004751081495,330,0,0
2003,6597,69705,0.0007325536000935604,401,0,0
2003,6611,7126,7.488956250292965e-05,460,0,0
2003,6612,19195986,0.20173715876401382,43,0,0
2003,6613,5273550,0.05542153414781429,87,0,0
2003,6618,191248,0.0020098904083020335,346,0,0
2003,6623,942696,0.009907113529786946,207,0,0
2003,6624,821310,0.008631426688083237,221,0,0
2003,6631,39878,0.0004190914922104727,418,0,0
2003,6632,12903,0.0001356020242738284,451,0,0
2003,6633,12705806,0.13352964532516118,56,0,0
2003,6635,25435,0.0002673050831128285,430,0,0
2003,6637,54349,0.0005711721628503682,408,0,0
2003,6638,149794,0.001574236194999136,362,0,0
2003,6639,1395883,0.014669810156508131,174,0,0
2003,6641,137490,0.0014449292658613245,367,0,0
2003,6642,167362,0.001758864294080173,355,0,0
2003,6643,233538,0.0024543304305092877,335,0,0
2003,6644,0,0.0,489,0,0
2003,6645,3748,3.938900929848166e-05,469,0,0
2003,6646,14918,0.00015677834597511991,449,0,0
2003,6647,6093,6.403341346201941e-05,463,0,0
2003,6648,49134,0.0005163659506060826,411,0,0
2003,6649,2522835,0.026513332783760668,119,0,0
2003,6651,3930248,0.04130431563963152,99,0,0
2003,6652,633349,0.006656080482973337,244,0,0
2003,6658,338757,0.003560112759585313,303,0,0
2003,6664,632873,0.006651078036755065,245,0,0
2003,6665,248446,0.002611003683076461,331,0,0
2003,6666,57305,0.0006022377742394588,405,0,0
2003,6672,891,9.363822648064878e-06,479,0,0
2003,6673,596026,0.006263840356493285,250,0,0
2003,6674,1719537,0.018071200342071308,147,0,0
2003,6712,5939,6.241497497963783e-05,464,0,0
2003,6713,0,0.0,490,0,0
2003,6716,367828,0.0038656298058276184,290,0,0
2003,6724,0,0.0,491,0,0
2003,6725,271481,0.0028530863482820437,326,0,0
2003,6727,1805,1.8969360134407526e-05,477,0,0
2003,6731,681880,0.007166109301080223,238,0,0
2003,6732,919948,0.009668047045389436,210,0,0
2003,6733,1816148,0.01908651826558668,141,0,0
2003,6741,32075,0.0003370871059895409,426,0,0
2003,6744,150530,0.0015819710698240248,360,0,0
2003,6745,122715,0.0012896537556198447,373,0,0
2003,6746,308115,0.0032380855389545563,310,0,0
2003,6747,1588122,0.0166901153215377,155,0,0
2003,6749,328443,0.0034517194186289256,305,0,0
2003,6750,320320,0.0033663520433536943,309,0,0
2003,6760,351759,0.003696755208597815,300,0,0
2003,6770,1130493,0.011880736203006517,193,0,0
2003,6781,79919,0.0008398960069704792,392,0,0
2003,6782,586057,0.006159072738111063,253,0,0
2003,6783,6460885,0.06789964230027233,76,0,0
2003,6784,542806,0.005704533239400116,260,0,0
2003,6785,10519156,0.11054939527646189,61,0,0
2003,6793,430118,0.004520256643928585,281,0,0
2003,6794,494876,0.005200820535110835,269,0,0
2003,6911,5536350,0.05818338890865767,82,0,0
2003,6912,100447,0.0010556317548037852,382,0,0
2003,6921,28796,0.0003026269775237668,428,0,0
2003,6924,2547420,0.026771704927198017,118,0,0
2003,6931,832795,0.008752126467110202,220,0,0
2003,6932,16256,0.00017083984395840926,443,0,0
2003,6935,467932,0.004917656856738826,275,0,0
2003,6940,1379054,0.014492948460274368,175,0,0
2003,6951,353048,0.003710301748882165,299,0,0
2003,6953,3613805,0.037978708310538824,102,0,0
2003,6954,4692630,0.04931644789336553,90,0,0
2003,6960,29416579,0.309148853724792,36,0,0
2003,6973,1662730,0.017474196219547603,150,0,0
2003,6974,10837256,0.11389241658325139,60,0,0
2003,6975,980245,0.010301728767286595,204,0,0
2003,6978,20342,0.00021378101044549464,436,0,0
2003,6991,359376,0.003776804857430935,296,0,0
2003,6992,46057,0.0004840287089808351,415,0,0
2003,6993,233846,0.002457567307474051,334,0,0
2003,6994,1195741,0.012566449671178164,186,0,0
2003,6996,387115,0.0040683234617347195,285,0,0
2003,6997,1754177,0.01843524390719922,145,0,0
2003,6998,1909704,0.020069730152974287,139,0,0
2003,6999,33774,0.0003549424759997117,425,0,0
2003,7111,602736,0.006334358033225625,248,0,0
2003,7112,3509,3.68772768485518e-05,470,0,0
2003,7119,15156,0.0001592795690842551,448,0,0
2003,7126,0,0.0,492,0,0
2003,7129,575331,0.006046349548747266,258,0,0
2003,7131,952295,0.010007992692075132,205,0,0
2003,7132,16007,0.00016822301810053253,446,0,0
2003,7133,37771,0.00039694831115607014,419,0,0
2003,7138,0,0.0,493,0,0
2003,7139,1595314,0.016765698500533076,154,0,0
2003,7144,1516977,0.01594242827069979,164,0,0
2003,7148,2411897,0.025347447534679837,121,0,0
2003,7149,1353589,0.014225328096937698,177,0,0
2003,7161,798585,0.008392601918524008,223,0,0
2003,7162,1016225,0.010679854849079382,200,0,0
2003,7163,0,0.0,494,0,0
2003,7169,182693,0.001919982997803498,350,0,0
2003,7187,0,0.0,495,0,0
2003,7188,282983,0.0029739647861025177,321,0,0
2003,7211,813363,0.008547908956787871,222,0,0
2003,7212,1405916,0.014775250372701214,173,0,0
2003,7213,35895,0.0003772327878252399,421,0,0
2003,7219,123584,0.0012987863727704262,372,0,0
2003,7223,367840,0.003865755917917155,289,0,0
2003,7224,5275388,0.055440850316194924,86,0,0
2003,7233,8014478,0.08422688059351033,68,0,0
2003,7234,1288576,0.013542084323852802,181,0,0
2003,7239,12605106,0.13247135470713634,58,0,0
2003,7243,636232,0.006686378912484413,243,0,0
2003,7244,1512353,0.015893833078865164,165,0,0
2003,7245,2068244,0.021735881042563743,132,0,0
2003,7246,865193,0.009092608090176426,217,0,0
2003,7247,1413236,0.01485217874731831,170,0,0
2003,7248,25921,0.00027241262273904564,429,0,0
2003,7251,5571,5.8547537567193525e-05,465,0,0
2003,7252,863416,0.00907393299158427,218,0,0
2003,7259,256985,0.002700742944122281,329,0,0
2003,7263,327141,0.003438036256914245,306,0,0
2003,7264,21962,0.00023080614253288535,433,0,0
2003,7267,87246,0.0009168979469731407,386,0,0
2003,7268,69505,0.0007304517319346233,402,0,0
2003,7269,81791,0.0008595694929381305,391,0,0
2003,7271,437010,0.004592687020685557,280,0,0
2003,7272,451656,0.004746606825964523,279,0,0
2003,7281,538891,0.005663389170188922,261,0,0
2003,7283,302452,0.003178571142034252,313,0,0
2003,7284,2825401,0.029693101990645513,108,0,0
2003,7361,581941,0.006115816291400138,254,0,0
2003,7362,52386,0.0005505423268704003,409,0,0
2003,7367,391687,0.004116372167848022,284,0,0
2003,7368,262902,0.002762926713604436,328,0,0
2003,7369,898045,0.009437860953963439,212,0,0
2003,7371,16066,0.000168843069207419,445,0,0
2003,7372,301322,0.0031666955869362567,315,0,0
2003,7373,154350,0.0016221167516597239,357,0,0
2003,7411,0,0.0,496,0,0
2003,7412,190817,0.0020053608824195236,347,0,0
2003,7413,171387,0.0018011643907787824,353,0,0
2003,7414,1147547,0.012059962500919086,191,0,0
2003,7415,2324027,0.02442399175905081,125,0,0
2003,7416,326157,0.0034276950655722743,307,0,0
2003,7421,34772,0.00036543079811280797,423,0,0
2003,7422,222967,0.0023432361889686665,337,0,0
2003,7423,9957,0.00010464150629268462,457,0,0
2003,7428,578650,0.0060812300508448274,257,0,0
2003,7429,295607,0.003106634704294629,318,0,0
2003,7431,1195960,0.012568751216812201,185,0,0
2003,7432,868339,0.009125670476316508,216,0,0
2003,7433,0,0.0,497,0,0
2003,7434,7202419,0.07569267581711873,72,0,0
2003,7435,78154,0.0008213470204678591,394,0,0
2003,7436,124187032,1.3051238415685271,15,0,0
2003,7439,272398,0.0028627234137907705,325,0,0
2003,7441,3158040,0.03318891860324894,104,0,0
2003,7442,529301,0.0055626045919678875,262,0,0
2003,7449,579439,0.006089521920731834,256,0,0
2003,7451,1075729,0.011305202663726355,198,0,0
2003,7452,1604994,0.016867428919425637,153,0,0
2003,7491,722164,0.007589467585653338,233,0,0
2003,7492,732334,0.007696347581535291,230,0,0
2003,7493,1511726,0.015887243722186896,166,0,0
2003,7499,301737,0.003171056963366052,314,0,0
2003,7511,0,0.0,498,0,0
2003,7512,54388,0.0005715820271413608,407,0,0
2003,7518,195695,0.0020566254468160003,345,0,0
2003,7521,0,0.0,499,0,0
2003,7522,71529,0.0007517226377030669,398,0,0
2003,7523,612221,0.006434039130663218,247,0,0
2003,7524,24478,0.00025724764397231433,431,0,0
2003,7525,588281,0.006182445512038445,252,0,0
2003,7528,72627,0.0007632618938956317,397,0,0
2003,7591,355429,0.0037353244893143112,298,0,0
2003,7599,1551658,0.016306902718800285,158,0,0
2003,7611,415122,0.004362658569371479,283,0,0
2003,7621,0,0.0,500,0,0
2003,7622,56648,0.0005953331373373503,406,0,0
2003,7628,150652,0.0015832532094009763,359,0,0
2003,7631,18319,0.0001925206140178457,440,0,0
2003,7638,523834,0.005505150025843341,263,0,0
2003,7641,1526541,0.016042939606060166,161,0,0
2003,7642,3194,3.3566834498225835e-05,473,0,0
2003,7643,670270,0.007044095854453923,242,0,0
2003,7648,135167,0.0014205160671952697,368,0,0
2003,7649,1352416,0.014213000640185533,179,0,0
2003,7711,4435029,0.046609231195313724,93,0,0
2003,7712,476698,0.00500978173814504,272,0,0
2003,7721,2329691,0.02448351666531191,124,0,0
2003,7722,49449,0.0005196763929564087,410,0,0
2003,7723,3801,3.9946004360599996e-05,468,0,0
2003,7731,1986697,0.020878875828779515,135,0,0
2003,7732,1559224,0.016386416391252875,157,0,0
2003,7741,5148914,0.054111691948527864,88,0,0
2003,7742,295662,0.003107212718038337,317,0,0
2003,7751,134118,0.0014094917687016446,369,0,0
2003,7752,1924588,0.020226151181362388,138,0,0
2003,7753,0,0.0,501,0,0
2003,7754,31673,0.0003328623509900773,427,0,0
2003,7757,3968250,0.041703691608511166,98,0,0
2003,7758,735950,0.007734349357848874,228,0,0
2003,7761,0,0.0,502,0,0
2003,7762,8445,8.875138301111998e-05,459,0,0
2003,7763,1154442,0.012132424405698445,190,0,0
2003,7764,1107426,0.011638317238895505,194,0,0
2003,7768,468780,0.00492656877773272,274,0,0
2003,7781,981557,0.010315517022409222,203,0,0
2003,7782,363984,0.0038252318998128467,291,0,0
2003,7783,384338,0.004039139022347878,286,0,0
2003,7784,9736,0.00010231894197705908,458,0,0
2003,7788,919557,0.009663937893138715,211,0,0
2003,7810,1352796,0.014216994189687512,178,0,0
2003,7821,1965010,0.02065095975496517,136,0,0
2003,7822,362530,0.003809951318297374,292,0,0
2003,7831,119657,0.001257516191469696,375,0,0
2003,7832,1102856,0.011590289551463793,196,0,0
2003,7841,35506,0.0003731446542561072,422,0,0
2003,7842,122186,0.0012840943143394559,374,0,0
2003,7849,8924348,0.09378901450237093,65,0,0
2003,7851,1826376,0.019194007803234724,140,0,0
2003,7852,218340,0.0022946094691116557,341,0,0
2003,7853,747962,0.007860587559474637,227,0,0
2003,7861,625232,0.006570776163742873,246,0,0
2003,7868,512541,0.005386468040248957,265,0,0
2003,7912,0,0.0,503,0,0
2003,7913,0,0.0,504,0,0
2003,7914,0,0.0,505,0,0
2003,7915,0,0.0,506,0,0
2003,7919,75832,0.0007969443311425991,395,0,0
2003,7921,0,0.0,507,0,0
2003,7922,373531,0.00392556457637971,287,0,0
2003,7923,0,0.0,508,0,0
2003,7924,75315,0.0007915110019517465,396,0,0
2003,7928,0,0.0,509,0,0
2003,7929,6543024,0.06876286904380702,75,0,0
2003,7931,14579418,0.15322007235017365,50,0,0
2003,7932,0,0.0,510,0,0
2003,7933,0,0.0,511,0,0
2003,7938,775547,0.00815048772529604,224,0,0
2003,8121,18691,0.00019643008879346871,439,0,0
2003,8122,7262942,0.07632873265003548,71,0,0
2003,8124,675754,0.00710172907937198,239,0,0
2003,8211,2759166,0.02899701580310951,110,0,0
2003,8212,21609960,0.22710643419952423,40,0,0
2003,8219,8611185,0.0904978778110848,66,0,0
2003,8310,5132849,0.05394285938866123,89,0,0
2003,8421,1508480,0.01585313040196735,167,0,0
2003,8422,16911407,0.17772773948063178,48,0,0
2003,8423,396306134,4.164916221230341,7,0,1
2003,8424,38161503,0.4010522402644172,32,0,0
2003,8429,118836524,1.2488935295718353,16,0,0
2003,8431,10371996,0.10900284068511595,63,0,0
2003,8432,16892482,0.17752885020609235,49,0,0
2003,8433,17641336,0.18539881209755582,47,0,0
2003,8434,13267576,0.1394334777033917,55,0,0
2003,8435,25602449,0.26906486171955774,38,0,0
2003,8439,149664857,1.5728789872008881,13,0,0
2003,8441,79826382,0.838922652844757,21,0,0
2003,8442,68060515,0.7152711467968118,24,0,0
2003,8443,13730514,0.1442986509122019,54,0,0
2003,8451,30499098,0.3205254148125143,34,0,0
2003,8452,79984820,0.8405877317815854,20,0,0
2003,8459,354447844,3.725013186537561,8,0,1
2003,8461,2378628,0.02499781227578144,122,0,0
2003,8462,470175831,4.941238041403507,6,0,1
2003,8463,211780231,2.2256706211562416,11,0,0
2003,8464,29542971,0.3104771503265139,35,0,0
2003,8465,713354,0.007496880293252158,234,0,0
2003,8471,2591674,0.02723678529472603,116,0,0
2003,8472,67084848,0.7050175297916833,25,0,0
2003,8481,346146984,3.6377766199085864,9,0,1
2003,8482,4463215,0.046905447474952726,91,0,0
2003,8483,369536,0.0038835797599049413,288,0,0
2003,8484,733204,0.007705490708026667,229,0,0
2003,8510,78574739,0.8257687100044743,22,0,0
2003,8710,592352,0.0062252290384136105,251,0,0
2003,8720,125370071,1.3175568015929313,14,0,0
2003,8731,1157445,0.012163983956104884,189,0,0
2003,8732,2403,2.525394592962952e-05,476,0,0
2003,8741,1583256,0.016638976869230757,156,0,0
2003,8742,70598,0.0007419384414232146,400,0,0
2003,8743,358580,0.0037684394221583653,297,0,0
2003,8744,894551,0.009401141317226806,213,0,0
2003,8745,4454475,0.04681359583640718,92,0,0
2003,8748,2971254,0.03122592087357279,107,0,0
2003,8749,1138497,0.01196485296672718,192,0,0
2003,8811,140640,0.0014780336893645842,365,0,0
2003,8812,0,0.0,512,0,0
2003,8813,216460,0.002274851908417647,342,0,0
2003,8821,775053,0.008145296110943466,225,0,0
2003,8822,1283375,0.013487425242379643,182,0,0
2003,8830,5149,5.4112595751836196e-05,467,0,0
2003,8841,239461,0.0025165772560362108,332,0,0
2003,8842,61924,0.0006507804193701117,404,0,0
2003,8851,730667,0.007678828510430551,231,0,0
2003,8852,322722,0.003391595479942529,308,0,0
2003,8921,2280671,0.023968348779556423,126,0,0
2003,8922,1717411,0.018048857483541805,148,0,0
2003,8924,82824,0.0008704256419790409,390,0,0
2003,8928,2720319,0.02858875944125836,111,0,0
2003,8931,5339399,0.05611356372980354,84,0,0
2003,8932,226836,0.0023838968285033045,336,0,0
2003,8933,6737,7.080142893379696e-05,461,0,0
2003,8935,359930,0.003782627032231191,295,0,0
2003,8939,6768569,0.07113319831334437,74,0,0
2003,8941,0,0.0,513,0,0
2003,8942,464457,0.004881136897477294,277,0,0
2003,8946,2496,2.623131462353528e-05,475,0,0
2003,8947,174258275,1.8313395982690432,12,0,0
2003,8951,34306,0.0003605334453024845,424,0,0
2003,8952,2619137,0.02752540332097048,114,0,0
2003,8959,102381,0.0010759568199007073,380,0,0
2003,8960,5422610,0.05698805648667013,83,0,0
2003,8972,581411,0.006110246340778954,255,0,0
2003,8973,20467517,0.2151001113740212,42,0,0
2003,8974,107412,0.0011288293134387706,377,0,0
2003,8981,104133,0.0010943691849729965,378,0,0
2003,8982,2009079,0.02111409589444617,134,0,0
2003,8983,7649824,0.08039460743536504,69,0,0
2003,8989,178960,0.0018807516286169367,352,0,0
2003,8991,38833764,0.40811726021639344,31,0,0
2003,8993,18311446,0.19244122645748263,45,0,0
2003,8994,222432,0.0023376136916435095,338,0,0
2003,8996,469675,0.004935974637743964,273,0,0
2003,8997,2358194,0.024783064405982835,123,0,0
2003,8998,574873,0.0060415362706633,259,0,0
2003,8999,213789,0.0022467814591550415,343,0,0
2004,5111,328740,0.0032508064391053113,314,0,0
2004,5112,5870,5.80465833106655e-05,469,0,0
2004,5113,64616,0.0006389672959458198,411,0,0
2004,5114,66571,0.000658299675907038,409,0,0
2004,5121,17721075,0.17523813566304114,49,0,0
2004,5122,0,0.0,486,0,0
2004,5123,0,0.0,487,0,0
2004,5137,165107,0.0016326911806940456,363,0,0
2004,5138,19206932,0.18993130808863495,46,0,0
2004,5139,620173,0.0061326956919123266,264,0,0
2004,5145,2568,2.5394144112740883e-05,481,0,0
2004,5146,0,0.0,488,0,0
2004,5147,0,0.0,489,0,0
2004,5148,44580,0.00044083759522818875,426,0,0
2004,5154,16018,0.0001583969627717615,455,0,0
2004,5155,1474654,0.01458238948303341,181,0,0
2004,5156,60894,0.0006021616088789889,414,0,0
2004,5157,0,0.0,490,0,0
2004,5161,106494,0.0010530856632173784,386,0,0
2004,5162,23549,0.00023286865253541089,445,0,0
2004,5163,0,0.0,491,0,0
2004,5169,2806136,0.027748996099669104,123,0,0
2004,5221,681981,0.006743895559248887,255,0,0
2004,5222,1308543,0.012939770062195599,189,0,0
2004,5223,0,0.0,492,0,0
2004,5224,185009,0.0018294957975677878,354,0,0
2004,5225,36178,0.00035775286047926003,431,0,0
2004,5231,756292,0.007478733660168626,245,0,0
2004,5232,1027667,0.010162275661179162,216,0,0
2004,5233,9629,9.521815173737617e-05,465,0,0
2004,5239,202530,0.002002755454498992,350,0,0
2004,5241,0,0.0,493,0,0
2004,5249,2569514,0.025409115582439752,134,0,0
2004,5311,1466675,0.014503487662209595,183,0,0
2004,5312,173187,0.0017125917587434796,356,0,0
2004,5322,68113,0.0006735480287971651,408,0,0
2004,5323,29347,0.00029020325049712104,442,0,0
2004,5331,1321522,0.013068115310030203,188,0,0
2004,5332,61782,0.0006109427615161049,412,0,0
2004,5334,3876086,0.0383293950457077,105,0,0
2004,5335,247495,0.0024474001936070117,334,0,0
2004,5411,139843,0.0013828634326939345,375,0,0
2004,5413,256662,0.0025380497726885907,331,0,0
2004,5414,5702,5.638528416310302e-05,472,0,0
2004,5415,24900,0.0002462282665137259,444,0,0
2004,5416,941323,0.009308447008815262,227,0,0
2004,5417,27103149,0.26801451386880415,38,0,0
2004,5419,1787643,0.017677439238369338,162,0,0
2004,5513,800642,0.007917296857754318,240,0,0
2004,5514,74606,0.0007377552631133748,403,0,0
2004,5530,4617400,0.045660015975922806,100,0,0
2004,5541,6830329,0.06754297467423416,79,0,0
2004,5542,1619438,0.016014112910299406,168,0,0
2004,5543,435301,0.004304554644244635,288,0,0
2004,5621,637925,0.0063082396351714295,259,0,0
2004,5622,3435773,0.03397527831022745,108,0,0
2004,5623,980466,0.009695519821511919,223,0,0
2004,5629,4728873,0.04676233740375753,99,0,0
2004,5721,20508,0.00020279716022744942,448,0,0
2004,5722,1305807,0.012912714618935296,191,0,0
2004,5723,34121,0.0003374118346070217,433,0,0
2004,5821,124149,0.0012276704039924722,381,0,0
2004,5822,1579727,0.015621423324294323,174,0,0
2004,5823,86462706,0.85500249865325,17,0,0
2004,5824,389761,0.003854223911030374,297,0,0
2004,5825,5592943,0.055306853799199904,94,0,0
2004,5826,750946,0.00742586874800869,246,0,0
2004,5827,83260,0.0008233319465836472,398,0,0
2004,5828,0,0.0,494,0,0
2004,5829,879936,0.008701410278033008,235,0,0
2004,5831,1656322,0.01637884718267259,167,0,0
2004,5832,555335,0.005491533107807227,271,0,0
2004,5833,4750151,0.04697274885174464,98,0,0
2004,5834,19199581,0.1898586163622437,47,0,0
2004,5835,45422,0.00044916386833680554,424,0,0
2004,5836,1044851,0.01033220283112984,214,0,0
2004,5837,2385710,0.023591535650781564,140,0,0
2004,5838,10244,0.00010129969325970314,463,0,0
2004,5839,1564731,0.015473132598003567,177,0,0
2004,5841,929473,0.009191266086799692,229,0,0
2004,5842,121777,0.001204214442218554,382,0,0
2004,5843,230204,0.0022764149343183033,342,0,0
2004,5849,696192,0.00688442366749895,253,0,0
2004,5851,87325,0.0008635294527434183,394,0,0
2004,5852,1600657,0.015828393509761483,172,0,0
2004,5911,1170150,0.011571245223334792,203,0,0
2004,5912,525515,0.005196652509114885,274,0,0
2004,5913,294601,0.0029132166081610508,322,0,0
2004,5914,12640,0.0001249929834832729,460,0,0
2004,5921,1732559,0.017132730891676884,164,0,0
2004,5922,2943750,0.02910981765260163,118,0,0
2004,5981,756956,0.007485299747275658,244,0,0
2004,5982,2050,2.0271805074423217e-05,483,0,0
2004,5983,5237870,0.05179564860739957,95,0,0
2004,5989,6409292,0.06337947223856591,83,0,0
2004,6112,1610449,0.015925223517219412,171,0,0
2004,6113,23316610,0.23057062093480343,40,0,0
2004,6114,94017442,0.929708906253605,16,0,0
2004,6115,20441166,0.2021362598272816,45,0,0
2004,6116,83726579,0.8279457995299006,19,0,0
2004,6118,1324599,0.013098542795012642,187,0,0
2004,6121,5692163,0.05628800916480199,92,0,0
2004,6122,2396156,0.023694832858492505,139,0,0
2004,6123,2009603,0.019872331850232253,150,0,0
2004,6129,9907923,0.0979763335358022,68,0,0
2004,6130,234056,0.0023145061504874147,341,0,0
2004,6210,161418,0.001596211820245486,364,0,0
2004,6251,152706,0.0015100615930218886,370,0,0
2004,6252,1204134,0.011907302308041719,202,0,0
2004,6253,546566,0.005404819225515707,272,0,0
2004,6254,991364,0.009803286715024633,222,0,0
2004,6259,1596730,0.01578956064218721,173,0,0
2004,6281,17623,0.00017426830284222454,452,0,0
2004,6282,33051,0.000326830941226713,435,0,0
2004,6289,497731,0.004921905273901337,278,0,0
2004,6330,5769,5.7047826085047574e-05,471,0,0
2004,6341,0,0.0,495,0,0
2004,6342,1667833,0.016492675840336826,166,0,0
2004,6343,2570192,0.025415820111142417,133,0,0
2004,6344,1071649,0.010597199822536861,213,0,0
2004,6349,265518,0.002625623970610099,328,0,0
2004,6351,174331,0.001723904414843548,355,0,0
2004,6352,0,0.0,496,0,0
2004,6353,1222392,0.012087849926114313,200,0,0
2004,6354,289713,0.002864880713915304,323,0,0
2004,6359,4165208,0.04118843154655033,102,0,0
2004,6411,370798,0.003666704769749258,308,0,0
2004,6412,314821,0.0031131658269926785,319,0,0
2004,6413,167695,0.00165828309851483,361,0,0
2004,6415,167223,0.0016536156390050112,362,0,0
2004,6416,318561,0.0031501495103967484,317,0,0
2004,6417,145378,0.0014375973063948772,373,0,0
2004,6418,914270,0.00904092840263069,232,0,0
2004,6419,301803,0.00298443492042739,320,0,0
2004,6421,937581,0.009271443548040386,228,0,0
2004,6422,413327,0.004087260671217622,295,0,0
2004,6423,1392790,0.013772862141271176,184,0,0
2004,6424,494297,0.004887947528230328,281,0,0
2004,6428,2661600,0.026319725066382846,130,0,0
2004,6511,23061,0.00022804297405915793,446,0,0
2004,6512,3778527,0.0373646647865586,106,0,0
2004,6513,1070888450,10.58967898285425,2,1,1
2004,6514,27586832,0.27279750289017596,37,0,0
2004,6515,153410,0.0015170232275450075,369,0,0
2004,6516,3337534,0.033003823745004886,111,0,0
2004,6517,913331,0.009031642927038062,233,0,0
2004,6518,15686,0.00015511391921824516,456,0,0
2004,6519,378592,0.003743777183773675,302,0,0
2004,6521,583768839,5.772706396453829,4,1,1
2004,6522,977764481,9.668805350012967,3,1,1
2004,6531,546235602,5.401552023636205,5,1,1
2004,6532,6383341,0.06312285096369452,84,0,0
2004,6534,56625130,0.5599480964262801,27,0,0
2004,6535,5838669,0.0577367609083305,88,0,0
2004,6536,1037088,0.01025543696635289,215,0,0
2004,6538,1470098,0.01453733663234118,182,0,0
2004,6539,11169727,0.11045391633098633,66,0,0
2004,6541,1563446,0.015460425637261794,178,0,0
2004,6542,1802055,0.017819954972385234,160,0,0
2004,6543,4991399,0.049358374427644375,97,0,0
2004,6544,923078,0.009128027943652894,231,0,0
2004,6545,3729227,0.03687715259623223,107,0,0
2004,6546,0,0.0,497,0,0
2004,6549,1254236,0.012402745224060624,195,0,0
2004,6551,43615280,0.4312977826470192,30,0,0
2004,6552,12726778,0.12585110382510134,61,0,0
2004,6553,366810,0.0036272686923654535,309,0,0
2004,6560,8849343,0.08750836894278613,73,0,0
2004,6571,6197337,0.061283515924151585,85,0,0
2004,6572,9620167,0.0951308049792189,71,0,0
2004,6573,2949993,0.029171552715567303,117,0,0
2004,6574,16292677,0.16111315721196995,51,0,0
2004,6575,2543452,0.02515139666348872,135,0,0
2004,6576,47807,0.00047274838302095154,422,0,0
2004,6577,47856763,0.4732404736726191,29,0,0
2004,6579,16429,0.00016246121247204829,453,0,0
2004,6581,13517046,0.13366581546049366,59,0,0
2004,6582,64886831,0.6416454585019715,25,0,0
2004,6583,22575155,0.22323860569994666,42,0,0
2004,6584,1758937763,17.39358218028196,1,1,1
2004,6589,52604627,0.520190607100849,28,0,0
2004,6591,111870,0.001106247235939378,383,0,0
2004,6592,211559580,2.092046130432607,13,0,0
2004,6593,2635587,0.02606249069301652,131,0,0
2004,6594,3409388,0.03371436534589152,110,0,0
2004,6595,1887688,0.0186667527694282,154,0,0
2004,6596,375649,0.0037146747826351254,305,0,0
2004,6597,45335,0.00044830355270681775,425,0,0
2004,6611,3219,3.183167830954552e-05,478,0,0
2004,6612,26542496,0.26247039273202827,39,0,0
2004,6613,5759423,0.056953122144951115,91,0,0
2004,6618,266599,0.002636313639529832,327,0,0
2004,6623,530752,0.005248439554565985,273,0,0
2004,6624,620531,0.006136235841286299,263,0,0
2004,6631,30479,0.0003013972423723635,440,0,0
2004,6632,32430,0.0003206900675919731,436,0,0
2004,6633,12957901,0.12813660646130423,60,0,0
2004,6635,52472,0.000518879100422017,418,0,0
2004,6637,69314,0.0006854243399651565,407,0,0
2004,6638,203367,0.002011032284180598,349,0,0
2004,6639,1250724,0.012368016160928244,196,0,0
2004,6641,261587,0.0025867515482942173,329,0,0
2004,6642,212307,0.0020994371316758876,346,0,0
2004,6643,1154521,0.011416694959184471,205,0,0
2004,6644,15135,0.0001496652535616563,457,0,0
2004,6645,10894,0.00010772733877110562,461,0,0
2004,6646,6791,6.715406256605271e-05,468,0,0
2004,6647,5273,5.2143038125577374e-05,474,0,0
2004,6648,86237,0.0008527705630258707,395,0,0
2004,6649,2125792,0.02102128831842355,144,0,0
2004,6651,5907668,0.058419070312393975,87,0,0
2004,6652,574655,0.005682582509776914,269,0,0
2004,6658,389350,0.003850159661330087,298,0,0
2004,6664,956814,0.009461632634380084,225,0,0
2004,6665,376041,0.003718551147312771,304,0,0
2004,6666,28601,0.0002828262911871114,443,0,0
2004,6672,156075,0.0015433765741417577,368,0,0
2004,6673,598811,0.005921453594351434,268,0,0
2004,6674,3122511,0.03087752894377674,113,0,0
2004,6712,5442,5.381422595854202e-05,473,0,0
2004,6713,13097,0.00012951211271205895,459,0,0
2004,6716,278407,0.0027530792367585094,326,0,0
2004,6724,0,0.0,498,0,0
2004,6725,1239589,0.012257905648975219,197,0,0
2004,6727,135009,0.0013350615274599043,377,0,0
2004,6731,241744,0.002390530363859203,337,0,0
2004,6732,1352370,0.013373161477315963,186,0,0
2004,6733,2500216,0.02472384946144103,137,0,0
2004,6741,3702,3.660791335878768e-05,477,0,0
2004,6744,218585,0.002161518298630633,343,0,0
2004,6745,171352,0.0016944460210305203,358,0,0
2004,6746,374489,0.003703203907568622,306,0,0
2004,6747,0,0.0,499,0,0
2004,6749,79394,0.0007851022888189057,400,0,0
2004,6750,31262,0.000309140083042253,439,0,0
2004,6760,385507,0.0038121574433295957,300,0,0
2004,6770,149097,0.0014743733274055015,371,0,0
2004,6781,104573,0.0010340894985598336,387,0,0
2004,6782,774059,0.00765442593370876,242,0,0
2004,6783,11749261,0.11618474573684039,64,0,0
2004,6784,1305966,0.012914286919914237,190,0,0
2004,6785,12481950,0.12343007675546189,62,0,0
2004,6793,376928,0.0037273224112644846,303,0,0
2004,6794,495564,0.004900476492634862,279,0,0
2004,6911,7146740,0.07067186351101627,78,0,0
2004,6912,156824,0.001550783199507974,367,0,0
2004,6921,9366,9.26174274766087e-05,466,0,0
2004,6924,2756483,0.027257993203395774,124,0,0
2004,6931,289349,0.0028612812324289184,324,0,0
2004,6932,4235,4.1878582678137715e-05,476,0,0
2004,6935,706650,0.006987839539434715,251,0,0
2004,6940,1931957,0.01910451498349632,151,0,0
2004,6951,758951,0.007505027674652963,243,0,0
2004,6953,3416243,0.03378215228432331,109,0,0
2004,6954,9713475,0.09605349843672344,70,0,0
2004,6960,27672504,0.27364468634594963,36,0,0
2004,6973,1849545,0.0182895686421337,158,0,0
2004,6974,11712402,0.11582025868160226,65,0,0
2004,6975,1125191,0.011126659816339186,208,0,0
2004,6978,19414,0.0001919789383974889,449,0,0
2004,6991,415496,0.004108709229854901,293,0,0
2004,6992,33787,0.00033410901368270105,434,0,0
2004,6993,198016,0.0019581179285936526,351,0,0
2004,6994,1856340,0.018356762259441363,157,0,0
2004,6996,485465,0.004800610658758472,283,0,0
2004,6997,1613952,0.01595986358218317,170,0,0
2004,6998,2075769,0.020526626608551417,146,0,0
2004,6999,85773,0.0008481822129992695,397,0,0
2004,7111,499851,0.004942869286953912,277,0,0
2004,7112,13527,0.00013376424743498675,458,0,0
2004,7119,170663,0.0016876327167884338,360,0,0
2004,7126,0,0.0,500,0,0
2004,7129,902817,0.008927673288719778,234,0,0
2004,7131,1907289,0.018860580891995892,153,0,0
2004,7132,91664,0.0009064364587033803,390,0,0
2004,7133,91515,0.0009049630445784588,391,0,0
2004,7138,51366,0.0005079422143672306,420,0,0
2004,7139,2313442,0.022876900134138435,142,0,0
2004,7144,479773,0.004744324261449389,285,0,0
2004,7148,2622508,0.025933156576641695,132,0,0
2004,7149,1017308,0.010059838769098212,219,0,0
2004,7161,2992627,0.029593146929002893,114,0,0
2004,7162,2902330,0.02870022830324426,121,0,0
2004,7163,0,0.0,501,0,0
2004,7169,387287,0.003829759303345436,299,0,0
2004,7187,1116,1.1035772908807955e-05,485,0,0
2004,7188,243291,0.002405828160176341,336,0,0
2004,7211,246093,0.0024335362566731866,335,0,0
2004,7212,420201,0.0041552354946720535,290,0,0
2004,7213,49943,0.0004938706150399604,421,0,0
2004,7219,241345,0.0023865847783837418,338,0,0
2004,7223,655487,0.006481904728204121,258,0,0
2004,7224,7882288,0.07794546628120255,75,0,0
2004,7233,6645522,0.06571547639111762,81,0,0
2004,7234,1160696,0.011477757591542794,204,0,0
2004,7239,15726792,0.15551729847316997,53,0,0
2004,7243,460595,0.00455467905280681,286,0,0
2004,7244,1304094,0.0128957753008414,192,0,0
2004,7245,2661696,0.02632067438018145,129,0,0
2004,7246,666463,0.006590442939178204,256,0,0
2004,7247,1841390,0.018208926412679106,159,0,0
2004,7248,45750,0.00045240735714871327,423,0,0
2004,7251,21848,0.00021604799866634068,447,0,0
2004,7252,414859,0.0041024101372537265,294,0,0
2004,7259,141361,0.0013978744571344099,374,0,0
2004,7263,418959,0.004142953747402573,292,0,0
2004,7264,2499,2.4711824819992005e-05,482,0,0
2004,7267,9926,9.815509130181699e-05,464,0,0
2004,7268,506719,0.00501078477829593,275,0,0
2004,7269,95267,0.0009420653922073543,389,0,0
2004,7271,88957,0.0008796677873197396,393,0,0
2004,7272,2907143,0.028747822546084843,120,0,0
2004,7281,1126494,0.011139544773418197,207,0,0
2004,7283,383412,0.003791440647412075,301,0,0
2004,7284,4052635,0.04007523256477324,103,0,0
2004,7361,629826,0.006228151172099353,261,0,0
2004,7362,52235,0.0005165354819817057,419,0,0
2004,7367,442563,0.004376366277635104,287,0,0
2004,7368,259174,0.002562890150418811,330,0,0
2004,7369,1079845,0.010678247488092945,212,0,0
2004,7371,61655,0.0006096868984700309,413,0,0
2004,7372,419799,0.004151260243140386,291,0,0
2004,7373,320174,0.0031660999599504285,316,0,0
2004,7411,0,0.0,502,0,0
2004,7412,160153,0.0015837026332117569,365,0,0
2004,7413,322856,0.003192621414199016,315,0,0
2004,7414,1013965,0.010026780893798798,220,0,0
2004,7415,2739086,0.02708595974345443,126,0,0
2004,7416,212081,0.002097202288775,347,0,0
2004,7421,109368,0.0010815057450631795,384,0,0
2004,7422,248478,0.0024571207713573327,333,0,0
2004,7423,29508,0.00029179532884686843,441,0,0
2004,7428,813041,0.008039906668055671,239,0,0
2004,7429,294824,0.002915421785005732,321,0,0
2004,7431,1868339,0.01847541659558185,156,0,0
2004,7432,1123613,0.01111105547077458,209,0,0
2004,7433,0,0.0,503,0,0
2004,7434,7593670,0.0750914136778026,76,0,0
2004,7435,73351,0.000725344962933667,404,0,0
2004,7436,82739778,0.8181876348863659,20,0,0
2004,7439,236214,0.0023358459335852707,340,0,0
2004,7441,5030507,0.04974510113635195,96,0,0
2004,7442,623248,0.006163103399523961,262,0,0
2004,7449,714629,0.007066741360258531,249,0,0
2004,7451,1018301,0.010069658233702554,218,0,0
2004,7452,2911022,0.028786180756759813,119,0,0
2004,7491,482611,0.004772388350620714,284,0,0
2004,7492,2342865,0.02316785492472612,141,0,0
2004,7493,1488476,0.014719070892662035,180,0,0
2004,7499,345719,0.003418706428548546,313,0,0
2004,7511,0,0.0,504,0,0
2004,7512,37897,0.00037475151068556907,429,0,0
2004,7518,148464,0.0014681137895459358,372,0,0
2004,7521,0,0.0,505,0,0
2004,7522,66515,0.0006577459095245172,410,0,0
2004,7523,494748,0.004892407325346701,280,0,0
2004,7524,16217,0.00016036481116679088,454,0,0
2004,7525,420876,0.00416191035731851,289,0,0
2004,7528,70565,0.0006977950854032557,406,0,0
2004,7591,371210,0.003670778908134947,307,0,0
2004,7599,1104510,0.010922151913537164,211,0,0
2004,7611,249079,0.0024630638712840294,332,0,0
2004,7621,77753,0.000768874956073965,401,0,0
2004,7622,1763,1.7433752364003964e-05,484,0,0
2004,7628,5832,5.767081326538351e-05,470,0,0
2004,7631,2769,2.738176987857458e-05,480,0,0
2004,7638,364332,0.003602764529938907,310,0,0
2004,7641,2069937,0.020468955795286032,147,0,0
2004,7642,98507,0.0009741047329103453,388,0,0
2004,7643,1212287,0.01198792476012551,201,0,0
2004,7648,844851,0.008354465750698306,238,0,0
2004,7649,7555969,0.07471860034945585,77,0,0
2004,7711,3922990,0.0387932139458105,104,0,0
2004,7712,360342,0.0035633086751842976,311,0,0
2004,7721,3265140,0.032287942254001084,112,0,0
2004,7722,54707,0.0005409803122958394,417,0,0
2004,7723,37557,0.0003713893576488355,430,0,0
2004,7731,1569179,0.015517117470672366,176,0,0
2004,7732,1231209,0.012175038465305137,199,0,0
2004,7741,5673442,0.05610288308538819,93,0,0
2004,7742,171014,0.001691103645364591,359,0,0
2004,7751,80137,0.0007924495820727089,399,0,0
2004,7752,2487011,0.024593269370705537,138,0,0
2004,7753,0,0.0,506,0,0
2004,7754,35879,0.0003547961435440149,432,0,0
2004,7757,4371538,0.04322876400557752,101,0,0
2004,7758,1615009,0.01597031592265325,169,0,0
2004,7761,1154173,0.011413253696664521,206,0,0
2004,7762,18841,0.00018631272166205257,450,0,0
2004,7763,2120222,0.02096620834073353,145,0,0
2004,7764,1886231,0.018652344954797256,155,0,0
2004,7768,996257,0.00985167205269739,221,0,0
2004,7781,697801,0.006900334562311022,252,0,0
2004,7782,659294,0.006519550953530137,257,0,0
2004,7783,855861,0.008463340176976062,237,0,0
2004,7784,127912,0.0012648815271607914,380,0,0
2004,7788,1238242,0.012244585589738514,198,0,0
2004,7810,2975637,0.029425138164020235,115,0,0
2004,7821,2033297,0.020106634362150978,148,0,0
2004,7822,601485,0.005947895939116804,266,0,0
2004,7831,130980,0.001295220013974611,379,0,0
2004,7832,2032798,0.020101699908135297,149,0,0
2004,7841,31880,0.0003152512906207864,438,0,0
2004,7842,193730,0.0019157350229600048,353,0,0
2004,7849,13744794,0.13591794378346428,57,0,0
2004,7851,1929705,0.01908224566397066,152,0,0
2004,7852,287989,0.002847832620281984,325,0,0
2004,7853,2678216,0.026484035463025097,128,0,0
2004,7861,785638,0.007768927021980345,241,0,0
2004,7868,923596,0.009133150282691212,230,0,0
2004,7912,0,0.0,507,0,0
2004,7913,40617,0.0004016487349794379,428,0,0
2004,7914,18017,0.00017816444489067467,451,0,0
2004,7915,77244,0.0007638416152042668,402,0,0
2004,7919,10551,0.00010433551967816553,462,0,0
2004,7921,6800305,0.06724607678371979,80,0,0
2004,7923,0,0.0,508,0,0
2004,7924,5837416,0.05772437038552159,89,0,0
2004,7928,0,0.0,509,0,0
2004,7929,14140212,0.13982810798781464,56,0,0
2004,7931,15278942,0.15108865071581365,54,0,0
2004,7932,108213,0.0010700843134236876,385,0,0
2004,7933,0,0.0,510,0,0
2004,7938,284770760,2.816008457373344,10,0,1
2004,8121,41437,0.0004097574570092072,427,0,0
2004,8122,8778363,0.08680647005294098,74,0,0
2004,8124,865175,0.008555443392811758,236,0,0
2004,8211,741843,0.00733585204479285,248,0,0
2004,8212,34919499,0.34530794001195925,33,0,0
2004,8219,9763074,0.09654396734398506,69,0,0
2004,8310,5772359,0.057081042179313424,90,0,0
2004,8421,1777564,0.017577771178200988,163,0,0
2004,8422,11777593,0.11646491197165432,63,0,0
2004,8423,383672468,3.7940163335214043,8,0,1
2004,8424,38358805,0.3793181550477125,31,0,0
2004,8429,75916922,0.7507185583581422,23,0,0
2004,8431,10957567,0.10835593283606458,67,0,0
2004,8432,20589818,0.20360623268968317,44,0,0
2004,8433,16201847,0.16021496791689196,52,0,0
2004,8434,14764577,0.14600225704893283,55,0,0
2004,8435,22041108,0.21795758292698056,43,0,0
2004,8439,151607071,1.4991946298615808,14,0,0
2004,8441,73715408,0.7289484790036964,24,0,0
2004,8442,64610397,0.6389118896415115,26,0,0
2004,8443,17154671,0.16963714469651744,50,0,0
2004,8451,37851522,0.37430179305084976,32,0,0
2004,8452,84026278,0.830909428656242,18,0,0
2004,8459,360159804,3.561506996258766,9,0,1
2004,8461,2963931,0.029309381212702577,116,0,0
2004,8462,488994807,4.835515809711805,6,0,1
2004,8463,233711670,2.3111011794428897,11,0,0
2004,8464,30593590,0.30253038683259675,35,0,0
2004,8465,688867,0.006811989046928145,254,0,0
2004,8471,2197513,0.0217305147241517,143,0,0
2004,8472,77029024,0.7617157851712525,22,0,0
2004,8481,383755079,3.7948332477111624,7,0,1
2004,8482,2539960,0.025116865374064382,136,0,0
2004,8483,491769,0.004862948931533674,282,0,0
2004,8484,962561,0.009518462909386285,224,0,0
2004,8510,81289308,0.8038443933710985,21,0,0
2004,8710,1302180,0.01287684835698167,193,0,0
2004,8720,119070921,1.1774548783141685,15,0,0
2004,8731,1111024,0.010986566810246819,210,0,0
2004,8732,32302,0.00031942431586049695,437,0,0
2004,8741,1791241,0.0177130187284463,161,0,0
2004,8742,72319,0.0007151398395986402,405,0,0
2004,8743,570265,0.005639171180861441,270,0,0
2004,8744,951742,0.009411477222020341,226,0,0
2004,8745,1025080,0.01013669363204378,217,0,0
2004,8748,2827749,0.02796272025726594,122,0,0
2004,8749,1537198,0.01520086742282596,179,0,0
2004,8811,5263,5.204415127155579e-05,475,0,0
2004,8812,0,0.0,511,0,0
2004,8813,216570,0.0021415925975452857,344,0,0
2004,8821,748716,0.007403816979561879,247,0,0
2004,8822,1363102,0.013479286849051919,185,0,0
2004,8830,2882,2.8499191329018393e-05,479,0,0
2004,8841,172417,0.0017049774709838182,357,0,0
2004,8842,58676,0.0005802285046570033,415,0,0
2004,8851,86074,0.000851158707305319,396,0,0
2004,8852,315184,0.003116755419793662,318,0,0
2004,8921,2701310,0.026712404763702523,127,0,0
2004,8922,1290976,0.012766055525735896,194,0,0
2004,8924,91033,0.0009001966982146187,392,0,0
2004,8928,5913832,0.05848002416921288,86,0,0
2004,8931,6435889,0.0636424816042071,82,0,0
2004,8932,412254,0.004076650111781107,296,0,0
2004,8933,7320,7.238517714379412e-05,467,0,0
2004,8935,346349,0.003424936300351905,312,0,0
2004,8939,8973152,0.08873267719374187,72,0,0
2004,8941,0,0.0,512,0,0
2004,8942,633643,0.006265896284279389,260,0,0
2004,8946,712828,0.0070489318378492444,250,0,0
2004,8947,213000801,2.10629791149659,12,0,0
2004,8951,58390,0.0005774003406319861,416,0,0
2004,8952,2742659,0.02712129201639634,125,0,0
2004,8959,137851,0.0013631651713728364,376,0,0
2004,8960,214480,0.002120925245054776,345,0,0
2004,8972,619787,0.0061288786593470925,265,0,0
2004,8973,22920482,0.22665343576381752,41,0,0
2004,8974,196573,0.001943848555558339,352,0,0
2004,8981,134601,0.001331026943815824,378,0,0
2004,8982,1577460,0.015599005674487632,175,0,0
2004,8983,13564477,0.13413484569780343,58,0,0
2004,8989,159906,0.0015812601279174237,366,0,0
2004,8991,31491489,0.3114094275665087,34,0,0
2004,8993,18189375,0.1798690070368716,48,0,0
2004,8994,203809,0.0020154030831283517,348,0,0
2004,8996,500528,0.004949563926971172,276,0,0
2004,8997,1686801,0.016680244425044954,165,0,0
2004,8998,599819,0.0059314213892368095,267,0,0
2004,8999,236743,0.002341077048163012,339,0,0
2005,5111,41680,0.00034953708141268684,451,0,0
2005,5112,751357,0.0063010348579412715,263,0,0
2005,5113,92486,0.0007756066821385258,411,0,0
2005,5114,0,0.0,495,0,0
2005,5121,30755233,0.25791973082982617,41,0,0
2005,5122,6480,5.434261726377665e-05,483,0,0
2005,5123,0,0.0,496,0,0
2005,5137,115916,0.0009720954973376442,396,0,0
2005,5138,88112080,0.738926086381986,23,0,0
2005,5139,2233337,0.018729224970992463,164,0,0
2005,5145,2132,1.787939197629195e-05,490,0,0
2005,5146,114955,0.0009640363530181243,398,0,0
2005,5147,22661,0.00019003982250222882,463,0,0
2005,5148,115614,0.0009695628630145485,397,0,0
2005,5154,4442,3.725152868606418e-05,485,0,0
2005,5155,6623790,0.05554846987741222,96,0,0
2005,5156,154638,0.0012968261803141812,382,0,0
2005,5157,4397,3.687414939951017e-05,486,0,0
2005,5161,58549,0.0004910039966322313,432,0,0
2005,5162,0,0.0,497,0,0
2005,5163,0,0.0,498,0,0
2005,5169,5523099,0.04631784800415858,109,0,0
2005,5221,863982,0.007245531350122266,254,0,0
2005,5222,4097798,0.0343649796818317,121,0,0
2005,5223,4025,3.3754480630663736e-05,488,0,0
2005,5224,287310,0.002409440951551801,340,0,0
2005,5225,225305,0.001889454225712222,360,0,0
2005,5231,1654324,0.013873502463314822,192,0,0
2005,5232,1023155,0.008580388976314723,238,0,0
2005,5233,731494,0.0061344596408563325,269,0,0
2005,5239,1356945,0.01137962079984497,214,0,0
2005,5241,6583,5.5206396519666934e-05,482,0,0
2005,5249,5681360,0.047645057410143535,104,0,0
2005,5311,1258094,0.010550635914174973,220,0,0
2005,5312,187017,0.0015683631562993393,371,0,0
2005,5322,215560,0.0018077306446573603,363,0,0
2005,5323,91503,0.0007673630412789128,413,0,0
2005,5331,3937565,0.033021232676889306,130,0,0
2005,5332,25683,0.00021538293814592216,460,0,0
2005,5334,54812247,0.4596668148284861,29,0,0
2005,5335,518989,0.004352348856652806,292,0,0
2005,5411,245373,0.0020577486151025725,354,0,0
2005,5413,131693,0.0011044046752034782,393,0,0
2005,5414,80632,0.0006761965918538332,420,0,0
2005,5415,0,0.0,499,0,0
2005,5416,2583418,0.021665076482461628,155,0,0
2005,5417,42939245,0.36009736985039126,33,0,0
2005,5419,6841031,0.05737029773497396,94,0,0
2005,5513,879904,0.0073790565279114395,253,0,0
2005,5514,227952,0.0019116525139679654,358,0,0
2005,5530,4629481,0.03882378304211821,113,0,0
2005,5541,3470139,0.029101301779182815,139,0,0
2005,5542,675870,0.005667985297850112,273,0,0
2005,5543,791650,0.006638940271121727,258,0,0
2005,5621,884944,0.007421323008005487,252,0,0
2005,5622,1502902,0.0126036463226797,202,0,0
2005,5623,998369,0.008372528465280776,240,0,0
2005,5629,4926228,0.04131236462316357,112,0,0
2005,5721,369490,0.003098619390863092,319,0,0
2005,5722,259867,0.002179298290198433,348,0,0
2005,5723,99440,0.0008339243612206714,409,0,0
2005,5821,472049,0.00395870032974514,304,0,0
2005,5822,4253732,0.03567267438559864,117,0,0
2005,5823,97531792,0.8179217351398571,21,0,0
2005,5824,1041731,0.008736171145804215,237,0,0
2005,5825,12481680,0.10467394429767528,75,0,0
2005,5826,2930358,0.024574586919729326,148,0,0
2005,5827,148303,0.0012436995629737451,387,0,0
2005,5828,0,0.0,500,0,0
2005,5829,1615292,0.013546172056364247,196,0,0
2005,5831,492233,0.004127967519074163,299,0,0
2005,5832,1978980,0.016596134677880976,175,0,0
2005,5833,9391007,0.0787549227040814,85,0,0
2005,5834,24310742,0.20387489936796607,47,0,0
2005,5835,150381,0.0012611260998061724,385,0,0
2005,5836,2240989,0.01879339622211938,163,0,0
2005,5837,5592293,0.04689812316757675,107,0,0
2005,5838,12918,0.0001083330138601029,472,0,0
2005,5839,3461127,0.029025725287395603,140,0,0
2005,5841,2413485,0.020239983275750925,158,0,0
2005,5842,313533,0.002629352441136371,333,0,0
2005,5843,461839,0.00387307716272922,308,0,0
2005,5849,1877397,0.015744238676413967,182,0,0
2005,5851,166120,0.0013931166018300275,379,0,0
2005,5852,2134426,0.017899736912940393,167,0,0
2005,5911,2330950,0.019547827733179042,161,0,0
2005,5912,1047922,0.008788090149427679,235,0,0
2005,5913,593572,0.004977817286187413,284,0,0
2005,5914,44331,0.00037176891449390163,450,0,0
2005,5921,2930637,0.024576926671305958,147,0,0
2005,5922,4006741,0.03360135688859286,127,0,0
2005,5981,1663640,0.01395162836183787,191,0,0
2005,5982,30428,0.00025517548736145,458,0,0
2005,5983,11398194,0.09558760710498078,78,0,0
2005,5989,12889480,0.10809383925449133,73,0,0
2005,6112,1665077,0.013963679340388493,190,0,0
2005,6113,29308537,0.24578743962225874,42,0,0
2005,6114,105680439,0.8862579705007555,17,0,0
2005,6115,24669407,0.20688273807489702,46,0,0
2005,6116,108047098,0.9061052612771247,16,0,0
2005,6118,3131507,0.026261463944419354,143,0,0
2005,6121,14399593,0.12075795851128972,69,0,0
2005,6122,2743221,0.02300521741866584,151,0,0
2005,6123,3720789,0.03120330440528862,135,0,0
2005,6129,41683606,0.3495673220728494,34,0,0
2005,6130,197730,0.001658204585118296,369,0,0
2005,6210,475281,0.003985804548726085,301,0,0
2005,6251,657346,0.005512639211091748,276,0,0
2005,6252,499398,0.0041880546876999275,297,0,0
2005,6253,181484,0.0015219622764659324,373,0,0
2005,6254,1131098,0.009485621250281365,227,0,0
2005,6259,1157667,0.009708434367269217,224,0,0
2005,6281,53054,0.0004449217926408035,440,0,0
2005,6282,405086,0.0033971347927336773,318,0,0
2005,6289,441218,0.0037001452012174396,311,0,0
2005,6330,55848,0.00046835285323262323,435,0,0
2005,6341,0,0.0,501,0,0
2005,6342,954851,0.00800757753656395,246,0,0
2005,6343,1674558,0.014043188962962238,189,0,0
2005,6344,510291,0.0042794056336651004,295,0,0
2005,6349,338239,0.0028365420556608874,327,0,0
2005,6351,359927,0.003018422099367182,323,0,0
2005,6352,8270,6.935392666225817e-05,480,0,0
2005,6353,3981080,0.03338615844698703,129,0,0
2005,6354,259908,0.0021796421246595156,347,0,0
2005,6359,3655123,0.030652615777936282,137,0,0
2005,6411,147893,0.0012402612183629199,388,0,0
2005,6412,187116,0.0015691933907297582,370,0,0
2005,6413,108262,0.000907907473797992,401,0,0
2005,6415,150182,0.0012594572447389668,386,0,0
2005,6416,1618026,0.013569099944573995,194,0,0
2005,6417,131290,0.001101025034037228,394,0,0
2005,6418,430907,0.0036136750273583654,313,0,0
2005,6419,136204,0.0011422348521289251,391,0,0
2005,6421,989995,0.00830230237315626,242,0,0
2005,6422,471783,0.003956469598851287,305,0,0
2005,6423,1349777,0.0113195084726001,216,0,0
2005,6424,255607,0.0021435730510713205,350,0,0
2005,6428,1129217,0.009469846796103408,228,0,0
2005,6511,31104,0.00026084456286612793,457,0,0
2005,6512,2927933,0.024554250369287246,149,0,0
2005,6513,1148723946,9.63343607086624,3,1,1
2005,6514,23089769,0.19363556782037267,49,0,0
2005,6515,342236,0.0028700617225132508,326,0,0
2005,6516,6122155,0.051341655246067375,101,0,0
2005,6517,1806885,0.015152910493002944,185,0,0
2005,6518,20316,0.00017037416856958125,464,0,0
2005,6519,538840,0.0045188234392613295,287,0,0
2005,6521,625945240,5.249305957623892,4,1,1
2005,6522,1225045484,10.273484238847226,2,1,1
2005,6531,375827264,3.151764994574745,9,0,1
2005,6532,6751244,0.05661732542382231,95,0,0
2005,6534,34572656,0.2899334279012672,38,0,0
2005,6535,9269596,0.07773674500275231,86,0,0
2005,6536,1227471,0.010293825116571788,222,0,0
2005,6538,1480288,0.01241400065187676,205,0,0
2005,6539,12436779,0.10429739524555168,76,0,0
2005,6541,1700898,0.014264081638691849,187,0,0
2005,6542,2011461,0.016868527046915657,173,0,0
2005,6543,5545575,0.04650633637848275,108,0,0
2005,6544,1095944,0.009190812551625377,230,0,0
2005,6545,9550062,0.08008879075792244,84,0,0
2005,6546,0,0.0,502,0,0
2005,6549,1439237,0.012069738494269462,207,0,0
2005,6551,46944494,0.39368621451908326,31,0,0
2005,6552,15273354,0.12808549857348336,66,0,0
2005,6553,474679,0.003980756052492629,302,0,0
2005,6560,6256285,0.05246649710618934,99,0,0
2005,6571,6023546,0.0505146998223384,102,0,0
2005,6572,11180281,0.09376014371673982,79,0,0
2005,6573,6293913,0.05278205327939943,98,0,0
2005,6574,20465580,0.17162857731808676,52,0,0
2005,6575,4219794,0.03538806331388598,118,0,0
2005,6576,77198,0.0006473983591865787,421,0,0
2005,6577,37323023,0.31299857315063784,36,0,0
2005,6579,11399,9.559436638731326e-05,475,0,0
2005,6581,14731739,0.12354340341155119,67,0,0
2005,6582,45525069,0.38178262354537396,32,0,0
2005,6583,20207912,0.16946772029569127,55,0,0
2005,6584,2360536443,19.795945749868167,1,1,1
2005,6589,58571262,0.4911906903583928,28,0,0
2005,6591,41095,0.0003446311506874848,452,0,0
2005,6592,251058515,2.105428517200174,11,0,0
2005,6593,6983825,0.05856779768706712,93,0,0
2005,6594,3422348,0.028700516590656096,141,0,0
2005,6595,1080668,0.009062704863149843,232,0,0
2005,6596,177270,0.0014866228028317418,374,0,0
2005,6597,82554,0.0006923148804928731,419,0,0
2005,6611,50738,0.000425499338692824,444,0,0
2005,6612,100445637,0.8423578406338337,18,0,0
2005,6613,7542429,0.06325236610898298,88,0,0
2005,6618,153464,0.0012869807740383055,383,0,0
2005,6623,641404,0.005378946309175216,279,0,0
2005,6624,475922,0.003991180107007887,300,0,0
2005,6631,176567,0.0014807272997551316,375,0,0
2005,6632,108172,0.0009071527152248839,402,0,0
2005,6633,14076985,0.11805250124736497,71,0,0
2005,6635,36662,0.0003074550978587314,455,0,0
2005,6637,46704,0.0003916693822048495,449,0,0
2005,6638,359452,0.003014438651342445,324,0,0
2005,6639,7448073,0.062461077220936544,90,0,0
2005,6641,467603,0.003921415256233604,306,0,0
2005,6642,92118,0.0007725205581951509,412,0,0
2005,6643,1619301,0.013579792357693025,193,0,0
2005,6644,328238,0.0027526716057758517,331,0,0
2005,6645,58356,0.000489385458803233,433,0,0
2005,6646,1328,1.1136882056527066e-05,492,0,0
2005,6647,54989,0.0004611491019626257,438,0,0
2005,6648,223902,0.001877688378178105,361,0,0
2005,6649,1693463,0.01420173019434676,188,0,0
2005,6651,3577902,0.030005024536003243,138,0,0
2005,6652,1247707,0.01046352838863194,221,0,0
2005,6658,249676,0.0020938344611035027,352,0,0
2005,6664,2146848,0.018003910368442035,166,0,0
2005,6665,848652,0.007116970806502868,255,0,0
2005,6666,60252,0.0005052857060767085,431,0,0
2005,6671,61332,0.0005143428089540046,428,0,0
2005,6672,48909,0.00041016096724599566,448,0,0
2005,6673,4041757,0.03389500829077008,124,0,0
2005,6674,667166,0.005594991757624199,275,0,0
2005,6712,0,0.0,503,0,0
2005,6713,9605,8.05495121633603e-05,477,0,0
2005,6716,20186,0.00016928396174175858,465,0,0
2005,6724,533932,0.004477663938407839,288,0,0
2005,6725,518582,0.004348935670661084,293,0,0
2005,6727,143108,0.0012001332208926773,389,0,0
2005,6731,238013,0.001996026136235073,356,0,0
2005,6732,770223,0.006459249027277445,259,0,0
2005,6733,4602766,0.03859974553900065,114,0,0
2005,6741,295895,0.002481436533219937,336,0,0
2005,6744,117584,0.0009860836895592459,395,0,0
2005,6745,100920,0.0008463359466451141,408,0,0
2005,6746,237119,0.0019885288677422,357,0,0
2005,6747,325861,0.0027327375932394327,332,0,0
2005,6749,1157447,0.009706589401868287,225,0,0
2005,6750,50868,0.0004265895455206467,442,0,0
2005,6760,2510101,0.02105022499018874,157,0,0
2005,6770,225415,0.0018903767084126873,359,0,0
2005,6781,1493966,0.012528707182576444,203,0,0
2005,6782,10838469,0.09089363774572655,80,0,0
2005,6783,21124069,0.17715080196305696,50,0,0
2005,6784,740228,0.006207704767273281,265,0,0
2005,6785,17920237,0.15028280564308166,58,0,0
2005,6793,632979,0.005308292520525938,280,0,0
2005,6794,770097,0.006458192365275093,260,0,0
2005,6911,15975763,0.1339760454021303,62,0,0
2005,6912,1946598,0.01632457254327671,176,0,0
2005,6921,672627,0.00564078883059912,274,0,0
2005,6924,4159159,0.03487956569077037,119,0,0
2005,6931,521143,0.004370412745169191,291,0,0
2005,6932,8790,7.371475397354888e-05,479,0,0
2005,6935,298693,0.0025049011386372283,334,0,0
2005,6940,2150632,0.018035643773338043,165,0,0
2005,6951,107027,0.0008975505089336764,403,0,0
2005,6953,3923089,0.03289983395350807,131,0,0
2005,6954,7019357,0.05886577637173017,92,0,0
2005,6960,33572083,0.28154241623715165,39,0,0
2005,6973,3716358,0.0311661451248726,136,0,0
2005,6974,20842021,0.1747854892294129,51,0,0
2005,6975,1536022,0.01288139747758345,200,0,0
2005,6978,18288,0.00015336694205554744,466,0,0
2005,6991,464364,0.003894252333808083,307,0,0
2005,6992,73209,0.0006139457819851581,423,0,0
2005,6993,262665,0.0022027628956157244,346,0,0
2005,6994,1981107,0.016613972138825428,174,0,0
2005,6996,1490203,0.012497149888014161,204,0,0
2005,6997,3068271,0.025731153798540934,144,0,0
2005,6998,5650230,0.04738399480591184,105,0,0
2005,6999,69864,0.0005858939216846438,426,0,0
2005,7111,510781,0.004283514874785355,294,0,0
2005,7112,10379,8.704043589208918e-05,476,0,0
2005,7119,246673,0.002068650683380799,353,0,0
2005,7126,1034,8.671337384374238e-06,494,0,0
2005,7129,3346521,0.028064615720399862,142,0,0
2005,7131,215532,0.00180749583087906,364,0,0
2005,7132,64195,0.0005383525177852072,427,0,0
2005,7133,297036,0.002491005194685673,335,0,0
2005,7138,12593,0.0001056074967905462,473,0,0
2005,7139,527181,0.00442104865921837,290,0,0
2005,7144,40120,0.0003364545994788147,453,0,0
2005,7148,2855353,0.023945579511107477,150,0,0
2005,7149,1440746,0.012082393279678572,206,0,0
2005,7161,361797,0.003034104305275093,321,0,0
2005,7162,1559535,0.013078582347911098,199,0,0
2005,7163,2142,1.7963254039970613e-05,489,0,0
2005,7169,1414635,0.011863421045207205,209,0,0
2005,7187,0,0.0,504,0,0
2005,7188,211017,0.0017696321091281416,366,0,0
2005,7211,888622,0.007452167475026502,251,0,0
2005,7212,496670,0.004165177116728387,298,0,0
2005,7213,53068,0.0004450391995299536,439,0,0
2005,7219,766038,0.006424152753627922,261,0,0
2005,7223,529763,0.004442701844060202,289,0,0
2005,7224,5619980,0.04713031206328387,106,0,0
2005,7233,737742,0.006186856658242765,266,0,0
2005,7234,3020893,0.02533383211324414,145,0,0
2005,7239,15767216,0.13222712722273078,63,0,0
2005,7243,244328,0.0020489850294481515,355,0,0
2005,7244,1278342,0.010720439820711539,218,0,0
2005,7245,4055605,0.0340111404765523,123,0,0
2005,7246,1384348,0.011609428012943623,212,0,0
2005,7247,2992592,0.025096494086827143,146,0,0
2005,7248,52227,0.0004379863999745777,441,0,0
2005,7251,338034,0.0028348228833554746,328,0,0
2005,7252,169189,0.0014188538691730106,377,0,0
2005,7259,594434,0.0049850461960765135,283,0,0
2005,7263,330916,0.002775129866428999,330,0,0
2005,7264,11700,9.811861450404118e-05,474,0,0
2005,7267,49934,0.00041875682877305913,447,0,0
2005,7268,9809568,0.08226506162762207,83,0,0
2005,7269,9079,7.613836761386239e-05,478,0,0
2005,7271,168764,0.001415289731466667,378,0,0
2005,7272,2624054,0.02200585836442626,154,0,0
2005,7281,548654,0.004601125668555574,286,0,0
2005,7283,1364011,0.011438877734040318,213,0,0
2005,7284,4278148,0.035877432000276474,116,0,0
2005,7361,1154096,0.009678487224329565,226,0,0
2005,7362,23329,0.00019564180835596382,462,0,0
2005,7367,32215,0.0002701616381408279,456,0,0
2005,7368,157246,0.0013186974065215777,381,0,0
2005,7369,505789,0.0042416509325969645,296,0,0
2005,7371,50636,0.00042464394564330167,445,0,0
2005,7372,412075,0.0034557459890386982,317,0,0
2005,7373,111124,0.0009319087964228266,400,0,0
2005,7411,0,0.0,505,0,0
2005,7412,74819,0.0006274475742374236,422,0,0
2005,7413,1535644,0.012878227491576393,201,0,0
2005,7414,1273590,0.010680588568051437,219,0,0
2005,7415,3724090,0.03123098727250895,134,0,0
2005,7416,214981,0.0018028750311703656,365,0,0
2005,7421,84914,0.0007121063275210387,417,0,0
2005,7422,89034,0.0007466574977566498,414,0,0
2005,7423,7140,5.987751346656872e-05,481,0,0
2005,7428,1857493,0.015577319624867945,183,0,0
2005,7429,647040,0.005426210968264513,277,0,0
2005,7431,1588459,0.013321144980895278,197,0,0
2005,7432,1922328,0.016121039314728587,181,0,0
2005,7433,1720,1.4424274952730839e-05,491,0,0
2005,7434,10661923,0.08941308655630514,82,0,0
2005,7435,263030,0.0022058238609399955,345,0,0
2005,7436,69585558,0.5835588496111622,25,0,0
2005,7439,142575,0.0011956633728986044,390,0,0
2005,7441,1934955,0.01622693194253564,177,0,0
2005,7442,896703,0.007519936408685234,250,0,0
2005,7449,737586,0.006185548410049378,267,0,0
2005,7451,2513601,0.021079576712476275,156,0,0
2005,7452,1385681,0.01162060682603199,211,0,0
2005,7491,741774,0.0062206698423180025,264,0,0
2005,7492,734289,0.0061578990876545205,268,0,0
2005,7493,1298696,0.0108911326651231,217,0,0
2005,7499,458467,0.0038447988748567734,309,0,0
2005,7511,0,0.0,506,0,0
2005,7512,72871,0.0006111112442328192,424,0,0
2005,7518,623410,0.005228044911791821,281,0,0
2005,7521,0,0.0,507,0,0
2005,7522,70208,0.00058877877667519,425,0,0
2005,7523,430419,0.0036095825586508457,314,0,0
2005,7524,5060,4.243420422140584e-05,484,0,0
2005,7525,920108,0.007716215568725156,248,0,0
2005,7528,269561,0.0022605941747285336,344,0,0
2005,7591,437425,0.003668336320464121,312,0,0
2005,7599,2396285,0.020095740526223614,159,0,0
2005,7611,291105,0.0024412666047178553,339,0,0
2005,7621,113701,0.0009535200502328193,399,0,0
2005,7622,12924,0.0001083833310983101,471,0,0
2005,7628,14467,0.00012132324752392852,470,0,0
2005,7631,0,0.0,508,0,0
2005,7638,280565,0.0023528759896005395,341,0,0
2005,7641,32441610,0.2720620363658502,40,0,0
2005,7642,104751,0.0008784635032404117,405,0,0
2005,7643,20377200,0.17088740439929467,53,0,0
2005,7648,8991642,0.07540576539797827,87,0,0
2005,7649,2033604,0.017054222814519328,172,0,0
2005,7711,5828443,0.04887852580134849,103,0,0
2005,7712,848107,0.00711240032403238,256,0,0
2005,7721,3994175,0.033495975819374246,128,0,0
2005,7722,38948,0.00032662596561567486,454,0,0
2005,7723,50276,0.0004216249113508696,446,0,0
2005,7731,689820,0.005784972876681853,271,0,0
2005,7732,1787998,0.014994520213333043,186,0,0
2005,7741,7388350,0.06196022781802843,91,0,0
2005,7742,472107,0.003959186729714476,303,0,0
2005,7751,222119,0.0018627357722241986,362,0,0
2005,7752,4135169,0.034678380600005256,120,0,0
2005,7753,28667,0.0002404073779476366,459,0,0
2005,7754,82771,0.0006941346872747003,418,0,0
2005,7757,6332243,0.053103496569479755,97,0,0
2005,7758,2100759,0.01761739850315342,171,0,0
2005,7761,0,0.0,509,0,0
2005,7762,0,0.0,510,0,0
2005,7763,1933925,0.01621829414997674,178,0,0
2005,7764,3921730,0.03288843709905414,132,0,0
2005,7768,60339,0.0005060153060307129,430,0,0
2005,7781,1046847,0.008779074977582221,236,0,0
2005,7782,198598,0.0016654838122456043,367,0,0
2005,7783,558298,0.0046820022427672804,285,0,0
2005,7784,55072,0.00046184515709115866,437,0,0
2005,7788,985312,0.00826302976873554,243,0,0
2005,7810,5113192,0.04288028331052541,110,0,0
2005,7821,2380929,0.019966961941238655,160,0,0
2005,7822,967683,0.008115189336676418,244,0,0
2005,7831,16507,0.00013843110851437671,468,0,0
2005,7832,1561793,0.013097518401889743,198,0,0
2005,7841,0,0.0,511,0,0
2005,7842,294513,0.0024698467960195454,338,0,0
2005,7849,15317870,0.12845881893615532,65,0,0
2005,7851,4009555,0.033624955673312036,126,0,0
2005,7852,175237,0.0014695736452858686,376,0,0
2005,7853,958953,0.00804197775508494,245,0,0
2005,7861,620775,0.005205947258012492,282,0,0
2005,7868,1922525,0.016122691397383055,180,0,0
2005,7912,0,0.0,512,0,0
2005,7913,55078,0.0004618954743293658,436,0,0
2005,7914,24432,0.00020489179397972088,461,0,0
2005,7915,104747,0.0008784299584149403,406,0,0
2005,7919,255640,0.0021438497958814603,349,0,0
2005,7921,2697721,0.022623645028927903,153,0,0
2005,7922,688744,0.0057759493186300285,272,0,0
2005,7923,1615997,0.01355208433185359,195,0,0
2005,7924,12626594,0.10588922300726832,74,0,0
2005,7928,1267,1.0625323468087194e-05,493,0,0
2005,7929,4081186,0.034225668021648704,122,0,0
2005,7931,2132538,0.01788390375531786,168,0,0
2005,7932,56760,0.00047600107344011774,434,0,0
2005,7933,0,0.0,513,0,0
2005,7938,19331261,0.16211594409709448,56,0,0
2005,8121,50845,0.0004263966627741858,443,0,0
2005,8122,10706315,0.08978536702938748,81,0,0
2005,8124,1003266,0.008413595717864219,239,0,0
2005,8211,643898,0.005399861507856676,278,0,0
2005,8212,25289639,0.21208413162285172,45,0,0
2005,8219,11780099,0.09879034124790093,77,0,0
2005,8310,6201626,0.052008115452328106,100,0,0
2005,8421,1427996,0.011975469148488273,208,0,0
2005,8422,15455751,0.12961511745636314,64,0,0
2005,8423,488828473,4.099416453067188,7,0,1
2005,8424,64618502,0.5419040929544114,27,0,0
2005,8429,91348576,0.7660680097467614,22,0,0
2005,8431,14403439,0.12079021186098055,68,0,0
2005,8432,37723686,0.31635861575260643,35,0,0
2005,8433,14136922,0.11855514529843579,70,0,0
2005,8434,16615070,0.1393374058365521,60,0,0
2005,8435,26818773,0.22490776491097333,43,0,0
2005,8439,237361745,1.990564577406968,12,0,0
2005,8441,97858417,0.8206608797947614,19,0,0
2005,8442,65263882,0.5473163828201053,26,0,0
2005,8443,18898178,0.15848402068467965,57,0,0
2005,8451,54347565,0.4557698956810531,30,0,0
2005,8452,71199271,0.5970917798476716,24,0,0
2005,8459,405299287,3.3989234615312607,8,0,1
2005,8461,3893485,0.03265156870019374,133,0,0
2005,8462,536062241,4.4955285790471295,6,0,1
2005,8463,275488907,2.3103068261600557,10,0,1
2005,8464,26518998,0.22239378989704606,44,0,0
2005,8465,2113847,0.01772715717209606,170,0,0
2005,8471,1405733,0.011788767036120454,210,0,0
2005,8472,97664312,0.8190330752077267,20,0,0
2005,8481,542613408,4.5504680174594885,5,1,1
2005,8482,7483992,0.06276230136746394,89,0,0
2005,8483,294600,0.00247057639597355,337,0,0
2005,8484,1204676,0.010102661542416265,223,0,0
2005,8510,140224629,1.175952676651555,15,0,0
2005,8710,333802,0.0027993324580066624,329,0,0
2005,8720,175203861,1.469295734793044,14,0,0
2005,8731,827553,0.006940030238347246,257,0,0
2005,8732,18011,0.00015104396289164834,467,0,0
2005,8741,418628,0.003510700799367329,316,0,0
2005,8742,95203,0.0007983920048400199,410,0,0
2005,8743,424905,0.0035633410167384286,315,0,0
2005,8744,134222,0.0011256133911078132,392,0,0
2005,8745,2129394,0.017857537522497288,169,0,0
2005,8748,918408,0.007701959017899783,249,0,0
2005,8749,940491,0.007887151613121384,247,0,0
2005,8811,160566,0.0013465396116628954,380,0,0
2005,8812,0,0.0,514,0,0
2005,8813,197912,0.0016597308746772476,368,0,0
2005,8821,4556982,0.038215791466654235,115,0,0
2005,8822,995648,0.00834970959775381,241,0,0
2005,8830,102849,0.0008625129387287291,407,0,0
2005,8841,86514,0.0007255242577096255,416,0,0
2005,8842,151956,0.0012743343748355626,384,0,0
2005,8851,60802,0.0005098981195790351,429,0,0
2005,8852,1351420,0.011333287009662508,215,0,0
2005,8921,1926788,0.016158441795129274,179,0,0
2005,8922,727023,0.006096964912185601,270,0,0
2005,8924,88281,0.0007403426843616461,415,0,0
2005,8928,16330766,0.1369531738213421,61,0,0
2005,8931,20333542,0.17052127940168635,54,0,0
2005,8932,755946,0.006339519158963412,262,0,0
2005,8933,16487,0.0001382633843870194,469,0,0
2005,8935,1086489,0.009111520970417196,231,0,0
2005,8939,23425215,0.19644868720164813,48,0,0
2005,8941,4078,3.4198949568160674e-05,487,0,0
2005,8942,1837740,0.015411666890483473,184,0,0
2005,8946,1049341,0.008799990176263681,234,0,0
2005,8947,207551420,1.7405690400637899,13,0,0
2005,8951,105410,0.000883990013236836,404,0,0
2005,8952,4038912,0.0338711495336535,125,0,0
2005,8959,451965,0.0037902717610529034,310,0,0
2005,8960,252395,0.0021166365562177328,351,0,0
2005,8972,361070,0.0030280075332456535,322,0,0
2005,8973,13167450,0.11042495303856728,72,0,0
2005,8974,1097950,0.009207635281599317,229,0,0
2005,8981,274226,0.002299715827434632,342,0,0
2005,8982,2275402,0.019081990741856777,162,0,0
2005,8983,4988692,0.041836200617726,111,0,0
2005,8989,348541,0.002922936753662651,325,0,0
2005,8991,36376429,0.3050602405200533,37,0,0
2005,8993,17491130,0.14668422578718543,59,0,0
2005,8994,270641,0.0022696512776058295,343,0,0
2005,8996,1068281,0.008958824924871078,233,0,0
2005,8997,2719270,0.022804359389949062,152,0,0
2005,8998,184440,0.0015467519024893463,372,0,0
2005,8999,363811,0.0030509941248999762,320,0,0
2006,5111,11226,8.87899686697406e-05,472,0,0
2006,5112,2285990,0.01808061468727421,171,0,0
2006,5113,57680,0.00045620928138879725,424,0,0
2006,5114,24328,0.00019241781202542751,453,0,0
2006,5121,49005924,0.3876032831455272,33,0,0
2006,5122,0,0.0,495,0,0
2006,5123,13754,0.00010878471664739107,466,0,0
2006,5137,63743,0.0005041634574127271,422,0,0
2006,5138,57399864,0.4539935975598941,31,0,0
2006,5139,2056097,0.016262318565112028,180,0,0
2006,5145,11475,9.075938807102025e-05,470,0,0
2006,5146,20344,0.00016090710160495303,458,0,0
2006,5147,226828,0.0017940540721022554,367,0,0
2006,5148,128953,0.0010199298797317886,388,0,0
2006,5154,211311,0.0016713252333486152,371,0,0
2006,5155,6714299,0.05310550488591401,96,0,0
2006,5156,123008,0.0009729090028618788,390,0,0
2006,5157,9730,7.695763363233352e-05,477,0,0
2006,5161,8326,6.58529555624675e-05,479,0,0
2006,5162,0,0.0,496,0,0
2006,5163,0,0.0,497,0,0
2006,5169,9338187,0.07385866124729903,79,0,0
2006,5221,870947,0.006888594053358682,269,0,0
2006,5222,2759464,0.02182546963346491,151,0,0
2006,5223,0,0.0,498,0,0
2006,5224,287064,0.002270479562284911,354,0,0
2006,5225,109357,0.0008649389456455392,395,0,0
2006,5231,1655460,0.013093554385712521,205,0,0
2006,5232,1881589,0.01488207984672444,191,0,0
2006,5233,359787,0.002845668667181539,339,0,0
2006,5239,1211749,0.009584104377836229,234,0,0
2006,5241,10648,8.421838467801514e-05,474,0,0
2006,5249,5858377,0.046335748288395595,104,0,0
2006,5311,1137809,0.00899928963674941,241,0,0
2006,5312,161056,0.001273842614829302,382,0,0
2006,5322,250546,0.001981647202060291,363,0,0
2006,5323,95787,0.0007576095429332303,406,0,0
2006,5331,3542643,0.028019878939789408,130,0,0
2006,5332,356083,0.002816372564923146,340,0,0
2006,5334,17258153,0.1365001660580429,59,0,0
2006,5335,1183197,0.009358277619822828,237,0,0
2006,5411,70559,0.0005580733475296835,418,0,0
2006,5413,45498,0.0003598580077085211,434,0,0
2006,5414,11617,9.188251078179018e-05,469,0,0
2006,5415,7836,6.197739127882482e-05,481,0,0
2006,5416,2987375,0.023628089493565502,146,0,0
2006,5417,43353470,0.3428962447019899,36,0,0
2006,5419,8285599,0.06553341133262373,85,0,0
2006,5513,1148802,0.009086236735055705,240,0,0
2006,5514,1803957,0.014268063915157602,196,0,0
2006,5530,5609047,0.04436371881321063,108,0,0
2006,5541,1505750,0.01190945085733671,219,0,0
2006,5542,474210,0.003750676201931025,317,0,0
2006,5543,738608,0.005841883233495436,278,0,0
2006,5621,710091,0.005616333301502296,285,0,0
2006,5622,43706,0.0003456845154711992,436,0,0
2006,5623,200067,0.0015823928970113122,373,0,0
2006,5629,1414796,0.011190067033143979,224,0,0
2006,5721,11303,8.939898591431303e-05,471,0,0
2006,5722,3861,3.053786469213152e-05,484,0,0
2006,5723,73082,0.0005780285489330111,416,0,0
2006,5821,326632,0.002583435332846491,344,0,0
2006,5822,4194428,0.03317505172879768,119,0,0
2006,5823,90089140,0.712543374138952,21,0,0
2006,5824,1046037,0.008273435992997456,249,0,0
2006,5825,6856065,0.05422677681700561,95,0,0
2006,5826,2042873,0.016157725785342865,182,0,0
2006,5827,248493,0.0019654093786433146,364,0,0
2006,5828,8295,6.560776680166562e-05,480,0,0
2006,5829,1610074,0.012734582221268833,211,0,0
2006,5831,758706,0.006000844643643703,275,0,0
2006,5832,3318306,0.02624552697101481,141,0,0
2006,5833,6498301,0.05139710869379512,98,0,0
2006,5834,13140759,0.10393440049052305,66,0,0
2006,5835,135900,0.0010748758900960046,386,0,0
2006,5836,2361858,0.018680678587419935,169,0,0
2006,5837,2555183,0.02020974688361427,156,0,0
2006,5838,52909,0.00041847394016990074,427,0,0
2006,5839,2482511,0.019634961153775735,162,0,0
2006,5841,2453584,0.019406168402688117,163,0,0
2006,5842,321858,0.002545676263683001,345,0,0
2006,5843,495436,0.003918559319246535,313,0,0
2006,5849,1918540,0.015174336940285419,188,0,0
2006,5851,310678,0.002457250123497031,349,0,0
2006,5852,6213158,0.04914182292536506,100,0,0
2006,5911,313210,0.00247727650873414,348,0,0
2006,5912,149132,0.0011795319443840865,383,0,0
2006,5913,102065,0.0008072642216530441,401,0,0
2006,5914,66598,0.0005267445513510943,419,0,0
2006,5921,2495766,0.019739799122305703,160,0,0
2006,5922,5088578,0.040247165614959134,113,0,0
2006,5981,1844105,0.014585607088340636,192,0,0
2006,5982,21653,0.00017126039476268422,456,0,0
2006,5983,17599906,0.13920319814095666,58,0,0
2006,5989,15583008,0.12325091680922119,61,0,0
2006,6112,2554057,0.020200840995076755,157,0,0
2006,6113,29366156,0.23226617416628492,42,0,0
2006,6114,95456331,0.7549941776962754,20,0,0
2006,6115,23305008,0.1843266461934842,46,0,0
2006,6116,137115784,1.0844919085593194,16,0,0
2006,6118,5638619,0.04459761307238589,107,0,0
2006,6121,5077332,0.0401582174599921,115,0,0
2006,6122,3121689,0.02469042121028629,143,0,0
2006,6123,2204221,0.017433877920112622,174,0,0
2006,6129,42163463,0.3334841046479393,37,0,0
2006,6130,710954,0.005623159040230425,284,0,0
2006,6210,876386,0.006931612816907117,265,0,0
2006,6251,559622,0.00442622660314427,304,0,0
2006,6252,490578,0.0038801358676344203,314,0,0
2006,6253,102968,0.0008144063329757572,400,0,0
2006,6254,1822861,0.014417581603357564,194,0,0
2006,6259,2009794,0.015896093558937525,185,0,0
2006,6281,3749,2.9652021427298903e-05,485,0,0
2006,6282,44820,0.00035449549223033795,435,0,0
2006,6289,971675,0.007685283521037787,255,0,0
2006,6330,27905,0.0002207094312960192,449,0,0
2006,6341,0,0.0,499,0,0
2006,6342,675833,0.005345375992871619,288,0,0
2006,6343,1833107,0.014498620443460019,193,0,0
2006,6344,1043670,0.008254714644713003,250,0,0
2006,6349,498289,0.003941124594555173,312,0,0
2006,6351,662535,0.005240197923802476,291,0,0
2006,6352,0,0.0,500,0,0
2006,6353,1713267,0.013550768150089121,200,0,0
2006,6354,267893,0.0021188500870161072,358,0,0
2006,6359,3899673,0.030843741625889303,125,0,0
2006,6411,481999,0.003812281855411215,316,0,0
2006,6412,731372,0.0057846514311353575,279,0,0
2006,6413,2288283,0.018098750746258687,170,0,0
2006,6415,589777,0.004664731992885587,302,0,0
2006,6416,2373645,0.018773905681728705,168,0,0
2006,6417,402133,0.003180596514436914,331,0,0
2006,6418,1763073,0.01394469948623424,199,0,0
2006,6419,212926,0.0016840987768549072,370,0,0
2006,6421,1966108,0.015550567229763616,186,0,0
2006,6422,471102,0.00372609405133192,319,0,0
2006,6423,1537445,0.012160136591969475,214,0,0
2006,6424,360109,0.002848215466567933,337,0,0
2006,6428,1031820,0.008160989263567767,252,0,0
2006,6511,63753,0.000504242550561373,421,0,0
2006,6512,2201796,0.01741469783156602,175,0,0
2006,6513,1374242391,10.86931577066804,2,1,1
2006,6514,31381310,0.24820466165289662,41,0,0
2006,6515,665613,0.005264542794955643,290,0,0
2006,6516,13036687,0.1031112622739368,67,0,0
2006,6517,2909129,0.023009217242671815,148,0,0
2006,6518,46683,0.00036923054582304476,433,0,0
2006,6519,1196325,0.009462111105364993,236,0,0
2006,6521,675257197,5.340821785644652,4,1,1
2006,6522,1158864767,9.165826327667578,3,1,1
2006,6531,291664261,2.306864474993145,11,0,0
2006,6532,6873335,0.05436337068471687,94,0,0
2006,6534,179458730,1.4193956007670976,15,0,0
2006,6535,8646745,0.06838982875870622,83,0,0
2006,6536,2073524,0.016400154195257012,178,0,0
2006,6538,1515001,0.011982619929148912,218,0,0
2006,6539,11912995,0.09422362843513062,72,0,0
2006,6541,2742496,0.021691264378842768,152,0,0
2006,6542,1909989,0.015106704388878421,189,0,0
2006,6543,5362484,0.04241357441225594,111,0,0
2006,6544,1152153,0.009112740849166903,239,0,0
2006,6545,7064830,0.05587796493470902,92,0,0
2006,6546,1650,1.3050369526551931e-05,491,0,0
2006,6549,1394790,0.011031833279963254,226,0,0
2006,6551,46771780,0.3699327347967219,34,0,0
2006,6552,7698236,0.06088777242582124,88,0,0
2006,6553,94440,0.0007469556958106451,408,0,0
2006,6560,4085229,0.03231136245490074,123,0,0
2006,6571,5899356,0.04665986410223109,102,0,0
2006,6572,12420687,0.09823912431735742,69,0,0
2006,6573,7122663,0.0563353843412721,91,0,0
2006,6574,18972305,0.15005793395178718,53,0,0
2006,6575,3431126,0.027137855874036377,135,0,0
2006,6576,19139,0.00015137637719313783,462,0,0
2006,6577,27689266,0.21900312316302456,45,0,0
2006,6579,19910,0.00015747445895372664,459,0,0
2006,6581,12150159,0.09609943318567316,71,0,0
2006,6582,62187891,0.4918636106829898,27,0,0
2006,6583,20448325,0.1617322408782,51,0,0
2006,6584,2544327184,20.12388481675836,1,1,1
2006,6589,59777367,0.47279801737837035,29,0,0
2006,6591,39627,0.00031342242013858993,438,0,0
2006,6592,219805185,1.7385084170315817,13,0,0
2006,6593,4186501,0.03311235458986617,120,0,0
2006,6594,2047899,0.016197478001852228,181,0,0
2006,6595,1197851,0.009474180719848338,235,0,0
2006,6596,144106,0.0011397797278747228,384,0,0
2006,6597,81705,0.000646230571010258,413,0,0
2006,6611,28109,0.00022232293152839286,448,0,0
2006,6612,114327083,0.9042488969956202,19,0,0
2006,6613,8316163,0.06577515163214466,84,0,0
2006,6618,419892,0.003321058037116936,329,0,0
2006,6623,1479588,0.011702527361849648,221,0,0
2006,6624,647956,0.005124888022391808,293,0,0
2006,6631,167270,0.001322991097397783,379,0,0
2006,6632,3486403,0.027575059071805595,132,0,0
2006,6633,15073086,0.1192177831548464,62,0,0
2006,6635,95441,0.0007548729199900866,407,0,0
2006,6637,22995,0.00018187469531094646,454,0,0
2006,6638,97256,0.0007692283264692937,404,0,0
2006,6639,6874947,0.05437612050027856,93,0,0
2006,6641,615426,0.004867598009847121,298,0,0
2006,6642,217044,0.001716669335467235,369,0,0
2006,6643,2525359,0.019973859477093125,158,0,0
2006,6644,1279465,0.01011969154320592,228,0,0
2006,6645,8644,6.836811768940296e-05,478,0,0
2006,6646,1397,1.1049312865813969e-05,493,0,0
2006,6647,4249,3.360667885958737e-05,483,0,0
2006,6648,106614,0.0008432436949720047,398,0,0
2006,6649,2508449,0.019840112962733133,159,0,0
2006,6651,7500780,0.059326030749921335,89,0,0
2006,6652,1816457,0.014366930350964813,195,0,0
2006,6658,271593,0.0021481145520150418,357,0,0
2006,6664,924762,0.007314233832795889,258,0,0
2006,6665,360000,0.0028473533512476945,338,0,0
2006,6666,109044,0.0008624633300929265,396,0,0
2006,6671,21000,0.00016609561215611549,457,0,0
2006,6672,27334,0.00021619321250834577,450,0,0
2006,6673,4144612,0.03278104129950391,122,0,0
2006,6674,484162,0.003829389703463295,315,0,0
2006,6712,0,0.0,501,0,0
2006,6713,16118,0.00012748233698725093,464,0,0
2006,6716,24859,0.00019661765821851786,452,0,0
2006,6724,728251,0.005759966459443013,280,0,0
2006,6725,208896,0.001652224237950662,372,0,0
2006,6727,427105,0.003378107925235129,326,0,0
2006,6731,1644268,0.013005033333748176,206,0,0
2006,6732,5600539,0.04429642636234281,109,0,0
2006,6733,3401938,0.026906998791769103,138,0,0
2006,6741,5728,4.5304555544296647e-05,482,0,0
2006,6744,100484,0.000794759594852148,403,0,0
2006,6745,119018,0.0009413508365522168,391,0,0
2006,6746,559610,0.004426131691365895,305,0,0
2006,6747,10505,8.308735265238063e-05,475,0,0
2006,6749,873224,0.006906603563305323,268,0,0
2006,6750,300875,0.0023797151098795834,352,0,0
2006,6760,2112394,0.016707589264043116,176,0,0
2006,6770,714867,0.005654108189295515,283,0,0
2006,6781,471533,0.0037295029660385525,318,0,0
2006,6782,3434137,0.027161670821093623,134,0,0
2006,6783,22581262,0.17860231119750614,47,0,0
2006,6784,680638,0.005383380250795911,287,0,0
2006,6785,5895338,0.04662808447510522,103,0,0
2006,6793,884415,0.006995116705954805,263,0,0
2006,6794,996940,0.007885112361091323,254,0,0
2006,6911,13603424,0.10759376365234255,64,0,0
2006,6912,31797,0.0002514924847489526,442,0,0
2006,6921,93194,0.0007371006894893822,409,0,0
2006,6924,2993886,0.02367958704264876,145,0,0
2006,6931,1948546,0.015411663842111916,187,0,0
2006,6932,15431,0.00012204863767528659,465,0,0
2006,6935,396292,0.0031343982063129204,333,0,0
2006,6940,1238702,0.00979728414138117,232,0,0
2006,6951,117977,0.0009331172397781923,392,0,0
2006,6953,3875909,0.0306557846674475,126,0,0
2006,6954,2629869,0.020800461973590062,154,0,0
2006,6960,33849545,0.26772670942766563,39,0,0
2006,6973,883327,0.006986511371382145,264,0,0
2006,6974,21194993,0.16763787318950393,50,0,0
2006,6975,1484276,0.011739606229934784,220,0,0
2006,6978,31285,0.0002474429155382892,445,0,0
2006,6991,401109,0.0031724973760155874,332,0,0
2006,6992,2018359,0.015963836840752626,184,0,0
2006,6993,378686,0.002995146808807179,334,0,0
2006,6994,2445215,0.019339975346586474,166,0,0
2006,6996,907577,0.007178312256848135,260,0,0
2006,6997,3595252,0.028435980085499933,129,0,0
2006,6998,5779343,0.04571064349738862,105,0,0
2006,6999,123281,0.0009750682458199083,389,0,0
2006,7111,218059,0.0017246972900547804,368,0,0
2006,7112,0,0.0,502,0,0
2006,7119,198517,0.0015701334589712178,374,0,0
2006,7126,104716,0.0008282318153590377,399,0,0
2006,7129,1802469,0.014256294854639112,197,0,0
2006,7131,738775,0.00584320408907782,277,0,0
2006,7132,31348,0.0002479412023747576,444,0,0
2006,7133,55311,0.00043747211447461447,426,0,0
2006,7138,11139,8.81018582765224e-05,473,0,0
2006,7139,1072499,0.008482732282943892,248,0,0
2006,7144,9825060,0.0777094931033602,77,0,0
2006,7148,3405369,0.02693413565106947,137,0,0
2006,7149,2712706,0.02145564588902702,153,0,0
2006,7161,720970,0.005702378737914028,282,0,0
2006,7162,1121425,0.008869703422008181,244,0,0
2006,7163,1361,1.0764577530689198e-05,494,0,0
2006,7169,1133026,0.00896145938375214,242,0,0
2006,7187,0,0.0,503,0,0
2006,7188,3957814,0.03130359710143067,124,0,0
2006,7211,802926,0.006350594546955295,272,0,0
2006,7212,1249298,0.009881091241686228,230,0,0
2006,7213,40783,0.0003225655881220409,437,0,0
2006,7219,432573,0.0034213560589146357,325,0,0
2006,7223,1410081,0.0111527746135575,225,0,0
2006,7224,8857935,0.07006019696495625,81,0,0
2006,7233,1106635,0.008752724655161088,246,0,0
2006,7234,5271624,0.04169493406366049,112,0,0
2006,7239,9524942,0.0753357653448331,78,0,0
2006,7243,255955,0.0020244286861627876,361,0,0
2006,7244,2038184,0.01612063900794286,183,0,0
2006,7245,4996431,0.03951834597813297,116,0,0
2006,7246,1559849,0.012337336882195458,212,0,0
2006,7247,2374236,0.01877858008681367,167,0,0
2006,7248,683221,0.0054038100110911135,286,0,0
2006,7251,11953,9.454004057628803e-05,468,0,0
2006,7252,279483,0.0022105190462965536,356,0,0
2006,7259,239787,0.001896550883432308,366,0,0
2006,7263,440950,0.003487612389535197,323,0,0
2006,7264,49126,0.0003885530020372062,429,0,0
2006,7267,91306,0.000722167903025061,411,0,0
2006,7268,5662183,0.04478398816785479,106,0,0
2006,7269,10153,8.030327382004955e-05,476,0,0
2006,7271,804166,0.00636040209738737,271,0,0
2006,7272,1689070,0.013359386458310953,204,0,0
2006,7281,436422,0.0034517990118283918,324,0,0
2006,7283,318983,0.002522936983447342,346,0,0
2006,7284,3871102,0.03061776459089348,127,0,0
2006,7361,625561,0.004947758915999608,296,0,0
2006,7362,77838,0.0006156452504289389,414,0,0
2006,7367,31408,0.0002484157612666322,443,0,0
2006,7368,338038,0.002673648978191856,342,0,0
2006,7369,420088,0.0033226082628303928,328,0,0
2006,7371,2268806,0.017944701020641322,172,0,0
2006,7372,656046,0.005188874379646236,292,0,0
2006,7373,107956,0.0008538579955202669,397,0,0
2006,7411,0,0.0,504,0,0
2006,7412,442681,0.003501303413565779,322,0,0
2006,7413,1365767,0.010802281234648638,227,0,0
2006,7414,1133009,0.00896132492539944,243,0,0
2006,7415,2608572,0.020632017294919165,155,0,0
2006,7416,177712,0.0014055801632136952,377,0,0
2006,7421,48662,0.00038488307994004247,431,0,0
2006,7422,134403,0.001063035645743733,387,0,0
2006,7423,13706,0.00010840506953389138,467,0,0
2006,7428,2487464,0.019674135990299987,161,0,0
2006,7429,892849,0.007061823867522646,262,0,0
2006,7431,1171746,0.009267708055308558,238,0,0
2006,7432,1635151,0.012932924110127829,208,0,0
2006,7433,1484,1.1737423259032162e-05,492,0,0
2006,7434,12514966,0.09898480661347488,68,0,0
2006,7435,286957,0.0022696332655944016,355,0,0
2006,7436,57635403,0.4558565496737817,30,0,0
2006,7439,302223,0.002390376866317033,350,0,0
2006,7441,1274475,0.01008022406203168,229,0,0
2006,7442,3366068,0.026623291667576734,140,0,0
2006,7449,751963,0.005947512133511861,276,0,0
2006,7451,3137726,0.024817262892769507,142,0,0
2006,7452,1074826,0.00850113725863376,247,0,0
2006,7491,536659,0.00424460500590899,308,0,0
2006,7492,781867,0.006184032285222169,274,0,0
2006,7493,875122,0.006921615442918291,266,0,0
2006,7499,340579,0.0026937465472627454,341,0,0
2006,7511,3319,2.6251016035530823e-05,486,0,0
2006,7512,28749,0.00022738489304172213,447,0,0
2006,7518,638021,0.005046308979212237,294,0,0
2006,7521,0,0.0,505,0,0
2006,7522,18737,0.0001481968326175779,463,0,0
2006,7523,444691,0.003517201136443579,321,0,0
2006,7524,26893,0.00021270520465306732,451,0,0
2006,7525,1528942,0.012092883687675977,215,0,0
2006,7528,165748,0.0013109531201738968,380,0,0
2006,7591,601679,0.0047588686584037814,300,0,0
2006,7599,3046907,0.024098946826083493,144,0,0
2006,7611,377441,0.0029852997118007805,335,0,0
2006,7621,1793534,0.014185625126324116,198,0,0
2006,7622,2791,2.2074897787034205e-05,489,0,0
2006,7628,22753,0.00017996064111371887,455,0,0
2006,7631,0,0.0,506,0,0
2006,7638,559593,0.0044259972330131965,306,0,0
2006,7641,44340396,0.35070215318402737,35,0,0
2006,7642,140262,0.001109376321535289,385,0,0
2006,7643,27761528,0.2195746660737686,44,0,0
2006,7648,11748478,0.09292241168155503,73,0,0
2006,7649,1617854,0.012796116690915241,209,0,0
2006,7711,618055,0.004888391598626094,297,0,0
2006,7712,611016,0.004832717931294336,299,0,0
2006,7721,2238571,0.01770556288571084,173,0,0
2006,7722,257461,0.0020363401143488405,360,0,0
2006,7723,19908,0.0001574586403239975,460,0,0
2006,7731,1526364,0.0120724934739551,216,0,0
2006,7732,3441700,0.027221488969414415,133,0,0
2006,7741,7857941,0.06215092955626849,87,0,0
2006,7742,162959,0.0012888940410165917,381,0,0
2006,7751,520931,0.004120207301718924,309,0,0
2006,7752,3382526,0.02675346317161794,139,0,0
2006,7753,2964,2.3443209258606014e-05,488,0,0
2006,7754,36695,0.0002902323089556504,440,0,0
2006,7757,6188573,0.04894737241941943,101,0,0
2006,7758,1248658,0.009876029280172898,231,0,0
2006,7761,0,0.0,507,0,0
2006,7762,51581,0.0004079703700297426,428,0,0
2006,7763,2453293,0.01940386679206253,164,0,0
2006,7764,4677964,0.03699949020115575,117,0,0
2006,7768,299803,0.002371236324344757,353,0,0
2006,7781,1709662,0.01352225507000232,201,0,0
2006,7782,175089,0.0013848340303239098,378,0,0
2006,7783,669034,0.005291600561107361,289,0,0
2006,7784,19159,0.00015153456349042938,461,0,0
2006,7788,1238089,0.009792435731369184,233,0,0
2006,7810,6444432,0.05097104181135523,99,0,0
2006,7821,7236087,0.057232490470471874,90,0,0
2006,7822,37456479,0.2962550861294136,38,0,0
2006,7831,188824,0.001493468469988874,376,0,0
2006,7832,3430159,0.02713020756656233,136,0,0
2006,7841,46810,0.000370235028810846,432,0,0
2006,7842,93105,0.0007363967604664349,410,0,0
2006,7849,28232796,0.22330207307136807,43,0,0
2006,7851,3778206,0.02988302087723374,128,0,0
2006,7852,257852,0.00203943265646089,359,0,0
2006,7853,967086,0.007648987675124244,256,0,0
2006,7861,555427,0.00439304702728737,307,0,0
2006,7868,1525771,0.012067803250240405,217,0,0
2006,7911,0,0.0,508,0,0
2006,7912,0,0.0,509,0,0
2006,7913,0,0.0,510,0,0
2006,7914,0,0.0,511,0,0
2006,7915,0,0.0,512,0,0
2006,7919,38693,0.0003060351200550751,439,0,0
2006,7921,913595,0.007225910513703159,259,0,0
2006,7922,112028,0.000886064725648824,394,0,0
2006,7923,722371,0.005713459688039301,281,0,0
2006,7924,1894613,0.014985090763520689,190,0,0
2006,7928,85785,0.0006785005756577317,412,0,0
2006,7929,8690981,0.06873970521105566,82,0,0
2006,7931,2777270,0.021966302893943565,150,0,0
2006,7932,2242,1.7732683926381473e-05,490,0,0
2006,7933,75323,0.000595753323544528,415,0,0
2006,7938,3515054,0.027801668851990594,131,0,0
2006,8121,96769,0.0007653764901302448,405,0,0
2006,8122,8048954,0.06366171151649593,86,0,0
2006,8124,1553109,0.01228402810000821,213,0,0
2006,8211,629338,0.004977632398243115,295,0,0
2006,8212,50316664,0.3979703385111228,32,0,0
2006,8219,10386950,0.08215365803261733,75,0,0
2006,8310,5579804,0.0441324267186258,110,0,0
2006,8421,1694667,0.013403654893607989,203,0,0
2006,8422,12173538,0.09628434505789209,70,0,0
2006,8423,502404908,3.973678606880804,7,0,1
2006,8424,60785343,0.48077041693830713,28,0,0
2006,8429,68110450,0.5387069946180236,24,0,0
2006,8431,13501520,0.10678777283038268,65,0,0
2006,8432,17697830,0.1399777098897555,57,0,0
2006,8433,11304843,0.08941356278160843,74,0,0
2006,8434,14641805,0.11580664593073679,63,0,0
2006,8435,16898374,0.13365456066538028,60,0,0
2006,8439,338596146,2.6780635306462597,10,0,1
2006,8441,79190912,0.6263458574210035,23,0,0
2006,8442,65847556,0.5208090534668617,25,0,0
2006,8443,19310095,0.15272962141989263,52,0,0
2006,8451,65055796,0.5145467743296842,26,0,0
2006,8452,87919114,0.6953799552406336,22,0,0
2006,8459,407923121,3.2263924045299133,8,0,1
2006,8461,5081074,0.04018781411621535,114,0,0
2006,8462,639871035,5.060941488537725,5,1,1
2006,8463,340066747,2.6896949769954217,9,0,1
2006,8464,33395224,0.2641333415890762,40,0,0
2006,8465,420326,0.0033244906797681617,327,0,0
2006,8471,874889,0.006919772572554844,267,0,0
2006,8472,129397903,1.0234487576429836,17,0,0
2006,8481,518976726,4.104750333321268,6,0,1
2006,8482,18479334,0.14615887109368184,54,0,0
2006,8483,402311,0.0031820043724828085,330,0,0
2006,8484,1038951,0.008217390587867066,251,0,0
2006,8510,124918265,0.9880178902216599,18,0,0
2006,8710,811806,0.006420829262952737,270,0,0
2006,8720,189736271,1.5006839085696964,14,0,0
2006,8731,898345,0.0071052934620183614,261,0,0
2006,8732,0,0.0,513,0,0
2006,8741,1119129,0.008851543635079112,245,0,0
2006,8742,60665,0.00047981858625955936,423,0,0
2006,8743,301789,0.0023869442236658066,351,0,0
2006,8744,252616,0.0019980194838299654,362,0,0
2006,8745,1613290,0.012760018577873311,210,0,0
2006,8748,598545,0.004734080865618198,301,0,0
2006,8749,927581,0.007336530191399131,257,0,0
2006,8811,101013,0.0007989436224155093,402,0,0
2006,8812,0,0.0,514,0,0
2006,8813,334228,0.0026435144885578175,343,0,0
2006,8821,4170019,0.032981993262268215,121,0,0
2006,8822,798209,0.006313286308739085,273,0,0
2006,8830,32685,0.0002585159563486969,441,0,0
2006,8841,191676,0.0015160258359826473,375,0,0
2006,8842,64387,0.0005092570561855147,420,0,0
2006,8851,56287,0.0004451916057824415,425,0,0
2006,8852,1470041,0.011627017132837533,222,0,0
2006,8921,2838542,0.022450922434325924,149,0,0
2006,8922,581311,0.004597771733242079,303,0,0
2006,8924,49075,0.0003881496269791128,430,0,0
2006,8928,6521481,0.051580446612356015,97,0,0
2006,8931,8994561,0.07114081501764391,80,0,0
2006,8932,501546,0.0039668852330690995,311,0,0
2006,8933,29927,0.00023670206595219375,446,0,0
2006,8935,1021250,0.008077387805449188,253,0,0
2006,8939,18175494,0.1437557048652288,55,0,0
2006,8941,0,0.0,515,0,0
2006,8942,2059636,0.016290309630417766,179,0,0
2006,8946,1419309,0.011225761771127815,223,0,0
2006,8947,237184597,1.8759676587007883,12,0,0
2006,8951,3224,2.5499631123396018e-05,487,0,0
2006,8952,4597302,0.03636150904554924,118,0,0
2006,8959,514834,0.004071984208989598,310,0,0
2006,8960,1700543,0.013450130027752244,202,0,0
2006,8972,451430,0.003570502009315963,320,0,0
2006,8973,17902063,0.14159305299249264,56,0,0
2006,8974,71802,0.0005679046259063526,417,0,0
2006,8981,115373,0.0009125213838708339,393,0,0
2006,8982,2447977,0.019361820874242437,165,0,0
2006,8983,10020785,0.07925754375522952,76,0,0
2006,8989,1636762,0.012945666016374664,207,0,0
2006,8991,21600607,0.17084600202898445,49,0,0
2006,8993,21970359,0.1737704870187915,48,0,0
2006,8994,315603,0.0024962034992050725,347,0,0
2006,8996,2095037,0.016570307285938654,177,0,0
2006,8997,2924329,0.023129438828613385,147,0,0
2006,8998,242928,0.001921394041421944,365,0,0
2006,8999,367326,0.002905296991945585,336,0,0
2007,5111,75448,0.0005531907069134168,427,0,0
2007,5112,7618234,0.05585749459086823,98,0,0
2007,5113,55237,0.0004050020554259411,437,0,0
2007,5114,6659,4.882431498961459e-05,485,0,0
2007,5121,96532451,0.7077835702573264,24,0,0
2007,5122,41739,0.00030603365120161036,448,0,0
2007,5123,16493,0.00012092798124699107,468,0,0
2007,5137,45468,0.00033337497431262895,447,0,0
2007,5138,12522848,0.09181851258733521,72,0,0
2007,5139,506871,0.0037164182854934583,298,0,0
2007,5145,7504,5.501992186245201e-05,483,0,0
2007,5146,59147,0.0004336704848612005,434,0,0
2007,5147,149612,0.0010969670242117764,392,0,0
2007,5148,176620,0.001294991817610111,382,0,0
2007,5154,0,0.0,499,0,0
2007,5155,2754108,0.02019333781459941,160,0,0
2007,5156,41524,0.0003044572541866281,449,0,0
2007,5157,5550,4.06930392239617e-05,487,0,0
2007,5161,8806,6.456628890201924e-05,481,0,0
2007,5162,4320,3.167458188243506e-05,489,0,0
2007,5163,9763,7.158308863847534e-05,480,0,0
2007,5169,16972118,0.12444091234012729,58,0,0
2007,5221,549666,0.0040301946122663305,293,0,0
2007,5222,3034934,0.022252376271015315,153,0,0
2007,5223,11450,8.39523061467318e-05,476,0,0
2007,5224,2278035,0.01670273290244281,174,0,0
2007,5225,249824,0.0018317293389345961,363,0,0
2007,5231,1129408,0.008280908836730836,236,0,0
2007,5232,4880367,0.03578323707357267,123,0,0
2007,5233,12961,9.503107772644462e-05,471,0,0
2007,5239,317794,0.0023300907580431868,344,0,0
2007,5241,0,0.0,500,0,0
2007,5249,6124278,0.044903690968008246,109,0,0
2007,5311,1926778,0.014127288780156122,186,0,0
2007,5312,266882,0.0019567999448953776,355,0,0
2007,5322,126894,0.000930396850321693,399,0,0
2007,5323,205949,0.0015100343666911151,376,0,0
2007,5331,1766627,0.012953048973893657,197,0,0
2007,5332,175329,0.001285526103441078,383,0,0
2007,5334,10122410,0.07421831120198598,83,0,0
2007,5335,733770,0.0053800597101561045,269,0,0
2007,5411,32894,0.0002411814112131525,455,0,0
2007,5413,100838,0.0007393521962641172,419,0,0
2007,5414,1446,1.0602186435648401e-05,495,0,0
2007,5415,5739,4.207880218131824e-05,486,0,0
2007,5416,3483848,0.025543849245823518,142,0,0
2007,5417,56455364,0.413935196694601,33,0,0
2007,5419,9059582,0.06642557219435989,89,0,0
2007,5513,571022,0.00418677849436848,289,0,0
2007,5514,487031,0.0035709498353667193,302,0,0
2007,5530,8294660,0.060817103554851565,94,0,0
2007,5541,2899876,0.02126212032659913,155,0,0
2007,5542,1255992,0.009209032742519298,227,0,0
2007,5543,485367,0.00355874925567867,304,0,0
2007,5621,325887,0.0023894292745187764,341,0,0
2007,5622,12448,9.126972112790546e-05,473,0,0
2007,5623,2082,1.5265388768340227e-05,493,0,0
2007,5629,361987,0.0026541173314530136,330,0,0
2007,5721,208130,0.001526025631294261,374,0,0
2007,5722,154235,0.0011308632260734655,390,0,0
2007,5723,32680,0.00023961234627730964,456,0,0
2007,5821,340990,0.002500165665761928,334,0,0
2007,5822,2134187,0.01564802798239084,179,0,0
2007,5823,95934034,0.7033959294549326,26,0,0
2007,5824,577905,0.004237245195085331,287,0,0
2007,5825,7591107,0.055658597280052305,99,0,0
2007,5826,1095100,0.008029359865614497,238,0,0
2007,5827,104674,0.0007674780518430572,417,0,0
2007,5828,3325,2.4379163138679762e-05,490,0,0
2007,5829,1556351,0.01141128870076613,210,0,0
2007,5831,1679089,0.012311213430184258,201,0,0
2007,5832,1863669,0.013664568597744411,190,0,0
2007,5833,10163567,0.07452007758312842,81,0,0
2007,5834,5068390,0.03716183658960996,121,0,0
2007,5835,117375,0.0008606027889932441,403,0,0
2007,5836,1673466,0.012269985149183116,203,0,0
2007,5837,3090551,0.022660164516514248,150,0,0
2007,5838,20838,0.00015278586510791243,467,0,0
2007,5839,2446914,0.01794096709543442,167,0,0
2007,5841,1262180,0.009254403648234232,225,0,0
2007,5842,199760,0.0014646561288970434,379,0,0
2007,5843,404622,0.0029667205255635735,320,0,0
2007,5849,1013695,0.007432491963267362,249,0,0
2007,5851,150303,0.0011020334908971381,391,0,0
2007,5852,8291723,0.060795569238419,95,0,0
2007,5911,392341,0.0028766752616519566,326,0,0
2007,5912,253611,0.0018594959226357032,361,0,0
2007,5913,281837,0.0020664511884258907,349,0,0
2007,5914,241914,0.0017737325929415265,365,0,0
2007,5921,5248925,0.03848553349705102,118,0,0
2007,5922,5029592,0.036877366583157475,122,0,0
2007,5981,1790171,0.013125675445152928,196,0,0
2007,5982,21169,0.00015521278330307123,466,0,0
2007,5983,30985313,0.2271867670767082,43,0,0
2007,5989,11827059,0.08671693257497465,73,0,0
2007,6112,1637342,0.012005121122349532,204,0,0
2007,6113,32998397,0.2419468582790739,41,0,0
2007,6114,113914825,0.8352325120568889,20,0,0
2007,6115,32231419,0.23632331488485486,42,0,0
2007,6116,184195516,1.3505361004443002,18,0,0
2007,6118,4134908,0.030317472690355507,130,0,0
2007,6121,2554625,0.018730712671623993,163,0,0
2007,6122,3203421,0.023487736288984255,146,0,0
2007,6123,2271791,0.01665695140029607,175,0,0
2007,6129,5450894,0.03996638618876712,112,0,0
2007,6130,549492,0.004028918830496066,294,0,0
2007,6210,1421817,0.01042487476581902,215,0,0
2007,6251,594530,0.00435914101077873,285,0,0
2007,6252,200570,0.0014705951129999999,378,0,0
2007,6253,104932,0.000769369728261036,416,0,0
2007,6254,687994,0.005044426455468524,277,0,0
2007,6259,2822926,0.020697916836818254,158,0,0
2007,6281,40289,0.0002954021364494042,450,0,0
2007,6282,114186,0.0008372207886175299,407,0,0
2007,6289,455824,0.0033421376416618237,312,0,0
2007,6330,13362,9.79712414613651e-05,470,0,0
2007,6341,0,0.0,501,0,0
2007,6342,950915,0.00697218403489253,255,0,0
2007,6343,863283,0.0063296592757440245,260,0,0
2007,6344,709205,0.005199947186095452,274,0,0
2007,6349,346524,0.002540741391719659,332,0,0
2007,6351,952386,0.006982969523306666,253,0,0
2007,6352,4921,3.608116144524604e-05,488,0,0
2007,6353,647560,0.0047479611675439,279,0,0
2007,6354,244352,0.001791608201883512,364,0,0
2007,6359,4129548,0.030278172746168036,131,0,0
2007,6411,1050655,0.007703485608261528,247,0,0
2007,6412,924146,0.006775911608408526,256,0,0
2007,6413,438720,0.0032167297600606266,315,0,0
2007,6415,505649,0.003707458484785047,299,0,0
2007,6416,1060365,0.007774680096705613,243,0,0
2007,6417,485639,0.0035607435812046017,303,0,0
2007,6418,3109703,0.02280058849619304,149,0,0
2007,6419,264535,0.001939591555155083,358,0,0
2007,6421,3193981,0.023418521461907826,147,0,0
2007,6422,66582,0.0004881844932630303,430,0,0
2007,6423,431424,0.0031632349106591813,318,0,0
2007,6424,594052,0.004355636276950072,286,0,0
2007,6428,2789257,0.02045105306427203,159,0,0
2007,6511,46379,0.00034005449840867025,444,0,0
2007,6512,902624,0.006618110601169227,258,0,0
2007,6513,1366267873,10.017584170527519,2,1,1
2007,6514,38134366,0.27960418944484894,38,0,0
2007,6515,730933,0.005359258601637477,270,0,0
2007,6516,14364026,0.10531817539315418,68,0,0
2007,6517,3533647,0.025908979454889118,141,0,0
2007,6518,60895,0.00044648695919696367,432,0,0
2007,6519,1096726,0.008041281826295247,237,0,0
2007,6521,681194025,4.994568500622226,4,1,1
2007,6522,1136860800,8.335553356141348,3,1,1
2007,6531,325554067,2.386988183414641,11,0,0
2007,6532,33025891,0.24214844646293404,40,0,0
2007,6534,293670998,2.1532189982980143,12,0,0
2007,6535,6813242,0.04995522954024203,105,0,0
2007,6536,1913984,0.014033482159645966,188,0,0
2007,6538,3755729,0.02753730225433702,137,0,0
2007,6539,15905991,0.11662398480342016,63,0,0
2007,6541,2070290,0.01517953012161724,180,0,0
2007,6542,2565023,0.01880695163051602,162,0,0
2007,6543,7001071,0.05133240663292627,102,0,0
2007,6544,1327528,0.009733540355839176,221,0,0
2007,6545,9209610,0.06752558936349368,88,0,0
2007,6546,0,0.0,502,0,0
2007,6549,1803313,0.013222033629203614,194,0,0
2007,6551,57550631,0.4219657810174318,32,0,0
2007,6552,9276589,0.06801668469217508,87,0,0
2007,6553,109817,0.0008051869348572616,413,0,0
2007,6560,5361102,0.03930802413867739,114,0,0
2007,6571,7353274,0.05391478690207888,100,0,0
2007,6572,13374909,0.0980658912709763,70,0,0
2007,6573,8376406,0.061416471696185256,92,0,0
2007,6574,16652572,0.12209797577943178,59,0,0
2007,6575,3570934,0.026182370689761883,140,0,0
2007,6576,33296,0.00024412890702721243,453,0,0
2007,6577,22509603,0.16504219059365874,48,0,0
2007,6579,14214,0.00010421817288817869,469,0,0
2007,6581,15297691,0.11216388106289116,66,0,0
2007,6582,61258794,0.44915432559542157,31,0,0
2007,6583,26684202,0.19565068083713827,45,0,0
2007,6584,2561289039,18.779573932960393,1,1,1
2007,6589,68274761,0.5005959508792092,29,0,0
2007,6591,235775,0.0017287209591044274,366,0,0
2007,6592,213527430,1.5656000152039167,17,0,0
2007,6593,1174404,0.008610823069689643,231,0,0
2007,6594,1825437,0.013384248548084862,192,0,0
2007,6595,1976069,0.014488694293018878,184,0,0
2007,6596,271909,0.001993658306729406,353,0,0
2007,6597,25171,0.00018455576401916037,462,0,0
2007,6611,30210,0.0002215021108028618,457,0,0
2007,6612,236108054,1.7311629373901385,14,0,0
2007,6613,9638448,0.07066986351749824,85,0,0
2007,6618,440161,0.0032272952861005784,314,0,0
2007,6623,657743,0.004822623729420945,278,0,0
2007,6624,1232584,0.009037403434022994,228,0,0
2007,6631,116526,0.000854377853803849,404,0,0
2007,6632,327658,0.0024024143866747468,339,0,0
2007,6633,15090905,0.11064770974596033,67,0,0
2007,6635,751195,0.005507821189161065,267,0,0
2007,6637,56210,0.00041213616842862837,436,0,0
2007,6638,81210,0.0005954381469149423,426,0,0
2007,6639,2452351,0.017980831609715624,166,0,0
2007,6641,392428,0.002877313152537089,325,0,0
2007,6642,321956,0.002360606871421588,342,0,0
2007,6643,2347848,0.01721460734340541,171,0,0
2007,6644,2481873,0.018197289250070543,165,0,0
2007,6645,213356,0.0015643430768770403,373,0,0
2007,6646,0,0.0,503,0,0
2007,6647,22182,0.00016264017947133666,465,0,0
2007,6648,106381,0.0007799939109341027,414,0,0
2007,6649,2363178,0.01732700811661322,170,0,0
2007,6651,9803146,0.07187744228760781,84,0,0
2007,6652,1566473,0.011485504005815668,208,0,0
2007,6658,461759,0.003385653531354474,309,0,0
2007,6664,1791812,0.013137707387020772,195,0,0
2007,6665,705424,0.005172224594869182,275,0,0
2007,6666,115245,0.0008449854604262103,406,0,0
2007,6671,8607,6.310720515326818e-05,482,0,0
2007,6672,60037,0.0004401960352953133,433,0,0
2007,6673,6858305,0.05028563502250319,104,0,0
2007,6674,198995,0.001459047088355362,380,0,0
2007,6712,0,0.0,504,0,0
2007,6713,608424,0.004461012918342284,284,0,0
2007,6716,110904,0.0008131569048818466,411,0,0
2007,6724,1261245,0.009247548154238843,226,0,0
2007,6725,62948,0.00046153971767025966,431,0,0
2007,6727,225798,0.0016555688055301088,370,0,0
2007,6731,165859,0.0012160913139904622,386,0,0
2007,6732,2188294,0.016044744788389197,178,0,0
2007,6733,4466016,0.032745182750061365,129,0,0
2007,6741,2163,1.5859287178635888e-05,492,0,0
2007,6744,70225,0.000514895257568056,428,0,0
2007,6745,57385,0.0004207513614174851,435,0,0
2007,6746,123130,0.0009027989044407935,400,0,0
2007,6747,0,0.0,505,0,0
2007,6749,296854,0.00217655702086305,346,0,0
2007,6750,49002,0.0003592865419914543,440,0,0
2007,6760,1069867,0.00784434951268869,241,0,0
2007,6770,864738,0.006340327450891928,259,0,0
2007,6781,1560955,0.01144504559312417,209,0,0
2007,6782,11325385,0.08303861910476892,78,0,0
2007,6783,39379543,0.28873392575147505,37,0,0
2007,6784,1854280,0.013595727706704091,191,0,0
2007,6785,1990728,0.014596175241124115,183,0,0
2007,6793,442699,0.0032459041029565083,313,0,0
2007,6794,564160,0.004136465767313556,292,0,0
2007,6911,11299760,0.08285073457682046,79,0,0
2007,6912,132963,0.0009748952386190306,396,0,0
2007,6921,232413,0.0017040705090375875,367,0,0
2007,6924,4587663,0.033637108181138346,128,0,0
2007,6931,1633385,0.011976108085194719,205,0,0
2007,6932,33041,0.00024225922684665202,454,0,0
2007,6935,342069,0.002508076979153398,333,0,0
2007,6940,1675149,0.012282325038374814,202,0,0
2007,6951,367879,0.002697317941742668,329,0,0
2007,6953,6762089,0.049580171696021615,106,0,0
2007,6954,3914665,0.028702633584445053,134,0,0
2007,6960,51118456,0.37480456487862357,34,0,0
2007,6973,1346726,0.009874301611158386,218,0,0
2007,6974,20203948,0.14813694566538424,55,0,0
2007,6975,2484654,0.01821767976215736,164,0,0
2007,6978,25455,0.00018663807449476491,461,0,0
2007,6991,534180,0.003916650034712768,297,0,0
2007,6992,229199,0.0016805052066833873,368,0,0
2007,6993,496644,0.003641433112134277,301,0,0
2007,6994,5698026,0.04177837757065831,111,0,0
2007,6996,1620824,0.011884009839124056,206,0,0
2007,6997,1811934,0.013285243483464833,193,0,0
2007,6998,5348530,0.039215845239736195,115,0,0
2007,6999,157522,0.001154963770204846,388,0,0
2007,7111,138648,0.0010165781085268184,395,0,0
2007,7112,11652,8.543338613290121e-05,475,0,0
2007,7119,397787,0.002916605764645415,324,0,0
2007,7126,148801,0.0010910207080296803,393,0,0
2007,7129,1304824,0.009567072831057045,223,0,0
2007,7131,21239871,0.15573241508376337,51,0,0
2007,7132,499939,0.003665592312898773,300,0,0
2007,7133,403829,0.0029609061868059875,322,0,0
2007,7138,979791,0.0071839051521233625,252,0,0
2007,7139,1094551,0.008025334554166938,239,0,0
2007,7144,1737364,0.012738490342035856,198,0,0
2007,7148,10954505,0.08031929759352875,80,0,0
2007,7149,3006512,0.022043983917713793,154,0,0
2007,7161,712531,0.005224333681313272,273,0,0
2007,7162,3707516,0.0271838007227866,138,0,0
2007,7163,47267,0.00034656538468450415,442,0,0
2007,7169,1335051,0.009788699587205279,220,0,0
2007,7187,0,0.0,506,0,0
2007,7188,1432365,0.010502213536581966,214,0,0
2007,7211,1162128,0.008520814466173723,232,0,0
2007,7212,456274,0.0033454370772745775,311,0,0
2007,7213,88903,0.0006518438317347509,422,0,0
2007,7219,1052101,0.0077140877946971775,246,0,0
2007,7223,326286,0.0023923547740954177,340,0,0
2007,7224,6294255,0.046149975783894966,108,0,0
2007,7233,28149,0.00020639069569645008,458,0,0
2007,7234,4710453,0.034537414178671726,125,0,0
2007,7239,11543884,0.08464067106466018,76,0,0
2007,7243,274907,0.002015639879989485,351,0,0
2007,7244,2306988,0.01691501858976738,173,0,0
2007,7245,3037556,0.02227160098251896,152,0,0
2007,7246,1279846,0.0093839321583118,224,0,0
2007,7247,8016838,0.05878009066417058,96,0,0
2007,7248,106253,0.0007790554048042528,415,0,0
2007,7251,50719,0.0003718757218738944,439,0,0
2007,7252,262262,0.0019229257392711072,360,0,0
2007,7259,274764,0.002014591392672543,352,0,0
2007,7263,327916,0.002404306063092725,338,0,0
2007,7264,112050,0.0008215594675756593,409,0,0
2007,7267,39459,0.00028931651076365855,452,0,0
2007,7268,4605997,0.03377153452008107,127,0,0
2007,7269,11914,8.735439086743779e-05,474,0,0
2007,7271,400044,0.00293315426726316,323,0,0
2007,7272,3572776,0.026195876379536756,139,0,0
2007,7281,616747,0.004522037813019948,282,0,0
2007,7283,217653,0.001595849020939268,372,0,0
2007,7284,5791259,0.04246196930506689,110,0,0
2007,7361,1734685,0.012718847702021264,199,0,0
2007,7362,296001,0.002170302757357097,347,0,0
2007,7367,69698,0.0005110312518615645,429,0,0
2007,7368,228372,0.0016744415772350597,369,0,0
2007,7369,435077,0.0031900189957556014,317,0,0
2007,7371,269970,0.0019794414052780075,354,0,0
2007,7372,154991,0.0011364062779028916,389,0,0
2007,7373,113901,0.0008351311460627859,408,0,0
2007,7411,0,0.0,507,0,0
2007,7412,85613,0.000627721291365952,425,0,0
2007,7413,1018234,0.007465772270481338,248,0,0
2007,7414,951067,0.006973298510921728,254,0,0
2007,7415,1730025,0.012684680213231414,200,0,0
2007,7416,436295,0.0031989494681474544,316,0,0
2007,7421,144066,0.0010563033133043724,394,0,0
2007,7422,159466,0.0011692173320519417,387,0,0
2007,7423,11242,8.242723368572568e-05,477,0,0
2007,7428,3179097,0.023309390795996213,148,0,0
2007,7429,1136642,0.008333949097225636,233,0,0
2007,7431,1132448,0.008303198357314771,235,0,0
2007,7432,1219218,0.00893940286424507,230,0,0
2007,7433,997,7.310082902034201e-06,498,0,0
2007,7434,15820980,0.11600067742369616,64,0,0
2007,7435,609802,0.00447111652339645,283,0,0
2007,7436,29052788,0.21301734083773766,44,0,0
2007,7439,294634,0.0021602798051734654,348,0,0
2007,7441,3318452,0.024331152684474625,143,0,0
2007,7442,5183548,0.03800618415915104,120,0,0
2007,7449,862054,0.006320648150481637,261,0,0
2007,7451,3303398,0.024220775565109307,144,0,0
2007,7452,2308208,0.016923963726317513,172,0,0
2007,7491,475552,0.0034867848989249437,306,0,0
2007,7492,1305534,0.009572278607246057,222,0,0
2007,7493,824538,0.0060455778694859345,264,0,0
2007,7499,855912,0.006275614520407119,262,0,0
2007,7511,1547,1.1342726428733109e-05,494,0,0
2007,7512,46187,0.00033864673921389535,445,0,0
2007,7518,473951,0.0034750462402226797,307,0,0
2007,7521,0,0.0,508,0,0
2007,7522,7291,5.345818900574861e-05,484,0,0
2007,7523,696837,0.005109264031298703,276,0,0
2007,7524,110576,0.0008107519829241062,412,0,0
2007,7525,1996878,0.014641267527831748,182,0,0
2007,7528,333814,0.0024475506658572167,337,0,0
2007,7591,998078,0.0073179868833465325,250,0,0
2007,7599,2619531,0.019206608600249305,161,0,0
2007,7611,549335,0.004027767694071172,295,0,0
2007,7621,46764,0.00034287734887735946,443,0,0
2007,7622,25032,0.00018353660501877646,464,0,0
2007,7628,171987,0.0012610222949570274,384,0,0
2007,7631,1043,7.64735854244902e-06,497,0,0
2007,7638,314926,0.002309062355071237,345,0,0
2007,7641,34240751,0.25105589612628937,39,0,0
2007,7642,206099,0.0015111341785620331,375,0,0
2007,7643,21198766,0.15543102997073618,52,0,0
2007,7648,8469593,0.06209972615495342,91,0,0
2007,7649,428696,0.0031432329987667543,319,0,0
2007,7711,1337696,0.009808092936529131,219,0,0
2007,7712,3831902,0.02809580871862654,136,0,0
2007,7721,3961274,0.0290443744610558,133,0,0
2007,7722,130111,0.000953984148913312,398,0,0
2007,7723,12620,9.25308387398913e-05,472,0,0
2007,7731,2383106,0.01747312178970423,169,0,0
2007,7732,2047315,0.015011075603388315,181,0,0
2007,7741,9436512,0.06918925278439375,86,0,0
2007,7742,745382,0.0054651998131234275,268,0,0
2007,7751,903849,0.006627092398115056,257,0,0
2007,7752,4863179,0.03565721329732376,124,0,0
2007,7753,10699,7.844591471300293e-05,478,0,0
2007,7754,88404,0.0006481851242441641,423,0,0
2007,7757,6884097,0.050474744007667945,103,0,0
2007,7758,5231973,0.038361240091479024,119,0,0
2007,7761,0,0.0,509,0,0
2007,7762,121577,0.0008914121855372238,402,0,0
2007,7763,111481,0.0008173875145453107,410,0,0
2007,7764,8371543,0.0613808157953301,93,0,0
2007,7768,193121,0.0014159784554902178,381,0,0
2007,7781,2888480,0.021178563952725927,156,0,0
2007,7782,404312,0.002964447581030343,321,0,0
2007,7783,729780,0.005350804714389689,272,0,0
2007,7784,51202,0.00037541711609824995,438,0,0
2007,7788,1435033,0.010521775523726025,213,0,0
2007,7810,1383039,0.010140551400949329,217,0,0
2007,7821,1062455,0.007790004142107069,242,0,0
2007,7822,7998086,0.05864259951614756,97,0,0
2007,7831,104035,0.000762792853272947,418,0,0
2007,7832,5338598,0.039143023029723154,116,0,0
2007,7841,25112,0.00018412317134993268,463,0,0
2007,7842,45730,0.00033529597904716554,446,0,0
2007,7849,20442911,0.14988904129278527,54,0,0
2007,7851,1597389,0.011712182564490983,207,0,0
2007,7852,337866,0.002477260250530278,335,0,0
2007,7853,2246630,0.016472468957068304,177,0,0
2007,7861,730901,0.005359023975105015,271,0,0
2007,7868,1408725,0.010328883185725305,216,0,0
2007,7911,0,0.0,510,0,0
2007,7912,0,0.0,511,0,0
2007,7913,0,0.0,512,0,0
2007,7914,0,0.0,513,0,0
2007,7915,0,0.0,514,0,0
2007,7919,981375,0.007195519165480255,251,0,0
2007,7921,4680308,0.03431638865301293,126,0,0
2007,7922,382063,0.002801316152256663,328,0,0
2007,7923,5256452,0.03854072205673369,117,0,0
2007,7924,25618460,0.18783657615089983,46,0,0
2007,7928,622370,0.004563266094021089,281,0,0
2007,7929,11675284,0.08560410626358424,75,0,0
2007,7931,12692518,0.09306254645492612,71,0,0
2007,7932,131065,0.0009609789524123496,397,0,0
2007,7933,121865,0.0008935238243293862,401,0,0
2007,7938,361160060,2.6480541419294346,9,0,1
2007,8121,221759,0.0016259545378858602,371,0,0
2007,8122,6469241,0.04743298698419122,107,0,0
2007,8124,764054,0.0056021043948152865,265,0,0
2007,8211,1135755,0.008327445543028942,234,0,0
2007,8212,21822262,0.1600025519858683,50,0,0
2007,8219,10148360,0.07440857865565478,82,0,0
2007,8310,11684668,0.08567291049422886,74,0,0
2007,8421,4084650,0.029948977056964896,132,0,0
2007,8422,14038954,0.10293472176313406,69,0,0
2007,8423,606828510,4.449314659396078,6,0,1
2007,8424,48257484,0.35382769175886564,35,0,0
2007,8429,72472147,0.5313715172100394,28,0,0
2007,8431,16047885,0.11766436284083365,62,0,0
2007,8432,18664062,0.1368463796476492,56,0,0
2007,8433,8500902,0.06232928622073054,90,0,0
2007,8434,18180737,0.1333026024975733,57,0,0
2007,8435,16365726,0.11999479820659638,60,0,0
2007,8439,289963487,2.1260352342356232,13,0,0
2007,8441,110678634,0.8115045035345048,21,0,0
2007,8442,62535218,0.4585131673789182,30,0,0
2007,8443,21963173,0.16103572258948767,49,0,0
2007,8451,73815479,0.5412209337445985,27,0,0
2007,8452,103037077,0.7554760028618671,22,0,0
2007,8459,422393394,3.097021792789966,8,0,1
2007,8461,5434625,0.039847100593247364,113,0,0
2007,8462,642366174,4.709879624275353,5,1,1
2007,8463,341656384,2.505051645987193,10,0,1
2007,8464,42654706,0.3127476800620819,36,0,0
2007,8465,279185,0.002047006514548063,350,0,0
2007,8471,1954149,0.014327975118282078,185,0,0
2007,8472,131125283,0.9614209521391134,19,0,0
2007,8481,558854964,4.097568823523911,7,0,1
2007,8482,2851333,0.020906199208932684,157,0,0
2007,8483,535971,0.003929781788451527,296,0,0
2007,8484,1473010,0.010800225893205015,212,0,0
2007,8510,102946308,0.7548104773704581,23,0,0
2007,8710,751907,0.005513041629508356,266,0,0
2007,8720,218635893,1.6030556702008818,16,0,0
2007,8731,459712,0.0033706447653560146,310,0,0
2007,8732,10428,7.64589212662113e-05,479,0,0
2007,8741,1904971,0.013967398130362081,189,0,0
2007,8742,265858,0.0019492918958565783,357,0,0
2007,8743,475747,0.003488214654357137,305,0,0
2007,8744,264267,0.0019376265579457096,359,0,0
2007,8745,1221497,0.008956112672603883,229,0,0
2007,8748,3261236,0.023911640444431705,145,0,0
2007,8749,1924816,0.014112903240884517,187,0,0
2007,8811,27265,0.00019990913773717403,460,0,0
2007,8812,1208,8.857151600458691e-06,496,0,0
2007,8813,564276,0.004137316288493732,291,0,0
2007,8821,1056609,0.007747140807457829,245,0,0
2007,8822,637930,0.004677353245430972,280,0,0
2007,8830,28126,0.0002062220578762427,459,0,0
2007,8841,251127,0.0018412830380533027,362,0,0
2007,8842,575902,0.004222559040569008,288,0,0
2007,8851,47419,0.00034767986071370093,441,0,0
2007,8852,205622,0.0015076367768125142,377,0,0
2007,8921,2437263,0.017870205199659563,168,0,0
2007,8922,115623,0.0008477569863409233,405,0,0
2007,8924,88353,0.000647811188208052,424,0,0
2007,8928,7223330,0.05296202721038186,101,0,0
2007,8931,15478731,0.11349128067029766,65,0,0
2007,8932,354666,0.0026004391800730814,331,0,0
2007,8933,2465,1.8073575078750558e-05,491,0,0
2007,8935,565177,0.004143922491798379,290,0,0
2007,8939,16108324,0.118107506371943,61,0,0
2007,8941,0,0.0,515,0,0
2007,8942,1501019,0.011005590097821942,211,0,0
2007,8946,99863,0.0007322034191031509,420,0,0
2007,8947,220675602,1.6180109780103356,15,0,0
2007,8951,40224,0.00029492555130533973,451,0,0
2007,8952,3860785,0.02830758116041135,135,0,0
2007,8959,387992,0.0028447880494744775,327,0,0
2007,8960,166525,0.0012209744786973375,385,0,0
2007,8972,467473,0.003427549031557306,308,0,0
2007,8973,96314882,0.7061883371310348,25,0,0
2007,8974,3062027,0.022451024291140504,151,0,0
2007,8981,94691,0.0006942819057939023,421,0,0
2007,8982,1056989,0.007749926997530821,244,0,0
2007,8983,11433856,0.08383393706110448,77,0,0
2007,8989,2258580,0.016560087302784764,176,0,0
2007,8991,20787889,0.15241844729015533,53,0,0
2007,8993,23095531,0.16933826105967992,47,0,0
2007,8994,266359,0.0019529652675054443,356,0,0
2007,8996,833171,0.006108875708696828,263,0,0
2007,8997,1079331,0.00791374030966447,240,0,0
2007,8998,320993,0.0023535460792102956,343,0,0
2007,8999,335368,0.0024589447168399258,336,0,0
2008,5111,79744,0.0005446442438503324,433,0,0
2008,5112,1624694,0.011096511776662469,232,0,0
2008,5113,6619,4.520716605694912e-05,487,0,0
2008,5114,19840,0.0001355053897219928,470,0,0
2008,5121,159865736,1.0918683901145774,21,0,0
2008,5122,0,0.0,502,0,0
2008,5123,0,0.0,503,0,0
2008,5137,3226154,0.022034337453284574,161,0,0
2008,5138,10498999,0.07170720520089782,91,0,0
2008,5139,374081,0.002554939097408911,352,0,0
2008,5145,49577,0.0003386063864035906,450,0,0
2008,5146,102017,0.0006967668015760353,426,0,0
2008,5147,13054,8.915762890276683e-05,480,0,0
2008,5148,67419,0.00046046561843079807,442,0,0
2008,5154,1239,8.462256948868401e-06,498,0,0
2008,5155,3880262,0.026501835409951578,154,0,0
2008,5156,48530,0.00033145547193590277,451,0,0
2008,5157,1278665,0.008733165279681045,256,0,0
2008,5161,0,0.0,504,0,0
2008,5162,11781,8.046315505618938e-05,482,0,0
2008,5163,4501,3.074141931142589e-05,493,0,0
2008,5169,28127870,0.192110785604816,47,0,0
2008,5221,786599,0.005372399397677914,288,0,0
2008,5222,3891238,0.026576800488459066,153,0,0
2008,5223,19372,0.00013230899242411514,472,0,0
2008,5224,2078596,0.014196621020895936,208,0,0
2008,5225,161613,0.001103802043807481,401,0,0
2008,5231,2271870,0.015516664805831845,194,0,0
2008,5232,5543597,0.03786226169086039,129,0,0
2008,5233,92039,0.0006286179720071823,431,0,0
2008,5239,266957,0.0018232919518152233,373,0,0
2008,5241,35362,0.00024151923343493495,464,0,0
2008,5249,4860510,0.033196839808348956,135,0,0
2008,5311,4628342,0.03161115355225139,140,0,0
2008,5312,566809,0.003871253752163963,305,0,0
2008,5322,250899,0.0017136172770089858,375,0,0
2008,5323,193635,0.001322509381996879,393,0,0
2008,5331,2241797,0.01531126895980818,198,0,0
2008,5332,820853,0.005606351092211036,286,0,0
2008,5334,11828340,0.08078648293670547,83,0,0
2008,5335,1023353,0.0069894076153311745,276,0,0
2008,5411,111407,0.0007608996447962728,422,0,0
2008,5413,199127,0.0013600192408856483,392,0,0
2008,5414,15092,0.00010307698294779816,475,0,0
2008,5415,20416,0.00013943941716553456,469,0,0
2008,5416,3707203,0.025319858230521214,156,0,0
2008,5417,60628396,0.41408641271165875,31,0,0
2008,5419,12430633,0.08490008917117262,79,0,0
2008,5513,1301974,0.008892363622878117,254,0,0
2008,5514,545606,0.003726439196807339,308,0,0
2008,5530,10923768,0.07460833871333841,88,0,0
2008,5541,12834388,0.08765769898101149,76,0,0
2008,5542,2366686,0.016164249434454853,187,0,0
2008,5543,411754,0.002812242249979306,340,0,0
2008,5621,590639,0.004034010477822989,302,0,0
2008,5622,86572,0.0005912788608373166,432,0,0
2008,5623,53752,0.00036712125546051194,448,0,0
2008,5629,658953,0.0045005888645905405,298,0,0
2008,5721,58250,0.0003978421850456694,445,0,0
2008,5722,539447,0.003684373788778219,310,0,0
2008,5723,0,0.0,505,0,0
2008,5821,231519,0.0015812536453148215,382,0,0
2008,5822,2479624,0.01693560566955679,182,0,0
2008,5823,191183574,1.3057663660944279,18,0,0
2008,5824,645735,0.0044103111306517655,299,0,0
2008,5825,6254071,0.042714734284476474,120,0,0
2008,5826,1206412,0.008239683882323023,266,0,0
2008,5827,245605,0.0016774597400539336,377,0,0
2008,5828,7791,5.321181911915554e-05,485,0,0
2008,5829,1690156,0.011543611263657483,229,0,0
2008,5831,4502307,0.030750346002170175,144,0,0
2008,5832,5153704,0.03519932807619925,132,0,0
2008,5833,5813270,0.03970410367485731,123,0,0
2008,5834,6952761,0.0474867232333101,116,0,0
2008,5835,130230,0.0008894590173132621,414,0,0
2008,5836,2279880,0.015571372374968598,193,0,0
2008,5837,2452861,0.016752816821515977,184,0,0
2008,5838,44525,0.0003041016873675267,455,0,0
2008,5839,2853544,0.01948944515165596,173,0,0
2008,5841,1540828,0.010523714648919292,240,0,0
2008,5842,214114,0.0014623790834140508,389,0,0
2008,5843,418147,0.002855905856657365,339,0,0
2008,5849,1136321,0.007760968747695795,270,0,0
2008,5851,51133,0.00034923372442815815,449,0,0
2008,5852,11725457,0.0800838014341466,84,0,0
2008,5911,247465,0.0016901633703403705,376,0,0
2008,5912,301409,0.0020585959682820633,361,0,0
2008,5913,1003644,0.006854796943656238,277,0,0
2008,5914,447852,0.0030587882962587664,330,0,0
2008,5921,7040553,0.04808633458282992,115,0,0
2008,5922,6273160,0.0428451104127226,119,0,0
2008,5981,1363630,0.00931346847714723,252,0,0
2008,5982,190385,0.0013003121785393952,395,0,0
2008,5983,53107265,0.36271777423861634,35,0,0
2008,5989,10732131,0.0732994754890363,89,0,0
2008,6112,237665,0.001623230264530112,380,0,0
2008,6113,25664428,0.17528570151875122,52,0,0
2008,6114,101519735,0.693370526998409,24,0,0
2008,6115,39071401,0.26685410380490215,40,0,0
2008,6116,216257523,1.4770191499207572,17,0,0
2008,6118,6156095,0.04204556714418404,121,0,0
2008,6121,1739578,0.011881159014203871,227,0,0
2008,6122,5451698,0.037234599906079066,130,0,0
2008,6123,2819453,0.01925660673225009,175,0,0
2008,6129,3136256,0.021420342315924306,163,0,0
2008,6130,396732,0.002709643360644438,345,0,0
2008,6210,432374,0.0029530749685310947,332,0,0
2008,6251,982896,0.006713089996783661,278,0,0
2008,6252,423171,0.002890219318248257,338,0,0
2008,6253,99072,0.000676652720289177,427,0,0
2008,6254,566547,0.003869464316069852,306,0,0
2008,6259,2028427,0.013853971328508706,211,0,0
2008,6281,35831,0.00024472246064156873,463,0,0
2008,6282,95288,0.0006508083455559097,430,0,0
2008,6289,472255,0.003225458559635066,323,0,0
2008,6330,4363044,0.02979919241906262,146,0,0
2008,6341,1054,7.198723828980868e-06,499,0,0
2008,6342,2017105,0.013776643101571588,212,0,0
2008,6343,134587,0.0009192169297638027,411,0,0
2008,6344,1207981,0.008250400009161421,265,0,0
2008,6349,852117,0.005819881359563273,283,0,0
2008,6351,515103,0.003518106490018531,315,0,0
2008,6352,7170,4.8970445781587114e-05,486,0,0
2008,6353,618057,0.0042212729160990775,301,0,0
2008,6354,236582,0.0016158334733472027,381,0,0
2008,6359,2972371,0.020301022719422857,170,0,0
2008,6411,488831,0.003338671127176989,321,0,0
2008,6412,3402129,0.023236230646647867,159,0,0
2008,6413,565082,0.0038594584997420937,307,0,0
2008,6415,2283721,0.015597606054500964,192,0,0
2008,6416,7724466,0.05275739796997393,106,0,0
2008,6417,1065175,0.00727504805933083,273,0,0
2008,6418,10952621,0.07480540207067957,87,0,0
2008,6419,135579,0.0009259921992499023,410,0,0
2008,6421,4712876,0.03218851305904368,137,0,0
2008,6422,116014,0.0007923650344358505,418,0,0
2008,6423,384691,0.00262740442931165,349,0,0
2008,6424,1212022,0.008277999670445018,264,0,0
2008,6428,3090652,0.021108871157008897,166,0,0
2008,6511,102062,0.000697074147470062,425,0,0
2008,6512,74225,0.0005069499774251469,439,0,0
2008,6513,1216758581,8.310350086491127,3,1,1
2008,6514,21850500,0.14923692127623003,57,0,0
2008,6515,452515,0.0030906361607886883,329,0,0
2008,6516,9339800,0.06378998180067885,96,0,0
2008,6517,2246019,0.01534010483457664,196,0,0
2008,6518,36000,0.0002458767152213579,462,0,0
2008,6519,2312728,0.015795721217790576,190,0,0
2008,6521,682479292,4.661271292321055,4,1,1
2008,6522,1425803019,9.738104524011538,2,1,1
2008,6531,267157268,1.824659763982,12,0,0
2008,6532,26269670,0.17941944915414026,49,0,0
2008,6534,232207009,1.5859526840082305,15,0,0
2008,6535,5724554,0.03909818148964682,124,0,0
2008,6536,1810525,0.012365720550726362,220,0,0
2008,6538,7713791,0.05268448869400205,108,0,0
2008,6539,17775465,0.12140480404811708,65,0,0
2008,6541,2103238,0.014364923632464955,207,0,0
2008,6542,2895730,0.019777571682442853,172,0,0
2008,6543,7701606,0.052601266255808375,109,0,0
2008,6544,1478444,0.010097637621075703,245,0,0
2008,6545,4645614,0.0317291197362876,139,0,0
2008,6546,96933,0.0006620435454597746,428,0,0
2008,6549,1968397,0.013443971905877091,215,0,0
2008,6551,61365319,0.41911952956196624,30,0,0
2008,6552,9709563,0.06631542935207871,93,0,0
2008,6553,114333,0.0007808839578167643,419,0,0
2008,6560,4455891,0.03043332895734477,145,0,0
2008,6571,8324820,0.05685776101136291,103,0,0
2008,6572,13884427,0.09482936954140925,74,0,0
2008,6573,5667731,0.03871008558439617,125,0,0
2008,6574,16980438,0.11597484217944233,68,0,0
2008,6575,1924514,0.01314425501993101,216,0,0
2008,6576,4812,3.2865520934588175e-05,492,0,0
2008,6577,26244805,0.17924962347291862,50,0,0
2008,6579,5929,4.049452901520642e-05,490,0,0
2008,6581,19324915,0.1319874061703319,59,0,0
2008,6582,54600778,0.3729183317547385,33,0,0
2008,6583,26221650,0.17909147693566999,51,0,0
2008,6584,2550842463,17.42202127359995,1,1,1
2008,6589,69188937,0.4725541266449298,27,0,0
2008,6591,220698,0.0015073472026645347,388,0,0
2008,6592,190929891,1.3040337343514419,19,0,0
2008,6593,1550938,0.010592765026443957,239,0,0
2008,6594,2331719,0.015925428014978597,189,0,0
2008,6595,1682439,0.011490904857786284,230,0,0
2008,6596,158006,0.001079166562924052,402,0,0
2008,6597,24287,0.00016587799396058667,466,0,0
2008,6611,2154,1.4711623460744582e-05,496,0,0
2008,6612,567955252,3.8790825487355156,8,0,1
2008,6613,12517367,0.08549247447722842,78,0,0
2008,6618,369881,0.0025262534806330854,353,0,0
2008,6623,430076,0.0029373798382094645,333,0,0
2008,6624,1391340,0.009502725248780115,250,0,0
2008,6631,140380,0.0009587825911881729,409,0,0
2008,6632,48474,0.00033107299704555844,452,0,0
2008,6633,16116438,0.11007380101412975,70,0,0
2008,6635,222074,0.0015167451571129955,386,0,0
2008,6637,79246,0.0005412429492897702,434,0,0
2008,6638,68836,0.00047014359913826094,441,0,0
2008,6639,2154276,0.01471350851556128,205,0,0
2008,6641,277656,0.00189636514559726,367,0,0
2008,6642,403549,0.0027562028486351046,341,0,0
2008,6643,3120972,0.02131595399049533,164,0,0
2008,6644,3184402,0.02174917510289785,162,0,0
2008,6645,112925,0.0007712674462881068,421,0,0
2008,6646,992,6.7752694860996405e-06,501,0,0
2008,6647,13287,9.074899764294953e-05,478,0,0
2008,6648,141212,0.0009644650752732888,408,0,0
2008,6649,2984464,0.020383616806010967,169,0,0
2008,6651,9138374,0.06241426059956282,98,0,0
2008,6652,1802977,0.01231416839943495,223,0,0
2008,6658,1035181,0.007070191776098903,275,0,0
2008,6664,1240070,0.00846956495123748,260,0,0
2008,6665,486775,0.0033246288347743473,322,0,0
2008,6666,168822,0.001153038856030558,399,0,0
2008,6671,18735,0.00012795834054644834,473,0,0
2008,6672,14646,0.00010003084364255577,476,0,0
2008,6673,4339162,0.029636080538148278,147,0,0
2008,6674,428918,0.0029294708038698444,334,0,0
2008,6712,342506,0.0023392847284335115,354,0,0
2008,6713,18278663,0.12484160047439366,64,0,0
2008,6716,273396,0.001867269734296066,371,0,0
2008,6724,816428,0.0055761287459650775,287,0,0
2008,6725,8504,5.808154406228966e-05,484,0,0
2008,6727,1783974,0.012184379643341854,224,0,0
2008,6731,240650,0.0016436175421672163,379,0,0
2008,6732,307904,0.0021029562256532496,358,0,0
2008,6733,7433261,0.050768494390639615,113,0,0
2008,6741,13222,9.030505357379984e-05,479,0,0
2008,6744,20685,0.00014127666262093855,468,0,0
2008,6745,77160,0.0005269957596244438,436,0,0
2008,6746,54437,0.0003717997429584739,447,0,0
2008,6747,1346976,0.009199723176722328,253,0,0
2008,6749,375080,0.0025617621762563034,351,0,0
2008,6750,134177,0.0009164166671737817,412,0,0
2008,6760,2260596,0.015439664414515024,195,0,0
2008,6770,536358,0.0036632762006304745,312,0,0
2008,6781,1230555,0.008404578369422724,262,0,0
2008,6782,8941642,0.06107059899014814,99,0,0
2008,6783,53233264,0.36357833591198235,34,0,0
2008,6784,2542681,0.017366279225993268,181,0,0
2008,6785,2776453,0.01896292065573569,178,0,0
2008,6793,284955,0.0019462166496083903,366,0,0
2008,6794,1369145,0.00935113542393739,251,0,0
2008,6911,29679998,0.2027116782226798,44,0,0
2008,6912,296488,0.0020249859872930546,363,0,0
2008,6921,432805,0.0029560186592049948,331,0,0
2008,6924,7537457,0.0514801435633953,112,0,0
2008,6931,1458227,0.00995955735575264,246,0,0
2008,6932,71244,0.00048659001942306734,440,0,0
2008,6935,230248,0.0015725728312857559,383,0,0
2008,6940,1159453,0.007918958197043031,268,0,0
2008,6951,978479,0.0066829222898077524,279,0,0
2008,6953,7399306,0.05053658483882459,114,0,0
2008,6954,2470668,0.01687443700673672,183,0,0
2008,6960,50069482,0.3419699935276363,38,0,0
2008,6973,1520113,0.010382233089035669,241,0,0
2008,6974,29399915,0.20079873688853134,45,0,0
2008,6975,2074798,0.01417068102744008,209,0,0
2008,6978,10137952,0.06924128713421655,92,0,0
2008,6991,523643,0.0035764339107960427,314,0,0
2008,6992,126656,0.0008650489234187863,415,0,0
2008,6993,428629,0.0029274969602393177,335,0,0
2008,6994,1613942,0.011023076597716357,233,0,0
2008,6996,1808739,0.01235352233368788,221,0,0
2008,6997,1571718,0.010734690530396728,238,0,0
2008,6998,2374908,0.016220404944247906,186,0,0
2008,6999,145567,0.000994209327906317,407,0,0
2008,7111,2749449,0.01877848579968465,179,0,0
2008,7112,310565,0.0021211306128533615,357,0,0
2008,7119,1728837,0.011807798964254077,228,0,0
2008,7126,1166160,0.007964766395070521,267,0,0
2008,7129,1987316,0.01357318694963467,214,0,0
2008,7131,1992110,0.013605929532211649,213,0,0
2008,7132,1489963,0.01017631134003778,244,0,0
2008,7133,175711,0.0012000900974516674,398,0,0
2008,7138,3060329,0.020901767833796197,167,0,0
2008,7139,1245846,0.008509014504212997,259,0,0
2008,7144,167437,0.0011435794324032918,400,0,0
2008,7148,15363950,0.10493437663403284,73,0,0
2008,7149,11705914,0.07995032452732519,85,0,0
2008,7161,7646700,0.05222626328564326,110,0,0
2008,7162,7581327,0.05177977166052755,111,0,0
2008,7163,16450,0.00011235199903864827,474,0,0
2008,7169,203920,0.0013927549935538696,391,0,0
2008,7187,0,0.0,506,0,0
2008,7188,403096,0.002753108899968569,342,0,0
2008,7211,1920548,0.013117167601804126,217,0,0
2008,7212,1416165,0.00967227773365151,248,0,0
2008,7213,40478,0.00027646104663139236,457,0,0
2008,7219,463436,0.0031652255943145895,326,0,0
2008,7223,6365,4.3472369232887314e-05,488,0,0
2008,7224,19056842,0.1301564920403448,61,0,0
2008,7233,544834,0.0037211665072475917,309,0,0
2008,7234,4231030,0.02889754884452839,150,0,0
2008,7239,11942277,0.08156466225065478,81,0,0
2008,7243,153958,0.0010515190922791619,405,0,0
2008,7244,2818661,0.01925119744451522,176,0,0
2008,7245,7927379,0.054143275245410356,104,0,0
2008,7246,1577009,0.010770827577625512,237,0,0
2008,7247,3748063,0.025598928302297454,155,0,0
2008,7248,291506,0.001990959381869921,365,0,0
2008,7251,39913,0.00027260214818416827,459,0,0
2008,7252,425978,0.002909390872126767,337,0,0
2008,7259,398932,0.0027246691599079652,344,0,0
2008,7263,255917,0.0017478897591473406,374,0,0
2008,7264,294187,0.0020092703672451562,364,0,0
2008,7267,307896,0.0021029015863832006,359,0,0
2008,7268,2245635,0.01533748214961428,197,0,0
2008,7269,38064,0.0002599736468940491,460,0,0
2008,7271,453628,0.0030982378492342816,328,0,0
2008,7272,22140629,0.15121847587374274,56,0,0
2008,7281,28717762,0.19613969414079818,46,0,0
2008,7283,1435095,0.009801567906405406,247,0,0
2008,7284,12630268,0.08626357800570639,77,0,0
2008,7361,3111133,0.02124875451824358,165,0,0
2008,7362,824684,0.005632516472655842,285,0,0
2008,7367,221652,0.0015138629356179006,387,0,0
2008,7368,120902,0.0008257496284359059,417,0,0
2008,7369,576419,0.003936889175310553,304,0,0
2008,7371,1518609,0.010371960906266419,242,0,0
2008,7372,849199,0.005799951685812831,284,0,0
2008,7373,584329,0.003990913753571691,303,0,0
2008,7411,6053,4.134143770096887e-05,489,0,0
2008,7412,493739,0.0033721923193521675,319,0,0
2008,7413,5583872,0.03813733626601429,128,0,0
2008,7414,702877,0.004800585776795622,293,0,0
2008,7415,4786200,0.03268930928867953,136,0,0
2008,7416,5053623,0.034515783977975126,133,0,0
2008,7421,55757,0.0003808152225165904,446,0,0
2008,7422,213192,0.0014560819075408815,390,0,0
2008,7423,46063,0.0003146060870344836,454,0,0
2008,7428,2292468,0.015657347266390998,191,0,0
2008,7429,757129,0.005171121986634208,290,0,0
2008,7431,2833295,0.019351146329252705,174,0,0
2008,7432,2238738,0.015290376268923121,199,0,0
2008,7433,1733,1.1836231874405925e-05,497,0,0
2008,7434,18525619,0.12652828742117714,63,0,0
2008,7435,1500990,0.010251624743891833,243,0,0
2008,7436,36840190,0.25161513625918663,41,0,0
2008,7439,275197,0.0018795703999658897,369,0,0
2008,7441,2180659,0.014893701998274753,201,0,0
2008,7442,19173833,0.13095552989563541,60,0,0
2008,7449,1096775,0.007490873176025135,272,0,0
2008,7451,729334,0.004981284672757051,291,0,0
2008,7452,8391559,0.057313582291839534,102,0,0
2008,7491,639642,0.004368696496600551,300,0,0
2008,7492,1233490,0.00842462415162202,261,0,0
2008,7493,1064042,0.007267309772710114,274,0,0
2008,7499,3486267,0.023810885509572718,158,0,0
2008,7511,0,0.0,507,0,0
2008,7512,125961,0.0008603021368332629,416,0,0
2008,7518,671544,0.0045865842457392106,297,0,0
2008,7521,0,0.0,508,0,0
2008,7522,269844,0.0018430098983942254,372,0,0
2008,7523,1256326,0.008580591947977436,258,0,0
2008,7524,37723,0.00025764464800820234,461,0,0
2008,7525,1288337,0.008799224157170516,255,0,0
2008,7528,191872,0.0013104682528597884,394,0,0
2008,7591,2167851,0.014806224526926,204,0,0
2008,7599,4511346,0.030812081547417006,143,0,0
2008,7611,705811,0.004820624729086163,292,0,0
2008,7621,381166,0.002603329000946225,350,0,0
2008,7622,229658,0.0015685431851196283,384,0,0
2008,7628,4078,2.7852367907574936e-05,495,0,0
2008,7631,0,0.0,509,0,0
2008,7638,687446,0.0046951934547794895,294,0,0
2008,7641,30879197,0.21090209797314471,43,0,0
2008,7642,60715,0.00041467791012957626,444,0,0
2008,7643,19972632,0.13641125418013836,58,0,0
2008,7648,7723182,0.05274862836713104,107,0,0
2008,7649,12056960,0.08234793667653621,80,0,0
2008,7711,6348134,0.04335717599180611,118,0,0
2008,7712,1217392,0.008314676280465538,263,0,0
2008,7721,4676566,0.03194051907210792,138,0,0
2008,7722,78776,0.0005380328921743803,435,0,0
2008,7723,154763,0.0010570171688278616,404,0,0
2008,7731,3007708,0.02054237120513889,168,0,0
2008,7732,1406770,0.009608110740887492,249,0,0
2008,7741,10635997,0.0726428890406727,90,0,0
2008,7742,496913,0.003393870449744184,317,0,0
2008,7751,1635818,0.011172487681665868,231,0,0
2008,7752,4970369,0.03394716675439071,134,0,0
2008,7753,12250,8.366638226282317e-05,481,0,0
2008,7754,133466,0.0009115606020481599,413,0,0
2008,7757,8464499,0.057811755836513025,101,0,0
2008,7758,1839004,0.012560229522192726,219,0,0
2008,7761,103253,0.0007052085687986352,424,0,0
2008,7762,63985,0.000437011711762183,443,0,0
2008,7763,2179185,0.014883634712768191,202,0,0
2008,7764,9197559,0.06281848874929548,97,0,0
2008,7768,538861,0.003680371462247115,311,0,0
2008,7781,3673655,0.025090728451569934,157,0,0
2008,7782,306019,0.002090081847647909,360,0,0
2008,7783,494673,0.0033785714541304107,318,0,0
2008,7784,32015,0.00021865952882810482,465,0,0
2008,7788,1805922,0.01233428248072181,222,0,0
2008,7810,50110466,0.3422499105080983,37,0,0
2008,7821,8692834,0.059371263052348265,100,0,0
2008,7822,2802265,0.019139214260549403,177,0,0
2008,7831,298356,0.0020377442568495405,362,0,0
2008,7832,2424788,0.016561080793004612,185,0,0
2008,7841,47225,0.00032254244100912856,453,0,0
2008,7842,152522,0.001041711343305332,406,0,0
2008,7849,16227676,0.11083354640434623,69,0,0
2008,7851,4243713,0.02898417257728262,149,0,0
2008,7852,274279,0.0018733005437277452,370,0,0
2008,7853,1278170,0.008729784474846751,257,0,0
2008,7861,426090,0.0029101558219074555,336,0,0
2008,7868,490977,0.003353328111367684,320,0,0
2008,7912,0,0.0,510,0,0
2008,7913,9483,6.476802473455937e-05,483,0,0
2008,7914,1015,6.9323573874910635e-06,500,0,0
2008,7915,4352,2.972376290675971e-05,494,0,0
2008,7919,75667,0.0005167987058515137,438,0,0
2008,7921,0,0.0,511,0,0
2008,7922,1772278,0.012104497030529938,226,0,0
2008,7923,40052,0.00027355150550127297,458,0,0
2008,7924,6550226,0.044737445912153735,117,0,0
2008,7928,155388,0.0010612858618004545,403,0,0
2008,7929,11830358,0.08080026569257537,82,0,0
2008,7931,5604444,0.03827784114894578,127,0,0
2008,7932,0,0.0,512,0,0
2008,7933,0,0.0,513,0,0
2008,7938,4514421,0.03083308351684216,142,0,0
2008,8121,2149859,0.01468334080858537,206,0,0
2008,8122,9607575,0.0656188606178566,94,0,0
2008,8124,950347,0.006490783296679773,280,0,0
2008,8211,2065535,0.014107415582631877,210,0,0
2008,8212,43936906,0.3000850590074881,39,0,0
2008,8219,9480169,0.0647486892628707,95,0,0
2008,8310,11373704,0.07768136053944498,86,0,0
2008,8421,5216467,0.035627993639461425,131,0,0
2008,8422,17604742,0.12023878153554109,66,0,0
2008,8423,674323365,4.605567055089244,5,1,1
2008,8424,57598845,0.3933948558095593,32,0,0
2008,8429,79444921,0.5426015615694522,26,0,0
2008,8431,13659635,0.09329406069229704,75,0,0
2008,8432,15953937,0.10896393401134681,71,0,0
2008,8433,7860227,0.053684633212617454,105,0,0
2008,8434,19011199,0.1298447545149879,62,0,0
2008,8435,15467922,0.10564449590722713,72,0,0
2008,8439,308834023,2.1093081978843693,11,0,0
2008,8441,24951594,0.17041711034047063,53,0,0
2008,8442,64603118,0.44123340130271616,29,0,0
2008,8443,23330352,0.1593441754088344,55,0,0
2008,8451,67623821,0.4618645271721412,28,0,0
2008,8452,108191850,0.738940463658941,23,0,0
2008,8459,485103542,3.313212929144612,9,0,1
2008,8461,6149348,0.0419994857498063,122,0,0
2008,8462,645940829,4.411716923941135,6,0,1
2008,8463,365352765,2.495326048756686,10,0,1
2008,8464,50717770,0.3463977414153425,36,0,0
2008,8465,469768,0.0032084725765585244,325,0,0
2008,8471,2174319,0.014850400376760772,203,0,0
2008,8472,161772662,1.1048925206993052,20,0,0
2008,8481,633347521,4.325705779363056,7,0,1
2008,8482,4122455,0.028155991501329528,152,0,0
2008,8483,470531,0.003213683796939466,324,0,0
2008,8484,1847333,0.01261711583222269,218,0,0
2008,8510,123465621,0.8432589259512531,22,0,0
2008,8710,4593199,0.031371130068834054,141,0,0
2008,8720,255346198,1.743991233569513,13,0,0
2008,8731,113034,0.0007720119063425269,420,0,0
2008,8732,40546,0.0002769254804268105,456,0,0
2008,8741,2331875,0.015926493480744555,188,0,0
2008,8742,244680,0.0016711420744544962,378,0,0
2008,8743,390744,0.002668745867012619,348,0,0
2008,8744,530543,0.003623560281213469,313,0,0
2008,8745,681582,0.004655142869833433,296,0,0
2008,8748,3372810,0.02303598455182634,160,0,0
2008,8749,1595348,0.010896081274304525,235,0,0
2008,8811,23534,0.00016073507266720657,467,0,0
2008,8812,19574,0.0001336886339928572,471,0,0
2008,8813,4167093,0.028460864968386502,151,0,0
2008,8821,779255,0.0053222405477727575,289,0,0
2008,8822,459463,0.00313809036682641,327,0,0
2008,8830,5512,3.7646457063892354e-05,491,0,0
2008,8841,341249,0.0023306995331270324,355,0,0
2008,8842,222551,0.0015200030235896784,385,0,0
2008,8851,76729,0.0005240520689505436,437,0,0
2008,8852,183483,0.001253172148304456,397,0,0
2008,8921,2199408,0.015021755957543787,200,0,0
2008,8922,110176,0.0007524920271174537,423,0,0
2008,8924,95555,0.0006526319311938015,429,0,0
2008,8928,5644559,0.03855182293869869,126,0,0
2008,8931,28024283,0.19140329584649282,48,0,0
2008,8932,276344,0.0018874043053091927,368,0,0
2008,8933,13903,9.49562214367372e-05,477,0,0
2008,8935,682086,0.004658585143846532,295,0,0
2008,8939,17568026,0.11998801460565033,67,0,0
2008,8941,0,0.0,514,0,0
2008,8942,2934164,0.020040072395576678,171,0,0
2008,8946,1780476,0.012160488622512846,225,0,0
2008,8947,249344872,1.7030027245736095,14,0,0
2008,8951,188513,0.0012875265893478847,396,0,0
2008,8952,4266739,0.029141438056301705,148,0,0
2008,8959,393776,0.002689454150361262,347,0,0
2008,8960,85089885,0.5811561506211971,25,0,0
2008,8972,921384,0.006292968649375435,281,0,0
2008,8973,218014520,1.4890192791155843,16,0,0
2008,8974,1613810,0.011022175049760545,234,0,0
2008,8981,394211,0.002692425160670187,346,0,0
2008,8982,1134356,0.007747547976989963,271,0,0
2008,8983,1595225,0.01089524119552752,236,0,0
2008,8989,2621560,0.01790501559876953,180,0,0
2008,8991,32587539,0.2225699179574415,42,0,0
2008,8993,23494015,0.16046197876559198,54,0,0
2008,8994,400894,0.0027380694408875297,343,0,0
2008,8996,907661,0.006199241811514804,282,0,0
2008,8997,1144728,0.00781838779060874,269,0,0
2008,8998,506647,0.0034603527815765364,316,0,0
2008,8999,334643,0.0022855811558839135,356,0,0
2009,5111,84786,0.0006342326448907928,428,0,0
2009,5112,14204512,0.10625533950349121,69,0,0
2009,5113,11856657,0.08869246017824797,82,0,0
2009,5114,12131,9.074465377739494e-05,467,0,0
2009,5121,84355213,0.63101018860798,23,0,0
2009,5122,81400,0.0006089040324359036,430,0,0
2009,5123,993,7.428030764236516e-06,492,0,0
2009,5137,2947080,0.022045318131587263,176,0,0
2009,5138,40978532,0.3065355451855494,38,0,0
2009,5139,402516,0.003010978077640912,337,0,0
2009,5145,95784,0.0007165020128113096,421,0,0
2009,5146,126193,0.0009439732993265846,410,0,0
2009,5147,249846,0.0018689463991152433,369,0,0
2009,5148,233007,0.001742984052651015,374,0,0
2009,5154,6855,5.1278097571844226e-05,478,0,0
2009,5155,3396871,0.025409931812832683,159,0,0
2009,5156,230725,0.0017259137946409567,377,0,0
2009,5157,2661,1.9905327153709332e-05,488,0,0
2009,5161,9568,7.157240518853471e-05,472,0,0
2009,5162,0,0.0,493,0,0
2009,5163,1542,1.1534766806095374e-05,491,0,0
2009,5169,15543732,0.1162732321118304,64,0,0
2009,5221,222579,0.0016649785090362532,378,0,0
2009,5222,3607793,0.02698771137461949,158,0,0
2009,5223,8116,6.071087379913752e-05,476,0,0
2009,5224,1431298,0.010706672282769582,244,0,0
2009,5225,721975,0.005400657110785155,291,0,0
2009,5231,3335464,0.024950583288019523,161,0,0
2009,5232,10976826,0.0821109780681483,86,0,0
2009,5233,4719046,0.03530032111364277,133,0,0
2009,5239,972177,0.007272266529993116,271,0,0
2009,5241,270455,0.002023109829145606,361,0,0
2009,5249,4478553,0.0335013388351095,139,0,0
2009,5311,5882530,0.04400363928655008,122,0,0
2009,5312,542200,0.0040558693659305525,318,0,0
2009,5322,199470,0.0014921140952087186,386,0,0
2009,5323,256111,0.0019158110645109549,367,0,0
2009,5331,1467778,0.01097955703833791,241,0,0
2009,5332,216383,0.001618629990793343,380,0,0
2009,5334,10375580,0.07761342138650262,90,0,0
2009,5335,2401846,0.017966753251720462,187,0,0
2009,5411,40375,0.00030202088832431955,445,0,0
2009,5413,358368,0.0026807336645699007,344,0,0
2009,5414,22348,0.00016717183435967537,455,0,0
2009,5415,8260,6.17880504658546e-05,474,0,0
2009,5416,4696883,0.035134533152084084,135,0,0
2009,5417,81874321,0.6124521401701669,24,0,0
2009,5419,21722475,0.1624926612037851,51,0,0
2009,5513,829955,0.0062083900029525855,284,0,0
2009,5514,357619,0.002675130849824268,345,0,0
2009,5530,11567770,0.08653147173576257,84,0,0
2009,5541,16252263,0.12157332281214789,62,0,0
2009,5542,4019805,0.030069723269115573,148,0,0
2009,5543,297262,0.0022236367382059163,356,0,0
2009,5621,526148,0.003935794089165673,322,0,0
2009,5622,47590,0.00035599192756295646,442,0,0
2009,5623,498590,0.0037296494045726933,323,0,0
2009,5629,581757,0.004351771292356438,314,0,0
2009,5721,16523,0.0001235985421122658,464,0,0
2009,5722,0,0.0,494,0,0
2009,5723,0,0.0,495,0,0
2009,5821,463450,0.0034667883763196505,329,0,0
2009,5822,3851926,0.028813922285561434,153,0,0
2009,5823,158333494,1.1843968423374196,18,0,0
2009,5824,988467,0.007394122140415484,269,0,0
2009,5825,12305631,0.09205096237798847,80,0,0
2009,5826,1836385,0.013736882452147506,221,0,0
2009,5827,253332,0.0018950230509220192,368,0,0
2009,5828,2619,1.9591150625916853e-05,489,0,0
2009,5829,2014673,0.01507054685183955,209,0,0
2009,5831,2911845,0.021781746465949926,179,0,0
2009,5832,3078825,0.023030822575730605,171,0,0
2009,5833,12709851,0.09507468704618555,74,0,0
2009,5834,15247195,0.11405501865892566,65,0,0
2009,5835,167113,0.0012500710021186878,399,0,0
2009,5836,3036785,0.02271634683219737,173,0,0
2009,5837,5534589,0.041400903685201426,125,0,0
2009,5838,34533,0.00025832042938708923,449,0,0
2009,5839,4474432,0.03347051213341825,140,0,0
2009,5841,2258772,0.016896503429401855,194,0,0
2009,5842,346779,0.0025940433840797327,347,0,0
2009,5843,583119,0.004361959588329137,313,0,0
2009,5849,1754507,0.013124402791609584,227,0,0
2009,5851,87537,0.0006548112074612003,426,0,0
2009,5852,8262573,0.06180729751837865,102,0,0
2009,5911,237443,0.001776167078300716,371,0,0
2009,5912,100941,0.0007550784021881149,420,0,0
2009,5913,212465,0.0015893218089864164,381,0,0
2009,5914,260099,0.001945642873864203,365,0,0
2009,5921,2930982,0.021924898756720514,178,0,0
2009,5922,6625775,0.04956340436748157,111,0,0
2009,5981,1248843,0.009341837083284413,252,0,0
2009,5982,154104,0.0011527585628317261,406,0,0
2009,5983,24410906,0.1826031830321105,48,0,0
2009,5989,9304341,0.06960013211374336,97,0,0
2009,6112,614705,0.0045982352980161205,306,0,0
2009,6113,19913303,0.14895934270046657,55,0,0
2009,6114,76532355,0.5724921323257506,26,0,0
2009,6115,31755518,0.23754377103551502,42,0,0
2009,6116,142465812,1.0657003367451519,19,0,0
2009,6118,6197152,0.04635713565624356,118,0,0
2009,6121,2207096,0.016509946613920804,198,0,0
2009,6122,6165946,0.046123702496093745,119,0,0
2009,6123,2408775,0.018018584898412703,186,0,0
2009,6129,3970011,0.02969724455423703,149,0,0
2009,6130,544740,0.0040748695654684785,317,0,0
2009,6210,453188,0.0033900245780290215,330,0,0
2009,6251,377380,0.002822950906150631,341,0,0
2009,6252,682550,0.00510574259630376,299,0,0
2009,6253,107974,0.0008076880098063177,417,0,0
2009,6254,335624,0.0025105995943767536,349,0,0
2009,6259,1837262,0.013743442757263552,220,0,0
2009,6281,65805,0.000492247295509148,438,0,0
2009,6282,108777,0.0008136947658019692,416,0,0
2009,6289,1049627,0.007851623008029489,267,0,0
2009,6330,4840,3.6205104631324e-05,482,0,0
2009,6341,0,0.0,496,0,0
2009,6342,2389769,0.017876412539193084,190,0,0
2009,6343,231442,0.0017312772367939855,376,0,0
2009,6344,1033023,0.007727418554042194,268,0,0
2009,6349,1270819,0.00950622621125507,251,0,0
2009,6351,583774,0.004366859246083996,312,0,0
2009,6353,5649238,0.04225852332174619,124,0,0
2009,6354,237254,0.0017747532839256497,372,0,0
2009,6359,4042603,0.030240261280558744,147,0,0
2009,6411,412121,0.003082827257389645,334,0,0
2009,6412,3182521,0.023806509462063204,166,0,0
2009,6413,490270,0.0036674125304957065,327,0,0
2009,6415,2080238,0.01556099885290417,202,0,0
2009,6416,10246709,0.0766494155933325,91,0,0
2009,6417,1287050,0.009627640478459827,250,0,0
2009,6418,1475672,0.011038607264775858,240,0,0
2009,6419,144161,0.0010783810100736158,407,0,0
2009,6421,5215068,0.039010760867659006,129,0,0
2009,6422,379380,0.0028379116931883676,340,0,0
2009,6423,390878,0.0029239212578683186,338,0,0
2009,6424,2020782,0.01511624457584632,207,0,0
2009,6428,4981875,0.03726638546181348,131,0,0
2009,6511,24627,0.00018421965118917691,453,0,0
2009,6512,701247,0.0052456035139260455,293,0,0
2009,6513,1287833749,9.633503229399846,2,1,1
2009,6514,18998585,0.1421168921016741,57,0,0
2009,6515,621909,0.0046521240529260495,305,0,0
2009,6516,5137529,0.03843073863459946,130,0,0
2009,6517,1523401,0.011395638967037937,238,0,0
2009,6518,23795,0.00017799596378147823,454,0,0
2009,6519,575617,0.004305841676150585,316,0,0
2009,6521,587558879,4.395171630425297,5,1,1
2009,6522,1035768345,7.747954814987251,3,1,1
2009,6531,269125049,2.0131612723047936,13,0,0
2009,6532,37615175,0.281376311281108,39,0,0
2009,6534,246933292,1.8471581970696864,14,0,0
2009,6535,4705889,0.03520190157611502,134,0,0
2009,6536,1821706,0.013627077755684034,224,0,0
2009,6538,7825118,0.058534961971581985,105,0,0
2009,6539,14856163,0.11112994542045544,66,0,0
2009,6541,1485390,0.011111301728992225,239,0,0
2009,6542,2401071,0.017960955946743337,189,0,0
2009,6543,6480586,0.048477333512870556,113,0,0
2009,6544,1221384,0.009136432957649801,256,0,0
2009,6545,5419694,0.04054144387185101,128,0,0
2009,6546,5049,3.7768506876767536e-05,481,0,0
2009,6549,1650368,0.012345402090948126,233,0,0
2009,6551,57999567,0.43385958508398487,30,0,0
2009,6552,10937746,0.0818186442894309,87,0,0
2009,6553,203143,0.0015195895806035232,384,0,0
2009,6560,6334304,0.04738308658814342,115,0,0
2009,6571,8557365,0.06401245768459296,100,0,0
2009,6572,13897085,0.10395566456516599,70,0,0
2009,6573,12755200,0.09541391541187272,73,0,0
2009,6574,12920430,0.09664990083299536,72,0,0
2009,6575,1208854,0.009042703626858379,257,0,0
2009,6576,85640,0.0006406209009559065,427,0,0
2009,6577,20250047,0.15147832033558445,54,0,0
2009,6579,16535,0.00012368830683449225,463,0,0
2009,6581,9424382,0.07049808603214185,96,0,0
2009,6582,49010874,0.36662062422368535,33,0,0
2009,6583,25129609,0.18797936429530193,47,0,0
2009,6584,2444920272,18.288965756819245,1,1,1
2009,6589,63520460,0.4751580372995519,28,0,0
2009,6591,67142,0.0005022485816438753,437,0,0
2009,6592,134835543,1.0086229219703278,20,0,0
2009,6593,1826468,0.013662699389620886,223,0,0
2009,6594,2014215,0.015067120831607907,210,0,0
2009,6595,1243843,0.00930443511569007,253,0,0
2009,6596,161350,0.001206961494269448,401,0,0
2009,6597,19227,0.0001438255261872865,459,0,0
2009,6611,21440,0.00016037963704454268,457,0,0
2009,6612,535878244,4.008580143320284,7,0,1
2009,6613,10500698,0.07854935326279643,88,0,0
2009,6618,613468,0.00458898205123328,307,0,0
2009,6623,452877,0.003387698175644653,331,0,0
2009,6624,1096538,0.008202535748393133,263,0,0
2009,6631,163835,0.0012255502721638366,400,0,0
2009,6632,124892,0.0009342413073585367,411,0,0
2009,6633,14445528,0.10805823402783483,67,0,0
2009,6635,190646,0.0014261071027982224,391,0,0
2009,6637,19196,0.00014359363398820158,460,0,0
2009,6638,44351,0.0003317629329553411,443,0,0
2009,6639,2332771,0.017450045069404615,192,0,0
2009,6641,38196,0.00028572111084670487,446,0,0
2009,6642,269160,0.0020134227195386712,362,0,0
2009,6643,1558118,0.011655335788832499,237,0,0
2009,6644,6412924,0.047971195126596866,114,0,0
2009,6645,7815,5.8459275349958075e-05,477,0,0
2009,6646,0,0.0,497,0,0
2009,6647,13101,9.800063549069748e-05,466,0,0
2009,6648,209540,0.0015674416579437255,382,0,0
2009,6649,1448013,0.010831707060437472,242,0,0
2009,6651,8472845,0.06338021482437818,101,0,0
2009,6652,2152981,0.01610514511864723,200,0,0
2009,6658,528098,0.003950380856527468,320,0,0
2009,6664,1119883,0.00837716553509112,261,0,0
2009,6665,438503,0.003280174999204436,332,0,0
2009,6666,168911,0.0012635207496656134,398,0,0
2009,6671,0,0.0,498,0,0
2009,6672,5523268,0.04131621815017431,126,0,0
2009,6673,3149884,0.02356237185878789,168,0,0
2009,6674,116319,0.0008701118937212761,415,0,0
2009,6712,0,0.0,499,0,0
2009,6713,2041826,0.015273661977057389,205,0,0
2009,6716,30520,0.00022830161019586954,451,0,0
2009,6724,92970,0.0006954521854492133,423,0,0
2009,6725,87791,0.0006567112274149929,425,0,0
2009,6727,3183432,0.02381332410055889,165,0,0
2009,6731,80987,0.000605814629912611,431,0,0
2009,6732,600441,0.004491534964862979,310,0,0
2009,6733,3746045,0.028021890739390112,155,0,0
2009,6741,3504,2.621129889011556e-05,485,0,0
2009,6744,43372,0.0003244396277003687,444,0,0
2009,6745,20744,0.00015517328315541016,458,0,0
2009,6746,79763,0.0005966586282455159,434,0,0
2009,6747,173969,0.0013013565800840507,395,0,0
2009,6749,1238167,0.009261976402076972,254,0,0
2009,6750,192953,0.0014433643706462521,389,0,0
2009,6760,7572099,0.05664228028383138,106,0,0
2009,6770,337800,0.002526876930673812,348,0,0
2009,6781,1715618,0.012833497768054302,229,0,0
2009,6782,12455746,0.09317388165107343,78,0,0
2009,6783,42626931,0.31886621838165885,36,0,0
2009,6784,2487630,0.018608451329343086,185,0,0
2009,6785,1702593,0.012736065642471038,230,0,0
2009,6793,924482,0.006915489161110677,275,0,0
2009,6794,1049955,0.007854076577103677,266,0,0
2009,6911,48483436,0.36267518042688035,34,0,0
2009,6912,350933,0.0026251169387571127,346,0,0
2009,6921,320424,0.002396897612889951,351,0,0
2009,6924,8866810,0.06632722805703925,98,0,0
2009,6931,584478,0.0043721254431212785,311,0,0
2009,6932,57816,0.00043248643168690675,439,0,0
2009,6935,246682,0.0018452784340215428,370,0,0
2009,6940,3152544,0.023582269705548078,167,0,0
2009,6951,1900144,0.014213824862517049,216,0,0
2009,6953,6200883,0.04638504500446245,117,0,0
2009,6954,5461316,0.040852792810893365,127,0,0
2009,6960,52332657,0.3914688682479733,31,0,0
2009,6973,2253018,0.016853461245094285,195,0,0
2009,6974,35527552,0.265760069722067,41,0,0
2009,6975,2340252,0.017506005893319267,191,0,0
2009,6978,18206,0.00013618804440452165,461,0,0
2009,6991,415477,0.003107931458038968,333,0,0
2009,6992,623800,0.00466626947707023,304,0,0
2009,6993,286917,0.0021462520672532208,358,0,0
2009,6994,939709,0.00702939311322249,274,0,0
2009,6996,602000,0.004503196898358894,309,0,0
2009,6997,3001850,0.022455019284615695,174,0,0
2009,6998,1975532,0.014777756769117514,215,0,0
2009,6999,118361,0.0008853868572868058,414,0,0
2009,7111,1411065,0.010555321480702314,245,0,0
2009,7112,25113,0.00018785512243934706,452,0,0
2009,7119,844665,0.0063184265916151425,283,0,0
2009,7126,6563576,0.04909813137100146,112,0,0
2009,7129,1100780,0.008234267577700172,262,0,0
2009,7131,25222248,0.1886723404704964,46,0,0
2009,7132,648069,0.004847811147379652,302,0,0
2009,7133,158393,0.0011848419706341536,402,0,0
2009,7138,540518,0.004043287344031816,319,0,0
2009,7139,1050974,0.007861699098099403,265,0,0
2009,7144,192287,0.0014383824285626858,390,0,0
2009,7148,21162633,0.15830482273539467,53,0,0
2009,7149,4751544,0.03554341894221896,132,0,0
2009,7161,3058407,0.022878087900862345,172,0,0
2009,7162,3199647,0.023934618681467346,164,0,0
2009,7163,896420,0.006705574358184187,279,0,0
2009,7169,498590,0.0037296494045726933,324,0,0
2009,7187,0,0.0,500,0,0
2009,7188,804986,0.006021612057179955,285,0,0
2009,7211,2945620,0.022034396757049712,177,0,0
2009,7212,3632477,0.02717235740823924,157,0,0
2009,7213,6738,5.04028915301366e-05,479,0,0
2009,7219,2602931,0.019470948182462155,183,0,0
2009,7223,37793,0.0002827065122586008,447,0,0
2009,7224,21233600,0.15883568382224822,52,0,0
2009,7233,1831791,0.013702517524321825,222,0,0
2009,7234,17565690,0.1313982736304549,60,0,0
2009,7239,26956114,0.201642340459483,44,0,0
2009,7243,297367,0.002224422179525398,355,0,0
2009,7244,1739882,0.01301500203639613,228,0,0
2009,7245,3086541,0.023088541292122195,170,0,0
2009,7246,1150364,0.008605175409939754,260,0,0
2009,7247,2016181,0.015081827285266006,208,0,0
2009,7248,1435572,0.010738643484669227,243,0,0
2009,7251,5613,4.198744882140943e-05,480,0,0
2009,7252,409602,0.003063984146115615,335,0,0
2009,7259,102670,0.0007680120025822387,419,0,0
2009,7263,479818,0.0035892274574364923,328,0,0
2009,7264,141583,0.0010590965555819724,408,0,0
2009,7267,363307,0.002717679328159593,342,0,0
2009,7268,333787,0.002496858111482592,350,0,0
2009,7269,21481,0.0001606863331788163,456,0,0
2009,7271,490651,0.003670262560426395,326,0,0
2009,7272,16536264,0.12369776205190007,61,0,0
2009,7281,578287,0.004325814326845963,315,0,0
2009,7283,1358544,0.010162443732697818,247,0,0
2009,7284,6987947,0.05227259344899724,108,0,0
2009,7361,2275459,0.017021328756051217,193,0,0
2009,7362,310516,0.0023227818739050008,354,0,0
2009,7367,201892,0.0015102316083114185,385,0,0
2009,7368,910033,0.0068074049551565445,277,0,0
2009,7369,7015587,0.052479351525858774,107,0,0
2009,7371,121637,0.0009098926264546193,413,0,0
2009,7372,221060,0.0016536157912810919,379,0,0
2009,7373,257943,0.0019295151454375222,366,0,0
2009,7411,10949,8.190282863809225e-05,470,0,0
2009,7412,194848,0.0014575397163645082,387,0,0
2009,7413,1631642,0.012205324241913795,234,0,0
2009,7414,960364,0.00718390064135472,273,0,0
2009,7415,4261445,0.031877285559014985,141,0,0
2009,7416,4129790,0.03089245435028834,145,0,0
2009,7421,185789,0.0013897748314770776,392,0,0
2009,7422,723106,0.005409117435854994,290,0,0
2009,7423,104148,0.0007790680242031265,418,0,0
2009,7428,3323413,0.024860437065723637,163,0,0
2009,7429,680729,0.005092120799705901,300,0,0
2009,7431,3865222,0.02891338159778831,152,0,0
2009,7432,1992548,0.014905043145234581,213,0,0
2009,7433,4059,3.0362917293087627e-05,483,0,0
2009,7434,22479671,0.16815678525469832,49,0,0
2009,7435,696396,0.005209316124966014,294,0,0
2009,7436,36033206,0.269542560626457,40,0,0
2009,7439,785390,0.0058750262657842065,287,0,0
2009,7441,9759729,0.07300661355751388,94,0,0
2009,7442,4174156,0.03122432948914646,143,0,0
2009,7449,1888758,0.01412865310191121,217,0,0
2009,7451,1981828,0.01482485332671231,214,0,0
2009,7452,3330883,0.024916315605309585,162,0,0
2009,7491,874222,0.006539524582852341,282,0,0
2009,7492,2736873,0.02047288705116645,180,0,0
2009,7493,1231181,0.009209718372954156,255,0,0
2009,7499,381201,0.002851533489786228,339,0,0
2009,7511,0,0.0,501,0,0
2009,7512,121650,0.0009099898715703646,412,0,0
2009,7518,688237,0.005148283594245566,296,0,0
2009,7521,0,0.0,502,0,0
2009,7522,32253,0.00024126513216406883,450,0,0
2009,7523,687055,0.005139441769106263,297,0,0
2009,7524,36678,0.0002743658734850624,448,0,0
2009,7525,1344272,0.010055683556396524,248,0,0
2009,7528,274018,0.002049762471253335,360,0,0
2009,7591,2004102,0.014991471611951591,211,0,0
2009,7599,4629760,0.03463242669791707,136,0,0
2009,7611,973585,0.007282798924067682,270,0,0
2009,7621,181215,0.0013555595115217725,393,0,0
2009,7622,0,0.0,503,0,0
2009,7628,12119,9.06548890551685e-05,468,0,0
2009,7631,0,0.0,504,0,0
2009,7638,1755249,0.013129953243600582,226,0,0
2009,7641,4495657,0.03362928348585623,138,0,0
2009,7642,83047,0.0006212242405614803,429,0,0
2009,7643,3910957,0.02925549739537377,150,0,0
2009,7648,1567985,0.011729144831683176,236,0,0
2009,7649,11845091,0.08860594194680874,83,0,0
2009,7711,7940950,0.05940143091365958,103,0,0
2009,7712,2589039,0.01936703055569803,184,0,0
2009,7721,10155762,0.07596909624397197,92,0,0
2009,7722,90036,0.0006735047108648529,424,0,0
2009,7723,403954,0.003021734883521045,336,0,0
2009,7731,2241495,0.016767264670576362,196,0,0
2009,7732,656430,0.0049103547175909125,301,0,0
2009,7741,10135593,0.07581822418708992,93,0,0
2009,7742,2202018,0.01647196117563199,199,0,0
2009,7751,1867206,0.013967435660792555,219,0,0
2009,7752,6274223,0.04693365706513628,116,0,0
2009,7753,1975,1.4773777199765476e-05,490,0,0
2009,7754,54688,0.00040908776075988573,441,0,0
2009,7757,9681584,0.0724220582059819,95,0,0
2009,7758,2401442,0.017963731172738837,188,0,0
2009,7761,0,0.0,505,0,0
2009,7762,0,0.0,506,0,0
2009,7763,56600,0.00042339027316796253,440,0,0
2009,7764,5811673,0.04347360104298361,123,0,0
2009,7768,692731,0.005181900482719361,295,0,0
2009,7781,2956303,0.022114309801011783,175,0,0
2009,7782,80760,0.0006041165805838278,432,0,0
2009,7783,290718,0.0021746850430184404,357,0,0
2009,7784,11612,8.686232954110213e-05,469,0,0
2009,7788,1884049,0.01409342792883086,218,0,0
2009,7810,13477059,0.10081370479700967,71,0,0
2009,7821,3894433,0.029131891372867983,151,0,0
2009,7822,4148073,0.031029218384993815,144,0,0
2009,7831,889746,0.006655650211839258,281,0,0
2009,7832,1153516,0.008628753610311226,259,0,0
2009,7841,78425,0.0005866498617172697,435,0,0
2009,7842,157118,0.001175304468897596,403,0,0
2009,7849,10424405,0.07797865160006139,89,0,0
2009,7851,5914734,0.04424453787943172,121,0,0
2009,7852,209182,0.0015647636770639707,383,0,0
2009,7853,685445,0.005127398335540885,298,0,0
2009,7861,2241171,0.016764841023076252,197,0,0
2009,7868,169858,0.001270604682327982,397,0,0
2009,7912,0,0.0,507,0,0
2009,7913,0,0.0,508,0,0
2009,7914,0,0.0,509,0,0
2009,7915,0,0.0,510,0,0
2009,7919,0,0.0,511,0,0
2009,7921,971115,0.007264322352076077,272,0,0
2009,7922,0,0.0,512,0,0
2009,7923,2026578,0.01515960093668168,206,0,0
2009,7924,171723,0.001284555616240672,396,0,0
2009,7928,155295,0.0011616677115126985,405,0,0
2009,7929,4220073,0.031567806718352354,142,0,0
2009,7931,12589010,0.09417074881297194,75,0,0
2009,7932,10585,7.917996539722408e-05,471,0,0
2009,7933,8422,6.299987421591132e-05,473,0,0
2009,7938,7924312,0.05927697212629264,104,0,0
2009,8121,701970,0.005251011838440188,292,0,0
2009,8122,6787292,0.05077161508746867,110,0,0
2009,8124,1756723,0.013140979343647398,225,0,0
2009,8211,1695484,0.012682887524945402,232,0,0
2009,8212,71976765,0.538414526415128,27,0,0
2009,8219,6895588,0.051581711783988064,109,0,0
2009,8310,12427113,0.09295969554344767,79,0,0
2009,8421,4551812,0.034049344983908304,137,0,0
2009,8422,22222235,0.16623106266877488,50,0,0
2009,8423,605891259,4.532305046962734,4,1,1
2009,8424,42246694,0.3160218959912248,37,0,0
2009,8429,79636268,0.5957106230140826,25,0,0
2009,8431,11544770,0.0863594226848286,85,0,0
2009,8432,14432842,0.10796333775565446,68,0,0
2009,8433,8741931,0.06539308399479646,99,0,0
2009,8434,18486736,0.13828806015943473,58,0,0
2009,8435,12126219,0.09070889001598123,81,0,0
2009,8439,284078073,2.12501577612188,12,0,0
2009,8441,12552630,0.0938986120967555,76,0,0
2009,8442,60348662,0.4514317400971915,29,0,0
2009,8443,19257539,0.14405396992495922,56,0,0
2009,8451,50631019,0.3787399463813127,32,0,0
2009,8452,106273833,0.7949700915985234,22,0,0
2009,8459,424588232,3.1760870588406758,10,0,1
2009,8461,6066773,0.04538184942964699,120,0,0
2009,8462,565943155,4.233477508710045,6,0,1
2009,8463,336880714,2.520000309637425,11,0,0
2009,8464,44286678,0.33128177908342044,35,0,0
2009,8465,726872,0.005437288597847054,289,0,0
2009,8471,1996259,0.014932802885583104,212,0,0
2009,8472,160771425,1.2026335255892684,17,0,0
2009,8481,472168419,3.5320055813020312,8,0,1
2009,8482,3791684,0.028363288419197753,154,0,0
2009,8483,1317509,0.009855485784651046,249,0,0
2009,8484,1596246,0.01194054823291992,235,0,0
2009,8510,109925437,0.8222855264935981,21,0,0
2009,8710,637284,0.004767135103278654,303,0,0
2009,8720,236801367,1.7713674109660238,15,0,0
2009,8731,157096,0.001175139900240181,404,0,0
2009,8732,17863,0.00013362226942754973,462,0,0
2009,8741,2144414,0.01604106058737108,201,0,0
2009,8742,263909,0.0019741431731710923,364,0,0
2009,8743,1176483,0.008800555808259083,258,0,0
2009,8744,497782,0.0037236052466094473,325,0,0
2009,8745,1700907,0.012723453698998227,231,0,0
2009,8748,3101818,0.02320281926390995,169,0,0
2009,8749,2049784,0.015333190948680546,204,0,0
2009,8811,14200,0.00010622158796793406,465,0,0
2009,8812,0,0.0,513,0,0
2009,8813,193567,0.0014479573322668375,388,0,0
2009,8821,796004,0.005954423162593478,286,0,0
2009,8822,2067799,0.015467950237922962,203,0,0
2009,8830,3452,2.5822318427134393e-05,486,0,0
2009,8841,232436,0.0017387127479517408,375,0,0
2009,8842,314042,0.0023491577414525315,352,0,0
2009,8851,67280,0.0005032808759494791,436,0,0
2009,8852,95739,0.0007161653951029605,422,0,0
2009,8921,2642020,0.019763349284721208,182,0,0
2009,8922,80098,0.0005991645600743367,433,0,0
2009,8924,179753,0.0013446231761971867,394,0,0
2009,8928,12492923,0.09345198024092442,77,0,0
2009,8931,29304449,0.21920881037361528,43,0,0
2009,8932,526537,0.003938703962244514,321,0,0
2009,8933,4056,3.0340476112531027e-05,484,0,0
2009,8935,918775,0.006872798555298495,276,0,0
2009,8939,26905584,0.2012643561749746,45,0,0
2009,8941,8193,6.12868641000904e-05,475,0,0
2009,8942,1374561,0.010282257195689537,246,0,0
2009,8946,3705030,0.027715082399213716,156,0,0
2009,8947,207583464,1.5528059987298926,16,0,0
2009,8951,3288,2.4595533890039946e-05,487,0,0
2009,8952,4065994,0.0304152351653586,146,0,0
2009,8959,312796,0.0023398371711280215,353,0,0
2009,8960,136130,0.001018305969723582,409,0,0
2009,8972,361743,0.0027059799926960823,343,0,0
2009,8973,438145683,3.277502127433454,9,0,1
2009,8974,3372076,0.025224455455532337,160,0,0
2009,8981,278192,0.0020809856338010924,359,0,0
2009,8982,729509,0.00545701439555631,288,0,0
2009,8983,893756,0.006685646589849921,280,0,0
2009,8989,2711635,0.020284096879537247,181,0,0
2009,8991,16084169,0.12031591354398719,63,0,0
2009,8993,17962433,0.13436606739631138,59,0,0
2009,8994,610620,0.0045676778904915425,308,0,0
2009,8996,902674,0.006752356739251191,278,0,0
2009,8997,1060485,0.007932845120857363,264,0,0
2009,8998,267117,0.0019981402755796227,363,0,0
2009,8999,235368,0.0017606452617490637,373,0,0
2010,5111,195914,0.00126304774589659,395,0,0
2010,5112,10447552,0.0673548444916515,96,0,0
2010,5113,18093218,0.11664607027019819,68,0,0
2010,5114,9533,6.145877355182473e-05,480,0,0
2010,5121,115122548,0.7421893011896648,23,0,0
2010,5122,1610,1.0379589365198555e-05,491,0,0
2010,5123,21271,0.00013713307166903012,469,0,0
2010,5137,492959,0.0031780819837757238,320,0,0
2010,5138,22205917,0.14316043474390175,60,0,0
2010,5139,428662,0.0027635624450091574,330,0,0
2010,5145,28505,0.0001837703073633446,459,0,0
2010,5146,113266,0.000730220229216509,420,0,0
2010,5147,48425,0.0003121935496954907,446,0,0
2010,5148,817317,0.0052692017647180045,276,0,0
2010,5154,8455,5.45089615420831e-05,481,0,0
2010,5155,3329823,0.021467202111051895,168,0,0
2010,5156,144998,0.0009347948439596646,405,0,0
2010,5157,5709,3.68056370719991e-05,486,0,0
2010,5161,10246,6.605544884212696e-05,479,0,0
2010,5162,0,0.0,497,0,0
2010,5163,0,0.0,498,0,0
2010,5169,21013076,0.13547024855882547,63,0,0
2010,5221,609335,0.00392835222723184,308,0,0
2010,5222,5488590,0.0353846648409535,133,0,0
2010,5223,24774,0.0001597167372257323,464,0,0
2010,5224,634147,0.00408831394855439,305,0,0
2010,5225,236283,0.0015233046670665902,381,0,0
2010,5231,4599771,0.029654493263322187,147,0,0
2010,5232,16960039,0.10934052201102655,72,0,0
2010,5233,13295,8.571219913684148e-05,475,0,0
2010,5239,2386305,0.015384388819950396,200,0,0
2010,5241,318539,0.002053604979379492,358,0,0
2010,5249,5364224,0.034582883467666366,135,0,0
2010,5311,5555415,0.035815482269108405,132,0,0
2010,5312,378155,0.0024379463455879873,344,0,0
2010,5322,201059,0.0012962173032158113,392,0,0
2010,5323,144427,0.0009311136355574731,406,0,0
2010,5331,2715824,0.01750878130941056,189,0,0
2010,5332,682018,0.004396935887996266,297,0,0
2010,5334,17943582,0.11568137447252684,69,0,0
2010,5335,949226,0.00611961248122358,264,0,0
2010,5411,1465,9.444781627339058e-06,493,0,0
2010,5413,145441,0.0009376508427725733,404,0,0
2010,5414,7926,5.1098525036375e-05,483,0,0
2010,5415,16606,0.00010705805030961938,472,0,0
2010,5416,3040800,0.019603885305401098,171,0,0
2010,5417,63907200,0.41200651768920316,33,0,0
2010,5419,16428055,0.1059108478067683,74,0,0
2010,5513,918150,0.005919267065625499,267,0,0
2010,5514,697336,0.004495690266813727,292,0,0
2010,5530,7858190,0.05066135736255257,112,0,0
2010,5541,10934021,0.0704910857704706,91,0,0
2010,5542,2508704,0.01617348904275222,193,0,0
2010,5543,198265,0.0012782045251497462,394,0,0
2010,5621,510079,0.0032884537663423067,318,0,0
2010,5622,62740,0.0004044816377469301,441,0,0
2010,5623,320838,0.0020684265172370023,357,0,0
2010,5629,596153,0.003843368533435537,310,0,0
2010,5721,7069518,0.045576828478186185,117,0,0
2010,5722,0,0.0,499,0,0
2010,5723,28313,0.0001825324929794203,460,0,0
2010,5821,294145,0.0018963380831219436,367,0,0
2010,5822,3468847,0.02236348287621175,167,0,0
2010,5823,204829001,1.320522310847108,17,0,0
2010,5824,914467,0.005895522949083868,268,0,0
2010,5825,8657015,0.055811342129418864,104,0,0
2010,5826,1717679,0.01107379048523285,236,0,0
2010,5827,190953,0.0012310644273619625,397,0,0
2010,5828,1506,9.709106573906226e-06,492,0,0
2010,5829,1976207,0.01274050755318692,223,0,0
2010,5831,37954079,0.24468804643124586,43,0,0
2010,5832,3143402,0.02026535526071048,169,0,0
2010,5833,22869511,0.14743859202664059,58,0,0
2010,5834,17919935,0.11552892344785676,70,0,0
2010,5835,261656,0.0016868831272921696,377,0,0
2010,5836,4220082,0.027206657296562638,153,0,0
2010,5837,3669931,0.023659861353175465,163,0,0
2010,5838,17224,0.00011104226535787571,470,0,0
2010,5839,6628432,0.04273316912741726,121,0,0
2010,5841,2078456,0.013399701735175854,216,0,0
2010,5842,311609,0.0020089276164597246,360,0,0
2010,5843,500199,0.0032247579011695352,319,0,0
2010,5849,1579840,0.01018514935572378,243,0,0
2010,5851,79545,0.0005128226310898876,432,0,0
2010,5852,10636561,0.06857337604837621,95,0,0
2010,5911,2309794,0.014891126234906477,206,0,0
2010,5912,1072920,0.006917061504166978,257,0,0
2010,5913,2030260,0.01308898453701119,219,0,0
2010,5914,263085,0.0016960958187225228,376,0,0
2010,5921,4251919,0.027411908841047005,152,0,0
2010,5922,7175276,0.04625864500743132,115,0,0
2010,5981,1501077,0.009677368239468416,247,0,0
2010,5982,224152,0.0014450967176322896,383,0,0
2010,5983,41196095,0.2655891612109996,41,0,0
2010,5989,10720180,0.069112463553425,94,0,0
2010,6112,814205,0.005249138856578565,278,0,0
2010,6113,33042603,0.21302400664427196,47,0,0
2010,6114,138205135,0.8910015835166649,21,0,0
2010,6115,49857690,0.321430030371035,36,0,0
2010,6116,200045457,1.2896830422568228,18,0,0
2010,6118,10776288,0.06947418901932721,92,0,0
2010,6121,2314431,0.014921020741668234,205,0,0
2010,6122,6358967,0.04099594176822892,124,0,0
2010,6123,2906348,0.018737079995258442,177,0,0
2010,6129,4168843,0.02687632202980276,155,0,0
2010,6130,898266,0.005791075913490339,270,0,0
2010,6210,723179,0.004662298793499954,288,0,0
2010,6251,127977,0.0008250613094347922,411,0,0
2010,6252,548750,0.0035377637665544768,316,0,0
2010,6253,114039,0.0007352037215017876,418,0,0
2010,6254,990409,0.0063851172196254255,263,0,0
2010,6259,2728439,0.017590109582604336,187,0,0
2010,6281,69613,0.0004487915245214702,436,0,0
2010,6282,152489,0.0009830889457824613,403,0,0
2010,6289,715799,0.004614720303117863,290,0,0
2010,6330,2848,1.836091336154378e-05,490,0,0
2010,6341,0,0.0,500,0,0
2010,6342,2552514,0.016455929918584113,192,0,0
2010,6343,336161,0.0021672131308040445,354,0,0
2010,6344,1433992,0.009244874604335283,249,0,0
2010,6349,1809230,0.011664015197017505,229,0,0
2010,6351,461679,0.0029764213903947226,323,0,0
2010,6352,4751,3.0629459052210145e-05,487,0,0
2010,6353,2347136,0.015131868238679923,204,0,0
2010,6354,206673,0.0013324104800457647,388,0,0
2010,6359,2754732,0.017759619236752885,185,0,0
2010,6411,589582,0.0038010056255357106,312,0,0
2010,6412,8453029,0.05449625460379812,106,0,0
2010,6413,689481,0.004445049475221407,295,0,0
2010,6415,1924169,0.012405021173443937,226,0,0
2010,6416,29192912,0.18820524157414736,50,0,0
2010,6417,244738,0.0015778136286086733,379,0,0
2010,6418,1772895,0.011429765271809748,230,0,0
2010,6419,63274,0.0004079243090022195,440,0,0
2010,6421,4811225,0.03101772661091765,144,0,0
2010,6422,103913,0.0006699219066496133,421,0,0
2010,6423,306212,0.0019741334277616025,363,0,0
2010,6424,1568998,0.010115251524731554,244,0,0
2010,6428,1739828,0.011216583978928368,234,0,0
2010,6511,24908,0.0001605806285145128,463,0,0
2010,6512,353649,0.002279957390939816,352,0,0
2010,6513,1775557110,11.446927761651354,2,1,1
2010,6514,25429291,0.16394136548331636,53,0,0
2010,6515,832473,0.005366911737649029,274,0,0
2010,6516,11919747,0.07684601192363813,86,0,0
2010,6517,2863409,0.01846025441280362,180,0,0
2010,6518,69142,0.0004457550111109059,437,0,0
2010,6519,615776,0.00396987703164255,306,0,0
2010,6521,776959489,5.009018912555593,4,1,1
2010,6522,1207255701,7.783117040481321,3,1,1
2010,6531,308575190,1.989368795334238,14,0,0
2010,6532,49768979,0.32085811499701256,37,0,0
2010,6534,417293773,2.6902720549033416,11,0,0
2010,6535,5943145,0.0383151581601447,129,0,0
2010,6536,2722907,0.017554445055667518,188,0,0
2010,6538,8403137,0.054174603378575464,107,0,0
2010,6539,18440211,0.1188831167624953,67,0,0
2010,6541,2353896,0.015175449620113924,203,0,0
2010,6542,2972901,0.019166143853036118,175,0,0
2010,6543,8093542,0.05217865991924711,110,0,0
2010,6544,1695909,0.0109334403855556,238,0,0
2010,6545,6685287,0.043099710464906925,119,0,0
2010,6546,27493,0.00017724599404807695,461,0,0
2010,6549,2073671,0.013368853079826493,217,0,0
2010,6551,75964065,0.48973652249146077,28,0,0
2010,6552,12167907,0.07844588701486029,85,0,0
2010,6553,157227,0.00101363459448576,402,0,0
2010,6560,5075292,0.032720153334457956,142,0,0
2010,6571,8696356,0.05606497158607494,103,0,0
2010,6572,13566100,0.08745996725914293,81,0,0
2010,6573,14856723,0.09578054910093216,79,0,0
2010,6574,15644927,0.10086206081273773,76,0,0
2010,6575,3758918,0.024233556085374794,162,0,0
2010,6576,36045,0.00023238030973203846,450,0,0
2010,6577,24644799,0.15888378484959997,56,0,0
2010,6579,34391,0.0002217170545705239,452,0,0
2010,6581,18746709,0.12085909401793295,66,0,0
2010,6582,45086556,0.29067076842921064,39,0,0
2010,6583,26682330,0.1720196451594524,52,0,0
2010,6584,2567413558,16.55198662278471,1,1,1
2010,6589,72188076,0.46539291052406523,30,0,0
2010,6591,88183,0.0005685113844666486,427,0,0
2010,6592,129204320,0.8329737800060317,22,0,0
2010,6593,1034041,0.006666410538372223,260,0,0
2010,6594,2610081,0.01682706148441417,190,0,0
2010,6595,693647,0.004471907468572598,294,0,0
2010,6596,129219,0.0008330684212308025,410,0,0
2010,6597,23009,0.00014833787062351153,466,0,0
2010,6611,12296,7.927169617048536e-05,478,0,0
2010,6612,452117000,2.914775655295326,9,0,1
2010,6613,11334264,0.07307143234580922,89,0,0
2010,6618,278139,0.0017931482027620873,373,0,0
2010,6623,454651,0.0029311122263831605,326,0,0
2010,6624,1829972,0.011797737832180827,228,0,0
2010,6631,68256,0.0004400430134850886,438,0,0
2010,6632,126636,0.0008164159495970709,412,0,0
2010,6633,9883134,0.06371606991380886,98,0,0
2010,6635,78874,0.0005084967276960689,433,0,0
2010,6637,37563,0.00024216677970493995,449,0,0
2010,6638,3066825,0.019771667176972086,170,0,0
2010,6639,1735295,0.011187359954957904,235,0,0
2010,6641,35953,0.0002317871903397414,451,0,0
2010,6642,372363,0.0024006056116729377,346,0,0
2010,6643,676875,0.004363779224576877,298,0,0
2010,6644,4350632,0.028048306608131998,150,0,0
2010,6645,0,0.0,501,0,0
2010,6646,998,6.4340560164398494e-06,495,0,0
2010,6647,124888,0.0008051466811434268,414,0,0
2010,6648,137041,0.0008834964634758853,408,0,0
2010,6649,768747,0.004956073407284654,283,0,0
2010,6651,6307133,0.04066177056626886,126,0,0
2010,6652,2823560,0.01820334990559008,182,0,0
2010,6658,478414,0.0030843110972435415,321,0,0
2010,6664,1156038,0.007452919087307706,254,0,0
2010,6665,456228,0.002941279066401122,325,0,0
2010,6666,69876,0.00045048707234944985,435,0,0
2010,6671,0,0.0,502,0,0
2010,6672,279425,0.001801438980354414,371,0,0
2010,6673,3584667,0.023110168615514414,164,0,0
2010,6674,93974,0.0006058456714317821,424,0,0
2010,6712,0,0.0,503,0,0
2010,6713,11756615,0.07579430808989678,87,0,0
2010,6716,0,0.0,504,0,0
2010,6724,656934,0.004235220596296489,301,0,0
2010,6725,660518,0.0042583264647964095,300,0,0
2010,6727,824491,0.005315452183417343,275,0,0
2010,6731,81322,0.0005242788610911037,430,0,0
2010,6732,457080,0.002946771867729786,324,0,0
2010,6733,5266414,0.03395230729635577,138,0,0
2010,6741,0,0.0,505,0,0
2010,6744,0,0.0,506,0,0
2010,6745,45960,0.00029630181815187926,447,0,0
2010,6746,205517,0.0013249578059425537,389,0,0
2010,6747,635713,0.004098409872123273,304,0,0
2010,6749,90663,0.0005844998202590041,425,0,0
2010,6750,31653,0.00020406530569977012,457,0,0
2010,6760,4854725,0.0312981689322755,143,0,0
2010,6770,123997,0.000799402448768028,415,0,0
2010,6781,412383,0.002658612547322159,338,0,0
2010,6782,3018104,0.01945756533010138,173,0,0
2010,6783,67635423,0.436042184646898,31,0,0
2010,6784,574761,0.003705455380826638,314,0,0
2010,6785,1490493,0.009609133721554591,248,0,0
2010,6793,574532,0.003703979029295811,315,0,0
2010,6794,686898,0.004428397003587675,296,0,0
2010,6911,44959163,0.28984947213852696,40,0,0
2010,6912,396260,0.002554668373822099,340,0,0
2010,6921,278371,0.0017946438951426625,372,0,0
2010,6924,7701665,0.049652248526908034,113,0,0
2010,6931,737553,0.0047549672515964534,286,0,0
2010,6932,157673,0.0010165099341484173,400,0,0
2010,6935,793248,0.005114030127183244,281,0,0
2010,6940,1673077,0.01078624362506727,239,0,0
2010,6951,365888,0.002358861610965074,348,0,0
2010,6953,8241272,0.053131067830378034,109,0,0
2010,6954,4810461,0.031012801141181615,145,0,0
2010,6960,78700357,0.5073772599717575,27,0,0
2010,6973,1741191,0.011225371171664247,232,0,0
2010,6974,33226651,0.21421055488246207,46,0,0
2010,6975,3021549,0.019479775072562936,172,0,0
2010,6978,13227,8.527380654253496e-05,476,0,0
2010,6991,611112,0.003939808457233056,307,0,0
2010,6992,309614,0.0019960659513767612,361,0,0
2010,6993,519606,0.003349873858194634,317,0,0
2010,6994,4019263,0.025911987261326732,156,0,0
2010,6996,899325,0.005797903233451671,269,0,0
2010,6997,2417209,0.015583625360162879,196,0,0
2010,6998,2396148,0.015447846147976266,199,0,0
2010,6999,369667,0.002383224634698667,347,0,0
2010,7111,597799,0.003853980212997721,309,0,0
2010,7112,17136,0.00011047493376524374,471,0,0
2010,7119,135206,0.0008716663103795255,409,0,0
2010,7126,1974664,0.012730559909466112,224,0,0
2010,7129,5862265,0.03779372885091659,130,0,0
2010,7131,11241504,0.07247341327157579,90,0,0
2010,7132,390844,0.0025197516930755676,341,0,0
2010,7133,299657,0.001931873671060437,366,0,0
2010,7138,412548,0.002659676294058344,337,0,0
2010,7139,2009098,0.012952554182883035,220,0,0
2010,7144,414966,0.0026752650189558903,334,0,0
2010,7148,14333356,0.09240642826410242,80,0,0
2010,7149,22072071,0.14229753628540837,61,0,0
2010,7161,32328230,0.2084184796917347,48,0,0
2010,7162,30105471,0.194088463742791,49,0,0
2010,7163,28597,0.00018436342675564167,458,0,0
2010,7169,2258140,0.014558115483931345,209,0,0
2010,7187,23663,0.00015255417586875367,465,0,0
2010,7188,362075,0.0023342793909343273,351,0,0
2010,7211,3553328,0.022908127652088352,165,0,0
2010,7212,1702013,0.010972792567844527,237,0,0
2010,7213,63322,0.00040823376259820055,439,0,0
2010,7219,1851368,0.01193567677258939,227,0,0
2010,7223,96398,0.0006214730780288262,422,0,0
2010,7224,24716642,0.15934695307243474,54,0,0
2010,7233,1740180,0.011218853305298896,233,0,0
2010,7234,17393469,0.11213482351323649,71,0,0
2010,7239,28917735,0.1864311892370373,51,0,0
2010,7243,270617,0.0017446542454918866,375,0,0
2010,7244,2119677,0.01366545145767452,213,0,0
2010,7245,5425949,0.034980821451248284,134,0,0
2010,7246,1764688,0.011376855153846899,231,0,0
2010,7247,2480402,0.015991027466221882,194,0,0
2010,7248,205458,0.0013245774358974936,390,0,0
2010,7251,201241,0.0012973906481005728,391,0,0
2010,7252,304517,0.0019632058476535207,364,0,0
2010,7259,219722,0.001416536729503203,385,0,0
2010,7263,363481,0.0023433438025166065,349,0,0
2010,7264,230786,0.001487865783376841,382,0,0
2010,7267,221032,0.00142498223389352,384,0,0
2010,7268,306298,0.001974687865454402,362,0,0
2010,7269,12506,8.062555565290256e-05,477,0,0
2010,7271,114959,0.0007411349154247582,417,0,0
2010,7272,6480408,0.041778865813010956,123,0,0
2010,7281,2142215,0.013810752814887467,211,0,0
2010,7283,695213,0.004482003392141481,293,0,0
2010,7284,8018937,0.051697685220743604,111,0,0
2010,7361,2802018,0.018064469710493743,183,0,0
2010,7362,414247,0.0026706296619660908,335,0,0
2010,7367,432605,0.0027889827685290192,329,0,0
2010,7368,420482,0.0027108263946940487,331,0,0
2010,7369,1041341,0.006713473272761011,259,0,0
2010,7371,32131,0.00020714694775974833,455,0,0
2010,7372,280903,0.0018109675723306643,370,0,0
2010,7373,378482,0.0024400544982106083,343,0,0
2010,7411,800,5.157559933017915e-06,496,0,0
2010,7412,61007,0.00039330907354203,442,0,0
2010,7413,1066249,0.0068740539012755245,258,0,0
2010,7414,1159914,0.007477907465183177,253,0,0
2010,7415,3993350,0.025744927448146368,157,0,0
2010,7416,871968,0.005621534024592207,273,0,0
2010,7421,1014343,0.006539418518921489,261,0,0
2010,7422,2426813,0.015645541867158757,195,0,0
2010,7423,25211,0.00016253405433914333,462,0,0
2010,7428,794006,0.005118916915219779,280,0,0
2010,7429,636103,0.0041009241825906186,303,0,0
2010,7431,2361324,0.015223337564091995,202,0,0
2010,7432,2760454,0.017796508684173797,184,0,0
2010,7433,2858,1.8425382860706504e-05,489,0,0
2010,7434,23834942,0.15366267733125738,57,0,0
2010,7435,413833,0.002667960624700754,336,0,0
2010,7436,34303989,0.22115609901135913,45,0,0
2010,7439,670145,0.004320391251640364,299,0,0
2010,7441,5348080,0.03447880390821807,136,0,0
2010,7442,7428720,0.04789258578201106,114,0,0
2010,7449,1509985,0.009734797669322571,246,0,0
2010,7451,2895191,0.018665151375042592,178,0,0
2010,7452,3014922,0.0194370511354678,174,0,0
2010,7491,1147315,0.007396682343188063,255,0,0
2010,7492,2415124,0.015570183469587452,197,0,0
2010,7493,1373471,0.008854698748452561,250,0,0
2010,7499,592107,0.0038172841740742986,311,0,0
2010,7511,0,0.0,507,0,0
2010,7512,90214,0.0005816051397465978,426,0,0
2010,7518,1314217,0.008472691178113757,251,0,0
2010,7521,0,0.0,508,0,0
2010,7522,76818,0.0004952417986682128,434,0,0
2010,7523,1968790,0.012692690525657928,225,0,0
2010,7524,54750,0.0003529705079159136,443,0,0
2010,7525,4285847,0.02763064095780629,151,0,0
2010,7528,654192,0.00421754305962607,302,0,0
2010,7591,2265569,0.014606009874859334,208,0,0
2010,7599,4785304,0.030850615222137955,146,0,0
2010,7611,579110,0.0037334931660125063,313,0,0
2010,7621,53170,0.0003427843270482032,445,0,0
2010,7622,122045,0.0007868180025314644,416,0,0
2010,7628,32973,0.00021257527958924965,454,0,0
2010,7631,0,0.0,509,0,0
2010,7638,2380752,0.015348588907065336,201,0,0
2010,7641,3892141,0.025092438094070354,159,0,0
2010,7642,157305,0.001014137456579229,401,0,0
2010,7643,3831144,0.02469919349002749,161,0,0
2010,7648,1995830,0.012867016051393933,222,0,0
2010,7649,14987157,0.09662145056631123,78,0,0
2010,7711,4509896,0.02907507363959721,148,0,0
2010,7712,722321,0.004656767310471792,289,0,0
2010,7721,8334721,0.05373352885310377,108,0,0
2010,7722,33417,0.00021543772535207462,453,0,0
2010,7723,87362,0.0005632184385853889,428,0,0
2010,7731,2871115,0.018509934608858414,179,0,0
2010,7732,2089872,0.013473300115420021,215,0,0
2010,7741,10388193,0.06697215999157147,97,0,0
2010,7742,1656118,0.010676909801437207,240,0,0
2010,7751,2132154,0.013745890051779851,212,0,0
2010,7752,11574779,0.07462202050492148,88,0,0
2010,7753,15357,9.900580986419516e-05,473,0,0
2010,7754,22291,0.00014370896058362795,467,0,0
2010,7757,10771687,0.06944452660276244,93,0,0
2010,7758,2573146,0.016588943389256646,191,0,0
2010,7761,3223,2.0778519580145926e-05,488,0,0
2010,7762,38094,0.0002455901101104806,448,0,0
2010,7763,199160,0.00128397454532481,393,0,0
2010,7764,8986555,0.05793587000482727,101,0,0
2010,7768,81601,0.0005260775601177436,429,0,0
2010,7781,2923010,0.01884449907476337,176,0,0
2010,7782,143853,0.0009274130863055328,407,0,0
2010,7783,411181,0.002650863313522799,339,0,0
2010,7784,21834,0.00014076270447189147,468,0,0
2010,7788,2055949,0.013254600233410314,218,0,0
2010,7810,15778150,0.10172094282143328,75,0,0
2010,7821,4461534,0.02876328624774644,149,0,0
2010,7822,6301325,0.04062432668115515,127,0,0
2010,7831,2754452,0.01775781409077633,186,0,0
2010,7832,2829823,0.018243727152915695,181,0,0
2010,7841,806120,0.005197015266505503,279,0,0
2010,7842,195747,0.0012619711052605724,396,0,0
2010,7849,16690654,0.10760381040783151,73,0,0
2010,7851,5301431,0.034178060141573874,137,0,0
2010,7852,275811,0.0017781397033570054,374,0,0
2010,7853,816328,0.005262825731250811,277,0,0
2010,7861,783507,0.0050512303880488356,282,0,0
2010,7868,293430,0.0018917285139318086,368,0,0
2010,7912,0,0.0,510,0,0
2010,7913,164418,0.0010599946113336745,399,0,0
2010,7914,95674,0.0006168054862894451,423,0,0
2010,7915,312685,0.002015864534569634,359,0,0
2010,7919,942368,0.006075399298697784,265,0,0
2010,7921,0,0.0,511,0,0
2010,7922,0,0.0,512,0,0
2010,7923,6338787,0.040865842318918544,125,0,0
2010,7924,742338,0.004785815906945817,285,0,0
2010,7928,442772,0.0028545289083277605,328,0,0
2010,7929,4206685,0.02712028750853434,154,0,0
2010,7931,8597598,0.055428283706243704,105,0,0
2010,7932,171468,0.001105445608243395,398,0,0
2010,7933,53768,0.00034663960309813414,444,0,0
2010,7938,66910448,0.43136830713134844,32,0,0
2010,8121,328375,0.0021170171787559472,356,0,0
2010,8122,5075861,0.032723821648960316,141,0,0
2010,8124,1644100,0.010599430357343443,242,0,0
2010,8211,3875456,0.024984870734717352,160,0,0
2010,8212,85749340,0.552821700333413,25,0,0
2010,8219,6254701,0.04032374408825886,128,0,0
2010,8310,12501188,0.08059453292990545,84,0,0
2010,8421,3971164,0.025601895417303948,158,0,0
2010,8422,34566313,0.22284728870119538,44,0,0
2010,8423,663479595,4.277419719433692,5,1,1
2010,8424,46448080,0.2994484454670135,38,0,0
2010,8429,89174790,0.5749054049241084,24,0,0
2010,8431,13370936,0.08620175472568355,82,0,0
2010,8432,20138566,0.12983232638754608,64,0,0
2010,8433,7133231,0.045987582998201645,116,0,0
2010,8434,22262948,0.14352811074457666,59,0,0
2010,8435,9549229,0.06156340110201592,100,0,0
2010,8439,362464546,2.3367907744864116,13,0,0
2010,8441,15464963,0.09970184191800568,77,0,0
2010,8442,57886421,0.3731908570192586,34,0,0
2010,8443,21898442,0.14117815881839588,62,0,0
2010,8451,75509212,0.48680410798119444,29,0,0
2010,8452,140168261,0.9036577585179971,20,0,0
2010,8459,442305023,2.8515183309967096,10,0,1
2010,8461,6543965,0.04218861460883948,122,0,0
2010,8462,647707468,4.175737606591605,6,0,1
2010,8463,372256047,2.3999160910385426,12,0,0
2010,8464,52039171,0.3354939291213348,35,0,0
2010,8465,2001554,0.012903918392714677,221,0,0
2010,8471,5621246,0.03623989142904653,131,0,0
2010,8472,174433404,1.1245634193129088,19,0,0
2010,8481,471853080,3.0420131745988717,8,0,1
2010,8482,5198685,0.03351566182547656,139,0,0
2010,8483,2304982,0.014860103511909377,207,0,0
2010,8484,1531172,0.009871389197198634,245,0,0
2010,8510,84983011,0.547881215651026,26,0,0
2010,8710,879849,0.00567234243688235,271,0,0
2010,8720,219473452,1.4149343529954135,16,0,0
2010,8731,416777,0.0026869404452542598,333,0,0
2010,8732,14122,9.104382671759875e-05,474,0,0
2010,8741,8723530,0.05624016100309972,102,0,0
2010,8742,711445,0.0045866502831824136,291,0,0
2010,8743,1254815,0.008089729459187345,252,0,0
2010,8744,920576,0.005934907366122376,266,0,0
2010,8745,378721,0.0024415953192405975,342,0,0
2010,8748,6753224,0.04353769690136872,118,0,0
2010,8749,3480896,0.022441162175752913,166,0,0
2010,8811,7016,4.523180061256712e-05,484,0,0
2010,8812,0,0.0,513,0,0
2010,8813,333581,0.0021505800000200617,355,0,0
2010,8821,732607,0.00472308063731057,287,0,0
2010,8822,1651366,0.01064627389543508,241,0,0
2010,8830,1081,6.969152859490459e-06,494,0,0
2010,8841,301232,0.0019420276171785659,365,0,0
2010,8842,344244,0.0022193238269772745,353,0,0
2010,8851,81310,0.0005242014976921084,431,0,0
2010,8852,246911,0.0015918228507767335,378,0,0
2010,8921,2401838,0.015484529292999856,198,0,0
2010,8922,124975,0.0008057075657861425,413,0,0
2010,8924,113688,0.000732940842081176,419,0,0
2010,8928,9593128,0.06184641575639036,99,0,0
2010,8931,38473381,0.24803596041666595,42,0,0
2010,8932,442877,0.0028552058380689692,327,0,0
2010,8933,8304,5.353547210472596e-05,482,0,0
2010,8935,872343,0.005623951630810809,272,0,0
2010,8939,24653429,0.15893942202737743,55,0,0
2010,8941,0,0.0,514,0,0
2010,8942,2099712,0.013536738102596141,214,0,0
2010,8946,31793,0.00020496787868804823,456,0,0
2010,8947,247909315,1.5982589375823968,15,0,0
2010,8951,6304,4.0641572272181174e-05,485,0,0
2010,8952,5083207,0.03277118094304525,140,0,0
2010,8959,476489,0.003071900718654717,322,0,0
2010,8960,362902,0.0023396110185150846,350,0,0
2010,8972,287342,0.0018524794828415423,369,0,0
2010,8973,537506529,3.4652776721324154,7,0,1
2010,8974,6655340,0.04290664365576432,120,0,0
2010,8981,373848,0.002410179332298602,345,0,0
2010,8982,1010344,0.006513637166206317,262,0,0
2010,8983,214846,0.001385101401711459,386,0,0
2010,8989,2163302,0.013946699647771904,210,0,0
2010,8991,13239275,0.0853529428527572,83,0,0
2010,8993,19895477,0.12826514377934933,65,0,0
2010,8994,419571,0.002704953223320325,332,0,0
2010,8996,751830,0.004847010355551074,284,0,0
2010,8997,1140394,0.007352063002817541,256,0,0
2010,8998,209718,0.0013520414425408141,387,0,0
2010,8999,237896,0.0015337035972815376,380,0,0
2011,5111,103386,0.0005899418404969773,417,0,0
2011,5112,61714,0.00035215281318970134,445,0,0
2011,5113,5367054,0.030625517137781364,143,0,0
2011,5114,27987,0.0001596995946258575,466,0,0
2011,5121,218017018,1.2440500731103112,19,0,0
2011,5122,15549,8.87258011518726e-05,478,0,0
2011,5123,79128,0.00045152068901828894,436,0,0
2011,5137,846701,0.0048314505473722865,287,0,0
2011,5138,70614154,0.4029389276681271,32,0,0
2011,5139,442832,0.002526890730959293,341,0,0
2011,5145,20000,0.0001141241252194644,474,0,0
2011,5146,208348,0.0011888766620612484,394,0,0
2011,5147,0,0.0,499,0,0
2011,5148,19575,0.00011169898755855078,475,0,0
2011,5154,7740,4.416603645993272e-05,485,0,0
2011,5155,3632867,0.020729888420682997,162,0,0
2011,5156,215910,0.0012320269938067279,390,0,0
2011,5157,61686,0.00035199303941439405,446,0,0
2011,5161,47828,0.00027291643304982717,452,0,0
2011,5162,0,0.0,500,0,0
2011,5163,2893,1.6508054712995526e-05,495,0,0
2011,5169,35766803,0.20409275521359577,46,0,0
2011,5221,3513403,0.020048202195922092,165,0,0
2011,5222,5823373,0.033229367472582406,133,0,0
2011,5223,7685,4.38521951155792e-05,486,0,0
2011,5224,1377253,0.007858889691544151,250,0,0
2011,5225,4159017,0.02373220884489406,155,0,0
2011,5231,3570428,0.02037359860795409,163,0,0
2011,5232,16422822,0.09371200971924874,73,0,0
2011,5233,87874,0.0005014271689767607,424,0,0
2011,5239,5649926,0.03223964311523538,137,0,0
2011,5241,185338,0.0010575768559962547,398,0,0
2011,5249,6202580,0.03539320083018727,130,0,0
2011,5311,5804078,0.03311926622277693,134,0,0
2011,5312,381610,0.0021775453712499903,352,0,0
2011,5322,282562,0.001612357053513115,368,0,0
2011,5323,250536,0.0014296100917991867,381,0,0
2011,5331,3027388,0.017274900359995193,181,0,0
2011,5332,622769,0.0035536483669400313,312,0,0
2011,5334,24667476,0.14075770599360665,59,0,0
2011,5335,1172883,0.006692712317989053,260,0,0
2011,5411,30081,0.00017164839053633544,461,0,0
2011,5413,6773247,0.038649544438518084,125,0,0
2011,5414,26196,0.00014947977921245446,469,0,0
2011,5415,8998,5.134444393623703e-05,484,0,0
2011,5416,3234365,0.01845595381327265,176,0,0
2011,5417,74634432,0.4258794631625801,31,0,0
2011,5419,14481622,0.08263512212544753,78,0,0
2011,5513,866715,0.0049456545594794045,283,0,0
2011,5514,1188417,0.006781352526047011,259,0,0
2011,5530,8705127,0.04967325018996702,108,0,0
2011,5541,11907143,0.06794461393690346,89,0,0
2011,5542,2930802,0.016723760722072836,184,0,0
2011,5543,199878,0.0011405450950308055,395,0,0
2011,5621,605286,0.0034538867628794365,315,0,0
2011,5622,32114,0.00018324910786489398,459,0,0
2011,5623,82301,0.000469626481484357,433,0,0
2011,5629,738416,0.0042135540024028015,298,0,0
2011,5721,6090680,0.034754676349584374,131,0,0
2011,5722,238811,0.0013627048233892756,387,0,0
2011,5723,27465,0.0001567209549576295,467,0,0
2011,5821,420752,0.0024008976967170043,347,0,0
2011,5822,3398363,0.019391760227659736,173,0,0
2011,5823,257128373,1.4672275318864576,16,0,0
2011,5824,982388,0.00560570855630496,271,0,0
2011,5825,10990341,0.06271315262443068,94,0,0
2011,5826,1670542,0.009532457219618725,232,0,0
2011,5827,464403,0.002649979306214746,339,0,0
2011,5828,12932,7.379265936690568e-05,480,0,0
2011,5829,2336830,0.013334433976830049,201,0,0
2011,5831,29130481,0.16622453306736143,53,0,0
2011,5832,2295662,0.013099520877478303,206,0,0
2011,5833,62075003,0.3542127707685314,37,0,0
2011,5834,18653032,0.10643804798453384,70,0,0
2011,5835,247818,0.0014141006231818615,384,0,0
2011,5836,3490771,0.01991905933582375,167,0,0
2011,5837,5203638,0.029693031735438163,146,0,0
2011,5838,79549,0.0004539230018541587,435,0,0
2011,5839,9066196,0.051733584378410365,104,0,0
2011,5841,1966991,0.011224056359477975,219,0,0
2011,5842,406465,0.00231937312786648,349,0,0
2011,5843,590342,0.0033686132165154526,317,0,0
2011,5849,1619329,0.009240225278375503,235,0,0
2011,5851,123773,0.0007062742675394384,412,0,0
2011,5852,20689181,0.11805673415660818,66,0,0
2011,5911,641677,0.0036615413149225133,309,0,0
2011,5912,518721,0.0029599290178982897,330,0,0
2011,5913,290793,0.0016593248372471856,367,0,0
2011,5914,64192,0.00036629279230439293,444,0,0
2011,5921,5499975,0.031383991780196185,140,0,0
2011,5922,7092816,0.040473071067131036,120,0,0
2011,5981,1738841,0.009922185401036935,230,0,0
2011,5982,458509,0.0026163469265125705,340,0,0
2011,5983,53744717,0.30667844063963384,41,0,0
2011,5989,12484170,0.07123724901705404,85,0,0
2011,6112,786285,0.004486704389909329,293,0,0
2011,6113,33875049,0.19329801669457464,49,0,0
2011,6114,152214142,0.8685652900890668,21,0,0
2011,6115,54684672,0.3120420177456669,40,0,0
2011,6116,221026800,1.2612245100028758,18,0,0
2011,6118,7663780,0.043731109418721346,116,0,0
2011,6121,2259786,0.01289480502165963,209,0,0
2011,6122,8813706,0.050292824359577236,106,0,0
2011,6123,4416464,0.025201254528162832,151,0,0
2011,6129,4074957,0.02325254514659665,156,0,0
2011,6130,1059887,0.006047933835324123,265,0,0
2011,6210,971041,0.005540960233861697,273,0,0
2011,6251,436819,0.002492579312712061,343,0,0
2011,6252,572985,0.0032695705944437406,320,0,0
2011,6253,131051,0.0007478040367068015,409,0,0
2011,6254,2503152,0.014283501614567639,194,0,0
2011,6259,3451748,0.019696386048901792,169,0,0
2011,6281,5403,3.083063242803831e-05,490,0,0
2011,6282,134421,0.0007670339518062811,408,0,0
2011,6289,373687,0.0021323350990442996,355,0,0
2011,6330,2646,1.5098621766535141e-05,496,0,0
2011,6341,0,0.0,501,0,0
2011,6342,2943412,0.01679571598302371,183,0,0
2011,6343,377871,0.0021562098660402114,353,0,0
2011,6344,1983162,0.011316331420924173,217,0,0
2011,6349,2924695,0.01668891292043707,185,0,0
2011,6351,419070,0.0023912998577860474,348,0,0
2011,6352,0,0.0,502,0,0
2011,6353,5597156,0.03193852661084382,139,0,0
2011,6354,250835,0.0014313162474712177,379,0,0
2011,6359,3534964,0.020171233709114937,164,0,0
2011,6411,513463,0.0029299257853780923,332,0,0
2011,6412,618719,0.0035305382315830897,313,0,0
2011,6413,87605,0.000499892199492559,425,0,0
2011,6415,950925,0.005426174188715959,274,0,0
2011,6416,29644423,0.16915719212553854,52,0,0
2011,6417,208708,0.0011909308963151987,393,0,0
2011,6418,2972656,0.01696258827891961,182,0,0
2011,6419,99349,0.0005669058858214284,419,0,0
2011,6421,18411244,0.10505835578510563,71,0,0
2011,6422,92671,0.0005287998404106493,420,0,0
2011,6423,499287,0.002849034605422536,334,0,0
2011,6424,1392334,0.007944944988165888,248,0,0
2011,6428,1765802,0.010076030428039034,229,0,0
2011,6511,12636,7.210362231365761e-05,482,0,0
2011,6512,628539,0.003586573177065847,311,0,0
2011,6513,1957878877,11.172060706164617,2,1,1
2011,6514,28791213,0.16428859988161357,54,0,0
2011,6515,807955,0.004610357879584618,290,0,0
2011,6516,13903700,0.07933737999069336,81,0,0
2011,6517,3121301,0.017810787308581974,179,0,0
2011,6518,58867,0.00033590724396471056,448,0,0
2011,6519,280512,0.00160065933067812,370,0,0
2011,6521,1006029633,5.7406125905491905,4,1,1
2011,6522,1498423993,8.550316370449092,3,1,1
2011,6531,322818768,1.8420704751212613,14,0,0
2011,6532,36287324,0.20706295540276382,45,0,0
2011,6534,510930498,2.9154748066097653,10,0,1
2011,6535,6775977,0.03866512238161054,124,0,0
2011,6536,2237618,0.012768309841266375,210,0,0
2011,6538,11433447,0.06524160685590548,90,0,0
2011,6539,21006432,0.1198670337991082,65,0,0
2011,6541,2259826,0.012895033269910068,208,0,0
2011,6542,3435661,0.019604590308781512,170,0,0
2011,6543,9283157,0.052971608594997374,102,0,0
2011,6544,1783839,0.010178953270368208,228,0,0
2011,6545,6753328,0.03853588251600575,126,0,0
2011,6546,11927,6.805792207462759e-05,483,0,0
2011,6549,2375050,0.013552525180124446,199,0,0
2011,6551,51569655,0.2942670882372289,42,0,0
2011,6552,8271950,0.04720145288045743,112,0,0
2011,6553,114131,0.0006512550267711346,416,0,0
2011,6560,4904558,0.027986419566906295,149,0,0
2011,6571,9200872,0.0525020734128132,103,0,0
2011,6572,16010197,0.09135748636081467,75,0,0
2011,6573,10656634,0.06080895165170008,96,0,0
2011,6574,19866608,0.11336296295390066,68,0,0
2011,6575,1599202,0.009125376464960895,236,0,0
2011,6576,5047,2.8799222999131842e-05,493,0,0
2011,6577,26026672,0.1485135587186964,57,0,0
2011,6579,41051,0.00023424547321921165,457,0,0
2011,6581,24699381,0.140939762504363,58,0,0
2011,6582,69347769,0.3957126736523246,33,0,0
2011,6583,27654847,0.15780426109765647,55,0,0
2011,6584,2800702906,15.981388457343094,1,1,1
2011,6589,79114174,0.4514417950105248,30,0,0
2011,6591,2175432,0.012413463698721493,213,0,0
2011,6592,130427894,0.7442484653483514,23,0,0
2011,6593,1433045,0.008177250351256368,245,0,0
2011,6594,3352420,0.019129599993411843,174,0,0
2011,6595,2355092,0.013438640715567943,200,0,0
2011,6596,359360,0.0020505822819433363,356,0,0
2011,6597,17807,0.00010161041488915012,477,0,0
2011,6611,783448,0.004470515882746947,294,0,0
2011,6612,448063656,2.556743639181751,11,0,0
2011,6613,12216356,0.06970904709347776,86,0,0
2011,6618,903691,0.005156647242185151,280,0,0
2011,6623,250403,0.001428851166366477,382,0,0
2011,6624,3291205,0.018780294577146365,175,0,0
2011,6631,82701,0.0004719089639887463,431,0,0
2011,6632,86500,0.0004935868415741836,427,0,0
2011,6633,14083790,0.08036501067623203,79,0,0
2011,6635,64477,0.0003679190610887703,443,0,0
2011,6637,128337,0.0007323173929145202,411,0,0
2011,6638,35266,0.00020123506999948157,458,0,0
2011,6639,1417501,0.0080885530811358,247,0,0
2011,6641,29945,0.00017087234648484307,463,0,0
2011,6642,232236,0.0013251865172233767,389,0,0
2011,6643,692149,0.003949544957326353,304,0,0
2011,6644,6400635,0.03652334351120433,128,0,0
2011,6645,0,0.0,503,0,0
2011,6646,0,0.0,504,0,0
2011,6647,19543,0.00011151638895819964,476,0,0
2011,6648,244531,0.0013953443232020426,385,0,0
2011,6649,679363,0.00387658540407355,305,0,0
2011,6651,5163628,0.02946472642293663,147,0,0
2011,6652,2444278,0.0139475544271591,197,0,0
2011,6658,428101,0.002442832606528897,345,0,0
2011,6664,1351171,0.007710060419845447,252,0,0
2011,6665,530050,0.0030245746286288555,327,0,0
2011,6666,82712,0.00047197173225761697,430,0,0
2011,6671,1425,8.131343921886838e-06,497,0,0
2011,6672,61535,0.0003511314022689871,447,0,0
2011,6673,3927920,0.02241352169660193,158,0,0
2011,6674,144028,0.0008218534753554509,406,0,0
2011,6712,0,0.0,505,0,0
2011,6713,21179470,0.12085442431809448,64,0,0
2011,6716,195349,0.0011147016868748576,396,0,0
2011,6724,2455796,0.01401327851087299,195,0,0
2011,6725,47589,0.00027155264975345454,454,0,0
2011,6727,2023232,0.01154497910580137,214,0,0
2011,6731,719959,0.004108234553444019,301,0,0
2011,6732,813105,0.00463974484182863,289,0,0
2011,6733,7884100,0.04498830078213896,115,0,0
2011,6741,72402,0.000413140745706983,439,0,0
2011,6744,129467,0.0007387654059894199,410,0,0
2011,6745,5704,3.2548200512591246e-05,489,0,0
2011,6746,282376,0.0016112956991485739,369,0,0
2011,6747,658894,0.003759785068117689,306,0,0
2011,6749,1498025,0.008548039634094408,239,0,0
2011,6750,292010,0.0016662692902667902,366,0,0
2011,6760,851283,0.004857596384460066,286,0,0
2011,6770,183543,0.0010473342157578077,400,0,0
2011,6781,976338,0.005571186008426072,272,0,0
2011,6782,7094372,0.040481949924073106,119,0,0
2011,6783,99478274,0.5676435499296094,27,0,0
2011,6784,255171,0.0014560583578187975,377,0,0
2011,6785,469307,0.0026779625417185588,337,0,0
2011,6793,706972,0.00403412805273276,302,0,0
2011,6794,875131,0.004993677991371755,282,0,0
2011,6911,57993989,0.33092566313061206,38,0,0
2011,6912,256704,0.0014648059720168696,375,0,0
2011,6921,279113,0.0015926763481190185,371,0,0
2011,6924,7386349,0.042148030909533285,117,0,0
2011,6931,1474285,0.008412574297458904,241,0,0
2011,6932,293526,0.0016749198989584255,364,0,0
2011,6935,275710,0.0015732581282129263,372,0,0
2011,6940,1343190,0.00766451918767662,253,0,0
2011,6951,489618,0.0027938612970851862,335,0,0
2011,6953,7279555,0.04153864231809891,118,0,0
2011,6954,3888916,0.02219095682759893,160,0,0
2011,6960,83031716,0.4737960976985503,29,0,0
2011,6973,2006811,0.01145127749278993,215,0,0
2011,6974,32945172,0.1879919467352396,51,0,0
2011,6975,3233120,0.018448849586477738,177,0,0
2011,6978,29980,0.00017107206370397713,462,0,0
2011,6991,1054617,0.006017862128328794,267,0,0
2011,6992,170551,0.0009731991840152437,403,0,0
2011,6993,630666,0.003598710277782937,310,0,0
2011,6994,1813854,0.01035022505129132,227,0,0
2011,6996,768100,0.00438293702905353,296,0,0
2011,6997,3154454,0.017999965164752017,178,0,0
2011,6998,1858991,0.010607786083292867,225,0,0
2011,6999,66742,0.00038084361826987465,441,0,0
2011,7111,1082180,0.006175142291499999,264,0,0
2011,7112,89528,0.0005108652341324104,422,0,0
2011,7119,23231,0.00013256087764866887,470,0,0
2011,7126,2315699,0.013213856132329426,202,0,0
2011,7129,296677,0.001692900154886752,363,0,0
2011,7131,35640487,0.20337197006353464,47,0,0
2011,7132,441577,0.0025197294421017715,342,0,0
2011,7133,1331746,0.007599217363226042,254,0,0
2011,7138,553651,0.003159246802594084,324,0,0
2011,7139,1620709,0.009248099843015648,234,0,0
2011,7144,8980104,0.05124232566899065,105,0,0
2011,7148,13075247,0.07461005629517131,83,0,0
2011,7149,2749463,0.015689002984914213,189,0,0
2011,7161,10162058,0.057986798983973,98,0,0
2011,7162,10514718,0.059999149683967815,97,0,0
2011,7163,82854,0.0004727820135466752,429,0,0
2011,7169,566797,0.0032342605901008385,323,0,0
2011,7187,47802,0.0002727680716870419,453,0,0
2011,7188,355211,0.0020269072321665586,357,0,0
2011,7211,4188956,0.023903046954141336,153,0,0
2011,7212,1898474,0.010833084225094873,223,0,0
2011,7213,53381,0.00030460299641701146,449,0,0
2011,7219,1047814,0.005979042807135394,268,0,0
2011,7223,309664,0.0017670066555980114,362,0,0
2011,7224,22117229,0.12620547059517848,62,0,0
2011,7233,5973467,0.03408583479511692,132,0,0
2011,7234,6969733,0.03977073408191167,122,0,0
2011,7239,9776413,0.055786229070459985,99,0,0
2011,7243,513085,0.0029277688394114447,333,0,0
2011,7244,4019228,0.022934543977878873,157,0,0
2011,7245,8723380,0.04977740557284857,107,0,0
2011,7246,3506445,0.020008498412758244,166,0,0
2011,7247,2509604,0.014320318057363437,193,0,0
2011,7248,435015,0.0024822853166172653,344,0,0
2011,7251,250741,0.0014307798640826861,380,0,0
2011,7252,421586,0.002405656672738656,346,0,0
2011,7259,85280,0.0004866252699357962,428,0,0
2011,7263,926940,0.005289310831546517,276,0,0
2011,7264,212683,0.0012136130662025674,392,0,0
2011,7267,122076,0.0006965908355145668,413,0,0
2011,7268,321016,0.0018317835090725793,361,0,0
2011,7269,65709,0.0003749491072022893,442,0,0
2011,7271,265725,0.0015162816586971088,374,0,0
2011,7272,8591939,0.04902737611569999,109,0,0
2011,7281,1658516,0.00946383438312426,233,0,0
2011,7283,1358192,0.00775012369400374,251,0,0
2011,7284,7900349,0.045081020927673514,114,0,0
2011,7361,4990089,0.028474477094613596,148,0,0
2011,7362,330135,0.001883818403966394,360,0,0
2011,7367,45610,0.0002602600675629886,455,0,0
2011,7368,377707,0.002155274048213412,354,0,0
2011,7369,354948,0.0020254064999199227,358,0,0
2011,7371,88037,0.0005023572805972993,423,0,0
2011,7372,6893175,0.039333878342984074,123,0,0
2011,7373,340012,0.0019401786032060264,359,0,0
2011,7411,15504,8.84690218701288e-05,479,0,0
2011,7412,173496,0.0009900039614538097,401,0,0
2011,7413,904032,0.005158593058520142,279,0,0
2011,7414,1954515,0.011152865730166073,220,0,0
2011,7415,2306916,0.013163738522739298,204,0,0
2011,7416,4181189,0.02385872685011236,154,0,0
2011,7421,82603,0.0004713497557751709,432,0,0
2011,7422,1210131,0.006905257088797785,257,0,0
2011,7423,22707,0.0001295708255679189,471,0,0
2011,7428,1170743,0.006680501036590571,261,0,0
2011,7429,860221,0.004908598456020644,284,0,0
2011,7431,2592164,0.014791422446269386,192,0,0
2011,7432,5371316,0.03064983698886563,142,0,0
2011,7433,7305,4.1683836736409374e-05,487,0,0
2011,7434,24514542,0.13988503304529096,60,0,0
2011,7435,187412,0.0010694115277815133,397,0,0
2011,7436,50526611,0.2883152640339584,43,0,0
2011,7439,568046,0.003241387641720794,321,0,0
2011,7441,2196067,0.012531211264916678,212,0,0
2011,7442,3047943,0.0173921914296895,180,0,0
2011,7449,803845,0.004586905371852018,292,0,0
2011,7451,1118509,0.006382443058754895,263,0,0
2011,7452,5797591,0.03308225006276199,135,0,0
2011,7491,655171,0.0037385408622080856,307,0,0
2011,7492,1900528,0.010844804772754912,222,0,0
2011,7493,1154668,0.0065887737709454264,262,0,0
2011,7499,614107,0.003504221208307481,314,0,0
2011,7511,0,0.0,506,0,0
2011,7512,275627,0.0015727845130932658,373,0,0
2011,7518,936137,0.005341790810528687,275,0,0
2011,7521,0,0.0,507,0,0
2011,7522,50740,0.0002895329056817812,451,0,0
2011,7523,778523,0.004442412816911654,295,0,0
2011,7524,22679,0.00012941105179261166,472,0,0
2011,7525,2236953,0.012764515214102828,211,0,0
2011,7528,255330,0.0014569656446142922,376,0,0
2011,7591,3415346,0.019488668728589842,172,0,0
2011,7599,3927524,0.022411262038922585,159,0,0
2011,7611,645276,0.0036820779512557553,308,0,0
2011,7621,5156,2.9421199481577925e-05,491,0,0
2011,7622,28714,0.00016384800657758504,465,0,0
2011,7628,31820,0.00018157148322416787,460,0,0
2011,7631,5077,2.8970409186961037e-05,492,0,0
2011,7638,997598,0.005692499953534363,270,0,0
2011,7641,8535496,0.04870530071571187,110,0,0
2011,7642,121138,0.0006912384140417739,414,0,0
2011,7643,7970834,0.04548322287597822,113,0,0
2011,7648,2797181,0.015961291735275333,187,0,0
2011,7649,21283991,0.12145084270269767,63,0,0
2011,7711,2446702,0.013961386271135698,196,0,0
2011,7712,1279114,0.0072988883152985,255,0,0
2011,7721,4390327,0.025052111415119774,152,0,0
2011,7722,73353,0.0004185673478611686,438,0,0
2011,7723,26612,0.00015185356101701935,468,0,0
2011,7731,1887977,0.010773186177973437,224,0,0
2011,7732,914831,0.005220214379932392,278,0,0
2011,7741,11315848,0.06457056270582129,91,0,0
2011,7742,586154,0.003344715624694497,318,0,0
2011,7751,3476181,0.01983580578647615,168,0,0
2011,7752,14080301,0.08034510172258749,80,0,0
2011,7753,0,0.0,508,0,0
2011,7754,91868,0.0005242177567830878,421,0,0
2011,7757,11979065,0.06835501570360517,87,0,0
2011,7758,2890224,0.016492214284415066,186,0,0
2011,7761,0,0.0,509,0,0
2011,7762,75788,0.0004324619601066384,437,0,0
2011,7763,1439984,0.008216845716501261,244,0,0
2011,7764,17067914,0.09739303772855248,72,0,0
2011,7768,2407275,0.013736407676884308,198,0,0
2011,7781,2743450,0.01565469156666698,190,0,0
2011,7782,87203,0.0004975983045756477,426,0,0
2011,7783,402054,0.002294203052049327,350,0,0
2011,7784,21918,0.00012506862882801103,473,0,0
2011,7788,2305377,0.013154956671303659,205,0,0
2011,7810,2313199,0.013199590616676991,203,0,0
2011,7821,1699456,0.009697446467448504,231,0,0
2011,7822,5672732,0.03236977885522314,136,0,0
2011,7831,1451778,0.008284144713143178,242,0,0
2011,7832,3683113,0.02101660246047186,161,0,0
2011,7841,171424,0.0009781807020810733,402,0,0
2011,7842,99380,0.0005670827782155186,418,0,0
2011,7849,26858092,0.15325781272819475,56,0,0
2011,7851,11099574,0.06333645865293556,92,0,0
2011,7852,184112,0.0010505810471203015,399,0,0
2011,7853,749588,0.004277303738750394,297,0,0
2011,7861,1842954,0.010516275653485641,226,0,0
2011,7868,920541,0.005252796817682549,277,0,0
2011,7912,0,0.0,510,0,0
2011,7913,525773,0.003000169184450673,328,0,0
2011,7914,233229,0.0013308527800405233,388,0,0
2011,7915,999902,0.005705647052759645,269,0,0
2011,7919,4306,2.457092415975069e-05,494,0,0
2011,7921,80215,0.00045772333522396685,434,0,0
2011,7922,0,0.0,511,0,0
2011,7923,0,0.0,512,0,0
2011,7924,1443040,0.008234283882834797,243,0,0
2011,7928,114474,0.0006532122555186484,415,0,0
2011,7929,9420239,0.053753826761664104,101,0,0
2011,7931,8291116,0.04731081802965524,111,0,0
2011,7932,50859,0.000290211944226837,450,0,0
2011,7933,1056063,0.006026113302582162,266,0,0
2011,7938,522083,0.0029791132833476815,329,0,0
2011,8121,592357,0.0033801112221313137,316,0,0
2011,8122,5452764,0.03111459607640938,141,0,0
2011,8124,1575742,0.008991508866078465,237,0,0
2011,8211,1201661,0.006856925521767341,258,0,0
2011,8212,89402060,0.5101465945159035,28,0,0
2011,8219,5359602,0.030582994488724594,144,0,0
2011,8310,15052417,0.08589219612817973,77,0,0
2011,8421,4653010,0.026551034794371004,150,0,0
2011,8422,55486816,0.3166192168606691,39,0,0
2011,8423,712859249,4.067721909836468,5,1,1
2011,8424,65072576,0.3713175405888557,35,0,0
2011,8429,115983983,0.6618285299672115,24,0,0
2011,8431,15368565,0.0876962018251739,76,0,0
2011,8432,16328268,0.09317246509244868,74,0,0
2011,8433,9706005,0.05538446650003739,100,0,0
2011,8434,36988887,0.21106621858583094,44,0,0
2011,8435,10858549,0.0619611202888845,95,0,0
2011,8439,522312368,2.9804221044653483,8,0,1
2011,8441,20223472,0.11539930254501661,67,0,0
2011,8442,64625191,0.36876466950079023,36,0,0
2011,8443,22391438,0.12777016370779368,61,0,0
2011,8451,108935651,0.6216092937793937,25,0,0
2011,8452,139473583,0.795865032554968,22,0,0
2011,8459,584032878,3.3326120650578086,7,0,1
2011,8461,7000838,0.039948225627659234,121,0,0
2011,8462,710126403,4.052127726880992,6,0,1
2011,8463,398026403,2.27122075283125,13,0,0
2011,8464,68374718,0.3901602439438783,34,0,0
2011,8465,1255463,0.007163930831020222,256,0,0
2011,8471,1982832,0.011314448372858051,218,0,0
2011,8472,178068516,1.01609568088141,20,0,0
2011,8481,517115727,2.9507689990551182,9,0,1
2011,8482,6593548,0.03762414487962745,127,0,0
2011,8483,1429646,0.00815785495617532,246,0,0
2011,8484,1475747,0.008420916771012447,240,0,0
2011,8510,104381806,0.595624114928892,26,0,0
2011,8710,699200,0.003989779417672475,303,0,0
2011,8720,280231924,1.5990611592533714,15,0,0
2011,8731,163339,0.0009320460244611048,404,0,0
2011,8732,0,0.0,513,0,0
2011,8741,5316807,0.030338797391786243,145,0,0
2011,8742,241530,0.0013782199982128617,386,0,0
2011,8743,1530355,0.008732521282511672,238,0,0
2011,8744,543575,0.003101751068308518,326,0,0
2011,8745,567662,0.00323919645851658,322,0,0
2011,8748,2779806,0.01586214640149092,188,0,0
2011,8749,2736209,0.015613372927131275,191,0,0
2011,8811,45575,0.0002600603503438545,456,0,0
2011,8812,1151,6.5678434063801765e-06,498,0,0
2011,8813,253942,0.0014490454303240615,378,0,0
2011,8821,725774,0.004141416142851578,299,0,0
2011,8822,3422242,0.019528018726965513,171,0,0
2011,8830,0,0.0,514,0,0
2011,8841,479076,0.0027337064706820066,336,0,0
2011,8842,465162,0.002654310316766825,338,0,0
2011,8851,292978,0.0016717928979274122,365,0,0
2011,8852,138157,0.0007883523383972772,407,0,0
2011,8921,1992839,0.011371550378911612,216,0,0
2011,8922,148724,0.0008486498199569813,405,0,0
2011,8924,215420,0.0012292309527388511,391,0,0
2011,8928,13297544,0.07587852882836688,82,0,0
2011,8931,35327816,0.2015878048457099,48,0,0
2011,8932,578971,0.0033037279451219263,319,0,0
2011,8933,12703,7.248593813314282e-05,481,0,0
2011,8935,805834,0.004598255016105094,291,0,0
2011,8939,33536164,0.1913642689858247,50,0,0
2011,8941,6302,3.5960511856653235e-05,488,0,0
2011,8942,6388008,0.03645129124474702,129,0,0
2011,8946,68782,0.0003924842790422601,440,0,0
2011,8947,246754861,1.4080341327637766,17,0,0
2011,8951,29015,0.00016556557466213798,464,0,0
2011,8952,5648424,0.0322310723934314,138,0,0
2011,8959,514261,0.0029344793379743493,331,0,0
2011,8960,12509320,0.07138076010451752,84,0,0
2011,8972,720161,0.004109387207108735,300,0,0
2011,8973,422827999,2.4127437752085785,12,0,0
2011,8974,11936480,0.06811201690998162,88,0,0
2011,8981,399032,0.002276958896728666,351,0,0
2011,8982,1946652,0.011107997830336041,221,0,0
2011,8983,2273391,0.01297243795784017,207,0,0
2011,8989,1383042,0.007891922919588925,249,0,0
2011,8991,11046013,0.06303082853939158,93,0,0
2011,8993,19483768,0.11117839894894967,69,0,0
2011,8994,549659,0.0031364676272002795,325,0,0
2011,8996,891764,0.005088589320110522,281,0,0
2011,8997,825619,0.004711152306978449,288,0,0
2011,8998,853716,0.004871479584293013,285,0,0
2011,8999,249368,0.00142294524288637,383,0,0
2012,5111,9075,4.868989861503931e-05,479,0,0
2012,5112,28896623,0.15503841809223284,52,0,0
2012,5113,8670387,0.04651903735351569,103,0,0
2012,5114,29026,0.00015573256167494557,456,0,0
2012,5121,175813948,0.9432907221189856,19,0,0
2012,5122,15901,8.531328681848376e-05,468,0,0
2012,5123,0,0.0,499,0,0
2012,5137,324600,0.0017415692661643812,360,0,0
2012,5138,21345443,0.11452423752761438,63,0,0
2012,5139,295617,0.001586067411447061,365,0,0
2012,5145,24712,0.00013258675201926738,458,0,0
2012,5146,670441,0.003597102404117418,299,0,0
2012,5147,162366,0.0008711387414357546,402,0,0
2012,5148,9018,4.8384077764234115e-05,480,0,0
2012,5154,3647,1.9567169173448857e-05,488,0,0
2012,5155,2949976,0.015827441582016443,179,0,0
2012,5156,136736,0.0007336266641350981,410,0,0
2012,5157,0,0.0,500,0,0
2012,5161,0,0.0,501,0,0
2012,5162,2050,1.0998820072818798e-05,493,0,0
2012,5163,0,0.0,502,0,0
2012,5169,18680652,0.10022689277606957,69,0,0
2012,5221,365441,0.0019606925884053535,350,0,0
2012,5222,4424396,0.02373811489507278,145,0,0
2012,5223,0,0.0,503,0,0
2012,5224,637531,0.0034205311023630443,302,0,0
2012,5225,8990617,0.04823716035445167,100,0,0
2012,5231,5359863,0.028757155488760382,135,0,0
2012,5232,12945849,0.06945807992238107,89,0,0
2012,5233,13068,7.011345400565661e-05,473,0,0
2012,5239,3645328,0.019558198428491904,161,0,0
2012,5241,23832,0.00012786530730508175,459,0,0
2012,5249,6753570,0.03623478111179846,125,0,0
2012,5311,7147608,0.038348904557580596,119,0,0
2012,5312,546649,0.0029329238995055235,312,0,0
2012,5322,221331,0.0011875023636766133,382,0,0
2012,5323,237962,0.0012767323034966374,380,0,0
2012,5331,1740017,0.009335675076412657,226,0,0
2012,5332,1366387,0.007331046225774955,251,0,0
2012,5334,29839665,0.16009810066740904,51,0,0
2012,5335,1129687,0.006061084903220707,264,0,0
2012,5411,79139,0.0004246027423135643,434,0,0
2012,5413,651615,0.0034960956789023517,301,0,0
2012,5414,13476,7.230248746405176e-05,472,0,0
2012,5415,14610,7.838671281165007e-05,470,0,0
2012,5416,6263766,0.03360684644499508,130,0,0
2012,5417,86373057,0.4634154697962547,29,0,0
2012,5419,14006783,0.07515028586147175,83,0,0
2012,5513,693028,0.0037182879402075444,294,0,0
2012,5514,2993400,0.016060423417549163,176,0,0
2012,5530,10718458,0.05750750780490986,94,0,0
2012,5541,16020685,0.08595543012600343,74,0,0
2012,5542,6903279,0.03703801152852121,122,0,0
2012,5543,528282,0.0028343798369311513,316,0,0
2012,5621,496012,0.0026612423131507305,320,0,0
2012,5622,64354,0.0003452771058371614,438,0,0
2012,5623,343524,0.0018431017886317096,354,0,0
2012,5629,557673,0.002992070725106867,310,0,0
2012,5721,3844,2.062412895605632e-05,487,0,0
2012,5722,136710,0.0007334871669049064,411,0,0
2012,5723,0,0.0,504,0,0
2012,5821,528389,0.0028349539216861717,315,0,0
2012,5822,3921968,0.02104244895773317,156,0,0
2012,5823,283170602,1.5192890250291624,16,0,0
2012,5824,1110805,0.005959777722432919,265,0,0
2012,5825,14683581,0.07878149533837107,82,0,0
2012,5826,1939297,0.01040486769305233,212,0,0
2012,5827,667882,0.0035833726574996897,300,0,0
2012,5828,19700,0.0001056959782607465,465,0,0
2012,5829,2774140,0.01488403254478514,186,0,0
2012,5831,5420101,0.029080349110002558,134,0,0
2012,5832,3323892,0.017833604902186256,168,0,0
2012,5833,61602146,0.33051264387976304,37,0,0
2012,5834,19959811,0.10708993652510704,67,0,0
2012,5835,286768,0.0015385900656790738,367,0,0
2012,5836,5064496,0.027172429396834397,137,0,0
2012,5837,7119719,0.0381992723170875,120,0,0
2012,5838,114043,0.0006118724085680361,421,0,0
2012,5839,13744523,0.07374318803108275,85,0,0
2012,5841,2140205,0.011482794982413246,204,0,0
2012,5842,515460,0.002765586241334233,317,0,0
2012,5843,790047,0.004238821854668426,288,0,0
2012,5849,1885613,0.010116838104374668,216,0,0
2012,5851,220105,0.0011809245327452592,383,0,0
2012,5852,50854979,0.2728511043063309,41,0,0
2012,5911,586082,0.0031444929102037987,306,0,0
2012,5912,341903,0.0018344046728570563,355,0,0
2012,5913,994248,0.005334417004760948,274,0,0
2012,5914,179104,0.0009609427660107991,397,0,0
2012,5921,7857161,0.04215585371813123,109,0,0
2012,5922,7581156,0.0406750101404735,114,0,0
2012,5981,1944174,0.010431034154269471,211,0,0
2012,5982,33065,0.00017740291985744074,453,0,0
2012,5983,36974758,0.1983798587697646,48,0,0
2012,5989,13660667,0.07329327727204554,86,0,0
2012,6112,1830318,0.009820165052703198,217,0,0
2012,6113,38580827,0.20699686557734118,46,0,0
2012,6114,143253635,0.7685955883620768,22,0,0
2012,6115,68818768,0.3692318277390536,33,0,0
2012,6116,182283615,0.9780022846868165,18,0,0
2012,6118,7783874,0.041762648583167,110,0,0
2012,6121,2230873,0.011969254015760728,202,0,0
2012,6122,6970317,0.037397689040736634,121,0,0
2012,6123,2851076,0.015296815579478991,182,0,0
2012,6129,4017259,0.021553711671664373,153,0,0
2012,6130,1522534,0.008168818302804437,241,0,0
2012,6210,1908987,0.01024224611431714,215,0,0
2012,6251,141623,0.0007598467781330813,408,0,0
2012,6252,631614,0.00338878475193823,303,0,0
2012,6253,56905,0.00030531114938719695,443,0,0
2012,6254,2980215,0.015989682226007645,177,0,0
2012,6259,2948056,0.01581714024809458,180,0,0
2012,6281,276471,0.0014833437972450176,371,0,0
2012,6282,131530,0.0007056950264282227,413,0,0
2012,6289,969784,0.005203160841706588,277,0,0
2012,6330,0,0.0,505,0,0
2012,6341,1504,8.069378238789986e-06,497,0,0
2012,6342,4417380,0.023700472104033317,146,0,0
2012,6343,449150,0.002409814651564177,326,0,0
2012,6344,1730739,0.009285896026346505,228,0,0
2012,6349,2782875,0.014930898248851517,185,0,0
2012,6351,318136,0.001706888108627454,363,0,0
2012,6352,3464,1.8585323284021615e-05,490,0,0
2012,6353,3602670,0.019329326395971756,162,0,0
2012,6354,267656,0.0014360488709318966,374,0,0
2012,6359,4010020,0.021514872423612115,155,0,0
2012,6411,1533669,0.008228560674273138,240,0,0
2012,6412,1058102,0.005677011471555959,271,0,0
2012,6413,297375,0.0015954995703192634,364,0,0
2012,6415,1370995,0.007355769427187419,250,0,0
2012,6416,26431967,0.14181485327008977,53,0,0
2012,6417,189856,0.0010186302359732125,392,0,0
2012,6418,22113870,0.11864706207010021,61,0,0
2012,6419,58640,0.00031461990686346066,442,0,0
2012,6421,8025642,0.043059801135052485,107,0,0
2012,6422,96417,0.0005173040170541317,428,0,0
2012,6423,471973,0.002532266393282198,322,0,0
2012,6424,1969869,0.010568894974645606,208,0,0
2012,6428,4622995,0.024803653757337046,142,0,0
2012,6511,31540,0.00016922087077888043,454,0,0
2012,6512,863705,0.004634017507801931,281,0,0
2012,6513,2381959078,12.779872838897246,2,1,1
2012,6514,23551068,0.12635802900230267,60,0,0
2012,6515,891061,0.004780790055076093,279,0,0
2012,6516,15468490,0.08299275039424236,78,0,0
2012,6517,3877700,0.020804938827497295,158,0,0
2012,6518,83697,0.0004490576798218122,433,0,0
2012,6519,814616,0.004370641371921638,285,0,0
2012,6521,1025445544,5.501800503868191,5,1,1
2012,6522,1547372922,8.30208602664872,4,1,1
2012,6531,319249892,1.7128644489633333,14,0,0
2012,6532,45639945,0.24487099667724194,42,0,0
2012,6534,363886969,1.9523547799387277,12,0,0
2012,6535,7275662,0.03903594987738778,117,0,0
2012,6536,2724944,0.014620082324149828,187,0,0
2012,6538,13163466,0.07062565564325257,88,0,0
2012,6539,20643303,0.11075706117350267,64,0,0
2012,6541,2520682,0.013524159892094163,192,0,0
2012,6542,3394364,0.018211706779343174,164,0,0
2012,6543,9072100,0.04867433930859484,99,0,0
2012,6544,1794254,0.009626671663870935,221,0,0
2012,6545,7730627,0.04147696362101218,111,0,0
2012,6546,13812,7.410522090037718e-05,471,0,0
2012,6549,2327296,0.012486590224483363,199,0,0
2012,6551,37973768,0.20373982522876297,47,0,0
2012,6552,5936348,0.031850157825189136,131,0,0
2012,6553,85982,0.0004613173402444419,432,0,0
2012,6560,5104008,0.02738442226450133,136,0,0
2012,6571,9661636,0.05183736388930182,97,0,0
2012,6572,14878809,0.07982894784821316,81,0,0
2012,6573,15317790,0.08218420298693807,79,0,0
2012,6574,18905639,0.1014340105964224,68,0,0
2012,6575,1961146,0.01052209365391624,210,0,0
2012,6576,31302,0.0001679439345948166,455,0,0
2012,6577,10994802,0.058990170211838173,93,0,0
2012,6579,36479,0.00019571997923724727,452,0,0
2012,6581,40019261,0.21471446399325583,44,0,0
2012,6582,93946058,0.5040467260939507,28,0,0
2012,6583,30900824,0.1657915137940687,50,0,0
2012,6584,2535566756,13.604020747251145,1,1,1
2012,6589,85377396,0.45807347165356066,30,0,0
2012,6591,112879,0.0006056272248779088,422,0,0
2012,6592,124931054,0.6702898460749314,24,0,0
2012,6593,1824374,0.009788273839770108,218,0,0
2012,6594,3728244,0.020003065826129877,160,0,0
2012,6595,1780404,0.009552362562403355,224,0,0
2012,6596,375984,0.0020172587152481477,344,0,0
2012,6597,39182,0.0002102223258991152,448,0,0
2012,6611,42470,0.0002278633602402997,447,0,0
2012,6612,535113465,2.8710325463793267,9,0,1
2012,6613,16744439,0.08983857160062922,73,0,0
2012,6618,670833,0.003599205593126465,298,0,0
2012,6623,446694,0.0023966375285891317,327,0,0
2012,6624,2712185,0.014551626741072219,188,0,0
2012,6631,128956,0.0006918848006392296,415,0,0
2012,6632,151423,0.0008124265033592394,406,0,0
2012,6633,15839419,0.08498288762877437,75,0,0
2012,6635,98577,0.0005288930177162237,426,0,0
2012,6637,134809,0.0007232877732666484,412,0,0
2012,6638,2952848,0.01584285066067456,178,0,0
2012,6639,1554539,0.008340534027892517,239,0,0
2012,6641,98112,0.0005263981634070233,427,0,0
2012,6642,395128,0.0021199715988940225,338,0,0
2012,6643,21860,0.0001172849789228385,463,0,0
2012,6644,6708218,0.035991455020119204,126,0,0
2012,6645,8521,4.571753455633608e-05,482,0,0
2012,6646,2566,1.3767303564318553e-05,492,0,0
2012,6647,7562,4.057223287349061e-05,484,0,0
2012,6648,148942,0.0007991152484320865,407,0,0
2012,6649,563058,0.0030209627475908324,309,0,0
2012,6651,3800367,0.02039002577740398,159,0,0
2012,6652,3292507,0.01766521564951044,170,0,0
2012,6658,278840,0.0014960541410267286,370,0,0
2012,6664,1101224,0.0059083729931072235,266,0,0
2012,6665,433928,0.0023281443885649344,331,0,0
2012,6666,52153,0.0002798153479305945,444,0,0
2012,6671,5341,2.8655950248256197e-05,485,0,0
2012,6672,1294346,0.006944526227303766,253,0,0
2012,6673,5006350,0.02686045993734458,138,0,0
2012,6674,89239,0.000478792050965013,430,0,0
2012,6712,0,0.0,506,0,0
2012,6713,7584489,0.040692892612328474,113,0,0
2012,6716,22359,0.00011996225268690512,462,0,0
2012,6724,3042558,0.016324169757617274,175,0,0
2012,6725,170790,0.0009163358440179134,400,0,0
2012,6727,573054,0.003074594067321514,308,0,0
2012,6731,1204626,0.006463153477580204,260,0,0
2012,6732,887831,0.0047634602068637975,280,0,0
2012,6733,6868723,0.03685260897904007,123,0,0
2012,6741,131196,0.0007039030235480658,414,0,0
2012,6744,727446,0.003902950081313046,292,0,0
2012,6745,59458,0.00031900870433641956,441,0,0
2012,6746,855200,0.004588385817694944,282,0,0
2012,6747,373928,0.0020062277035068233,346,0,0
2012,6749,1928755,0.01034830693148762,214,0,0
2012,6750,810551,0.004348831516508951,286,0,0
2012,6760,205237,0.0011011535781878595,387,0,0
2012,6770,184207,0.0009883217800749913,394,0,0
2012,6781,332144,0.0017820449240323545,358,0,0
2012,6782,2423926,0.013005037045769451,197,0,0
2012,6783,149322750,0.8011580780626846,21,0,0
2012,6784,6309583,0.03385266739098353,129,0,0
2012,6785,621695,0.00333556655862004,305,0,0
2012,6793,747220,0.00400904309015203,291,0,0
2012,6794,893474,0.004793736471093514,278,0,0
2012,6911,66684536,0.35778107956263794,35,0,0
2012,6912,233972,0.001255324843940273,381,0,0
2012,6921,2437206,0.01307628793872898,196,0,0
2012,6924,20018094,0.1074026410276944,66,0,0
2012,6931,2272660,0.012193452891069448,200,0,0
2012,6932,37053,0.00019879964885763656,450,0,0
2012,6935,137332,0.000736824369873342,409,0,0
2012,6940,1390627,0.0074611005665384325,248,0,0
2012,6951,378964,0.002033247243939367,342,0,0
2012,6953,7895896,0.04236367776472666,108,0,0
2012,6954,3198221,0.017159345040053956,172,0,0
2012,6960,81472239,0.4371212183857027,32,0,0
2012,6973,2327632,0.01248839295791969,198,0,0
2012,6974,21872493,0.11735200734194569,62,0,0
2012,6975,3913865,0.02099897410941607,157,0,0
2012,6978,36708,0.00019694862791855243,451,0,0
2012,6991,796574,0.004273841024724664,287,0,0
2012,6992,121573,0.0006522729525428291,418,0,0
2012,6993,181338,0.0009729287972511293,395,0,0
2012,6994,1330120,0.00713646368549158,252,0,0
2012,6996,782786,0.00419986457049831,289,0,0
2012,6997,3299909,0.017704929437890444,169,0,0
2012,6998,1237995,0.006642187441975271,258,0,0
2012,6999,214694,0.001151893013031102,385,0,0
2012,7111,275996,0.001480795290154974,372,0,0
2012,7112,47645,0.00025562867432656175,446,0,0
2012,7119,12156,6.522032039277332e-05,474,0,0
2012,7126,8114,4.353386637602523e-05,483,0,0
2012,7129,340672,0.0018278000155352808,356,0,0
2012,7131,25678888,0.13777437501564183,55,0,0
2012,7132,280477,0.0015048371012507309,369,0,0
2012,7133,1142444,0.006129529755742145,262,0,0
2012,7138,327991,0.0017597629241482488,359,0,0
2012,7139,2270720,0.012183044251585904,201,0,0
2012,7144,975983,0.005236420200551175,276,0,0
2012,7148,10067764,0.054016353547123155,96,0,0
2012,7149,1607372,0.008623997764920437,233,0,0
2012,7161,3093187,0.016595808421747394,173,0,0
2012,7162,4448126,0.023865432944013262,144,0,0
2012,7163,0,0.0,507,0,0
2012,7169,179172,0.0009613076049205315,396,0,0
2012,7187,18342,9.840993062226458e-05,467,0,0
2012,7188,1776056,0.00952903433329281,225,0,0
2012,7211,3472379,0.018630278949089984,163,0,0
2012,7212,1662014,0.008917167290002859,231,0,0
2012,7213,126079,0.0006764488955906933,416,0,0
2012,7219,352510,0.0018913141774972461,353,0,0
2012,7223,1174823,0.006303252094833756,261,0,0
2012,7224,25589920,0.13729703695503767,56,0,0
2012,7233,1473927,0.007908028230960776,243,0,0
2012,7234,4151882,0.022276001503207344,151,0,0
2012,7239,7278111,0.03904908944341624,116,0,0
2012,7243,266769,0.0014312898692711209,375,0,0
2012,7244,3332630,0.017880486702086883,167,0,0
2012,7245,7697253,0.04129790283022669,112,0,0
2012,7246,1962509,0.010529406527945144,209,0,0
2012,7247,1791363,0.00961116064492922,222,0,0
2012,7248,396257,0.0021260289978511995,337,0,0
2012,7251,28539,0.00015311967124789056,457,0,0
2012,7252,394634,0.0021173211515203775,340,0,0
2012,7259,109418,0.0005870579974281401,424,0,0
2012,7263,356456,0.001912485564817901,352,0,0
2012,7264,451979,0.002424993023264667,324,0,0
2012,7267,540351,0.00289913337813059,314,0,0
2012,7268,360440,0.0019338608327057597,351,0,0
2012,7269,70118,0.00037620256871507727,437,0,0
2012,7271,115908,0.0006218786521952591,420,0,0
2012,7272,8410849,0.04512654381007215,104,0,0
2012,7281,765593,0.004107619344394908,290,0,0
2012,7283,2074789,0.011131819951250557,205,0,0
2012,7284,8254581,0.04428812253439447,106,0,0
2012,7361,3351480,0.01798162219397597,166,0,0
2012,7362,434950,0.002333627702767091,330,0,0
2012,7367,191891,0.0010295485768747668,391,0,0
2012,7368,320299,0.0017184932051237992,362,0,0
2012,7369,451946,0.002424815969087885,325,0,0
2012,7371,416434,0.0022342842137581575,333,0,0
2012,7372,1408727,0.007558212099864296,245,0,0
2012,7373,369421,0.001982046395180875,348,0,0
2012,7411,1530,8.208875468981835e-06,496,0,0
2012,7412,692924,0.0037177299512867767,295,0,0
2012,7413,1065126,0.005714697184820095,269,0,0
2012,7414,1786901,0.009587220774117066,223,0,0
2012,7415,4011671,0.021523730497729297,154,0,0
2012,7416,2518388,0.013511851944168773,193,0,0
2012,7421,152641,0.0008189614120659191,405,0,0
2012,7422,1389857,0.00745696930241352,249,0,0
2012,7423,38283,0.00020539894090132783,449,0,0
2012,7428,1617989,0.00868096092234147,232,0,0
2012,7429,1459251,0.007829287409795563,244,0,0
2012,7431,5854448,0.03141074155008481,132,0,0
2012,7432,4998798,0.026819941357251933,139,0,0
2012,7433,10229,5.488142952432365e-05,477,0,0
2012,7434,25138776,0.1348765239389734,58,0,0
2012,7435,289906,0.0015554263083076127,366,0,0
2012,7436,51449030,0.2760383531175885,40,0,0
2012,7439,196025,0.0010517286364752705,390,0,0
2012,7441,4861752,0.0260846514569107,141,0,0
2012,7442,1679093,0.009008800874404652,230,0,0
2012,7449,1030490,0.005528865413092216,273,0,0
2012,7451,494484,0.0026530441682379173,321,0,0
2012,7452,4148871,0.02225984665089551,152,0,0
2012,7491,686586,0.003683724818788472,296,0,0
2012,7492,2045429,0.010974295386695455,206,0,0
2012,7493,1231161,0.006605521131547153,259,0,0
2012,7499,573294,0.003075881734061746,307,0,0
2012,7511,1261,6.765615664304636e-06,498,0,0
2012,7512,176910,0.0009491713458938407,398,0,0
2012,7518,1040063,0.005580227220193238,272,0,0
2012,7521,0,0.0,508,0,0
2012,7522,370306,0.0019867946662854817,347,0,0
2012,7523,1264929,0.006786695841897858,256,0,0
2012,7524,104284,0.0005595126597433344,425,0,0
2012,7525,1936784,0.01039138474922648,213,0,0
2012,7528,254699,0.0013665309627935976,378,0,0
2012,7591,2626503,0.014091918984253068,189,0,0
2012,7599,3051212,0.016370600874158824,174,0,0
2012,7611,1514952,0.00812813876436926,242,0,0
2012,7621,0,0.0,509,0,0
2012,7622,1568,8.412756036185305e-06,495,0,0
2012,7628,218808,0.0011739657670699199,384,0,0
2012,7631,0,0.0,510,0,0
2012,7638,2481527,0.013314082428703322,194,0,0
2012,7641,10070219,0.05402952530482012,95,0,0
2012,7642,440778,0.0023648965434424018,328,0,0
2012,7643,12568350,0.0674326928108352,90,0,0
2012,7648,4248117,0.022792329039650134,149,0,0
2012,7649,17346336,0.09306791638373627,70,0,0
2012,7711,4301430,0.02307836811015852,147,0,0
2012,7712,721577,0.003871461264236278,293,0,0
2012,7721,4559073,0.0244606944516323,143,0,0
2012,7722,387518,0.0020791418326724853,341,0,0
2012,7723,10913,5.855127973398611e-05,476,0,0
2012,7731,2791382,0.014976540669514675,184,0,0
2012,7732,627653,0.003367532885446311,304,0,0
2012,7741,13759882,0.07382559333717954,84,0,0
2012,7742,1088648,0.005840899255919043,267,0,0
2012,7751,3392428,0.018201319600971964,165,0,0
2012,7752,13613217,0.07303869482694542,87,0,0
2012,7753,9701,5.204856269581227e-05,478,0,0
2012,7754,91477,0.0004907995433176805,429,0,0
2012,7757,12227314,0.06560293983407722,91,0,0
2012,7758,4288116,0.023006934797744124,148,0,0
2012,7761,8874,4.761147772009464e-05,481,0,0
2012,7762,2740,1.4700861950987075e-05,491,0,0
2012,7763,63268,0.0003394504138376096,439,0,0
2012,7764,20376786,0.10932712335430882,65,0,0
2012,7768,61907,0.0003321482703648748,440,0,0
2012,7781,2164096,0.011610976841125303,203,0,0
2012,7782,171180,0.0009184283024707911,399,0,0
2012,7783,375204,0.002013073798342392,345,0,0
2012,7784,15265,8.190096995686778e-05,469,0,0
2012,7788,3249057,0.017432094316747523,171,0,0
2012,7810,1594334,0.008554045269257309,234,0,0
2012,7821,1088067,0.005837782029352064,268,0,0
2012,7822,428651,0.0022998318161140735,332,0,0
2012,7831,2587505,0.013882683869521463,191,0,0
2012,7832,4212043,0.02259878199803703,150,0,0
2012,7841,1261544,0.006768534375582497,257,0,0
2012,7842,70863,0.0003801997008878822,436,0,0
2012,7849,23967728,0.1285935257689079,59,0,0
2012,7851,9348688,0.05015831084337572,98,0,0
2012,7852,458742,0.0024612783989488005,323,0,0
2012,7853,816842,0.004382584480937294,284,0,0
2012,7861,1696412,0.009101722125546675,229,0,0
2012,7868,156909,0.0008418604189297193,403,0,0
2012,7911,0,0.0,511,0,0
2012,7912,0,0.0,512,0,0
2012,7913,197973,0.0010621801981834907,389,0,0
2012,7914,87819,0.00047117335608530444,431,0,0
2012,7915,376501,0.002020032564017732,343,0,0
2012,7919,74328,0.0003987903894499881,435,0,0
2012,7921,366356,0.0019656018178524893,349,0,0
2012,7922,0,0.0,513,0,0
2012,7923,0,0.0,514,0,0
2012,7924,49880,0.0002676200708449764,445,0,0
2012,7928,270872,0.0014533036052510114,373,0,0
2012,7929,4962100,0.026623046382114227,140,0,0
2012,7931,8347489,0.04478659979065079,105,0,0
2012,7932,18360,9.850650562778202e-05,466,0,0
2012,7933,121116,0.0006498210204583031,419,0,0
2012,7938,23074,0.00012379842651718094,461,0,0
2012,8121,399855,0.0021453332683985175,335,0,0
2012,8122,7385947,0.03962765957091502,115,0,0
2012,8124,1283233,0.00688490189195292,255,0,0
2012,8211,1794707,0.009629102134843125,220,0,0
2012,8212,83665456,0.4488884374899209,31,0,0
2012,8219,6680152,0.03584087312540519,127,0,0
2012,8310,25679483,0.13777756735610197,54,0,0
2012,8421,2606940,0.013986958049089872,190,0,0
2012,8422,63971834,0.34322667897279613,36,0,0
2012,8423,696279640,3.7357338930375836,6,0,1
2012,8424,56515481,0.30322127163307777,38,0,0
2012,8429,112912185,0.6058052716311364,25,0,0
2012,8431,15516187,0.08324865806302931,77,0,0
2012,8432,17024481,0.09134107480591329,72,0,0
2012,8433,5424340,0.029103092523801912,133,0,0
2012,8434,39775553,0.21340690280188682,45,0,0
2012,8435,8937447,0.04795188851870934,102,0,0
2012,8439,544072349,2.9190994503643286,8,0,1
2012,8441,15641974,0.08392354029741939,76,0,0
2012,8442,54603331,0.29296205514418,39,0,0
2012,8443,15265038,0.08190117383743499,80,0,0
2012,8451,101018270,0.5419911101450873,26,0,0
2012,8452,139613455,0.7490650103851629,23,0,0
2012,8459,519470228,2.787102229735687,10,0,1
2012,8461,6405381,0.03436665030090348,128,0,0
2012,8462,621915021,3.3367470324694266,7,0,1
2012,8463,360734896,1.9354430317517082,13,0,0
2012,8464,68118303,0.36547363822573314,34,0,0
2012,8465,1392434,0.0074707956240367655,247,0,0
2012,8471,1737810,0.009323833907680603,227,0,0
2012,8472,170599257,0.9153124547802794,20,0,0
2012,8481,518196635,2.7802690491244664,11,0,0
2012,8482,8940976,0.047970822585068844,101,0,0
2012,8483,1395219,0.007485737923501547,246,0,0
2012,8484,1284797,0.006893293186876767,254,0,0
2012,8510,96338922,0.5168851068718656,27,0,0
2012,8710,545731,0.0029279985742241346,313,0,0
2012,8720,299466033,1.6067185438477156,15,0,0
2012,8731,283263,0.0015197847659935957,368,0,0
2012,8732,23675,0.00012702295864584637,460,0,0
2012,8741,1562069,0.00838093457186731,236,0,0
2012,8742,411543,0.002208042638647837,334,0,0
2012,8743,1559514,0.00836722628636192,237,0,0
2012,8744,399364,0.002142698916859125,336,0,0
2012,8745,505520,0.0027122553771762726,319,0,0
2012,8748,2475518,0.013281842472694753,195,0,0
2012,8749,1803752,0.009677631075115635,219,0,0
2012,8811,1691,9.072685240554432e-06,494,0,0
2012,8812,21230,0.00011390485372972834,464,0,0
2012,8813,204681,0.0010981704835729875,388,0,0
2012,8821,508511,0.0027283029239264195,318,0,0
2012,8822,2866649,0.015380369055085821,181,0,0
2012,8830,0,0.0,515,0,0
2012,8841,395077,0.002119697969711723,339,0,0
2012,8842,556860,0.0029877087540243295,311,0,0
2012,8851,123912,0.0006648223379820111,417,0,0
2012,8852,111243,0.000596849629931991,423,0,0
2012,8921,2803631,0.015042259960769286,183,0,0
2012,8922,186209,0.0009990630667997638,393,0,0
2012,8924,265083,0.0014222440104209879,376,0,0
2012,8928,17069957,0.09158506619207499,71,0,0
2012,8931,33756997,0.18111567619594338,49,0,0
2012,8932,829953,0.004452928641900575,283,0,0
2012,8933,3591,1.9266713600727955e-05,489,0,0
2012,8935,985091,0.005285287153342996,275,0,0
2012,8939,41020046,0.22008395382085386,43,0,0
2012,8941,4968,2.6654701522811602e-05,486,0,0
2012,8942,1063605,0.005706536596853872,270,0,0
2012,8946,153213,0.0008220303511301398,404,0,0
2012,8947,261835200,1.4048186602587924,17,0,0
2012,8951,12118,6.501643982556985e-05,475,0,0
2012,8952,6817831,0.03657955924677378,124,0,0
2012,8959,437364,0.0023465794840625952,329,0,0
2012,8960,208212,0.0011171152804886572,386,0,0
2012,8972,337449,0.0018105077242695758,357,0,0
2012,8973,1593987613,8.552186806677522,3,1,1
2012,8974,11273771,0.06048691647373778,92,0,0
2012,8981,681857,0.003658352418727808,297,0,0
2012,8982,1584442,0.008500971938447396,235,0,0
2012,8983,164201,0.0008809840267204485,401,0,0
2012,8989,1131393,0.006070238067632526,263,0,0
2012,8991,7191336,0.03858351743765095,118,0,0
2012,8993,25452583,0.1365601857587739,57,0,0
2012,8994,238512,0.0012796832064430033,379,0,0
2012,8996,2003101,0.010747193895943126,207,0,0
2012,8997,1559301,0.008366083482129964,238,0,0
2012,8998,322412,0.0017298300377159288,361,0,0
2012,8999,263016,0.0014111539806207361,377,0,0
2013,5111,86606,0.00047656757541762897,431,0,0
2013,5112,22105,0.00012163737217521521,461,0,0
2013,5113,14267410,0.07850939878517924,81,0,0
2013,5114,63801,0.00035107830726762747,440,0,0
2013,5121,261149125,1.4370275191520832,16,0,0
2013,5122,33284,0.00018315215089255204,453,0,0
2013,5123,76375,0.0004202693643918598,434,0,0
2013,5137,924880,0.005089345070229044,271,0,0
2013,5138,21793500,0.11992327846643532,66,0,0
2013,5139,358397,0.0019721542309649675,343,0,0
2013,5145,211465,0.0011636302604402572,376,0,0
2013,5146,198006,0.0010895693062621878,380,0,0
2013,5147,14934,8.217744926779751e-05,466,0,0
2013,5148,0,0.0,491,0,0
2013,5154,3519,1.9364031336104152e-05,486,0,0
2013,5155,2883661,0.015867945997925955,188,0,0
2013,5156,155764,0.0008571238923094423,399,0,0
2013,5157,0,0.0,492,0,0
2013,5161,12813,7.050620446419509e-05,468,0,0
2013,5162,0,0.0,493,0,0
2013,5163,5728,3.151951449082256e-05,479,0,0
2013,5169,37324914,0.2053881228512056,48,0,0
2013,5221,596343,0.003281501716131389,309,0,0
2013,5222,5108632,0.02811131291066338,137,0,0
2013,5223,16334,8.988124121737007e-05,464,0,0
2013,5224,1295078,0.007126436764620374,247,0,0
2013,5225,3410276,0.01876575485330035,169,0,0
2013,5231,5324647,0.029299980494939745,131,0,0
2013,5232,14131459,0.07776130005708186,83,0,0
2013,5233,12597,6.931761942054674e-05,469,0,0
2013,5239,3510510,0.01931731334063853,167,0,0
2013,5241,158499,0.0008721738001537859,398,0,0
2013,5249,6042360,0.03324934594601372,126,0,0
2013,5311,6507455,0.035808628172289754,120,0,0
2013,5312,526072,0.0028948208846396655,319,0,0
2013,5322,197922,0.0010891070787452134,381,0,0
2013,5323,98664,0.0005429192349375903,422,0,0
2013,5331,2154025,0.011852971752984299,210,0,0
2013,5332,1561653,0.008593321292447019,235,0,0
2013,5334,31697007,0.17441939096581777,54,0,0
2013,5335,1059677,0.005831093672676568,261,0,0
2013,5411,65252,0.0003590627373525059,438,0,0
2013,5413,148733,0.0008184343485969818,406,0,0
2013,5414,9065,4.988205287348228e-05,473,0,0
2013,5415,279146,0.0015360590768252712,362,0,0
2013,5416,3890132,0.021406262560267553,158,0,0
2013,5417,96644262,0.5318052054057004,28,0,0
2013,5419,15620888,0.0859571937282675,76,0,0
2013,5513,1210323,0.006660054702701786,252,0,0
2013,5514,3086215,0.016982541622607185,179,0,0
2013,5530,15587244,0.0857720606023022,77,0,0
2013,5541,26518049,0.1459210945746932,59,0,0
2013,5542,12014128,0.06611024469109586,94,0,0
2013,5543,585664,0.0032227382916817566,311,0,0
2013,5621,438262,0.0024116280481454046,329,0,0
2013,5622,639888,0.003521117159305773,298,0,0
2013,5623,394777,0.0021723427674831455,336,0,0
2013,5629,507134,0.0027906105903960907,320,0,0
2013,5721,201519,0.0011089003213470795,378,0,0
2013,5722,400077,0.0022015071227208132,335,0,0
2013,5723,0,0.0,494,0,0
2013,5821,553478,0.0030456281147610838,317,0,0
2013,5822,4260331,0.023443359757367416,151,0,0
2013,5823,216711916,1.1925025098980309,19,0,0
2013,5824,1203798,0.006624149529508243,253,0,0
2013,5825,14135354,0.07778273310682728,82,0,0
2013,5826,2159632,0.011883825439742337,209,0,0
2013,5827,866690,0.0047691424605535975,276,0,0
2013,5828,23885,0.00013143219336824317,460,0,0
2013,5829,3079486,0.016945513896872415,181,0,0
2013,5831,5303423,0.02918319100898423,132,0,0
2013,5832,3514722,0.019340490748989674,166,0,0
2013,5833,53962659,0.29694078427266346,38,0,0
2013,5834,14544302,0.08003305475696569,80,0,0
2013,5835,235220,0.001294347101698897,371,0,0
2013,5836,4936008,0.027161413352446942,138,0,0
2013,5837,6272128,0.034513692280777566,122,0,0
2013,5838,163134,0.0008976788542154064,396,0,0
2013,5839,12327722,0.06783586107154889,92,0,0
2013,5841,2409558,0.013259095373162959,202,0,0
2013,5842,506116,0.0027850088331070446,321,0,0
2013,5843,914045,0.005029723223247889,272,0,0
2013,5849,2033619,0.011190412629069847,216,0,0
2013,5851,163733,0.0009009749766281163,395,0,0
2013,5852,31485381,0.1732548747693033,55,0,0
2013,5911,3675402,0.020224665956459185,162,0,0
2013,5912,1968084,0.01082979262520182,218,0,0
2013,5913,1496907,0.00823704292561343,238,0,0
2013,5914,101290,0.0005573693475515742,420,0,0
2013,5921,11872028,0.06532830980821425,95,0,0
2013,5922,5341482,0.029392618593133354,129,0,0
2013,5981,1715909,0.009442147100285063,227,0,0
2013,5982,89519,0.0004925969653812752,430,0,0
2013,5983,69486569,0.3823643363325841,33,0,0
2013,5989,12315358,0.0677678255832171,93,0,0
2013,6112,1085837,0.005975044527962866,260,0,0
2013,6113,40815576,0.22459621843283337,44,0,0
2013,6114,145868134,0.8026698260059788,21,0,0
2013,6115,56522150,0.3110249172446659,37,0,0
2013,6116,237929155,1.3092547920411428,18,0,0
2013,6118,8681919,0.04777406978502928,106,0,0
2013,6121,2086887,0.011483530907334012,213,0,0
2013,6122,7430568,0.04088824995653673,115,0,0
2013,6123,2631582,0.014480828733028599,193,0,0
2013,6129,3756534,0.020671111705353986,161,0,0
2013,6130,1345020,0.0074012530342957685,245,0,0
2013,6210,1846426,0.010160344110201038,224,0,0
2013,6251,190655,0.0010491188958183964,385,0,0
2013,6252,445846,0.002453360589677946,325,0,0
2013,6253,154920,0.0008524796063055571,401,0,0
2013,6254,3919231,0.02156638587593942,157,0,0
2013,6259,2338608,0.012868678202575694,203,0,0
2013,6281,690406,0.003799102989097563,292,0,0
2013,6282,90371,0.0004972852730534437,428,0,0
2013,6289,574922,0.003163628196594394,313,0,0
2013,6330,1079,5.937422509706274e-06,490,0,0
2013,6341,0,0.0,495,0,0
2013,6342,3104486,0.01708308161025764,178,0,0
2013,6343,851300,0.004684455776193653,277,0,0
2013,6344,1467992,0.00807793210831208,239,0,0
2013,6349,3029796,0.016672084309747946,183,0,0
2013,6351,2009339,0.011056806865830118,217,0,0
2013,6352,0,0.0,496,0,0
2013,6353,3257153,0.01792316361423292,174,0,0
2013,6354,221634,0.001219587303536831,374,0,0
2013,6359,4758960,0.026187169811669856,144,0,0
2013,6411,812526,0.004471093755441706,282,0,0
2013,6412,360847,0.001985635866876719,341,0,0
2013,6413,323151,0.001778205765925943,352,0,0
2013,6415,967148,0.005321933554603711,268,0,0
2013,6416,31834753,0.1751773670557362,53,0,0
2013,6417,118273,0.0006508218466084247,416,0,0
2013,6418,36514566,0.20092901399495405,49,0,0
2013,6419,128129,0.0007050565419334155,411,0,0
2013,6421,10605958,0.058361495612789006,100,0,0
2013,6422,119765,0.0006590318877432548,414,0,0
2013,6423,309332,0.0017021638366751263,357,0,0
2013,6424,2456846,0.01351930745438538,198,0,0
2013,6428,8595647,0.04729934011426248,107,0,0
2013,6511,10330,5.684297917077462e-05,472,0,0
2013,6512,309490,0.001703033264623721,356,0,0
2013,6513,2467798760,13.579577300323663,2,1,1
2013,6514,18151086,0.09988013585914218,71,0,0
2013,6515,685396,0.003771534419335164,293,0,0
2013,6516,11410873,0.06279070825356772,97,0,0
2013,6517,2594981,0.014279424097924095,194,0,0
2013,6518,44978,0.00024750082450562447,448,0,0
2013,6519,280563,0.0015438564148199459,361,0,0
2013,6521,1088601195,5.9902550873829,4,1,1
2013,6522,1559680115,8.582465081318139,3,1,1
2013,6531,338721773,1.8638871914159583,14,0,0
2013,6532,40567741,0.22323245466296027,45,0,0
2013,6534,341355968,1.8783823987263901,13,0,0
2013,6535,7373918,0.040576521518005816,116,0,0
2013,6536,2123827,0.011686800960632019,212,0,0
2013,6538,13097958,0.07207424528302815,87,0,0
2013,6539,22096253,0.12158923998365598,65,0,0
2013,6541,3491213,0.019211127574030745,168,0,0
2013,6542,3623162,0.01993720446256942,164,0,0
2013,6543,9781494,0.05382471052285159,102,0,0
2013,6544,1843845,0.010146141619471145,225,0,0
2013,6545,4916130,0.02705203051218008,139,0,0
2013,6546,191675,0.0010547316585245137,384,0,0
2013,6549,2494011,0.013723815617103851,196,0,0
2013,6551,34814856,0.19157600527023405,51,0,0
2013,6552,5155050,0.028366737635459993,135,0,0
2013,6553,65151,0.0003585069637904296,439,0,0
2013,6560,5745174,0.03161401800720967,127,0,0
2013,6571,11005007,0.06055734595113542,99,0,0
2013,6572,16492747,0.09075477968924062,73,0,0
2013,6573,13870966,0.07632788300256757,85,0,0
2013,6574,18846797,0.10370843071702009,70,0,0
2013,6575,15967007,0.08786178570383471,75,0,0
2013,6576,89685,0.0004935104149981532,429,0,0
2013,6577,10540590,0.05800179456124639,101,0,0
2013,6579,46406,0.0002553586922941885,447,0,0
2013,6581,38637494,0.21261086802061274,47,0,0
2013,6582,98611090,0.5426280866289818,27,0,0
2013,6583,49818548,0.2741369493012813,40,0,0
2013,6584,2806327145,15.442400333941375,1,1,1
2013,6589,88536829,0.48719236463634413,30,0,0
2013,6591,169170,0.000930893202935135,391,0,0
2013,6592,128751357,0.7084811911093869,23,0,0
2013,6593,2313359,0.012729740314765151,204,0,0
2013,6594,2234027,0.012293199441234087,207,0,0
2013,6595,1246437,0.006858779518749546,251,0,0
2013,6596,204710,0.0011264594642835695,377,0,0
2013,6597,49392,0.0002717897799809197,444,0,0
2013,6611,0,0.0,497,0,0
2013,6612,502964991,2.767669748987594,10,0,1
2013,6613,23979191,0.13195049898790187,62,0,0
2013,6618,106566,0.0005864016377843919,419,0,0
2013,6623,800468,0.004404742095921744,284,0,0
2013,6624,2071361,0.011398095854613252,215,0,0
2013,6631,316007,0.001738894416148981,354,0,0
2013,6632,127053,0.0006991356275493154,412,0,0
2013,6633,13691150,0.07533840796456448,86,0,0
2013,6635,47148,0.00025944170202746195,446,0,0
2013,6637,27772,0.0001528212214453778,456,0,0
2013,6638,579916,0.0031911087230202264,312,0,0
2013,6639,2243313,0.012344297592693895,206,0,0
2013,6641,200848,0.00110520800391982,379,0,0
2013,6642,991614,0.005456562821631027,265,0,0
2013,6643,3736,2.05581190882879e-05,483,0,0
2013,6644,7784130,0.042833798591732995,112,0,0
2013,6645,2236,1.230405628517445e-05,488,0,0
2013,6646,0,0.0,498,0,0
2013,6647,128914,0.0007093761681337114,410,0,0
2013,6648,94949,0.000522476672728546,425,0,0
2013,6649,44775,0.00024638377467293645,449,0,0
2013,6651,3288452,0.018095392888682685,172,0,0
2013,6652,4233575,0.023296129287794013,152,0,0
2013,6658,374129,0.002058722841644021,339,0,0
2013,6664,827144,0.004551532348812315,280,0,0
2013,6665,323475,0.0017799886434914152,351,0,0
2013,6666,33780,0.0001858814943261149,452,0,0
2013,6671,28997,0.0001595620394012538,455,0,0
2013,6672,181769,0.0010002218277727524,386,0,0
2013,6673,5334306,0.029353131156683265,130,0,0
2013,6674,241488,0.0013288380787988404,369,0,0
2013,6712,0,0.0,499,0,0
2013,6713,3360307,0.018490790010494498,170,0,0
2013,6716,15101,8.309640159321081e-05,465,0,0
2013,6724,2440865,0.013431368669281006,200,0,0
2013,6725,51795,0.00028501278859150743,443,0,0
2013,6727,4044410,0.02225520942769338,154,0,0
2013,6731,375753,0.0020676592403055254,338,0,0
2013,6732,367561,0.002022581051983455,340,0,0
2013,6733,2200833,0.012110542534109722,208,0,0
2013,6741,234971,0.0012929769272735803,372,0,0
2013,6744,1200633,0.006606733456993674,254,0,0
2013,6745,72456,0.00039870424964159206,436,0,0
2013,6746,2900827,0.015962405492644785,186,0,0
2013,6747,11954,6.577937783227878e-05,470,0,0
2013,6749,6083703,0.03347684442499314,124,0,0
2013,6750,3079972,0.016948188213220625,180,0,0
2013,6760,22213524,0.12223454811631192,64,0,0
2013,6770,151900,0.0008358614265286219,405,0,0
2013,6781,57730,0.0003176713637491596,442,0,0
2013,6782,441970,0.0024320320913947006,326,0,0
2013,6783,80146395,0.44102225184875854,32,0,0
2013,6784,4786879,0.026340799931269938,142,0,0
2013,6785,359947,0.001980683429194851,342,0,0
2013,6793,905994,0.004985420916829311,273,0,0
2013,6794,1001117,0.005508855060843018,263,0,0
2013,6911,49027695,0.2697851157479275,41,0,0
2013,6912,133804,0.0007362844128718613,409,0,0
2013,6921,346678,0.0019076679896385096,344,0,0
2013,6924,8272992,0.04552386369177009,108,0,0
2013,6931,696483,0.0038325429488672434,291,0,0
2013,6932,8322,4.579354043167342e-05,475,0,0
2013,6935,93423,0.0005140795395035118,427,0,0
2013,6940,2988383,0.016444200641171053,184,0,0
2013,6951,418216,0.0023013207528445965,332,0,0
2013,6953,7751579,0.0426546799261969,113,0,0
2013,6954,2953678,0.016253229141449683,185,0,0
2013,6960,80750469,0.4443462950045772,31,0,0
2013,6973,2723028,0.014984029417757606,191,0,0
2013,6974,32674416,0.1797977878127033,52,0,0
2013,6975,2883605,0.015867637846247975,189,0,0
2013,6978,26147,0.00014387932007533825,458,0,0
2013,6991,1176211,0.0064723463091419155,257,0,0
2013,6992,262111,0.0014423204369245796,366,0,0
2013,6993,276123,0.00151942438892273,365,0,0
2013,6994,1253812,0.006899361994198187,250,0,0
2013,6996,598335,0.0032924631115339243,308,0,0
2013,6997,3817013,0.021003910014866983,159,0,0
2013,6998,1166319,0.00641791351630965,258,0,0
2013,6999,113070,0.0006221912540986919,418,0,0
2013,7111,588467,0.003238162383706508,310,0,0
2013,7112,1430,7.868873205634822e-06,489,0,0
2013,7119,761336,0.004189410105514121,287,0,0
2013,7126,7755,4.2673504692096535e-05,476,0,0
2013,7129,329225,0.0018116292175700168,348,0,0
2013,7131,5290344,0.02911122108404961,133,0,0
2013,7132,611279,0.0033636901708162577,306,0,0
2013,7133,815649,0.004488278714197788,281,0,0
2013,7138,415797,0.002288009700897442,333,0,0
2013,7139,998185,0.005492721119417199,264,0,0
2013,7144,630774,0.0034709654737140553,301,0,0
2013,7148,291876,0.0016061085564810272,359,0,0
2013,7149,2735540,0.015052879306952646,190,0,0
2013,7161,4068490,0.022387714649226027,153,0,0
2013,7162,8211431,0.04518511145162178,110,0,0
2013,7163,3708,2.0404043249296447e-05,484,0,0
2013,7169,163790,0.0009012886310146346,394,0,0
2013,7187,808062,0.00444652966453964,283,0,0
2013,7188,793943,0.004368836922728201,285,0,0
2013,7211,4572141,0.025159159305793287,147,0,0
2013,7212,1054336,0.005801703706388947,262,0,0
2013,7213,165773,0.0009122005020403506,393,0,0
2013,7219,236411,0.0013009008275645692,370,0,0
2013,7223,176031,0.0009686472861965758,389,0,0
2013,7224,36508727,0.20089688367981579,50,0,0
2013,7233,67611,0.0003720436267875356,437,0,0
2013,7234,2496901,0.013739718444771183,195,0,0
2013,7239,8263534,0.0454718190744422,109,0,0
2013,7243,248510,0.0013674780981344822,367,0,0
2013,7244,3943008,0.02169722377678584,156,0,0
2013,7245,2144592,0.011801064703369786,211,0,0
2013,7246,1963385,0.010803935397793934,219,0,0
2013,7247,4769927,0.026247518016177685,143,0,0
2013,7248,846880,0.004660133804467145,278,0,0
2013,7251,31126,0.00017127730587313949,454,0,0
2013,7252,439259,0.002417114248555207,328,0,0
2013,7259,122992,0.0006767891281870196,413,0,0
2013,7263,21823,0.00012008560836822987,462,0,0
2013,7264,155234,0.0008542074567856755,400,0,0
2013,7267,314740,0.001731922484434618,355,0,0
2013,7268,343153,0.0018882709420511932,346,0,0
2013,7269,18882,0.0001039021425655921,463,0,0
2013,7271,440130,0.0024219071076895483,327,0,0
2013,7272,8150838,0.04485168583333575,111,0,0
2013,7281,1195933,0.006580870726877251,256,0,0
2013,7283,2449478,0.013478763497896484,199,0,0
2013,7284,9261766,0.05096479882116056,105,0,0
2013,7361,3143752,0.017299150963609008,177,0,0
2013,7362,344148,0.001893746137043925,345,0,0
2013,7367,154396,0.0008495961870330028,402,0,0
2013,7368,229953,0.0012653643358428981,373,0,0
2013,7369,635096,0.0034947481800040926,299,0,0
2013,7371,75976,0.0004180737836862316,435,0,0
2013,7372,664781,0.003658096082877708,294,0,0
2013,7373,388197,0.0021361349453201547,337,0,0
2013,7411,4753,2.6154373668798815e-05,481,0,0
2013,7412,98880,0.0005441078199812386,421,0,0
2013,7413,1441948,0.007934619567215888,240,0,0
2013,7414,1498348,0.008244972328612954,237,0,0
2013,7415,12435692,0.068429988512117,90,0,0
2013,7416,3640073,0.020030260766611723,163,0,0
2013,7421,159032,0.0008751067438031588,397,0,0
2013,7422,613720,0.003377122282351191,305,0,0
2013,7423,47340,0.00026049822206626047,445,0,0
2013,7428,942244,0.005184894101237886,269,0,0
2013,7429,3768517,0.020737050661733793,160,0,0
2013,7431,484927,0.0026684119419502638,323,0,0
2013,7432,4551797,0.025047212203348927,148,0,0
2013,7433,5721,3.1480995531074695e-05,480,0,0
2013,7434,27733292,0.15260822260338922,57,0,0
2013,7435,192432,0.0010588972088858182,383,0,0
2013,7436,47826454,0.2631750366441443,42,0,0
2013,7439,277446,0.0015267044723150762,364,0,0
2013,7441,1622768,0.008929619324588538,233,0,0
2013,7442,1254787,0.0069047271350202106,249,0,0
2013,7449,710014,0.003907000098059862,290,0,0
2013,7451,567181,0.0031210317298217926,315,0,0
2013,7452,6681271,0.0367650869590804,119,0,0
2013,7491,426398,0.0023463439140813127,330,0,0
2013,7492,2284444,0.012570629497463801,205,0,0
2013,7493,1858974,0.010229392096903347,223,0,0
2013,7499,278810,0.001534210166757374,363,0,0
2013,7511,3600,1.980975072747228e-05,485,0,0
2013,7512,246386,0.0013557903452052736,368,0,0
2013,7518,652516,0.0035906053626909174,296,0,0
2013,7521,0,0.0,500,0,0
2013,7522,168299,0.0009261003438007936,392,0,0
2013,7523,1893680,0.010420369099333252,221,0,0
2013,7524,27349,0.00015049357573489983,457,0,0
2013,7525,1551118,0.008535350258026484,236,0,0
2013,7528,136927,0.0007534693716279436,408,0,0
2013,7591,933426,0.00513637121737265,270,0,0
2013,7599,2650311,0.014583888961188275,192,0,0
2013,7611,985943,0.005425356961526722,266,0,0
2013,7621,0,0.0,501,0,0
2013,7622,8506,4.680603880218867e-05,474,0,0
2013,7628,0,0.0,502,0,0
2013,7631,0,0.0,503,0,0
2013,7638,649591,0.003574509940224846,297,0,0
2013,7641,21137253,0.11631214249819878,68,0,0
2013,7642,118709,0.000653221027529863,415,0,0
2013,7643,14599085,0.08033450963866101,79,0,0
2013,7648,6126819,0.03371409920620583,123,0,0
2013,7649,4910760,0.027022480967344935,140,0,0
2013,7711,1930887,0.010625108375810214,220,0,0
2013,7712,1197148,0.006587556517747774,255,0,0
2013,7721,3234936,0.01780090993870174,175,0,0
2013,7722,154111,0.0008480279151004112,403,0,0
2013,7723,3119,1.7162947921940567e-05,487,0,0
2013,7731,7727204,0.04252055140564631,114,0,0
2013,7732,621430,0.003419548165159194,303,0,0
2013,7741,12894626,0.07095536855110637,89,0,0
2013,7742,1859423,0.010231862813035746,222,0,0
2013,7751,3340367,0.01838106600229844,171,0,0
2013,7752,25343013,0.1394552139480804,61,0,0
2013,7753,5874,3.2322909936992264e-05,478,0,0
2013,7754,81285,0.0004472876633007178,433,0,0
2013,7757,12943302,0.07122321839177594,88,0,0
2013,7758,3201333,0.017616002423786394,176,0,0
2013,7761,0,0.0,504,0,0
2013,7762,4444,2.4454036731357444e-05,482,0,0
2013,7763,24616,0.00013545467330762712,459,0,0
2013,7764,21566342,0.11867329420094888,67,0,0
2013,7768,34087,0.00018757082584648543,451,0,0
2013,7781,4354828,0.02396334920583796,150,0,0
2013,7782,193947,0.0010672338123169627,382,0,0
2013,7783,574226,0.003159798311453749,314,0,0
2013,7784,178311,0.000981193461657308,387,0,0
2013,7788,2485034,0.013674417802581485,197,0,0
2013,7810,1297751,0.0071411455045355225,246,0,0
2013,7821,452416,0.002489513384755583,324,0,0
2013,7822,4696457,0.025843234020081186,145,0,0
2013,7831,1402289,0.007716387649410105,242,0,0
2013,7832,1816774,0.009997177796709089,226,0,0
2013,7841,1256933,0.006916535947537199,248,0,0
2013,7842,96386,0.0005303840648939286,424,0,0
2013,7849,22465368,0.12362037224470347,63,0,0
2013,7851,5234246,0.02880253014063024,134,0,0
2013,7852,746883,0.004109879459051855,288,0,0
2013,7853,895760,0.004929106197677936,274,0,0
2013,7861,981900,0.0054031095109180645,267,0,0
2013,7868,170591,0.000938712551763951,390,0,0
2013,7912,0,0.0,505,0,0
2013,7913,0,0.0,506,0,0
2013,7914,0,0.0,507,0,0
2013,7915,0,0.0,508,0,0
2013,7919,40626,0.0002235530369595247,450,0,0
2013,7921,719971,0.003961790566946928,289,0,0
2013,7922,0,0.0,509,0,0
2013,7923,0,0.0,510,0,0
2013,7924,0,0.0,511,0,0
2013,7928,218532,0.0012025179016599923,375,0,0
2013,7929,4518777,0.024865512767509725,149,0,0
2013,7931,4019321,0.022117151973248504,155,0,0
2013,7932,326199,0.0017949780215418694,349,0,0
2013,7933,59450,0.000327136022430063,441,0,0
2013,7938,9528418,0.05243210705754444,103,0,0
2013,8121,176914,0.000973506177833342,388,0,0
2013,8122,6883694,0.03787896172894349,117,0,0
2013,8124,1387239,0.007633571885952199,243,0,0
2013,8211,1649049,0.00907423600760762,230,0,0
2013,8212,92343708,0.5081405102029133,29,0,0
2013,8219,6279257,0.034552921089926504,121,0,0
2013,8310,30300440,0.16673448981464725,56,0,0
2013,8421,5111915,0.028129378302785127,136,0,0
2013,8422,61786380,0.33999244059802186,36,0,0
2013,8423,742701180,4.0868681224443115,5,1,1
2013,8424,52660250,0.28977400715177004,39,0,0
2013,8429,112536788,0.6192571438751093,25,0,0
2013,8431,16864461,0.09280021348977163,72,0,0
2013,8432,20006436,0.11008958614031322,69,0,0
2013,8433,4644106,0.025555161725543993,146,0,0
2013,8434,41908068,0.23060788348609937,43,0,0
2013,8435,9441112,0.05195168758615202,104,0,0
2013,8439,619562352,3.409271042568455,6,0,1
2013,8441,14005200,0.07706653358010966,84,0,0
2013,8442,62154533,0.34201827925345824,35,0,0
2013,8443,16401956,0.09025518327860231,74,0,0
2013,8451,124241576,0.6836651807078619,24,0,0
2013,8452,143989532,0.7923324267459425,22,0,0
2013,8459,559173652,3.076969627636203,9,0,1
2013,8461,6761788,0.03720814854222593,118,0,0
2013,8462,596684224,3.2833793723486755,7,0,1
2013,8463,355020062,1.9535719254088206,12,0,0
2013,8464,66806040,0.36761416652487283,34,0,0
2013,8465,3257779,0.017926608309776087,173,0,0
2013,8471,4803000,0.026429509095569265,141,0,0
2013,8472,189736920,1.0440669691662083,20,0,0
2013,8481,584233168,3.2148648402226208,8,0,1
2013,8482,3042410,0.016741495475213596,182,0,0
2013,8483,2426180,0.013350561394438526,201,0,0
2013,8484,1568680,0.008631988825325338,234,0,0
2013,8510,101961194,0.5610627325042895,26,0,0
2013,8710,622207,0.0034238237696912065,302,0,0
2013,8720,307116170,1.689970770021111,15,0,0
2013,8731,153691,0.0008457167775155394,404,0,0
2013,8732,7426,4.086311358394699e-05,477,0,0
2013,8741,11113732,0.06115562793664776,98,0,0
2013,8742,85622,0.00047115291021878654,432,0,0
2013,8743,1694902,0.009326551702081728,228,0,0
2013,8744,770339,0.004238950990458407,286,0,0
2013,8745,335942,0.0018485909108023589,347,0,0
2013,8748,3552274,0.01954712845991135,165,0,0
2013,8749,11776894,0.06480481513440664,96,0,0
2013,8811,0,0.0,512,0,0
2013,8812,0,0.0,513,0,0
2013,8813,321753,0.001770512979393441,353,0,0
2013,8821,601947,0.003312338894763821,307,0,0
2013,8822,401051,0.0022068667608343014,334,0,0
2013,8830,0,0.0,514,0,0
2013,8841,831080,0.0045731910096076835,279,0,0
2013,8842,631225,0.0034734471952635247,300,0,0
2013,8851,1405233,0.007732587623338348,241,0,0
2013,8852,97863,0.0005385115654007276,423,0,0
2013,8921,2890436,0.01590522684825335,187,0,0
2013,8922,306615,0.00168721297758442,358,0,0
2013,8924,421452,0.0023191275176651796,331,0,0
2013,8928,14764713,0.08124591224796374,78,0,0
2013,8931,27569103,0.15170473839166893,58,0,0
2013,8932,870116,0.004787994739995909,275,0,0
2013,8933,13642,7.506794984004912e-05,467,0,0
2013,8935,1383686,0.007614020762525891,244,0,0
2013,8939,39657612,0.21822428004633707,46,0,0
2013,8941,94598,0.0005205452220326174,426,0,0
2013,8942,1640047,0.009024700625371869,231,0,0
2013,8946,137224,0.00075510367606296,407,0,0
2013,8947,249732138,1.37420316733853,17,0,0
2013,8951,11282,6.208155769648396e-05,471,0,0
2013,8952,6048118,0.03328103054176061,125,0,0
2013,8959,538088,0.00296094143040114,318,0,0
2013,8960,487343,0.002681706485771812,322,0,0
2013,8972,565235,0.0031103234590118874,316,0,0
2013,8973,382311401,2.10374820946686,11,0,0
2013,8974,5587482,0.030746284892843964,128,0,0
2013,8981,325204,0.0017895028265491374,350,0,0
2013,8982,2075078,0.011418549422239367,214,0,0
2013,8983,113962,0.0006270996701122766,417,0,0
2013,8989,1132227,0.006230315176920487,259,0,0
2013,8991,12408948,0.06828282407504603,91,0,0
2013,8993,26129255,0.14378167451237742,60,0,0
2013,8994,619656,0.003409786360217378,304,0,0
2013,8996,1631906,0.008979903075185104,232,0,0
2013,8997,1664164,0.009157409447120327,229,0,0
2013,8998,653565,0.003596377703944561,295,0,0
2013,8999,284819,0.0015672759423466464,360,0,0
2014,5111,27587,0.0001600317342018168,455,0,0
2014,5112,2366,1.3725127165748306e-05,489,0,0
2014,5113,14568858,0.08451370613259912,86,0,0
2014,5114,10269,5.957030045015611e-05,477,0,0
2014,5121,225849469,1.3101490626972654,16,0,0
2014,5122,2412,1.3991972410729042e-05,487,0,0
2014,5123,19120,0.00011091480617460169,464,0,0
2014,5137,139200,0.0008074969152460542,401,0,0
2014,5138,39845099,0.2311407653029715,48,0,0
2014,5139,386906,0.0022444353555329728,343,0,0
2014,5145,10640,6.17224653607616e-05,475,0,0
2014,5146,635651,0.003687401017766304,306,0,0
2014,5147,6155,3.570505397513982e-05,481,0,0
2014,5148,205339,0.001191168168676074,379,0,0
2014,5154,16426,9.5286956392469e-05,469,0,0
2014,5155,2672744,0.01550454407501724,189,0,0
2014,5156,528921,0.003068262039575131,320,0,0
2014,5157,14167,8.218253447048024e-05,470,0,0
2014,5161,20701,0.00012008616122491786,461,0,0
2014,5162,17952,0.0001041392573455256,466,0,0
2014,5163,0,0.0,499,0,0
2014,5169,40367846,0.23417321206988337,46,0,0
2014,5221,242157,0.0014047487823652207,370,0,0
2014,5222,4378817,0.025401445545452452,155,0,0
2014,5223,5218,3.0269532354553958e-05,483,0,0
2014,5224,865105,0.0050184599056317366,290,0,0
2014,5225,653391,0.0037903104665914836,301,0,0
2014,5231,4845428,0.02810824829775041,147,0,0
2014,5232,14912144,0.08650510258408732,83,0,0
2014,5233,14126,8.194469414343219e-05,471,0,0
2014,5239,3345409,0.01940666269925565,174,0,0
2014,5241,55556,0.000322279444133691,435,0,0
2014,5249,5800740,0.03364999752977296,134,0,0
2014,5311,5862254,0.03400683923411524,133,0,0
2014,5312,628363,0.0036451234493876175,307,0,0
2014,5322,164824,0.0009561413186674972,391,0,0
2014,5323,110017,0.000638206811240123,419,0,0
2014,5331,1428715,0.008287952264840276,247,0,0
2014,5332,2006289,0.011638449558851226,218,0,0
2014,5334,31456635,0.18247942332270875,54,0,0
2014,5335,1333444,0.007735286757567237,252,0,0
2014,5411,150853,0.0008750957769799786,394,0,0
2014,5413,156837,0.0009098088627618204,393,0,0
2014,5414,0,0.0,500,0,0
2014,5415,81633,0.0004735516931198358,425,0,0
2014,5416,6104400,0.03541152420566101,130,0,0
2014,5417,102765728,0.5961423013866024,28,0,0
2014,5419,25720010,0.14920135585558666,59,0,0
2014,5513,1802146,0.010454219366544651,227,0,0
2014,5514,513297,0.002977627472019065,323,0,0
2014,5530,14016233,0.0813079375780887,88,0,0
2014,5541,19578557,0.11357488780509369,70,0,0
2014,5542,13299605,0.07715079031243532,93,0,0
2014,5543,811454,0.0047072313352304,292,0,0
2014,5621,388023,0.0022509150541991357,342,0,0
2014,5622,1103021,0.006398606716606451,273,0,0
2014,5623,112102,0.0006503018620180543,417,0,0
2014,5629,439661,0.0025504662446407715,332,0,0
2014,5721,600161,0.0034815241102800795,312,0,0
2014,5722,37662,0.00021847664383618456,446,0,0
2014,5723,0,0.0,501,0,0
2014,5821,428700,0.0024868816635487314,334,0,0
2014,5822,4600792,0.026689118877074168,151,0,0
2014,5823,147141529,0.8535655946270676,23,0,0
2014,5824,1189377,0.006899556455205503,262,0,0
2014,5825,10574020,0.06133971646372185,103,0,0
2014,5826,2197768,0.012749216095017888,208,0,0
2014,5827,1234734,0.007162671667740096,259,0,0
2014,5828,50956,0.0002955949196356174,439,0,0
2014,5829,3114024,0.018064402112084616,177,0,0
2014,5831,3548307,0.020583670666996987,173,0,0
2014,5832,1302345,0.0075548819690095005,253,0,0
2014,5833,53518444,0.3104596152210395,38,0,0
2014,5834,27766148,0.16107096880937785,57,0,0
2014,5835,187738,0.0010890650565694231,384,0,0
2014,5836,6478946,0.03758425940406438,124,0,0
2014,5837,4173120,0.024208200624652395,159,0,0
2014,5838,274924,0.001594829611545303,362,0,0
2014,5839,9659078,0.05603215293908782,109,0,0
2014,5841,2735680,0.01586963477801958,186,0,0
2014,5842,358535,0.0020798556501993104,350,0,0
2014,5843,686973,0.003985119097394594,298,0,0
2014,5849,2067276,0.011992234144843404,215,0,0
2014,5851,109566,0.0006355905676425946,420,0,0
2014,5852,28245367,0.16385091036273486,56,0,0
2014,5911,4118312,0.023890260316241432,161,0,0
2014,5912,1853876,0.010754304247476249,224,0,0
2014,5913,1035951,0.006009534747457364,276,0,0
2014,5914,95926,0.0005564651515222198,422,0,0
2014,5921,10677143,0.061937931294116386,102,0,0
2014,5922,5864019,0.034017077970145485,132,0,0
2014,5981,1655400,0.009602948229154584,233,0,0
2014,5982,1030009,0.005975065302986157,277,0,0
2014,5983,72995823,0.4234475711088145,35,0,0
2014,5989,13302068,0.07716507813500897,92,0,0
2014,6112,1466629,0.008507890756540267,243,0,0
2014,6113,48284328,0.2800965942150049,44,0,0
2014,6114,164384497,0.9535917689782631,20,0,0
2014,6115,49360370,0.2863386961954301,42,0,0
2014,6116,222295597,1.2895331095566092,17,0,0
2014,6118,9928082,0.057592640727800834,106,0,0
2014,6121,1638344,0.009504006653102595,234,0,0
2014,6122,9068645,0.052607060797137596,113,0,0
2014,6123,4005031,0.023233119094574855,164,0,0
2014,6129,2952241,0.017125901584503778,181,0,0
2014,6130,1042172,0.006045622666349215,275,0,0
2014,6210,2504476,0.014528424168877707,193,0,0
2014,6251,260501,0.0015111620252766691,364,0,0
2014,6252,354052,0.002053849840780862,352,0,0
2014,6253,46793,0.0002714454249648607,441,0,0
2014,6254,4512735,0.026178301665394414,153,0,0
2014,6259,2012310,0.01167337728102577,217,0,0
2014,6281,20582,0.00011939584417811987,462,0,0
2014,6282,127265,0.0007382621761407262,411,0,0
2014,6289,919824,0.005335883926503495,286,0,0
2014,6330,5396,3.130210743295767e-05,482,0,0
2014,6341,2138,1.2402502908017699e-05,491,0,0
2014,6342,3940294,0.022857580820133158,165,0,0
2014,6343,391196,0.00226932157511922,339,0,0
2014,6344,2100421,0.012184507745819197,213,0,0
2014,6349,3754824,0.021781672394338,169,0,0
2014,6351,430798,0.0024990521271132876,333,0,0
2014,6353,1707493,0.009905138867128094,231,0,0
2014,6354,243397,0.0014119420020125275,369,0,0
2014,6359,2730925,0.015842051101065593,187,0,0
2014,6411,653939,0.0037934894055969065,300,0,0
2014,6412,556624,0.0032289666878729858,315,0,0
2014,6413,364077,0.0021120047012359025,349,0,0
2014,6415,1164570,0.006755651455374262,266,0,0
2014,6416,37385214,0.21687101279320112,50,0,0
2014,6417,110067,0.00063849686041945,418,0,0
2014,6418,39897996,0.23144761993174864,47,0,0
2014,6419,115206,0.0006683081150706675,415,0,0
2014,6421,14787571,0.08578245665576155,84,0,0
2014,6422,68867,0.00039949633665409495,429,0,0
2014,6423,261845,0.0015189585472169759,363,0,0
2014,6424,2129389,0.012352550638354023,212,0,0
2014,6428,6164442,0.03575982686216391,129,0,0
2014,6511,13941,8.08715121799227e-05,473,0,0
2014,6512,1187863,0.006890773766055486,263,0,0
2014,6513,2092587601,12.139066326793396,2,1,1
2014,6514,24313511,0.1410422782421049,61,0,0
2014,6515,772352,0.0044804012750296,293,0,0
2014,6516,14696201,0.0852524207854596,85,0,0
2014,6517,3606999,0.020924141995658063,171,0,0
2014,6518,63828,0.0003702651803615312,431,0,0
2014,6519,409362,0.0023747022429522644,336,0,0
2014,6521,971651930,5.636536897757722,4,1,1
2014,6522,1454584155,8.438018808392876,3,1,1
2014,6531,305820959,1.7740623635782327,14,0,0
2014,6532,51230731,0.29718862965733045,40,0,0
2014,6534,323514318,1.8767012487279526,12,0,0
2014,6535,6302614,0.036561360366283005,126,0,0
2014,6536,1946361,0.011290808214477192,220,0,0
2014,6538,4545977,0.026371137961778097,152,0,0
2014,6539,19856785,0.1151888838664089,69,0,0
2014,6541,2762843,0.016027206895180703,185,0,0
2014,6542,3216281,0.018657593290693206,175,0,0
2014,6543,8995832,0.05218467377925102,115,0,0
2014,6544,1668788,0.009680611797411151,232,0,0
2014,6545,3784170,0.02195190805866854,167,0,0
2014,6546,140727,0.0008163550171826974,400,0,0
2014,6549,2242322,0.01300767311773249,204,0,0
2014,6551,37197113,0.2157798419795898,51,0,0
2014,6552,5582656,0.03238489582528647,139,0,0
2014,6553,68558,0.00039770383272585475,430,0,0
2014,6560,6257729,0.03630098321800126,127,0,0
2014,6571,9838974,0.05707572668237163,108,0,0
2014,6572,16350288,0.09484775232316506,78,0,0
2014,6573,9485427,0.055024806338301965,111,0,0
2014,6574,17069427,0.09901946585860423,76,0,0
2014,6575,71790151,0.4164534876260663,36,0,0
2014,6576,19730,0.00011445340616238972,463,0,0
2014,6577,9928001,0.05759217084813032,107,0,0
2014,6579,23014,0.00013350383626057968,458,0,0
2014,6581,39672502,0.23013953293888587,49,0,0
2014,6582,109601242,0.6357950059061513,26,0,0
2014,6583,48577382,0.2817965956589741,43,0,0
2014,6584,2722851319,15.79521581010165,1,1,1
2014,6589,85288603,0.4947577861217339,31,0,0
2014,6591,208079,0.0012070628637031874,377,0,0
2014,6592,108576809,0.6298522868876438,27,0,0
2014,6593,2607266,0.015124707271737921,192,0,0
2014,6594,1931349,0.011203723848876088,222,0,0
2014,6595,892708,0.005178584455570938,289,0,0
2014,6596,159754,0.0009267303318837509,392,0,0
2014,6597,61012,0.0003539296105818409,433,0,0
2014,6611,129170,0.0007493130498730805,409,0,0
2014,6612,506560898,2.938551454879821,10,0,1
2014,6613,17897139,0.10382100958498455,74,0,0
2014,6618,972410,0.005640934449385169,282,0,0
2014,6623,643118,0.0037307169622069814,304,0,0
2014,6624,2355952,0.013666838882670772,197,0,0
2014,6631,226409,0.0013133948928444245,373,0,0
2014,6632,29273,0.00016981219252871943,453,0,0
2014,6633,12283515,0.07125646889999018,96,0,0
2014,6635,121269,0.0007034794785558458,412,0,0
2014,6637,38090,0.00022095946481122272,445,0,0
2014,6638,1253639,0.007272339262443592,257,0,0
2014,6639,2278754,0.013219014551757233,203,0,0
2014,6641,53866,0.00031247578187244216,438,0,0
2014,6642,650427,0.003773116351240986,302,0,0
2014,6643,1305,7.570283580431758e-06,495,0,0
2014,6644,20627913,0.11966218473752857,66,0,0
2014,6645,0,0.0,502,0,0
2014,6646,0,0.0,503,0,0
2014,6647,8414,4.880947589712859e-05,479,0,0
2014,6648,146557,0.0008501747514922124,396,0,0
2014,6649,100518,0.000583103268151601,421,0,0
2014,6651,2471407,0.014336591442654489,194,0,0
2014,6652,3087326,0.01790952745229123,178,0,0
2014,6658,446224,0.0025885380999192188,330,0,0
2014,6664,1239101,0.007188004563062506,258,0,0
2014,6665,484472,0.0028104141201371145,326,0,0
2014,6666,223568,0.0012969142984750708,374,0,0
2014,6671,29953,0.0001737568613675651,452,0,0
2014,6672,16636,9.650516294564194e-05,468,0,0
2014,6673,8306865,0.04818798752058487,116,0,0
2014,6674,592858,0.003439159527147595,313,0,0
2014,6712,36725,0.0002130411222155987,447,0,0
2014,6713,3203578,0.018583903396193417,176,0,0
2014,6716,0,0.0,504,0,0
2014,6724,1461967,0.008480846571059828,244,0,0
2014,6725,609053,0.003533106456331573,311,0,0
2014,6727,13569132,0.07871431201556409,89,0,0
2014,6731,173161,0.0010045041188284625,388,0,0
2014,6732,525325,0.003047401702597941,321,0,0
2014,6733,1440820,0.008358173171155314,246,0,0
2014,6741,229084,0.0013289125239384129,372,0,0
2014,6744,1889340,0.010960030329389223,223,0,0
2014,6745,281555,0.001633295933707635,360,0,0
2014,6746,5077675,0.029455509332773046,143,0,0
2014,6747,17095,9.916781441186274e-05,467,0,0
2014,6749,5870915,0.034057081552958245,131,0,0
2014,6750,4222168,0.0244927272676049,158,0,0
2014,6760,16161071,0.09375010761187115,81,0,0
2014,6770,241461,0.0014007112977889905,371,0,0
2014,6781,134996,0.0007831095802482493,403,0,0
2014,6782,1007958,0.005847147813919412,279,0,0
2014,6783,95403809,0.5534359301021821,30,0,0
2014,6784,5029929,0.029178535570450213,145,0,0
2014,6785,459023,0.0026627848888433154,328,0,0
2014,6793,1140769,0.006617582245031077,268,0,0
2014,6794,1288554,0.007474880604367558,254,0,0
2014,6911,50664690,0.29390503510702304,41,0,0
2014,6912,173291,0.0010052582466947124,387,0,0
2014,6921,72055,0.0004179898723279773,427,0,0
2014,6924,9053876,0.052521386070548015,114,0,0
2014,6931,2152834,0.0124885546985404,210,0,0
2014,6932,2927,1.697947895779598e-05,486,0,0
2014,6935,149275,0.0008659418248804218,395,0,0
2014,6940,1711768,0.009929938071960543,230,0,0
2014,6951,511509,0.0029672553133663357,324,0,0
2014,6953,5477032,0.031772172734942,141,0,0
2014,6954,6643711,0.038540058464700266,122,0,0
2014,6960,82422567,0.4781319583273076,32,0,0
2014,6973,4072440,0.023624157597159773,162,0,0
2014,6974,34720958,0.2014157074668664,53,0,0
2014,6975,2774099,0.01609250276643077,183,0,0
2014,6978,42978,0.00024931467258221924,442,0,0
2014,6991,1140680,0.006617065957491876,269,0,0
2014,6992,83377,0.00048366860849475754,423,0,0
2014,6993,279353,0.0016205221678500786,361,0,0
2014,6994,1510324,0.008761364734354033,242,0,0
2014,6996,1177734,0.006832015603307445,264,0,0
2014,6997,4428215,0.025688002532660244,154,0,0
2014,6998,1617803,0.009384848649251525,236,0,0
2014,6999,244151,0.001416315943636777,368,0,0
2014,7111,146039,0.0008471698419943858,398,0,0
2014,7112,612028,0.0035503643825015234,309,0,0
2014,7119,247939,0.001438290069462582,367,0,0
2014,7126,700779,0.004065207476790334,296,0,0
2014,7129,1579379,0.009161951655922398,239,0,0
2014,7131,16683005,0.09677783817912713,77,0,0
2014,7132,298699,0.0017327479963152382,357,0,0
2014,7133,1092672,0.006338572337469372,274,0,0
2014,7138,365473,0.0021201028743227093,348,0,0
2014,7139,1283996,0.0074484397211801185,255,0,0
2014,7144,16280014,0.0944400940026047,80,0,0
2014,7148,21730001,0.1260553791364488,64,0,0
2014,7149,22242675,0.12902939259569346,62,0,0
2014,7161,4615122,0.02677224697186925,150,0,0
2014,7162,3045456,0.017666640269522894,179,0,0
2014,7163,9383,5.443062899248366e-05,478,0,0
2014,7169,1595847,0.0092574822536255,238,0,0
2014,7187,1398,8.109775053979768e-06,494,0,0
2014,7188,977646,0.0056713083994442805,281,0,0
2014,7211,4691827,0.027217211417874632,149,0,0
2014,7212,1213312,0.007038402997349286,261,0,0
2014,7213,300924,0.0017456551847952844,356,0,0
2014,7219,201408,0.0011683645021973942,381,0,0
2014,7223,62058,0.0003599974394133594,432,0,0
2014,7224,25174288,0.14603563149077411,60,0,0
2014,7233,56355,0.00032691443001933463,434,0,0
2014,7234,2838765,0.016467629171037824,182,0,0
2014,7239,10805996,0.06268540543219253,100,0,0
2014,7243,1798579,0.010433527258091472,228,0,0
2014,7244,1615796,0.009373206075193341,237,0,0
2014,7245,3767222,0.0218535929888439,168,0,0
2014,7246,1171725,0.00679715749293594,265,0,0
2014,7247,1629814,0.009454524263109429,235,0,0
2014,7248,144223,0.0008366352558012333,399,0,0
2014,7251,14068,8.1608237095413e-05,472,0,0
2014,7252,960890,0.0055741071184682535,283,0,0
2014,7259,205466,0.0011919048935915644,378,0,0
2014,7263,25660,0.00014885323883055853,457,0,0
2014,7264,129148,0.0007491854282341767,410,0,0
2014,7267,420347,0.0024384260476503815,335,0,0
2014,7268,192754,0.0011181627902394965,383,0,0
2014,7269,4114,2.3865246475016286e-05,484,0,0
2014,7271,132520,0.000768746344887982,406,0,0
2014,7272,5527423,0.03206449009885122,140,0,0
2014,7281,954204,0.005535321742208663,284,0,0
2014,7283,2421829,0.014048990278401122,196,0,0
2014,7284,9953467,0.0577398986961451,105,0,0
2014,7361,2772762,0.01608474685137557,184,0,0
2014,7362,578351,0.003355004658257692,314,0,0
2014,7367,117498,0.0006816039694510119,413,0,0
2014,7368,339830,0.001971348252213122,353,0,0
2014,7369,616973,0.0035790502463369524,308,0,0
2014,7371,995942,0.005777443195143575,280,0,0
2014,7372,515462,0.0029901866014839192,322,0,0
2014,7373,1116447,0.006476490722239307,271,0,0
2014,7411,2095,1.2153060613796577e-05,492,0,0
2014,7412,72007,0.0004177114251158235,428,0,0
2014,7413,547609,0.0031766708208403483,318,0,0
2014,7414,1824359,0.010583076614952416,225,0,0
2014,7415,16307085,0.09459713242927587,79,0,0
2014,7416,2433406,0.014116148265382468,195,0,0
2014,7421,174725,0.0010135768571578074,386,0,0
2014,7422,390012,0.002262453210552759,340,0,0
2014,7423,54927,0.00031863062545775875,436,0,0
2014,7428,1154509,0.006697287759510106,267,0,0
2014,7429,2296147,0.013319911059277883,201,0,0
2014,7431,1446374,0.008390391833994945,245,0,0
2014,7432,7593012,0.04404693798438414,117,0,0
2014,7433,10445,6.059127356138675e-05,476,0,0
2014,7434,27005249,0.15665700619936485,58,0,0
2014,7435,500232,0.002901837621460949,325,0,0
2014,7436,45957713,0.26659993878781235,45,0,0
2014,7439,202000,0.0011717986844806245,380,0,0
2014,7441,4134712,0.023985396447060655,160,0,0
2014,7442,2035579,0.011808360368100916,216,0,0
2014,7449,2209409,0.012816745344948772,205,0,0
2014,7451,915525,0.005310945498064969,287,0,0
2014,7452,3604828,0.020911548060291687,172,0,0
2014,7491,551926,0.0032017136669834313,316,0,0
2014,7492,2639629,0.015312444503549042,191,0,0
2014,7493,1382397,0.00801926230707902,250,0,0
2014,7499,458217,0.002658109296072566,329,0,0
2014,7511,0,0.0,505,0,0
2014,7512,38892,0.00022561185364762597,443,0,0
2014,7518,1520646,0.008821242486934276,240,0,0
2014,7521,0,0.0,506,0,0
2014,7522,34812,0.00020194384061455198,448,0,0
2014,7523,899566,0.005218367601007414,288,0,0
2014,7524,21773,0.00012630481562968634,459,0,0
2014,7525,1933794,0.011217907253745172,221,0,0
2014,7528,257426,0.0014933240007480658,365,0,0
2014,7591,1271918,0.007378375441421916,256,0,0
2014,7599,7467106,0.043316559344937514,118,0,0
2014,7611,1018242,0.005906805129123367,278,0,0
2014,7621,27426,0.0001590977758443842,456,0,0
2014,7622,1186,6.879966533633766e-06,496,0,0
2014,7628,54173,0.00031425668383350925,437,0,0
2014,7631,979,5.679162931220452e-06,498,0,0
2014,7638,1119670,0.006495187292338718,270,0,0
2014,7641,10755406,0.06239193367254958,101,0,0
2014,7642,28673,0.00016633160237679678,454,0,0
2014,7643,9302852,0.05396569175998983,112,0,0
2014,7648,3939814,0.02285479634801162,166,0,0
2014,7649,5682661,0.03296502318885817,137,0,0
2014,7711,5622048,0.03261340817072736,138,0,0
2014,7712,648903,0.003764275652255103,303,0,0
2014,7721,11250144,0.06526190069018609,98,0,0
2014,7722,32965,0.00019122942393021679,449,0,0
2014,7723,82447,0.00047827369375927744,424,0,0
2014,7731,5071502,0.029419699861093346,144,0,0
2014,7732,611807,0.0035490823651288983,310,0,0
2014,7741,12813209,0.07432921509987772,95,0,0
2014,7742,748327,0.0043410326443630316,294,0,0
2014,7751,3032307,0.01759036313634351,180,0,0
2014,7752,28326723,0.16432285518340123,55,0,0
2014,7753,13263,7.693844530825011e-05,474,0,0
2014,7754,38306,0.00022221247726591486,444,0,0
2014,7757,14396174,0.08351196908294144,87,0,0
2014,7758,2291468,0.013292768257076475,202,0,0
2014,7761,1148,6.659529157345331e-06,497,0,0
2014,7762,3492,2.0257034684189805e-05,485,0,0
2014,7763,357067,0.0020713398062942733,351,0,0
2014,7764,20329988,0.11793392670250932,67,0,0
2014,7768,317657,0.0018427230431488206,354,0,0
2014,7781,2206432,0.01279947581681165,207,0,0
2014,7782,134692,0.000781346081237942,404,0,0
2014,7783,548234,0.003180296435581934,317,0,0
2014,7784,30568,0.0001773244662732858,450,0,0
2014,7788,1967029,0.011410702943243756,219,0,0
2014,7810,2074687,0.012035225234203235,214,0,0
2014,7821,2730190,0.01583778737812949,188,0,0
2014,7822,129555,0.0007515464285538976,408,0,0
2014,7831,116108,0.0006735406022657245,414,0,0
2014,7832,1416182,0.008215248537550197,248,0,0
2014,7841,137072,0.0007951524221739018,402,0,0
2014,7842,113391,0.0006577793298611015,416,0,0
2014,7849,20329180,0.1179292395077714,68,0,0
2014,7851,4811741,0.027912830563670714,148,0,0
2014,7852,6375458,0.03698392721466076,125,0,0
2014,7853,2302048,0.013354142663422042,200,0,0
2014,7861,837841,0.004860301889128371,291,0,0
2014,7868,73465,0.00042616925918499547,426,0,0
2014,7912,0,0.0,507,0,0
2014,7913,0,0.0,508,0,0
2014,7914,0,0.0,509,0,0
2014,7915,0,0.0,510,0,0
2014,7919,668223,0.0038763506551470115,299,0,0
2014,7921,0,0.0,511,0,0
2014,7922,7355677,0.04267016154487321,119,0,0
2014,7923,0,0.0,512,0,0
2014,7924,5769640,0.03346958694023163,135,0,0
2014,7928,132290,0.0007674121186630784,407,0,0
2014,7929,13518330,0.0784196104474008,90,0,0
2014,7931,1732830,0.0100521183882602,229,0,0
2014,7932,1927,1.1178495371258235e-05,493,0,0
2014,7933,48817,0.0002831866157440131,440,0,0
2014,7938,462602,0.002683546609099534,327,0,0
2014,8121,171798,0.0009965973782000116,389,0,0
2014,8122,4376169,0.025386084540915295,156,0,0
2014,8124,1405186,0.008151460922032628,249,0,0
2014,8211,2183545,0.01266670870546656,209,0,0
2014,8212,77570340,0.4499842691421523,33,0,0
2014,8219,7126214,0.041339050448155494,121,0,0
2014,8310,21327546,0.12372074428712873,65,0,0
2014,8421,7185143,0.041680896609926577,120,0,0
2014,8422,117013785,0.6787950461836566,25,0,0
2014,8423,656508016,3.8083922252464597,5,1,1
2014,8424,53414589,0.3098571540706596,39,0,0
2014,8429,154543698,0.8965054555008461,21,0,0
2014,8431,19084677,0.11070989803137442,71,0,0
2014,8432,18490557,0.1072634176629406,73,0,0
2014,8433,4061163,0.02355873990525439,163,0,0
2014,8434,13227883,0.07673473216764166,94,0,0
2014,8435,9655570,0.056011803088666254,110,0,0
2014,8439,594811024,3.4504889873157083,7,0,1
2014,8441,15136525,0.08780673308221824,82,0,0
2014,8442,61365829,0.355982166803282,37,0,0
2014,8443,13482121,0.07820956263271586,91,0,0
2014,8451,149487385,0.8671738667794489,22,0,0
2014,8452,164436486,0.9538933563139438,19,0,0
2014,8459,611304705,3.5461685600782986,6,0,1
2014,8461,6225377,0.036113309797009586,128,0,0
2014,8462,547803234,3.177797569086296,9,0,1
2014,8463,325535617,1.8884267710504377,11,0,0
2014,8464,75015010,0.43516084175396486,34,0,0
2014,8465,2665187,0.015460706042053773,190,0,0
2014,8471,4360255,0.025293767688119136,157,0,0
2014,8472,188101706,1.0911749091057485,18,0,0
2014,8481,578800967,3.357614909439175,8,0,1
2014,8482,10322902,0.05988298506743766,104,0,0
2014,8483,698201,0.00405025254110424,297,0,0
2014,8484,2207786,0.012807330348587822,206,0,0
2014,8510,124383406,0.7215460966436605,24,0,0
2014,8710,930799,0.005399549721365747,285,0,0
2014,8720,310640055,1.8020178603761823,13,0,0
2014,8731,179944,0.001043852190495948,385,0,0
2014,8732,2383,1.3823743886719447e-05,488,0,0
2014,8741,5475514,0.03176336684185763,142,0,0
2014,8742,284373,0.0016496431054544983,359,0,0
2014,8743,1350494,0.007834193527717706,251,0,0
2014,8744,366291,0.0021248480788964973,347,0,0
2014,8745,385835,0.0022382225021117907,344,0,0
2014,8748,6543391,0.037958103791298804,123,0,0
2014,8749,3751071,0.021759901302937725,170,0,0
2014,8811,2317,1.3440878970007955e-05,490,0,0
2014,8812,6829,3.961491691246626e-05,480,0,0
2014,8813,389984,0.002262290783012336,341,0,0
2014,8821,705230,0.004091027654734014,295,0,0
2014,8822,146464,0.0008496352600186642,397,0,0
2014,8830,0,0.0,513,0,0
2014,8841,533534,0.003095021976859829,319,0,0
2014,8842,169617,0.0009839454329977728,390,0,0
2014,8851,4910902,0.028488061897095386,146,0,0
2014,8852,198668,0.0011524698071702806,382,0,0
2014,8921,2321169,0.013465063270580233,199,0,0
2014,8922,287201,0.0016660482870372272,358,0,0
2014,8924,395362,0.002293488472740736,338,0,0
2014,8928,10882805,0.0631309731804909,99,0,0
2014,8931,18601006,0.10790413049909012,72,0,0
2014,8932,639106,0.0037074434160577923,305,0,0
2014,8933,18901,0.00010964439076914992,465,0,0
2014,8935,2141986,0.01242562562859364,211,0,0
2014,8939,36752261,0.2131992628291513,52,0,0
2014,8941,20834,0.00012085769204192738,460,0,0
2014,8942,1112287,0.0064523586305193096,272,0,0
2014,8946,368745,0.002139083692617861,346,0,0
2014,8947,273621661,1.587274764382195,15,0,0
2014,8951,29997,0.00017401210464537274,451,0,0
2014,8952,5760824,0.033418445468932724,136,0,0
2014,8959,442849,0.0025689597803146536,331,0,0
2014,8960,378272,0.002194349663246806,345,0,0
2014,8972,221279,0.0012836358470454856,375,0,0
2014,8973,96685832,0.560872924482746,29,0,0
2014,8974,11792071,0.06840561032228773,97,0,0
2014,8981,248241,0.0014400419665057164,366,0,0
2014,8982,1817946,0.010545874907211948,226,0,0
2014,8983,134109,0.0007779641078069905,405,0,0
2014,8989,1217347,0.007061809966120964,260,0,0
2014,8991,22167711,0.1285945276621122,63,0,0
2014,8993,17506592,0.10155545284821299,75,0,0
2014,8994,301029,0.0017462642880718708,355,0,0
2014,8996,1510752,0.008763847555329073,241,0,0
2014,8997,2332262,0.013529413581505695,198,0,0
2014,8998,210032,0.0012183921846476958,376,0,0
2014,8999,405605,0.002352907947617642,337,0,0
2015,5111,1937,1.2544378064784591e-05,487,0,0
2015,5112,64713,0.0004190936178143548,432,0,0
2015,5113,2086326,0.013511441461223428,203,0,0
2015,5114,26692,0.00017286243639918963,458,0,0
2015,5121,219405610,1.420912194824307,16,0,0
2015,5122,0,0.0,494,0,0
2015,5123,4961,3.2128373556735344e-05,479,0,0
2015,5137,69859,0.0004524200863333954,427,0,0
2015,5138,1013905,0.006566240393275902,270,0,0
2015,5139,413033,0.002674879765220534,333,0,0
2015,5145,27528,0.000178276530391012,456,0,0
2015,5146,102394,0.0006631228949744727,411,0,0
2015,5147,29344,0.00019003728958855916,455,0,0
2015,5148,252844,0.0016374655278329352,367,0,0
2015,5154,38743,0.00025090698986264813,449,0,0
2015,5155,2496153,0.016165558564556662,187,0,0
2015,5156,715157,0.00463149188625563,290,0,0
2015,5157,9971,6.457408037375693e-05,472,0,0
2015,5161,612341,0.003965636039529304,306,0,0
2015,5162,0,0.0,495,0,0
2015,5163,0,0.0,496,0,0
2015,5169,39573590,0.2562860476720593,43,0,0
2015,5221,71986,0.00046619494030541227,423,0,0
2015,5222,4083187,0.026443490674865053,149,0,0
2015,5223,0,0.0,497,0,0
2015,5224,1004663,0.006506387454672526,271,0,0
2015,5225,1499701,0.00971234709764353,234,0,0
2015,5231,3197631,0.020708462661680548,169,0,0
2015,5232,12028661,0.0778998818777129,83,0,0
2015,5233,13126,8.500645662279946e-05,469,0,0
2015,5239,2285965,0.014804341354086377,193,0,0
2015,5241,296730,0.0019216795576476678,353,0,0
2015,5249,6161523,0.039903187386094864,121,0,0
2015,5311,6933936,0.04490547994890047,112,0,0
2015,5312,305653,0.0019794665919646904,350,0,0
2015,5322,217232,0.0014068354856836792,377,0,0
2015,5323,193469,0.001252941806822824,385,0,0
2015,5331,1608745,0.010418536649371134,230,0,0
2015,5332,2714680,0.017580780714976478,178,0,0
2015,5334,22082373,0.143009620794833,56,0,0
2015,5335,988688,0.006402930335630227,273,0,0
2015,5411,122384,0.0007925819127932873,401,0,0
2015,5413,2115995,0.013703583512232253,202,0,0
2015,5414,320393,0.0020749256176099793,346,0,0
2015,5415,115408,0.0007474040184309036,405,0,0
2015,5416,6390783,0.041387918472895344,117,0,0
2015,5417,110461895,0.7153721077091063,24,0,0
2015,5419,22480554,0.14558831620124188,55,0,0
2015,5513,1597542,0.010345983904167324,231,0,0
2015,5514,2074103,0.013432283003254473,204,0,0
2015,5530,11262415,0.07293752797238047,88,0,0
2015,5541,12294835,0.07962367500472167,80,0,0
2015,5542,11858706,0.07679922117869356,85,0,0
2015,5543,939604,0.006085053075469211,277,0,0
2015,5621,360578,0.0023351712719896223,341,0,0
2015,5622,71871,0.0004654501785720874,424,0,0
2015,5623,137895,0.0008930340801463455,396,0,0
2015,5629,403216,0.0026113030179505336,334,0,0
2015,5721,4295497,0.027818450358362428,144,0,0
2015,5722,267032,0.001729349697158265,361,0,0
2015,5723,0,0.0,498,0,0
2015,5821,390021,0.0025258497042877394,335,0,0
2015,5822,3891417,0.025201551913128478,152,0,0
2015,5823,120366728,0.779517678086264,23,0,0
2015,5824,1134028,0.007344179642773124,260,0,0
2015,5825,12711885,0.08232456962109669,76,0,0
2015,5826,1857437,0.01202911304053655,212,0,0
2015,5827,609193,0.0039452489966031595,308,0,0
2015,5828,17143,0.00011102130777728562,465,0,0
2015,5829,2312745,0.014977773695116282,191,0,0
2015,5831,2660759,0.017231578128692922,179,0,0
2015,5832,1083131,0.007014561051981518,265,0,0
2015,5833,26335922,0.17055640797763447,52,0,0
2015,5834,23775359,0.15397371808052604,54,0,0
2015,5835,137558,0.0008908516044582544,397,0,0
2015,5836,4276294,0.02769408810127515,146,0,0
2015,5837,5277734,0.03417960279884762,131,0,0
2015,5838,126728,0.0008207144777460102,399,0,0
2015,5839,5770325,0.03736971520737127,123,0,0
2015,5841,2346832,0.015198527549062753,190,0,0
2015,5842,317622,0.0020569800979313435,347,0,0
2015,5843,593706,0.0038449522577857515,311,0,0
2015,5849,1743022,0.011288139877768182,220,0,0
2015,5851,71510,0.00046311227434834597,425,0,0
2015,5852,13222943,0.08563427781161434,72,0,0
2015,5911,2969554,0.019231392906449842,172,0,0
2015,5912,1455164,0.009423917068799281,240,0,0
2015,5913,879032,0.005692777356243536,280,0,0
2015,5914,314471,0.0020365736264382423,348,0,0
2015,5921,9197676,0.05956588800278559,93,0,0
2015,5922,6687522,0.04330965631624387,113,0,0
2015,5981,1729827,0.011202686564105387,221,0,0
2015,5982,251355,0.0016278224824336246,368,0,0
2015,5983,67383760,0.43638996430909105,36,0,0
2015,5989,12884669,0.08344355145875583,75,0,0
2015,6112,1628500,0.010546473762778372,228,0,0
2015,6113,45142564,0.29235177575102456,40,0,0
2015,6114,135886281,0.8800252362837148,21,0,0
2015,6115,33641921,0.21787143822902225,47,0,0
2015,6116,146016891,0.9456329811814367,19,0,0
2015,6118,8173240,0.052931446863304095,101,0,0
2015,6121,1617593,0.01047583796951425,229,0,0
2015,6122,7417745,0.04803871846575404,108,0,0
2015,6123,1899926,0.012304279834338632,209,0,0
2015,6129,2905319,0.018815394906970526,174,0,0
2015,6130,1355057,0.008775605218034494,247,0,0
2015,6210,2602323,0.01685313554914013,183,0,0
2015,6251,451173,0.002921881613124966,328,0,0
2015,6252,362169,0.002345474888665447,340,0,0
2015,6253,17385,0.00011258854551176052,464,0,0
2015,6254,4592775,0.029743678867574112,139,0,0
2015,6259,3298360,0.021360802701994273,163,0,0
2015,6281,15392,9.968150086379165e-05,466,0,0
2015,6282,156704,0.0010148447187733633,392,0,0
2015,6289,1109749,0.007186944250395786,262,0,0
2015,6330,7466,4.8351226965246136e-05,476,0,0
2015,6341,0,0.0,499,0,0
2015,6342,3203278,0.02074503370088129,168,0,0
2015,6343,183847,0.0011906279164049835,387,0,0
2015,6344,1818456,0.01177666471769537,216,0,0
2015,6349,2972434,0.01925004433072789,171,0,0
2015,6351,605967,0.003924356810936151,310,0,0
2015,6352,43365,0.00028083993535332156,446,0,0
2015,6353,1295273,0.008388432735729342,250,0,0
2015,6354,214908,0.0013917848224815317,378,0,0
2015,6359,2557258,0.016561286092511573,186,0,0
2015,6411,609700,0.003948532424418775,307,0,0
2015,6412,670586,0.004342841666985875,295,0,0
2015,6413,348895,0.0022595099560728036,342,0,0
2015,6415,892119,0.005777531241495904,279,0,0
2015,6416,30442168,0.19714923309431462,51,0,0
2015,6417,95378,0.0006176859530526716,414,0,0
2015,6418,42728300,0.27671654582629607,42,0,0
2015,6419,78214,0.0005065286453066919,420,0,0
2015,6421,8010729,0.051878994915092305,103,0,0
2015,6422,63597,0.0004118661909066111,433,0,0
2015,6423,705600,0.004569598948121842,291,0,0
2015,6424,1473577,0.009543163136588066,237,0,0
2015,6428,3861117,0.025005323386869848,154,0,0
2015,6511,27231,0.00017635310226233827,457,0,0
2015,6512,87690,0.0005678970121326592,417,0,0
2015,6513,1538417123,9.963080026974817,2,1,1
2015,6514,18176485,0.11771435195089633,61,0,0
2015,6515,576586,0.0037340799023551307,313,0,0
2015,6516,12354986,0.08001322424838447,79,0,0
2015,6517,3160669,0.02046908976440096,170,0,0
2015,6518,53099,0.00034387915893753073,440,0,0
2015,6519,632226,0.004094415057504648,303,0,0
2015,6521,819746470,5.308833059861952,4,1,1
2015,6522,1342728311,8.69576229812786,3,1,1
2015,6531,309121194,2.001927271746837,13,0,0
2015,6532,46381188,0.3003733388569181,39,0,0
2015,6534,227219921,1.4715191496512585,15,0,0
2015,6535,6440895,0.041712453255333376,116,0,0
2015,6536,2144168,0.013886037184518868,200,0,0
2015,6538,2892764,0.018734086354258408,175,0,0
2015,6539,20297962,0.13145343793114672,59,0,0
2015,6541,3322849,0.021519398094058555,162,0,0
2015,6542,3283179,0.02126248767700641,164,0,0
2015,6543,8923551,0.057790602697153644,96,0,0
2015,6544,2637469,0.017080747687222175,180,0,0
2015,6545,4507547,0.029191726232723588,143,0,0
2015,6546,284172,0.0018403515763685944,356,0,0
2015,6549,2293046,0.01485019924829223,192,0,0
2015,6551,37508147,0.2429098484654187,44,0,0
2015,6552,5751836,0.03724997694921959,124,0,0
2015,6553,69630,0.00045093703905573114,428,0,0
2015,6560,5866079,0.03798983620748247,122,0,0
2015,6571,8794242,0.05695317317563623,98,0,0
2015,6572,15157195,0.09816085930906696,64,0,0
2015,6573,9214978,0.059677939024611555,92,0,0
2015,6574,14898382,0.09648473740917997,65,0,0
2015,6575,93211661,0.6036563322821566,27,0,0
2015,6576,1336,8.652188484539087e-06,490,0,0
2015,6577,6314464,0.040893662205716046,119,0,0
2015,6579,19006,0.00012308644785714816,461,0,0
2015,6581,36506380,0.23642221605404798,45,0,0
2015,6582,82206340,0.5323837936407972,30,0,0
2015,6583,52220793,0.3381917244372002,37,0,0
2015,6584,2640354516,17.099434834158668,1,1,1
2015,6589,83670492,0.5418659186961976,29,0,0
2015,6591,159720,0.0010343769047534306,391,0,0
2015,6592,92679406,0.6002093483137148,28,0,0
2015,6593,3420352,0.022150845948705273,161,0,0
2015,6594,3211049,0.02079536016548709,167,0,0
2015,6595,2624553,0.01699710123028632,181,0,0
2015,6596,442050,0.0028627993410108563,331,0,0
2015,6597,121835,0.0007890264850402844,402,0,0
2015,6611,26443,0.0001712498653418167,459,0,0
2015,6612,334240669,2.1646057390617073,10,0,1
2015,6613,13617454,0.08818920560444667,68,0,0
2015,6618,208788,0.0013521505458906791,382,0,0
2015,6623,724486,0.004691908253300738,288,0,0
2015,6624,2198010,0.014234728151872579,199,0,0
2015,6631,100631,0.0006517053737931535,412,0,0
2015,6632,6865,4.445903738500063e-05,477,0,0
2015,6633,12704944,0.08227961839334878,77,0,0
2015,6635,4704,3.0463992987478948e-05,480,0,0
2015,6637,67812,0.0004391633274802131,430,0,0
2015,6638,262930,0.0017027843699400171,363,0,0
2015,6639,2207222,0.014294386804806391,198,0,0
2015,6641,60360,0.000390902767160763,436,0,0
2015,6642,617799,0.0040009830790118,305,0,0
2015,6643,56831,0.0003680482962311684,439,0,0
2015,6644,7596334,0.04919529458047362,107,0,0
2015,6645,0,0.0,500,0,0
2015,6646,0,0.0,501,0,0
2015,6647,2421,1.567885353373438e-05,485,0,0
2015,6648,228960,0.0014827882301048426,372,0,0
2015,6649,50808,0.00032904220997190275,442,0,0
2015,6651,715942,0.004636575694609195,289,0,0
2015,6652,1425944,0.009234682826644915,243,0,0
2015,6658,200422,0.001297970748838543,384,0,0
2015,6664,1198739,0.0077632603082095075,255,0,0
2015,6665,472555,0.003060355486011504,323,0,0
2015,6666,35138,0.00022756032857016058,451,0,0
2015,6671,38555,0.00024968946633338666,450,0,0
2015,6672,91958,0.0005955373867224891,415,0,0
2015,6673,4891562,0.031678679945964815,137,0,0
2015,6674,299513,0.0019397027915941288,352,0,0
2015,6712,0,0.0,502,0,0
2015,6713,213595,0.0013832815863436577,380,0,0
2015,6716,13844,8.965636031434068e-05,467,0,0
2015,6724,1685034,0.010912598630880867,226,0,0
2015,6725,23311,0.00015096644143943914,460,0,0
2015,6727,5089593,0.03296116612693919,134,0,0
2015,6731,658710,0.004265930446594867,298,0,0
2015,6732,278782,0.001805444917737108,359,0,0
2015,6733,2573571,0.016666932163430948,184,0,0
2015,6741,99167,0.0006422242331184789,413,0,0
2015,6744,495246,0.0032073066902799743,320,0,0
2015,6745,301311,0.0019513469793899381,351,0,0
2015,6746,1249242,0.008090327280540854,251,0,0
2015,6747,43590,0.00028229707787504407,445,0,0
2015,6749,4988666,0.032307543801206345,135,0,0
2015,6750,2251231,0.014579397405866331,194,0,0
2015,6760,6494129,0.042057206699783946,115,0,0
2015,6770,1839352,0.011911991162734987,213,0,0
2015,6781,164194,0.0010633513742742597,390,0,0
2015,6782,1209058,0.007830088102350197,254,0,0
2015,6783,71327996,0.46193358204824114,35,0,0
2015,6784,1048023,0.006787195009080921,269,0,0
2015,6785,247479,0.0016027207739260846,369,0,0
2015,6793,944011,0.006113593640328017,276,0,0
2015,6794,1127994,0.007305102318435018,261,0,0
2015,6911,24064662,0.15584729898257887,53,0,0
2015,6912,165740,0.0010733635624457399,389,0,0
2015,6921,46998,0.0003043679299374013,443,0,0
2015,6924,9414487,0.0609699970129064,90,0,0
2015,6931,465579,0.00301517759164912,326,0,0
2015,6932,1335,8.645712295553655e-06,491,0,0
2015,6935,142506,0.0009228957875581791,395,0,0
2015,6940,2027021,0.013127371073442298,207,0,0
2015,6951,217662,0.0014096202469474155,376,0,0
2015,6953,7610757,0.04928870065421053,106,0,0
2015,6954,5595788,0.036239380610420674,127,0,0
2015,6960,78361421,0.5074833715631134,31,0,0
2015,6973,2477468,0.01604455097336384,188,0,0
2015,6974,32214970,0.20863023388006902,49,0,0
2015,6975,2567927,0.016630380552797162,185,0,0
2015,6978,33436,0.0002165378549169528,452,0,0
2015,6991,1229996,0.0079656865473272,252,0,0
2015,6992,125550,0.0008130855271211697,400,0,0
2015,6993,279321,0.0018089355836002567,358,0,0
2015,6994,635195,0.004113642862602401,302,0,0
2015,6996,1152939,0.007466650852676656,258,0,0
2015,6997,3953237,0.025601909916207977,150,0,0
2015,6998,1339139,0.008672517241764365,248,0,0
2015,6999,103799,0.0006722219404990067,410,0,0
2015,7111,218956,0.0014180004354945664,375,0,0
2015,7112,0,0.0,503,0,0
2015,7119,14762831,0.09560688351601548,66,0,0
2015,7126,104306,0.0006755053683146214,409,0,0
2015,7129,1589277,0.010292458202202717,232,0,0
2015,7131,3948550,0.025571556018433247,151,0,0
2015,7132,277265,0.0017956205390462056,360,0,0
2015,7133,539898,0.0034964814808575487,316,0,0
2015,7138,384514,0.0024901853315449575,338,0,0
2015,7139,1439585,0.009323024520595212,241,0,0
2015,7144,0,0.0,504,0,0
2015,7148,2229128,0.014436254200721295,196,0,0
2015,7149,11722129,0.07591472271563002,86,0,0
2015,7161,5400487,0.034974574425376534,129,0,0
2015,7162,5386931,0.034886783207489995,130,0,0
2015,7163,17639,0.00011423349751406062,463,0,0
2015,7169,824876,0.005342052865548402,285,0,0
2015,7187,1377,8.91771223294186e-06,489,0,0
2015,7188,1097349,0.007106639506976411,264,0,0
2015,7211,1789500,0.011589140189433158,217,0,0
2015,7212,1539121,0.009967638467449318,233,0,0
2015,7213,663604,0.004297624915489579,296,0,0
2015,7219,513573,0.003325995805816013,318,0,0
2015,7223,58167,0.00037670048471570745,438,0,0
2015,7224,13546449,0.08772936380553596,69,0,0
2015,7233,62046,0.0004018216217902038,434,0,0
2015,7234,2456860,0.015911089670752027,189,0,0
2015,7239,7937919,0.05140746359506291,104,0,0
2015,7243,324993,0.002104716086942973,344,0,0
2015,7244,1464645,0.009485317816570174,239,0,0
2015,7245,4535892,0.029375293809515698,140,0,0
2015,7246,1061160,0.00687227270378256,266,0,0
2015,7247,2035473,0.01318210782274718,205,0,0
2015,7248,450519,0.002917646185528492,329,0,0
2015,7251,30730,0.0001990132875223699,453,0,0
2015,7252,1759508,0.011394906329382039,218,0,0
2015,7259,323749,0.002096659707845094,345,0,0
2015,7263,30721,0.00019895500182150102,454,0,0
2015,7264,81704,0.0005291305448658546,418,0,0
2015,7267,264128,0.0017105428443445663,362,0,0
2015,7268,144716,0.0009372081652159871,394,0,0
2015,7269,11210,7.259807852670896e-05,470,0,0
2015,7271,431824,0.002796573832445814,332,0,0
2015,7272,8544775,0.055337577738007106,99,0,0
2015,7281,1371443,0.008881724050749808,246,0,0
2015,7283,705120,0.004566490377408834,293,0,0
2015,7284,8805764,0.0570277918251264,97,0,0
2015,7361,2923940,0.01893598802206828,173,0,0
2015,7362,543020,0.0035167001428700723,315,0,0
2015,7367,468619,0.0030348652061648377,325,0,0
2015,7368,234755,0.0015203177452754295,371,0,0
2015,7369,445875,0.0028875707638801396,330,0,0
2015,7371,104871,0.0006791644150913913,408,0,0
2015,7372,621148,0.004022671835924017,304,0,0
2015,7373,920405,0.005960716723137874,278,0,0
2015,7411,1177,7.62247443585517e-06,492,0,0
2015,7412,119346,0.0007729072506555405,404,0,0
2015,7413,655757,0.004246806260520882,299,0,0
2015,7414,494419,0.0032019508819890207,321,0,0
2015,7415,834737,0.005405914565133761,284,0,0
2015,7416,1148008,0.0074347167647894835,259,0,0
2015,7421,213329,0.0013815589200735325,381,0,0
2015,7422,105290,0.0006818779382762879,406,0,0
2015,7423,91186,0.0005905377688257345,416,0,0
2015,7428,1218417,0.007890698755064866,253,0,0
2015,7429,3568023,0.023107191252373212,158,0,0
2015,7431,948148,0.006140385634160755,275,0,0
2015,7432,6223509,0.040304620436545945,120,0,0
2015,7433,8162,5.285865449910782e-05,475,0,0
2015,7434,19662853,0.12734035202079708,60,0,0
2015,7435,284135,0.0018401119573761332,357,0,0
2015,7436,42817327,0.27729310150310227,41,0,0
2015,7439,214346,0.0013881452042717182,379,0,0
2015,7441,3854948,0.024965371777018706,155,0,0
2015,7442,3506793,0.022710654200795124,160,0,0
2015,7449,1633636,0.01057973546940756,227,0,0
2015,7451,1437549,0.009309838999820871,242,0,0
2015,7452,4508654,0.029198895373930462,142,0,0
2015,7491,762123,0.004935652578145497,287,0,0
2015,7492,21039406,0.13625516939726245,57,0,0
2015,7493,1712322,0.011089320875915376,223,0,0
2015,7499,501817,0.0032498617281032575,319,0,0
2015,7511,0,0.0,505,0,0
2015,7512,105010,0.0006800646053603666,407,0,0
2015,7518,1702331,0.01102461727176191,225,0,0
2015,7521,0,0.0,506,0,0
2015,7522,69012,0.00044693475426273323,429,0,0
2015,7523,643581,0.004167952183434245,300,0,0
2015,7524,43807,0.0002837024108848831,444,0,0
2015,7525,2137961,0.013845839479486284,201,0,0
2015,7528,204649,0.00132534559967997,383,0,0
2015,7591,1496256,0.009690036626588712,235,0,0
2015,7599,9049146,0.058603979652779165,95,0,0
2015,7611,1198535,0.00776193916565648,256,0,0
2015,7621,0,0.0,507,0,0
2015,7622,0,0.0,508,0,0
2015,7628,2801,1.8139805348199092e-05,483,0,0
2015,7631,1172,7.590093490928004e-06,493,0,0
2015,7638,607815,0.003936324808181233,309,0,0
2015,7641,12564042,0.08136711041292326,78,0,0
2015,7642,70330,0.00045547037134553454,426,0,0
2015,7643,9151853,0.05926912959490607,94,0,0
2015,7648,3790903,0.02455060425344662,156,0,0
2015,7649,5108930,0.03308639619335051,133,0,0
2015,7711,2719551,0.017612326231524523,177,0,0
2015,7712,1060797,0.006869921847180847,267,0,0
2015,7721,4116757,0.02666089633910605,148,0,0
2015,7722,52160,0.00033779801748020873,441,0,0
2015,7723,219849,0.0014237836722585586,374,0,0
2015,7731,4879663,0.031601619773227146,138,0,0
2015,7732,287952,0.0018648315707335327,354,0,0
2015,7741,13618380,0.08819520255544719,67,0,0
2015,7742,824164,0.005337441818990774,286,0,0
2015,7751,1756887,0.011377932238051218,219,0,0
2015,7752,4277235,0.027700182195110442,145,0,0
2015,7753,4458,2.8870850497062317e-05,481,0,0
2015,7754,42236,0.0002735283179887672,447,0,0
2015,7757,11460471,0.07422017605807947,87,0,0
2015,7758,2209415,0.014308589087251444,197,0,0
2015,7761,0,0.0,509,0,0
2015,7762,1561,1.0109331006261615e-05,488,0,0
2015,7763,180606,0.0011696385879031938,388,0,0
2015,7764,20708930,0.13411494436611232,58,0,0
2015,7768,389974,0.002525545323405424,336,0,0
2015,7781,1896519,0.012282215458465261,210,0,0
2015,7782,120782,0.0007822070580386229,403,0,0
2015,7783,1409651,0.009129166279505248,244,0,0
2015,7784,41385,0.0002680170811621633,448,0,0
2015,7788,1819889,0.011785945096511496,215,0,0
2015,7810,1482956,0.009603903313082446,236,0,0
2015,7821,995598,0.006447680801519571,272,0,0
2015,7822,2866860,0.01856632715477974,176,0,0
2015,7831,191371,0.0012393547623313847,386,0,0
2015,7832,2232301,0.014456803148372074,195,0,0
2015,7841,76146,0.0004931358864848155,422,0,0
2015,7842,77842,0.0005041195030041106,421,0,0
2015,7849,15686333,0.10158765699644125,63,0,0
2015,7851,5119620,0.0331556266536048,132,0,0
2015,7852,344600,0.0022316947243803667,343,0,0
2015,7853,868410,0.005623987276840262,281,0,0
2015,7861,483103,0.0031286663274298562,322,0,0
2015,7868,61073,0.0003955202899073771,435,0,0
2015,7911,0,0.0,510,0,0
2015,7912,8202,5.311770205852515e-05,474,0,0
2015,7913,973804,0.006306538738771035,274,0,0
2015,7914,0,0.0,511,0,0
2015,7915,0,0.0,512,0,0
2015,7919,1295384,0.008389151592706723,249,0,0
2015,7922,0,0.0,513,0,0
2015,7923,0,0.0,514,0,0
2015,7924,7837250,0.05075551212608831,105,0,0
2015,7928,220857,0.0014303116707558754,373,0,0
2015,7929,6942652,0.04496192641209751,111,0,0
2015,7931,1719123,0.011133365437205308,222,0,0
2015,7932,285915,0.001851639573770205,355,0,0
2015,7933,13205,8.551807555264871e-05,468,0,0
2015,7938,12159330,0.0787461190162505,82,0,0
2015,8121,66983,0.0004337945668112888,431,0,0
2015,8122,3278161,0.021229990160677503,165,0,0
2015,8124,1706301,0.01105032774203408,224,0,0
2015,8211,1379081,0.008931189182220547,245,0,0
2015,8212,76722021,0.49686630734039383,32,0,0
2015,8219,6315748,0.04090197763237334,118,0,0
2015,8310,30622785,0.19831894292029667,50,0,0
2015,8421,7049027,0.04565083101542299,110,0,0
2015,8422,103728676,0.6717665089847951,26,0,0
2015,8423,749255535,4.852320443042046,5,1,1
2015,8424,71940703,0.46590158837293916,34,0,0
2015,8429,145950049,0.9452000997572723,20,0,0
2015,8431,13387313,0.08669876899515003,71,0,0
2015,8432,35104364,0.22734249547744653,46,0,0
2015,8433,4969432,0.03218298078226052,136,0,0
2015,8434,12026682,0.07788706549971074,84,0,0
2015,8435,9357024,0.060597855765236436,91,0,0
2015,8439,669749104,4.337421770328722,6,0,1
2015,8441,10842363,0.07021719183667118,89,0,0
2015,8442,47827502,0.3097399416531963,38,0,0
2015,8443,12283714,0.07955165330701466,81,0,0
2015,8451,152574027,0.9880982331206257,18,0,0
2015,8452,133875200,0.8670010956627002,22,0,0
2015,8459,610758898,3.955390047983072,7,0,1
2015,8461,6544297,0.042382104148805166,114,0,0
2015,8462,530963179,3.438617891510529,8,0,1
2015,8463,327703530,2.12226999147366,11,0,0
2015,8464,72943417,0.472395353735279,33,0,0
2015,8465,1891561,0.012250106513475481,211,0,0
2015,8471,3566300,0.023096032778751312,159,0,0
2015,8472,194712607,1.260995640778432,17,0,0
2015,8481,523244765,3.3886319837787138,9,0,1
2015,8482,5432105,0.03517933856871797,128,0,0
2015,8483,591891,0.00383319797477719,312,0,0
2015,8484,1825452,0.011821972135837461,214,0,0
2015,8510,109844105,0.7113711829157954,25,0,0
2015,8710,1174011,0.007603117106977709,257,0,0
2015,8720,321414461,2.081540792087229,12,0,0
2015,8731,58344,0.00037784677016612915,437,0,0
2015,8732,2854,1.8483043364427066e-05,482,0,0
2015,8741,3751332,0.024294334979104035,157,0,0
2015,8742,309880,0.0020068414428061174,349,0,0
2015,8743,862396,0.0055850394762818655,282,0,0
2015,8744,843731,0.00546416140886875,283,0,0
2015,8745,565527,0.0036624597283652226,314,0,0
2015,8748,5708240,0.036967641014210635,125,0,0
2015,8749,2622461,0.01698355304292879,182,0,0
2015,8811,2274,1.4726853752875665e-05,486,0,0
2015,8812,5860,3.795046745464001e-05,478,0,0
2015,8813,530122,0.003433170257335951,317,0,0
2015,8821,705324,0.004567811519961863,292,0,0
2015,8822,690710,0.0044731684941287375,294,0,0
2015,8830,2693,1.7440376937772278e-05,484,0,0
2015,8841,640664,0.0041490611401637355,301,0,0
2015,8842,256061,0.0016582994277990746,365,0,0
2015,8851,8505819,0.05508529131989056,100,0,0
2015,8852,79797,0.000516780452470633,419,0,0
2015,8921,3223432,0.020875554813693714,166,0,0
2015,8922,147463,0.0009549982563589729,393,0,0
2015,8924,658799,0.0042665068274145715,297,0,0
2015,8928,12995636,0.08416219472190241,74,0,0
2015,8931,16204095,0.10494078155791724,62,0,0
2015,8932,389679,0.0025236348476547214,337,0,0
2015,8933,18663,0.00012086511503514447,462,0,0
2015,8935,2035180,0.013180210299374448,206,0,0
2015,8939,33341968,0.21592888591427453,48,0,0
2015,8941,9839,6.371922342767971e-05,473,0,0
2015,8942,1108027,0.00717579225296287,263,0,0
2015,8946,13518406,0.08754775203781746,70,0,0
2015,8947,257333066,1.6665375676170189,14,0,0
2015,8951,10365,6.71256988340177e-05,471,0,0
2015,8952,4533906,0.02936243209819063,141,0,0
2015,8959,456683,0.002957565414434704,327,0,0
2015,8960,128882,0.0008346641888206339,398,0,0
2015,8972,261906,0.0016961527524189332,364,0,0
2015,8973,5645032,0.03655829406081936,126,0,0
2015,8974,7230809,0.04682808560157306,109,0,0
2015,8981,242584,0.0015710198288423878,370,0,0
2015,8982,1465800,0.009492797814848351,238,0,0
2015,8983,1982107,0.012836499521350539,208,0,0
2015,8989,4188780,0.027127330898403926,147,0,0
2015,8991,8160717,0.05285034554863951,102,0,0
2015,8993,13133752,0.08505666003981455,73,0,0
2015,8994,376900,0.002440875628609867,339,0,0
2015,8996,1059763,0.0068632254677699085,268,0,0
2015,8997,3875800,0.025100413269742963,153,0,0
2015,8998,253078,0.0016389809560555266,366,0,0
2015,8999,470432,0.0030466065367954287,324,0,0
2016,5111,28628,0.00018926486088763188,451,0,0
2016,5112,0,0.0,491,0,0
2016,5113,44063,0.00029130842410548147,435,0,0
2016,5114,23388,0.00015462227771552097,457,0,0
2016,5121,185600988,1.2270415388580072,18,0,0
2016,5122,0,0.0,492,0,0
2016,5123,1900,1.2561241989887542e-05,488,0,0
2016,5137,2123646,0.014039805950977221,194,0,0
2016,5138,2919767,0.01930310517951999,169,0,0
2016,5139,304392,0.0020123903009399203,343,0,0
2016,5145,21132,0.00013970745564752818,459,0,0
2016,5146,85492,0.000565203000104982,406,0,0
2016,5147,0,0.0,493,0,0
2016,5148,132330,0.0008748574486956939,391,0,0
2016,5154,7122,4.7084823922094246e-05,476,0,0
2016,5155,3422742,0.022628363437342983,154,0,0
2016,5156,264319,0.001747460485013203,350,0,0
2016,5157,2861,1.8914585964772766e-05,485,0,0
2016,5161,21538,0.0001423915947253673,458,0,0
2016,5162,0,0.0,494,0,0
2016,5163,68818,0.00045496818487372677,416,0,0
2016,5169,33569934,0.2219368760834492,45,0,0
2016,5221,260042,0.0017191844681759666,351,0,0
2016,5222,3318718,0.021940642049576634,159,0,0
2016,5223,3584,2.369446910092471e-05,483,0,0
2016,5224,789358,0.005218587818238763,271,0,0
2016,5225,1149080,0.007596774708284198,245,0,0
2016,5231,2550220,0.016859963446026846,181,0,0
2016,5232,14297320,0.0945221559615047,72,0,0
2016,5233,14165,9.364736462460896e-05,469,0,0
2016,5239,760204,0.005025845476673931,273,0,0
2016,5241,49941,0.0003301689401141967,430,0,0
2016,5249,6128603,0.04051729754892145,120,0,0
2016,5311,7422155,0.049069202653396725,108,0,0
2016,5312,458690,0.003032482151758693,319,0,0
2016,5322,240886,0.001592540704197921,362,0,0
2016,5323,37111,0.0002453475007824824,442,0,0
2016,5331,609894,0.004032119011673933,296,0,0
2016,5332,2331312,0.015412723255751949,186,0,0
2016,5334,21870824,0.14459195409591588,56,0,0
2016,5335,542293,0.0035851966328537288,305,0,0
2016,5411,169796,0.001122551918376287,381,0,0
2016,5413,1865348,0.012332151380711974,206,0,0
2016,5414,0,0.0,495,0,0
2016,5415,37319,0.0002467226262213753,441,0,0
2016,5416,9723663,0.06428488630058729,88,0,0
2016,5417,123688209,0.8177250129183085,24,0,0
2016,5419,22802989,0.15075466469565457,55,0,0
2016,5513,1439565,0.009517223329038135,224,0,0
2016,5514,4067868,0.026893407542589395,143,0,0
2016,5530,15853479,0.10481020321084229,64,0,0
2016,5541,9361592,0.06189116974873437,89,0,0
2016,5542,8782802,0.05806468487961489,94,0,0
2016,5543,736214,0.004867243268601614,274,0,0
2016,5621,642245,0.0042459972956817495,286,0,0
2016,5622,0,0.0,496,0,0
2016,5623,59746,0.0003949915599620111,423,0,0
2016,5629,638966,0.0042243192364792015,288,0,0
2016,5721,2948208,0.019491133749748615,168,0,0
2016,5722,25470,0.00016838675446443984,453,0,0
2016,5723,27785,0.0001836916361521186,452,0,0
2016,5821,332418,0.0021976752314707563,341,0,0
2016,5822,3591511,0.023744125673864733,153,0,0
2016,5823,131240146,0.8676522277337746,22,0,0
2016,5824,976075,0.006453007513304991,257,0,0
2016,5825,14673766,0.09701090822578114,69,0,0
2016,5826,1812187,0.011980694441014914,211,0,0
2016,5827,574718,0.0037995641441811515,302,0,0
2016,5828,19700,0.00013024024589514978,463,0,0
2016,5829,2691907,0.017796681705932738,175,0,0
2016,5831,1910507,0.01263070565809162,203,0,0
2016,5832,2647204,0.01750114212663066,177,0,0
2016,5833,18855669,0.1246582216790636,60,0,0
2016,5834,8333499,0.05509426187446623,97,0,0
2016,5835,123122,0.000813981703304702,394,0,0
2016,5836,4125362,0.027273510725203395,142,0,0
2016,5837,6104169,0.0403557599769315,121,0,0
2016,5838,112938,0.0007466534462389049,398,0,0
2016,5839,5753320,0.038036234086978836,124,0,0
2016,5841,2265976,0.01498077519961969,187,0,0
2016,5842,341880,0.002260230216580396,337,0,0
2016,5843,691335,0.0045705401216204755,282,0,0
2016,5849,1706124,0.011279492857239417,216,0,0
2016,5851,82184,0.0005433332166825882,410,0,0
2016,5852,9262222,0.06123421679266324,90,0,0
2016,5911,1910453,0.012630348654371907,204,0,0
2016,5912,1409097,0.009315793896960297,228,0,0
2016,5913,721310,0.004768710241960939,277,0,0
2016,5914,162698,0.0010756257627740648,382,0,0
2016,5921,9117427,0.0602769509853339,91,0,0
2016,5922,6293798,0.041609431428142225,118,0,0
2016,5981,1712566,0.01132208207876513,215,0,0
2016,5982,32300,0.00021354111382808818,448,0,0
2016,5983,53240695,0.3519838176867346,37,0,0
2016,5989,13352166,0.08827357274481515,75,0,0
2016,6112,816786,0.0053999192631327825,268,0,0
2016,6113,36854329,0.2436506026020685,43,0,0
2016,6114,103674919,0.6854135504426262,27,0,0
2016,6115,26057872,0.17227328207027098,53,0,0
2016,6116,127500195,0.8429267385014998,23,0,0
2016,6118,6966423,0.046056276372062284,114,0,0
2016,6121,1092562,0.0072231240373450065,247,0,0
2016,6122,9057654,0.059881780923512026,92,0,0
2016,6123,3168028,0.020944403336178658,165,0,0
2016,6129,1976155,0.013064716402382218,200,0,0
2016,6130,856571,0.0056629450592210325,265,0,0
2016,6210,2872621,0.018991414487490917,170,0,0
2016,6251,958899,0.0063394538857164074,259,0,0
2016,6252,54255,0.0003586895706112361,425,0,0
2016,6253,247976,0.001639413970360186,358,0,0
2016,6254,5627650,0.0372054070970477,127,0,0
2016,6259,5194275,0.034340286966854275,132,0,0
2016,6281,32204,0.00021290644054859916,449,0,0
2016,6282,171425,0.0011333215305876169,378,0,0
2016,6289,803786,0.005313973923201973,269,0,0
2016,6330,5580,3.689038437030131e-05,478,0,0
2016,6341,0,0.0,497,0,0
2016,6342,1326077,0.008766933733802159,232,0,0
2016,6343,151819,0.0010037027356119667,386,0,0
2016,6344,1402987,0.009275399587192817,229,0,0
2016,6349,2774770,0.018344503913831713,174,0,0
2016,6351,359415,0.002376157257787069,336,0,0
2016,6352,5538,3.6612714810524846e-05,479,0,0
2016,6353,1003526,0.006634491015338887,253,0,0
2016,6354,197837,0.001307936016607043,374,0,0
2016,6359,1753149,0.011590383596489133,214,0,0
2016,6411,459952,0.003040825460911976,318,0,0
2016,6412,622428,0.004114983541727223,293,0,0
2016,6413,1338191,0.008847021568257684,231,0,0
2016,6415,2206414,0.0145870000967767,192,0,0
2016,6416,31915596,0.21099974979341415,48,0,0
2016,6417,222904,0.0014736584655336278,366,0,0
2016,6418,70545926,0.4663918146772102,32,0,0
2016,6419,248567,0.0016433211777370405,357,0,0
2016,6421,7643102,0.05052992303968076,106,0,0
2016,6422,53193,0.0003516684974568884,427,0,0
2016,6423,375604,0.0024831856507209053,334,0,0
2016,6424,1848870,0.012223212356759673,210,0,0
2016,6428,3230476,0.021357258304486287,163,0,0
2016,6511,13850,9.15648429262855e-05,471,0,0
2016,6512,251825,0.0016648604021597003,354,0,0
2016,6513,1348968101,8.918270922789505,2,1,1
2016,6514,15075744,0.09966845713768166,66,0,0
2016,6515,404978,0.002677382451884567,324,0,0
2016,6516,8228147,0.05439776083966695,99,0,0
2016,6517,2469074,0.016323492634178732,183,0,0
2016,6518,37019,0.00024473927222297203,443,0,0
2016,6519,415221,0.00274510076857005,321,0,0
2016,6521,722596184,4.777213435891213,4,1,1
2016,6522,1328705972,8.784314340895126,3,1,1
2016,6531,305935371,2.0225938044194858,14,0,0
2016,6532,33366231,0.2205901588849934,46,0,0
2016,6534,191165976,1.2638326761942285,17,0,0
2016,6535,6281381,0.04152734040614831,119,0,0
2016,6536,2002069,0.013236038520764295,199,0,0
2016,6538,2800705,0.018515964866993678,173,0,0
2016,6539,20199367,0.13354165101555196,58,0,0
2016,6541,3291170,0.021758517263083255,161,0,0
2016,6542,3263071,0.021572749716412806,162,0,0
2016,6543,9022201,0.05964739475916072,93,0,0
2016,6544,1664753,0.011005981729679608,217,0,0
2016,6545,5596173,0.03699730698435523,128,0,0
2016,6546,0,0.0,498,0,0
2016,6549,2256942,0.014921049799547774,188,0,0
2016,6551,41244279,0.2726733522197037,41,0,0
2016,6552,5959598,0.039399975073920956,123,0,0
2016,6553,64761,0.00042814662763531955,419,0,0
2016,6560,7144299,0.04723224662479557,112,0,0
2016,6571,7916056,0.052334471063948014,103,0,0
2016,6572,17830218,0.11787878054234141,62,0,0
2016,6573,7191308,0.04754303158516537,110,0,0
2016,6574,13659346,0.09030439501558023,74,0,0
2016,6575,69109212,0.4568934398223369,33,0,0
2016,6576,15863,0.00010487314825557162,467,0,0
2016,6577,6856165,0.04532734088820911,115,0,0
2016,6579,14312,9.461920808382659e-05,468,0,0
2016,6581,35580287,0.2352276816192894,44,0,0
2016,6582,105846628,0.6997711095376876,25,0,0
2016,6583,41945559,0.2773096405263712,40,0,0
2016,6584,2753402748,18.20324116486808,1,1,1
2016,6589,79234688,0.5238347841901255,28,0,0
2016,6591,256824,0.0016979096909530938,352,0,0
2016,6592,78159481,0.5167263971815882,30,0,0
2016,6593,3774754,0.024955578129629452,150,0,0
2016,6594,3183705,0.021048046804955218,164,0,0
2016,6595,1862557,0.012313699577346827,207,0,0
2016,6596,285001,0.0018841929096631259,345,0,0
2016,6597,43913,0.0002903167471062798,436,0,0
2016,6611,29909,0.00019773378246081393,450,0,0
2016,6612,293222944,1.9385496613532858,15,0,0
2016,6613,9979024,0.06597312383520818,87,0,0
2016,6618,84614,0.000559398384069655,407,0,0
2016,6623,762044,0.005038010047864138,272,0,0
2016,6624,2224641,0.01470750207453969,190,0,0
2016,6631,171237,0.0011320786287486173,380,0,0
2016,6632,33401,0.00022082002300222829,445,0,0
2016,6633,11020612,0.07285924958350448,80,0,0
2016,6635,39829,0.00026331668800801627,438,0,0
2016,6637,39313,0.00025990531913076256,439,0,0
2016,6638,60019,0.0003967964121005581,421,0,0
2016,6639,1915106,0.012661110474887141,201,0,0
2016,6641,162343,0.0010732787938759543,383,0,0
2016,6642,467990,0.0030939661257091953,317,0,0
2016,6643,18897,0.00012493146835942362,464,0,0
2016,6644,8112261,0.053631617634803744,101,0,0
2016,6645,5220,3.451035957221735e-05,480,0,0
2016,6646,0,0.0,499,0,0
2016,6647,9306,6.152364103047024e-05,473,0,0
2016,6648,193061,0.0012763610209524624,376,0,0
2016,6649,103182,0.0006821547742108297,400,0,0
2016,6651,1164493,0.007698672825542165,243,0,0
2016,6652,1510922,0.00998897729991835,221,0,0
2016,6658,272149,0.0017992260243715286,347,0,0
2016,6664,1628666,0.010767404077211676,218,0,0
2016,6665,640606,0.0042351615716704726,287,0,0
2016,6666,21108,0.00013954878732765592,460,0,0
2016,6671,68130,0.0004504196930373885,417,0,0
2016,6672,46572,0.0003078958747121277,433,0,0
2016,6673,3304764,0.0218483896439309,160,0,0
2016,6674,266571,0.0017623488623612167,349,0,0
2016,6712,7804,5.159364867846441e-05,475,0,0
2016,6713,24706,0.00016333581294850611,455,0,0
2016,6716,24398,0.0001612995695101454,456,0,0
2016,6724,10668033,0.07052828635216103,83,0,0
2016,6725,74946,0.0004954814958811114,412,0,0
2016,6727,598001,0.0039534922479972315,300,0,0
2016,6731,210363,0.0013907476572203752,370,0,0
2016,6732,196165,0.0012968821236559421,375,0,0
2016,6733,1061790,0.007019684806548786,249,0,0
2016,6741,46693,0.0003086958274914837,432,0,0
2016,6744,410026,0.0027107556884976994,323,0,0
2016,6745,33089,0.00021875733484388887,446,0,0
2016,6746,1081162,0.007147756585405681,248,0,0
2016,6747,70892,0.00046867977218268824,414,0,0
2016,6749,17969373,0.11879875929450077,61,0,0
2016,6750,5201337,0.03438697511997668,131,0,0
2016,6760,8146594,0.053858599277561,100,0,0
2016,6770,255656,0.00169018783271931,353,0,0
2016,6781,84492,0.0005585918201103043,408,0,0
2016,6782,626707,0.004143272780924448,292,0,0
2016,6783,54418119,0.3597679796807879,36,0,0
2016,6784,1764397,0.011664746149069267,213,0,0
2016,6785,704089,0.004654859111272594,280,0,0
2016,6793,977607,0.006463135841056837,256,0,0
2016,6794,1163773,0.007693912775945997,244,0,0
2016,6911,24899047,0.16461208141293865,54,0,0
2016,6912,247220,0.0016344159182842097,359,0,0
2016,6921,55776,0.0003687451753831408,424,0,0
2016,6924,10795575,0.07137148947104222,82,0,0
2016,6931,638221,0.004219393907383167,289,0,0
2016,6932,2350,1.5536272987492486e-05,487,0,0
2016,6935,95184,0.0006292785566133978,402,0,0
2016,6940,1227761,0.00811694896144543,240,0,0
2016,6951,214100,0.0014154536368604857,368,0,0
2016,6953,10863623,0.07182136704732003,81,0,0
2016,6954,3925571,0.025952656462886754,146,0,0
2016,6960,78124094,0.5164924473551165,31,0,0
2016,6973,2017077,0.013335259110124417,197,0,0
2016,6974,29604568,0.19572112771267425,50,0,0
2016,6975,2374565,0.01569867662406174,185,0,0
2016,6978,25436,0.00016816197434462078,454,0,0
2016,6991,3919918,0.02591528346237684,147,0,0
2016,6992,145638,0.0009628390320648641,387,0,0
2016,6993,728990,0.004819484104320063,275,0,0
2016,6994,604753,0.003998130935321295,298,0,0
2016,6996,410374,0.0027130563791358474,322,0,0
2016,6997,4269451,0.028226109039456507,138,0,0
2016,6998,1268484,0.00838617604436869,235,0,0
2016,6999,132796,0.0008779382585732136,390,0,0
2016,7111,231150,0.0015281742557697398,364,0,0
2016,7112,715372,0.004729453055152543,278,0,0
2016,7119,122146,0.0008075291916298967,395,0,0
2016,7126,8420205,0.05566749084708476,95,0,0
2016,7129,1853010,0.01225058264193764,209,0,0
2016,7131,31068832,0.20540164057640092,49,0,0
2016,7132,394445,0.002607746893000627,327,0,0
2016,7133,726557,0.004803399103393012,276,0,0
2016,7138,400232,0.0026460057916298267,326,0,0
2016,7139,1422234,0.009402644968550379,226,0,0
2016,7144,711731,0.0047053817487919215,279,0,0
2016,7148,7151682,0.047281056966696274,111,0,0
2016,7149,8381547,0.05541191585085051,96,0,0
2016,7161,3338450,0.02207109385323161,157,0,0
2016,7162,2835275,0.018744513359409683,172,0,0
2016,7163,0,0.0,500,0,0
2016,7169,59984,0.00039656502080074436,422,0,0
2016,7187,0,0.0,501,0,0
2016,7188,333065,0.002201952664927313,339,0,0
2016,7211,1415098,0.009355467588108358,227,0,0
2016,7212,1136955,0.007516614150848732,246,0,0
2016,7213,90476,0.0005981531211984554,403,0,0
2016,7219,668279,0.0044181127556631875,284,0,0
2016,7223,20013,0.00013230954523348387,461,0,0
2016,7224,15297422,0.10113401029654182,65,0,0
2016,7233,63947,0.00042276512711965196,420,0,0
2016,7234,4283802,0.028320986083560123,137,0,0
2016,7239,7541730,0.04985973450126031,107,0,0
2016,7243,245640,0.001623970253892619,360,0,0
2016,7244,1857109,0.012277681868735823,208,0,0
2016,7245,3811290,0.025197124201914993,149,0,0
2016,7246,934931,0.006180997123603973,262,0,0
2016,7247,982501,0.00649549095595079,255,0,0
2016,7248,239969,0.001586478252142802,363,0,0
2016,7251,14071,9.302591370510927e-05,470,0,0
2016,7252,333030,0.002201721273627499,340,0,0
2016,7259,131054,0.0008664215830224852,392,0,0
2016,7263,46307,0.0003061439120135381,434,0,0
2016,7264,497806,0.0032910850684305043,309,0,0
2016,7267,116008,0.0007669497688225652,397,0,0
2016,7268,108475,0.0007171477499226585,399,0,0
2016,7269,41481,0.00027423835735922375,437,0,0
2016,7271,339662,0.0022455666193522015,338,0,0
2016,7272,7090488,0.04687649241810197,113,0,0
2016,7281,631678,0.004176136956677991,291,0,0
2016,7283,952346,0.006296130823211284,260,0,0
2016,7284,5973280,0.039490429238608134,122,0,0
2016,7361,2606019,0.017228860678549864,179,0,0
2016,7362,373675,0.002470432684511172,335,0,0
2016,7367,73255,0.0004843019905101115,413,0,0
2016,7368,214717,0.0014195327349172018,367,0,0
2016,7369,479760,0.003171779714246551,312,0,0
2016,7371,34550,0.00022841626881611293,444,0,0
2016,7372,586539,0.003877714902898236,301,0,0
2016,7373,250131,0.0016536610632487162,355,0,0
2016,7411,1010,6.67729179462443e-06,490,0,0
2016,7412,132899,0.0008786192101126654,389,0,0
2016,7413,605012,0.003999843230939917,297,0,0
2016,7414,242192,0.0016011749052709703,361,0,0
2016,7415,974812,0.006444657592971713,258,0,0
2016,7416,1340235,0.008860534820166806,230,0,0
2016,7421,504877,0.0033378327221728695,307,0,0
2016,7422,519243,0.003432808933976409,306,0,0
2016,7423,156073,0.0010318266953093253,385,0,0
2016,7428,791959,0.00523578349740492,270,0,0
2016,7429,3400351,0.022480332506082154,155,0,0
2016,7431,249267,0.0016479490037333146,356,0,0
2016,7432,5352761,0.03538806643949075,130,0,0
2016,7433,6101,4.033480914752837e-05,477,0,0
2016,7434,20426333,0.13504216409422398,57,0,0
2016,7435,206192,0.0013631724254625748,372,0,0
2016,7436,40536647,0.2679950696977099,42,0,0
2016,7439,206511,0.0013652813918808768,371,0,0
2016,7441,3124495,0.020656598837470355,166,0,0
2016,7442,5743267,0.03796977189449234,125,0,0
2016,7449,1295805,0.008566800093003276,233,0,0
2016,7451,2162295,0.014295321446591515,193,0,0
2016,7452,4130645,0.02730843758911528,141,0,0
2016,7491,653259,0.00431881283214313,285,0,0
2016,7492,1256320,0.00830575765091343,236,0,0
2016,7493,1425649,0.009425222148232201,225,0,0
2016,7499,494573,0.0032697111235077112,310,0,0
2016,7511,0,0.0,502,0,0
2016,7512,268471,0.0017749101043511043,348,0,0
2016,7518,2222548,0.014693664874810832,191,0,0
2016,7521,0,0.0,503,0,0
2016,7522,121042,0.0008002304489157726,396,0,0
2016,7523,2246396,0.014851328295323905,189,0,0
2016,7524,70595,0.000466716251724269,415,0,0
2016,7525,6368325,0.04210214283960557,117,0,0
2016,7528,1170560,0.0077387828545698745,242,0,0
2016,7591,1055466,0.006977875704262444,250,0,0
2016,7599,7747634,0.0512210029068844,105,0,0
2016,7611,921569,0.006092658536515091,264,0,0
2016,7621,32313,0.00021362705916801901,447,0,0
2016,7622,0,0.0,504,0,0
2016,7628,157594,0.00104188230008123,384,0,0
2016,7631,0,0.0,505,0,0
2016,7638,622351,0.004114474480867633,294,0,0
2016,7641,16856045,0.11143834749338628,63,0,0
2016,7642,53871,0.00035615087749327987,426,0,0
2016,7643,12058405,0.079720285903721,78,0,0
2016,7648,5106747,0.033761623604280123,133,0,0
2016,7649,3320001,0.021949124193509806,158,0,0
2016,7711,2870404,0.018976757501442718,171,0,0
2016,7712,1196305,0.007908987683532851,241,0,0
2016,7721,1772549,0.011718640488385881,212,0,0
2016,7722,38080,0.000251753734197325,440,0,0
2016,7723,88483,0.0005849770394690629,404,0,0
2016,7731,3673201,0.02428419296762995,151,0,0
2016,7732,279148,0.0018454976731542775,346,0,0
2016,7741,12940327,0.0855508309869871,76,0,0
2016,7742,470101,0.0031079223266779594,316,0,0
2016,7751,995865,0.006583842765399662,254,0,0
2016,7752,3010499,0.01990295076279708,167,0,0
2016,7753,2447,1.6177557446976218e-05,486,0,0
2016,7754,19845,0.00013119886699437805,462,0,0
2016,7757,10610967,0.07015101275458475,84,0,0
2016,7758,1229712,0.008129847373615046,239,0,0
2016,7761,0,0.0,506,0,0
2016,7762,3012,1.9912874143969095e-05,484,0,0
2016,7763,224429,0.0014837405150255113,365,0,0
2016,7764,19368453,0.12804832900145438,59,0,0
2016,7768,182100,0.0012038958770308008,377,0,0
2016,7781,2478934,0.016388678868926254,182,0,0
2016,7782,473070,0.003127550920082158,314,0,0
2016,7783,631707,0.004176328680897836,290,0,0
2016,7784,51283,0.0003390411436670541,429,0,0
2016,7788,2376098,0.015708811562993582,184,0,0
2016,7810,2681230,0.017726094137129566,176,0,0
2016,7821,2004094,0.013249426160253519,198,0,0
2016,7822,1441289,0.009528621003348961,223,0,0
2016,7831,171342,0.0011327728026480587,379,0,0
2016,7832,703105,0.004648353710157832,281,0,0
2016,7841,100342,0.0006633790230259452,401,0,0
2016,7842,83875,0.0005545127220535882,409,0,0
2016,7849,15032257,0.09938095675325312,67,0,0
2016,7851,3345972,0.022120823149151578,156,0,0
2016,7852,295865,0.001956016769125304,344,0,0
2016,7853,833914,0.0055131555540816205,267,0,0
2016,7861,688706,0.004553159329414468,283,0,0
2016,7868,129385,0.0008553875236113682,393,0,0
2016,7911,0,0.0,507,0,0
2016,7912,4673,3.089404411512868e-05,482,0,0
2016,7913,0,0.0,508,0,0
2016,7914,0,0.0,509,0,0
2016,7915,0,0.0,510,0,0
2016,7919,2028189,0.013408722542225276,196,0,0
2016,7921,16324,0.00010792090223311802,466,0,0
2016,7922,0,0.0,511,0,0
2016,7923,0,0.0,512,0,0
2016,7924,0,0.0,513,0,0
2016,7928,49889,0.00032982515875447344,431,0,0
2016,7929,8047975,0.05320661131766589,102,0,0
2016,7931,471229,0.003115379737711956,315,0,0
2016,7932,8521,5.6333864734648285e-05,474,0,0
2016,7933,17572,0.00011617165486647573,465,0,0
2016,7938,4229467,0.027961767618549314,140,0,0
2016,8121,87190,0.0005764287837359446,405,0,0
2016,8122,2561525,0.016934702835866677,180,0,0
2016,8124,1274413,0.008425373730557132,234,0,0
2016,8211,1913994,0.012653758842733061,202,0,0
2016,8212,64573975,0.426910171696815,35,0,0
2016,8219,4790888,0.031673422902341236,134,0,0
2016,8310,29460372,0.1947678220021617,51,0,0
2016,8421,8306714,0.05491718141830879,98,0,0
2016,8422,338244398,2.236194597369386,11,0,0
2016,8423,580570974,3.8382592087993204,6,0,1
2016,8424,78737815,0.5205498673526301,29,0,0
2016,8429,353571777,2.3375266587850283,10,0,1
2016,8431,14405230,0.09523556839473038,71,0,0
2016,8432,49113175,0.32469604003510266,38,0,0
2016,8433,4687005,0.030986633690954134,135,0,0
2016,8434,10130372,0.06697371270504265,85,0,0
2016,8435,10035813,0.06634856613592592,86,0,0
2016,8439,508915817,3.3645340683254337,8,0,1
2016,8441,12438875,0.08223564155629601,77,0,0
2016,8442,48922099,0.32343280220643966,39,0,0
2016,8443,13691087,0.09051424047979129,73,0,0
2016,8451,182956163,1.209556124728584,19,0,0
2016,8452,146329341,0.9674096118535644,21,0,0
2016,8459,638629970,4.22209768166559,5,1,1
2016,8461,6516683,0.04308296428125596,116,0,0
2016,8462,527308290,3.4861300178756824,7,0,1
2016,8463,324160938,2.1430863083615432,12,0,0
2016,8464,67274540,0.44476409299914155,34,0,0
2016,8465,4049394,0.026771272603367723,144,0,0
2016,8471,3883015,0.02567131108703325,148,0,0
2016,8472,182720122,1.2079956151914601,20,0,0
2016,8481,490771796,3.244580679667223,9,0,1
2016,8482,4261377,0.028172730372179475,139,0,0
2016,8483,614671,0.004063700618508508,295,0,0
2016,8484,2102535,0.013900237330109581,195,0,0
2016,8510,104500625,0.6908724414313114,26,0,0
2016,8710,1009859,0.0066763596182451805,252,0,0
2016,8720,320065300,2.1160093083505016,13,0,0
2016,8731,66075,0.000436833718148326,418,0,0
2016,8732,0,0.0,514,0,0
2016,8741,4534415,0.029977833735566273,136,0,0
2016,8742,552836,0.0036548983035376154,304,0,0
2016,8743,490782,0.0032446481401478882,311,0,0
2016,8744,458138,0.003028832780401631,320,0,0
2016,8745,927069,0.0061290200264858185,263,0,0
2016,8748,5550427,0.03669487194431871,129,0,0
2016,8749,2634943,0.017420082448715922,178,0,0
2016,8811,403683,0.0026688209737914595,325,0,0
2016,8812,0,0.0,515,0,0
2016,8813,838224,0.005541649739858681,266,0,0
2016,8821,565740,0.003740208970188936,303,0,0
2016,8822,941293,0.006223057450730113,261,0,0
2016,8830,1104,7.298742714124129e-06,489,0,0
2016,8841,375914,0.0024852351165192553,333,0,0
2016,8842,313858,0.0020749717307695387,342,0,0
2016,8851,7369598,0.048721738866416446,109,0,0
2016,8852,135834,0.0008980230233970444,388,0,0
2016,8921,3655509,0.024167227971164114,152,0,0
2016,8922,77747,0.0005139994110462035,411,0,0
2016,8924,474756,0.0031386973695531842,313,0,0
2016,8928,14484947,0.09576259183036609,70,0,0
2016,8931,14851181,0.09818383072453687,68,0,0
2016,8932,387656,0.0025628635920167606,331,0,0
2016,8933,13564,8.967404544780769e-05,472,0,0
2016,8935,1870982,0.012369398768801986,205,0,0
2016,8939,33179428,0.2193551706284476,47,0,0
2016,8941,52462,0.0003468357248807791,428,0,0
2016,8942,1246530,0.008241034198765537,237,0,0
2016,8946,601615,0.003977385052497996,299,0,0
2016,8947,247551021,1.6366043576972276,16,0,0
2016,8951,4910,3.246089377386728e-05,481,0,0
2016,8952,3988829,0.02637086648699007,145,0,0
2016,8959,389269,0.0025735274253481755,330,0,0
2016,8960,500849,0.003311202889154308,308,0,0
2016,8972,392842,0.0025971491714691587,329,0,0
2016,8973,7817117,0.05168036752645459,104,0,0
2016,8974,5645168,0.03732122174819446,126,0,0
2016,8981,211990,0.0014015040470717157,369,0,0
2016,8982,1452433,0.009602295993209648,222,0,0
2016,8983,204728,0.0013534936579503668,373,0,0
2016,8989,1540359,0.010183590605421676,220,0,0
2016,8991,28815804,0.1905064669353523,52,0,0
2016,8993,11969069,0.07912966952771647,79,0,0
2016,8994,1016744,0.006721877592508536,251,0,0
2016,8996,1239688,0.00819580050524195,238,0,0
2016,8997,1581631,0.010456447226162012,219,0,0
2016,8998,383757,0.0025370866012175124,332,0,0
2016,8999,393328,0.002600362204946572,328,0,0
2017,5111,10284576,0.06481851497610873,90,0,0
2017,5112,309050,0.0019477868658237742,343,0,0
2017,5113,157282,0.000991269418639362,383,0,0
2017,5114,19512,0.00012297433206909393,458,0,0
2017,5121,212830197,1.3413617937786326,17,0,0
2017,5122,14307,9.016983235509056e-05,465,0,0
2017,5123,0,0.0,494,0,0
2017,5137,2964899,0.018686268664274523,174,0,0
2017,5138,3430618,0.021621461517743485,158,0,0
2017,5139,283669,0.0017878231756717818,348,0,0
2017,5145,13339,8.406901473296658e-05,468,0,0
2017,5146,155920,0.0009826854169850924,384,0,0
2017,5147,4782,3.0138543253095898e-05,482,0,0
2017,5148,49476,0.0003118223684630223,426,0,0
2017,5154,38138,0.0002403646513146322,441,0,0
2017,5155,4484894,0.028266033417931883,145,0,0
2017,5156,1013814,0.006389560244582635,258,0,0
2017,5157,52468,0.00033067944111322365,421,0,0
2017,5161,1564,9.857106158059804e-06,491,0,0
2017,5162,6102,3.845784001053768e-05,475,0,0
2017,5163,0,0.0,495,0,0
2017,5169,38321389,0.24152046003664018,44,0,0
2017,5221,2413771,0.015212785798111361,189,0,0
2017,5222,2614658,0.01647887562213576,184,0,0
2017,5223,44921,0.00028311449215230464,433,0,0
2017,5224,1208767,0.007618251048183807,247,0,0
2017,5225,5711174,0.035994660105595294,127,0,0
2017,5231,3750808,0.02363945820620203,154,0,0
2017,5232,11947817,0.07530108729288466,83,0,0
2017,5233,21787,0.00013731251398059396,454,0,0
2017,5239,379289,0.0023904679907828293,331,0,0
2017,5241,0,0.0,496,0,0
2017,5249,5335589,0.033627536565713656,133,0,0
2017,5311,11644432,0.0733890040756449,84,0,0
2017,5312,419712,0.0026452338489843965,322,0,0
2017,5322,483326,0.003046160927717655,309,0,0
2017,5323,48548,0.000305973650742639,427,0,0
2017,5331,466662,0.0029411361086524963,312,0,0
2017,5332,3350447,0.02111618398718222,161,0,0
2017,5334,21537910,0.13574262486747946,58,0,0
2017,5335,890358,0.0056114791078502625,268,0,0
2017,5411,129482,0.0008160599869296033,394,0,0
2017,5413,1724286,0.01086730827931989,222,0,0
2017,5414,0,0.0,497,0,0
2017,5415,4870,3.069316303692535e-05,481,0,0
2017,5416,5606188,0.03533298609849167,130,0,0
2017,5417,121696441,0.7669915204572005,24,0,0
2017,5419,18072624,0.11390266836489732,67,0,0
2017,5513,2808050,0.017697728227071503,179,0,0
2017,5514,4894267,0.030846105744813865,137,0,0
2017,5530,16520322,0.10411928882310156,70,0,0
2017,5541,9111203,0.05742333452598015,97,0,0
2017,5542,14130695,0.08905867052568088,77,0,0
2017,5543,747144,0.004708873224653091,277,0,0
2017,5621,51605593,0.32524412311421225,39,0,0
2017,5622,0,0.0,498,0,0
2017,5623,1884971,0.011880025097099838,213,0,0
2017,5629,2497199,0.015738590563171857,187,0,0
2017,5721,4043063,0.025481394625782444,150,0,0
2017,5722,0,0.0,499,0,0
2017,5723,0,0.0,500,0,0
2017,5821,216249,0.0013629087912878995,369,0,0
2017,5822,3340263,0.02105199935219905,162,0,0
2017,5823,159729724,1.0066961931365683,21,0,0
2017,5824,848122,0.0053452868216022995,271,0,0
2017,5825,8497530,0.05355566195095775,104,0,0
2017,5826,1631378,0.010281755837546858,227,0,0
2017,5827,765552,0.004824889599434143,276,0,0
2017,5828,47862,0.00030165013742778664,429,0,0
2017,5829,2268739,0.014298721974380079,198,0,0
2017,5831,2303279,0.014516410239533137,196,0,0
2017,5832,611997,0.0038571095891394664,291,0,0
2017,5833,14958446,0.0942755691698242,74,0,0
2017,5834,7193168,0.045334923650101486,113,0,0
2017,5835,106385,0.0006704912011670027,401,0,0
2017,5836,3443741,0.02170416919300705,157,0,0
2017,5837,3054069,0.01924826237022989,170,0,0
2017,5838,253654,0.001598653711903134,355,0,0
2017,5839,6210203,0.03913978915223879,122,0,0
2017,5841,2082983,0.013127995240686629,204,0,0
2017,5842,241948,0.0015248766756587298,360,0,0
2017,5843,511029,0.003220759017165693,301,0,0
2017,5849,1495545,0.009425668688718383,233,0,0
2017,5851,41597,0.0002621649903176558,437,0,0
2017,5852,12074092,0.0760969351701922,82,0,0
2017,5911,1912053,0.012050709335573352,208,0,0
2017,5912,860185,0.00542131384946974,270,0,0
2017,5913,618898,0.003900603124687274,290,0,0
2017,5914,77307,0.00048722717759663,413,0,0
2017,5921,8939303,0.05633993519824967,99,0,0
2017,5922,5074099,0.031979496483059526,134,0,0
2017,5981,1486684,0.009369822257985282,234,0,0
2017,5982,128628,0.0008106776540274402,395,0,0
2017,5983,77182948,0.48644534017136165,33,0,0
2017,5989,11171877,0.07041072734896847,88,0,0
2017,6112,1920736,0.012105433921743706,207,0,0
2017,6113,35729265,0.22518360489415,45,0,0
2017,6114,94093353,0.5930231261437308,29,0,0
2017,6115,34226618,0.21571317586787758,47,0,0
2017,6116,117014945,0.7374864034172182,25,0,0
2017,6118,8470939,0.0533880722387781,105,0,0
2017,6121,271137,0.0017088402764564327,351,0,0
2017,6122,8605906,0.054238701424733894,103,0,0
2017,6123,2668929,0.016820918466319945,183,0,0
2017,6129,448148,0.002824451669131832,317,0,0
2017,6130,325103,0.0020489608588898445,342,0,0
2017,6210,3461400,0.02181546499712801,156,0,0
2017,6251,3235675,0.02039283373911775,166,0,0
2017,6252,519127,0.0032717966422730897,298,0,0
2017,6253,593637,0.003741395734240504,292,0,0
2017,6254,5922937,0.037329295892902986,126,0,0
2017,6259,6166256,0.03886281329269387,123,0,0
2017,6281,19497,0.00012287979460594116,459,0,0
2017,6282,396933,0.002501669257440634,326,0,0
2017,6289,4143489,0.026114329244087634,149,0,0
2017,6330,28786,0.00018142369428766593,447,0,0
2017,6341,0,0.0,501,0,0
2017,6342,1041741,0.006565570093480421,253,0,0
2017,6343,94329,0.0005945082907823678,405,0,0
2017,6344,1434093,0.009038367609674205,236,0,0
2017,6349,2747277,0.017314706543859377,180,0,0
2017,6351,91722,0.0005780776796864203,407,0,0
2017,6352,3503,2.2077648894938293e-05,487,0,0
2017,6353,941363,0.005932937995057321,265,0,0
2017,6354,177472,0.00111851684404296,377,0,0
2017,6359,1183755,0.007460612979625372,248,0,0
2017,6411,263333,0.0016596555856268303,352,0,0
2017,6412,503588,0.003173862132944387,303,0,0
2017,6413,1901508,0.011984249498976971,211,0,0
2017,6415,3471453,0.021878824004932983,155,0,0
2017,6416,31400665,0.1979026140272845,50,0,0
2017,6417,240844,0.0015179187183706876,361,0,0
2017,6418,73213958,0.4614307904461201,36,0,0
2017,6419,333062,0.002099122436838692,338,0,0
2017,6421,9260075,0.05836159994027855,95,0,0
2017,6422,29914,0.00018853291151675253,445,0,0
2017,6423,500780,0.0031561647198421923,305,0,0
2017,6424,2217348,0.013974830323121223,199,0,0
2017,6428,3391983,0.021377964525149725,160,0,0
2017,6511,19335,0.0001218587900038915,460,0,0
2017,6512,183030,0.0011535461253898247,375,0,0
2017,6513,1324219072,8.345887448357697,2,1,1
2017,6514,14126704,0.0890335172579847,78,0,0
2017,6515,406346,0.002560994666817755,323,0,0
2017,6516,8323556,0.05245919124332202,106,0,0
2017,6517,2375118,0.014969175360561821,191,0,0
2017,6518,35058,0.0002209529588806014,443,0,0
2017,6519,549984,0.003466272808973378,294,0,0
2017,6521,677836855,4.272065113542449,5,1,1
2017,6522,1298166413,8.181690629008125,3,1,1
2017,6531,311637760,1.9640962168669844,13,0,0
2017,6532,39382360,0.24820722715788243,43,0,0
2017,6534,204009726,1.285770796968474,19,0,0
2017,6535,6581169,0.04147780145596693,118,0,0
2017,6536,2137812,0.013473554878500093,203,0,0
2017,6538,2702252,0.017030936591962545,182,0,0
2017,6539,20843688,0.13136729241782433,60,0,0
2017,6541,2912799,0.018357908542257315,175,0,0
2017,6542,3402319,0.02144310713975951,159,0,0
2017,6543,9170984,0.057800104131629115,96,0,0
2017,6544,1744328,0.010993622935087047,219,0,0
2017,6545,5558080,0.035029785546668184,131,0,0
2017,6546,3798,2.3936885670275664e-05,485,0,0
2017,6549,2344619,0.01477695548798211,194,0,0
2017,6551,32440710,0.2044574950849311,48,0,0
2017,6552,4752279,0.029951226723605045,139,0,0
2017,6553,52722,0.00033228027548927685,420,0,0
2017,6560,8844856,0.05574468321275717,100,0,0
2017,6571,7887745,0.04971249348638455,108,0,0
2017,6572,18549160,0.1169060353342945,66,0,0
2017,6573,4937709,0.03111989884309931,135,0,0
2017,6574,13529037,0.08526672245864382,79,0,0
2017,6575,131266351,0.8273058547238745,23,0,0
2017,6576,14252,8.982319499019714e-05,466,0,0
2017,6577,9847476,0.06206369329983767,93,0,0
2017,6579,8707,5.4875846111398155e-05,472,0,0
2017,6581,30425513,0.1917567209427293,51,0,0
2017,6582,104363108,0.6577482318037471,27,0,0
2017,6583,41057902,0.2587673264969411,42,0,0
2017,6584,2913683944,18.363485899643464,1,1,1
2017,6589,79868305,0.5033697960673265,32,0,0
2017,6591,303430,0.0019123668296292112,344,0,0
2017,6592,65864967,0.4151137927212952,37,0,0
2017,6593,4492878,0.028316352558319317,144,0,0
2017,6594,4235462,0.02669398885065748,148,0,0
2017,6595,3260244,0.020547679801264405,165,0,0
2017,6596,460470,0.0029021110438630423,314,0,0
2017,6597,24697,0.00015565278183222696,452,0,0
2017,6611,47452,0.0002990661134349449,431,0,0
2017,6612,209242037,1.3187474241928883,18,0,0
2017,6613,7724916,0.0486862641138713,110,0,0
2017,6618,80381,0.0005066010550453996,411,0,0
2017,6623,642656,0.004050337861326139,285,0,0
2017,6624,2283016,0.014388702731808863,197,0,0
2017,6631,148234,0.0009342444208656248,386,0,0
2017,6632,45956,0.0002896375771098442,432,0,0
2017,6633,11552167,0.07280750413979237,86,0,0
2017,6635,125124,0.0007885937026349583,398,0,0
2017,6637,30901,0.00019475347659220332,444,0,0
2017,6638,51782,0.00032635592779837135,424,0,0
2017,6639,2187268,0.013785251197012245,201,0,0
2017,6641,299901,0.0018901253157981416,345,0,0
2017,6642,294463,0.0018558523341564988,346,0,0
2017,6643,73722,0.0004646327239031233,415,0,0
2017,6644,6572221,0.04142140670794755,119,0,0
2017,6645,0,0.0,502,0,0
2017,6646,0,0.0,503,0,0
2017,6647,6073,3.8275067581775695e-05,476,0,0
2017,6648,204946,0.0012916716615535323,371,0,0
2017,6649,86983,0.0005482101438276956,409,0,0
2017,6651,1959589,0.012350304858801953,206,0,0
2017,6652,3173478,0.02000083729940365,169,0,0
2017,6658,188494,0.0011879829719675988,372,0,0
2017,6664,1807461,0.011391518512501874,216,0,0
2017,6665,714288,0.004501798365363313,279,0,0
2017,6666,79354,0.0005001283900682082,412,0,0
2017,6671,93348,0.0005883255406921781,406,0,0
2017,6672,19938,0.00012565919602263196,457,0,0
2017,6673,3038410,0.019149571561195965,173,0,0
2017,6674,164882,0.0010391683999700875,380,0,0
2017,6712,1122,7.071402243825512e-06,493,0,0
2017,6713,27764,0.00017498254179819207,449,0,0
2017,6716,1945,1.225835772213959e-05,490,0,0
2017,6724,4249421,0.026781965413867424,147,0,0
2017,6725,21372802,0.13470203210306453,59,0,0
2017,6727,333951,0.002104725357154878,336,0,0
2017,6731,229315,0.0014452572241914858,365,0,0
2017,6732,376453,0.0023725941077494166,333,0,0
2017,6733,644608,0.0040626403365310836,284,0,0
2017,6741,44057,0.0002776691342747064,435,0,0
2017,6744,133729,0.000842826693996918,392,0,0
2017,6745,16332,0.00010293238988071145,463,0,0
2017,6746,396067,0.002496211294567949,327,0,0
2017,6747,632375,0.003985541884081246,289,0,0
2017,6749,20596990,0.12981247887883388,61,0,0
2017,6750,5697942,0.03591126545809949,129,0,0
2017,6760,404030,0.002546398082506971,324,0,0
2017,6770,51975,0.00032757230982427,422,0,0
2017,6781,186372,0.0011746090721802568,373,0,0
2017,6782,1362632,0.008587984832716973,239,0,0
2017,6783,44990687,0.28355369429861965,40,0,0
2017,6784,1127726,0.007107490344759688,249,0,0
2017,6785,677554,0.0042702824205997775,282,0,0
2017,6793,861192,0.0054276604644960605,269,0,0
2017,6794,1067473,0.006727745960270187,251,0,0
2017,6911,17908526,0.11286844112300135,68,0,0
2017,6912,240452,0.0015154481393336292,362,0,0
2017,6921,25329,0.0001596359602797294,451,0,0
2017,6924,42940546,0.27063268568225723,41,0,0
2017,6931,738507,0.004654438553369738,278,0,0
2017,6932,101359,0.0006388148485132888,402,0,0
2017,6935,57222,0.0003606415144351011,418,0,0
2017,6940,640601,0.0040373862288742126,286,0,0
2017,6951,354072,0.0022315379102279737,334,0,0
2017,6953,7096592,0.044726253647338836,115,0,0
2017,6954,4855763,0.030603434379398303,138,0,0
2017,6960,86144884,0.5429279197965138,30,0,0
2017,6973,1324055,0.008344853384980738,242,0,0
2017,6974,25434217,0.16029909016376556,56,0,0
2017,6975,2505639,0.015791783642439133,186,0,0
2017,6978,57788,0.0003642087280447314,417,0,0
2017,6991,919926,0.005797831355216959,266,0,0
2017,6992,140772,0.0008872151841959046,390,0,0
2017,6993,592417,0.003733706687237414,293,0,0
2017,6994,166052,0.0010465423220960015,379,0,0
2017,6996,1455860,0.009175554073703929,235,0,0
2017,6997,3221655,0.020304472723557645,167,0,0
2017,6998,1505523,0.009488555009207589,232,0,0
2017,6999,9503,5.989263415603729e-05,471,0,0
2017,7111,123373,0.000777558029436261,399,0,0
2017,7112,5214,3.2861222191895026e-05,480,0,0
2017,7119,238601,0.00150378221638058,363,0,0
2017,7126,474616,0.0029912661741136265,311,0,0
2017,7129,1662519,0.010478021913549506,225,0,0
2017,7131,11582529,0.07299886057020862,85,0,0
2017,7132,383304,0.002415772518420048,330,0,0
2017,7133,2388190,0.015051561608450666,190,0,0
2017,7138,256548,0.001616893139794071,353,0,0
2017,7139,1643462,0.010357915217862711,226,0,0
2017,7144,4153,2.617427229822402e-05,484,0,0
2017,7148,7836156,0.04938735394061207,109,0,0
2017,7149,20133896,0.12689383008141666,63,0,0
2017,7161,2707850,0.017066217973211152,181,0,0
2017,7162,3046857,0.019202808757946048,171,0,0
2017,7163,74741,0.00047105496889996665,414,0,0
2017,7169,131319,0.000827637674917043,393,0,0
2017,7187,0,0.0,504,0,0
2017,7188,1010797,0.006370545609493847,259,0,0
2017,7211,3039610,0.019157134558248183,172,0,0
2017,7212,772035,0.00486574869100876,275,0,0
2017,7213,47462,0.0002991291384103801,430,0,0
2017,7219,333806,0.0021038114950110683,337,0,0
2017,7223,37954,0.00023920499176662517,442,0,0
2017,7224,14760816,0.09303000658029903,75,0,0
2017,7233,13443,8.472447447749229e-05,467,0,0
2017,7234,2825578,0.01780819840401426,178,0,0
2017,7239,6159978,0.03882324621311568,124,0,0
2017,7243,140825,0.000887549216565711,389,0,0
2017,7244,2189927,0.013802009537980454,200,0,0
2017,7245,5964835,0.03759335793498123,125,0,0
2017,7246,1548511,0.009759486773608276,230,0,0
2017,7247,895203,0.0056420147084486,267,0,0
2017,7248,99994,0.0006302119393663888,403,0,0
2017,7251,1457,9.182738920903538e-06,492,0,0
2017,7252,326629,0.0020585784701412503,340,0,0
2017,7259,141110,0.0008893454283656131,388,0,0
2017,7263,51827,0.00032663954018782957,423,0,0
2017,7264,543540,0.003425659514802958,296,0,0
2017,7267,159974,0.0010082357420265085,382,0,0
2017,7268,29589,0.0001864845998151097,446,0,0
2017,7269,19107,0.00012042182056396974,461,0,0
2017,7271,85157,0.0005367017833132345,410,0,0
2017,7272,7050431,0.04443532405823257,116,0,0
2017,7281,505794,0.0031877654425253843,302,0,0
2017,7283,1828862,0.011526398262430671,215,0,0
2017,7284,8707333,0.05487794484308015,101,0,0
2017,7361,2173789,0.013700299832623185,202,0,0
2017,7362,223042,0.0014057216571010068,367,0,0
2017,7367,60469,0.0003811057239588992,416,0,0
2017,7368,160085,0.0010089353192538387,381,0,0
2017,7369,286006,0.0018025521124309797,347,0,0
2017,7371,17673,0.00011138403908656709,462,0,0
2017,7372,634865,0.004001235102964602,287,0,0
2017,7373,1001032,0.006309001720981408,261,0,0
2017,7411,0,0.0,505,0,0
2017,7412,698073,0.004399603367695193,280,0,0
2017,7413,632827,0.003988390612970915,288,0,0
2017,7414,236320,0.001489406219483819,364,0,0
2017,7415,450033,0.0028363318770013605,316,0,0
2017,7416,783907,0.004940571941845388,274,0,0
2017,7421,243225,0.0015329249650218005,359,0,0
2017,7422,3319038,0.020918228841837912,163,0,0
2017,7423,55840,0.0003519314628299613,419,0,0
2017,7428,1062940,0.0066991767389054276,252,0,0
2017,7429,1772794,0.011173029830160788,217,0,0
2017,7431,990754,0.006244224651229145,262,0,0
2017,7432,4687571,0.029543404712559174,140,0,0
2017,7433,4401,2.773729168901611e-05,483,0,0
2017,7434,20308986,0.12799733437631095,62,0,0
2017,7435,174475,0.0010996282589050411,378,0,0
2017,7436,27388856,0.1726181976597271,54,0,0
2017,7439,127910,0.0008061524607911953,396,0,0
2017,7441,13039214,0.08217961420438594,80,0,0
2017,7442,4680859,0.029501102349047095,141,0,0
2017,7449,1281730,0.008078100176451402,244,0,0
2017,7451,1538320,0.0096952580211423,231,0,0
2017,7452,2313047,0.014577973035538207,195,0,0
2017,7491,687914,0.004335576295150609,281,0,0
2017,7492,1267437,0.007988018579061921,245,0,0
2017,7493,2581619,0.01627064740579552,185,0,0
2017,7499,977502,0.0061607039537824645,264,0,0
2017,7511,0,0.0,506,0,0
2017,7512,184722,0.0011642099512334547,374,0,0
2017,7518,483184,0.0030452659730664756,310,0,0
2017,7521,0,0.0,507,0,0
2017,7522,326922,0.0020604251019215006,339,0,0
2017,7523,1887905,0.011898516624892514,212,0,0
2017,7524,180992,0.0011407016353961383,376,0,0
2017,7525,2374563,0.014965677474425168,192,0,0
2017,7528,227645,0.0014347320532938134,366,0,0
2017,7591,517916,0.003264164317747891,299,0,0
2017,7599,1596364,0.01006108018855817,229,0,0
2017,7611,492426,0.0031035136553636553,307,0,0
2017,7621,5531,3.485911391318976e-05,479,0,0
2017,7622,138208,0.0008710555804943283,391,0,0
2017,7628,41398,0.000260910793306496,438,0,0
2017,7631,0,0.0,508,0,0
2017,7638,256475,0.0016164330574733941,354,0,0
2017,7641,15305209,0.0964610421255066,71,0,0
2017,7642,39007,0.00024584152167994805,440,0,0
2017,7643,9914736,0.0624875992846146,92,0,0
2017,7648,4381998,0.02761753163069421,146,0,0
2017,7649,2874079,0.018113875837372357,177,0,0
2017,7711,2469782,0.015565794988021265,188,0,0
2017,7712,676124,0.004261269849112549,283,0,0
2017,7721,6492075,0.04091628673982487,120,0,0
2017,7722,41388,0.00026084776833106086,439,0,0
2017,7723,91372,0.0005758718055461895,408,0,0
2017,7731,2361358,0.014882452994363034,193,0,0
2017,7732,279764,0.0017632119227643497,349,0,0
2017,7741,14694922,0.09261470980716656,76,0,0
2017,7742,1375488,0.008669009741136421,238,0,0
2017,7751,812375,0.005119991441914215,273,0,0
2017,7752,2883430,0.018172810491901777,176,0,0
2017,7753,9679,6.100187372369619e-05,470,0,0
2017,7754,25929,0.00016341745880583928,450,0,0
2017,7757,10215108,0.06438069307675573,91,0,0
2017,7758,546424,0.0034438359177184595,295,0,0
2017,7761,0,0.0,509,0,0
2017,7762,5726,3.608810093417547e-05,478,0,0
2017,7763,117815,0.0007425287480893963,400,0,0
2017,7764,18566705,0.1170166126536955,65,0,0
2017,7768,127157,0.0008014066801409275,397,0,0
2017,7781,3765703,0.02373333390711271,153,0,0
2017,7782,214282,0.0013505117786198023,370,0,0
2017,7783,534017,0.0033656408306960497,297,0,0
2017,7784,20231,0.00012750582780288226,456,0,0
2017,7788,1625329,0.010243632029906127,228,0,0
2017,7810,1309694,0.008254343217758297,243,0,0
2017,7821,1239021,0.0078089268088653565,246,0,0
2017,7822,1737979,0.01095360837818326,221,0,0
2017,7831,98403,0.000620184665774654,404,0,0
2017,7832,1675298,0.010558561529658103,224,0,0
2017,7841,350056,0.0022062270800932114,335,0,0
2017,7842,44541,0.0002807195430857684,434,0,0
2017,7849,15255732,0.09614921345454604,72,0,0
2017,7851,4645729,0.029279695610343357,142,0,0
2017,7852,483861,0.0030495327639034364,308,0,0
2017,7853,430879,0.0027156138390528454,320,0,0
2017,7861,464808,0.002929451278206817,313,0,0
2017,7868,1002731,0.006319709664307843,260,0,0
2017,7911,0,0.0,510,0,0
2017,7912,0,0.0,511,0,0
2017,7913,1037420,0.0065383370015948865,254,0,0
2017,7914,3692,2.3268820930662914e-05,486,0,0
2017,7915,15832,9.97811411089532e-05,464,0,0
2017,7919,48475,0.00030551356842196226,428,0,0
2017,7921,0,0.0,512,0,0
2017,7922,0,0.0,513,0,0
2017,7924,1035953,0.006529091237698548,255,0,0
2017,7928,21456,0.00013522638729369,455,0,0
2017,7929,9767786,0.06156144727059485,94,0,0
2017,7931,1745827,0.011003070378904778,218,0,0
2017,7932,8313,5.239266207925266e-05,473,0,0
2017,7933,43242,0.00027253259877674046,436,0,0
2017,7938,28125449,0.17726057323279856,52,0,0
2017,8121,28699,0.00018087537700138,448,0,0
2017,8122,1685041,0.010619966763224586,223,0,0
2017,8124,6371957,0.04015924333989276,121,0,0
2017,8211,1347778,0.00849436753420558,240,0,0
2017,8212,73800733,0.465128938442217,35,0,0
2017,8219,3853146,0.024284443199810424,152,0,0
2017,8310,32167004,0.2027324636922854,49,0,0
2017,8421,10509307,0.06623488155156074,89,0,0
2017,8422,639684879,4.031612378522149,6,0,1
2017,8423,483161959,3.0451270597181193,10,0,1
2017,8424,110805527,0.698351561725551,26,0,0
2017,8429,628674844,3.9622216599806177,7,0,1
2017,8431,19545067,0.12318273675536537,64,0,0
2017,8432,35656731,0.2247264595373286,46,0,0
2017,8433,3196980,0.020148958596671377,168,0,0
2017,8434,5436155,0.03426135353367493,132,0,0
2017,8435,8673346,0.05466374185906865,102,0,0
2017,8439,250818430,1.5807825389436647,15,0,0
2017,8441,8958430,0.05646048306876451,98,0,0
2017,8442,58740937,0.3702146111463574,38,0,0
2017,8443,15068204,0.09496731869520549,73,0,0
2017,8451,219241761,1.3817706601387312,16,0,0
2017,8452,152783766,0.9629193099041996,22,0,0
2017,8459,694732317,4.378548721294026,4,1,1
2017,8461,6930619,0.043680209222548776,117,0,0
2017,8462,555162044,3.498907418563598,8,0,1
2017,8463,338545582,2.133682698923363,12,0,0
2017,8464,83376076,0.5254775141780449,31,0,0
2017,8465,3937248,0.024814495848215247,151,0,0
2017,8471,12995909,0.08190668454826396,81,0,0
2017,8472,189350411,1.1933805001913393,20,0,0
2017,8481,490887632,3.093818094822631,9,0,1
2017,8482,4569211,0.028797441103308563,143,0,0
2017,8483,500699,0.0031556542175411677,306,0,0
2017,8484,1846910,0.011640145738096056,214,0,0
2017,8510,100265014,0.6319200044356474,28,0,0
2017,8710,454285,0.002863130096556393,315,0,0
2017,8720,346562651,2.1842102566020656,11,0,0
2017,8731,146451,0.0009230070677455349,387,0,0
2017,8732,6472,4.078976410163878e-05,474,0,0
2017,8741,24322610,0.1532931897769098,57,0,0
2017,8742,423157,0.0026669459530218108,321,0,0
2017,8743,326465,0.0020575448605441135,341,0,0
2017,8744,272682,0.0017185776351611658,350,0,0
2017,8745,446986,0.002817128166986266,318,0,0
2017,8748,7112803,0.04482842343501678,114,0,0
2017,8749,5705521,0.0359590320869818,128,0,0
2017,8811,13245,8.347657996387602e-05,469,0,0
2017,8812,1977,1.2460037643532118e-05,489,0,0
2017,8813,1091104,0.0068766802797210255,250,0,0
2017,8821,511981,0.0032267589948271206,300,0,0
2017,8822,398162,0.002509415026921616,325,0,0
2017,8830,0,0.0,514,0,0
2017,8841,248952,0.0015690193684535195,357,0,0
2017,8842,155717,0.0009814060099837586,385,0,0
2017,8851,7519443,0.047391271036112334,112,0,0
2017,8852,388025,0.0024455266093229896,329,0,0
2017,8921,3313265,0.02088184452351919,164,0,0
2017,8922,51632,0.00032541055316684386,425,0,0
2017,8924,446223,0.0028123193613605623,319,0,0
2017,8928,7554335,0.047611177780400714,111,0,0
2017,8931,11416617,0.0719532005977687,87,0,0
2017,8932,217873,0.0013731440472985702,368,0,0
2017,8933,23741,0.0001496275941806252,453,0,0
2017,8935,1909105,0.012032129572815065,209,0,0
2017,8939,27217707,0.1715395315076518,55,0,0
2017,8941,3426,2.1592356584087523e-05,488,0,0
2017,8942,986231,0.006215718454839821,263,0,0
2017,8946,1743302,0.0109871565726074,220,0,0
2017,8947,251734240,1.5865544292189928,14,0,0
2017,8951,5954,3.752507037409723e-05,477,0,0
2017,8952,1902226,0.011988774692213214,210,0,0
2017,8959,378262,0.0023839953258056375,332,0,0
2017,8960,74318404,0.46839155864806675,34,0,0
2017,8972,1031340,0.006500017816530306,256,0,0
2017,8973,4900172,0.03088332199280833,136,0,0
2017,8974,16878812,0.1063786711674768,69,0,0
2017,8981,244258,0.0015394354449842528,358,0,0
2017,8982,2030569,0.012797656134440753,205,0,0
2017,8983,250139,0.0015765004330376734,356,0,0
2017,8989,1334375,0.008409895159629827,241,0,0
2017,8991,27506754,0.17336124951511264,53,0,0
2017,8993,8164136,0.05145444708493461,107,0,0
2017,8994,502771,0.0031687129924513335,304,0,0
2017,8996,847991,0.005344461194424099,272,0,0
2017,8997,1023099,0.006448078934274186,257,0,0
2017,8998,1380919,0.00870323860529526,237,0,0
2017,8999,392922,0.00247638993979359,328,0,0
2018,5111,2924230,0.01702521303250404,181,0,0
2018,5112,205792,0.00119814537173378,375,0,0
2018,5113,1001,5.827940430655777e-06,494,0,0
2018,5114,66930,0.00038967437864514595,426,0,0
2018,5121,297405394,1.7315293905971136,15,0,0
2018,5122,99707,0.0005805059505688267,413,0,0
2018,5123,0,0.0,496,0,0
2018,5137,3333551,0.019408328322230765,168,0,0
2018,5138,2360338,0.013742167093120074,198,0,0
2018,5139,308713,0.0017973636105584783,352,0,0
2018,5145,0,0.0,497,0,0
2018,5146,504281,0.002935983644666859,321,0,0
2018,5147,0,0.0,498,0,0
2018,5148,166161,0.0009674090008972972,388,0,0
2018,5154,35359,0.00020586428140615147,444,0,0
2018,5155,4404702,0.025644696174615744,144,0,0
2018,5156,1037789,0.0060421303412485795,260,0,0
2018,5157,43828,0.000255171801393388,437,0,0
2018,5161,32526,0.00018937022022728252,448,0,0
2018,5162,20076,0.00011688484723860676,464,0,0
2018,5163,0,0.0,499,0,0
2018,5169,54600648,0.3178914325866179,39,0,0
2018,5221,547079,0.0031851586641985334,312,0,0
2018,5222,2029164,0.011814032883148052,207,0,0
2018,5223,2855,1.6622147781740503e-05,486,0,0
2018,5224,3443410,0.0200479404179065,166,0,0
2018,5225,4195582,0.024427174793138485,152,0,0
2018,5231,4813920,0.0280272117861563,140,0,0
2018,5232,17105688,0.09959133935003332,66,0,0
2018,5233,14199,8.266825791696441e-05,470,0,0
2018,5239,523553,0.0030481875087823417,317,0,0
2018,5241,0,0.0,500,0,0
2018,5249,3975348,0.023144946388737844,155,0,0
2018,5311,21466831,0.12498242987308171,59,0,0
2018,5312,565153,0.003290387630575828,311,0,0
2018,5322,452460,0.00263427565160291,330,0,0
2018,5323,32936,0.0001917572887353433,447,0,0
2018,5331,542149,0.00315645562091868,313,0,0
2018,5332,2136760,0.012440469525082955,204,0,0
2018,5334,20816401,0.12119554945918416,61,0,0
2018,5335,1861841,0.01083985858077181,219,0,0
2018,5411,50541,0.0002942556816241495,433,0,0
2018,5413,989614,0.005761649791551434,266,0,0
2018,5414,0,0.0,501,0,0
2018,5415,32328,0.00018821744080143853,450,0,0
2018,5416,3442904,0.020044994426040456,167,0,0
2018,5417,126784818,0.7381562106049294,24,0,0
2018,5419,11585857,0.06745423020389235,87,0,0
2018,5513,3315540,0.01930346614930715,169,0,0
2018,5514,2300197,0.013392019075697429,199,0,0
2018,5530,12346763,0.07188431496046435,82,0,0
2018,5541,12370415,0.0720220197027879,81,0,0
2018,5542,10306415,0.060005167506111054,93,0,0
2018,5543,849922,0.004948346440263556,281,0,0
2018,5621,8499779,0.04948671896677216,108,0,0
2018,5622,15857,9.232133007882983e-05,468,0,0
2018,5623,14194,8.263914732540268e-05,471,0,0
2018,5629,904092,0.0052637305892432,278,0,0
2018,5721,7511,4.372993064401153e-05,478,0,0
2018,5722,0,0.0,502,0,0
2018,5723,0,0.0,503,0,0
2018,5821,319914,0.0018625771577750372,349,0,0
2018,5822,3064211,0.017840198975984184,174,0,0
2018,5823,204243099,1.1891274868576729,20,0,0
2018,5824,781184,0.004548145671709693,286,0,0
2018,5825,8554691,0.049806423127539565,106,0,0
2018,5826,1499193,0.008728479019037089,233,0,0
2018,5827,368301,0.002144291996554399,344,0,0
2018,5828,32364,0.00018842703706068288,449,0,0
2018,5829,1946046,0.011330110053262689,211,0,0
2018,5831,2182269,0.012705428307359393,202,0,0
2018,5832,576794,0.0033581629098498184,307,0,0
2018,5833,26455039,0.1540243670156597,52,0,0
2018,5834,9335845,0.05435439413569988,98,0,0
2018,5835,116099,0.0006759421139447602,408,0,0
2018,5836,5240031,0.030508080442347277,135,0,0
2018,5837,3074061,0.01789754684136077,172,0,0
2018,5838,186311,0.0010847246848910174,384,0,0
2018,5839,5288426,0.030789841858073135,133,0,0
2018,5841,1873622,0.010908448956609527,217,0,0
2018,5842,236666,0.001377897452509071,371,0,0
2018,5843,457243,0.0026621228434908486,329,0,0
2018,5849,1359181,0.007913312589889261,239,0,0
2018,5851,36528,0.00021267033771328093,443,0,0
2018,5852,13428921,0.0781847668691133,76,0,0
2018,5911,1553052,0.009042052489221594,226,0,0
2018,5912,713076,0.004151612837692606,290,0,0
2018,5913,950651,0.005534802595747597,271,0,0
2018,5914,68433,0.00039842502246859816,424,0,0
2018,5921,10731373,0.062479323259887885,89,0,0
2018,5922,6533125,0.038036626699328696,124,0,0
2018,5981,1105995,0.006439233742860276,254,0,0
2018,5982,82646,0.00048117479004193537,418,0,0
2018,5983,108166739,0.6297595519183727,27,0,0
2018,5989,13157398,0.07660392783859087,77,0,0
2018,6112,1387779,0.008079813529385658,237,0,0
2018,6113,33993984,0.19791699675590968,43,0,0
2018,6114,91361065,0.5319149295716987,29,0,0
2018,6115,30579064,0.17803492848872185,47,0,0
2018,6116,96708841,0.5630503141516094,28,0,0
2018,6118,8396756,0.048886906871879604,109,0,0
2018,6121,535273,0.003116422735403007,315,0,0
2018,6122,8713275,0.05072971793798423,104,0,0
2018,6123,2778161,0.016174782032738345,186,0,0
2018,6129,781818,0.0045518368947197185,285,0,0
2018,6130,160750,0.000935905518709207,389,0,0
2018,6210,3962155,0.023068135181843096,156,0,0
2018,6251,4982473,0.029008547294056723,137,0,0
2018,6252,1455153,0.008472072928561484,234,0,0
2018,6253,282595,0.0016453015244766926,359,0,0
2018,6254,5823890,0.0339073766180738,129,0,0
2018,6259,7262232,0.04228157391568648,119,0,0
2018,6281,9076,5.2841545802829003e-05,476,0,0
2018,6282,341556,0.0019885794422907738,348,0,0
2018,6289,2801959,0.016313336804335495,185,0,0
2018,6330,21059,0.00012260798953964036,462,0,0
2018,6341,0,0.0,504,0,0
2018,6342,1524164,0.008873863135414618,232,0,0
2018,6343,839472,0.004887505303899567,282,0,0
2018,6344,1078557,0.006279486460606196,256,0,0
2018,6349,2603136,0.015155765775120436,192,0,0
2018,6351,158009,0.0009199470924150735,390,0,0
2018,6352,2953,1.719271537635016e-05,485,0,0
2018,6353,311020,0.0018107952375050547,351,0,0
2018,6354,149620,0.0008711053418928245,395,0,0
2018,6359,987009,0.00574648317334778,267,0,0
2018,6411,85584,0.0004982801736436004,417,0,0
2018,6412,679361,0.003955320118791948,295,0,0
2018,6413,710440,0.004136265733821269,291,0,0
2018,6415,6355171,0.037000557457173934,125,0,0
2018,6416,28382980,0.16524906761687744,50,0,0
2018,6417,916802,0.005337729712993084,277,0,0
2018,6418,61823584,0.3599442205411025,38,0,0
2018,6419,305361,0.0017778478699755032,354,0,0
2018,6421,7029429,0.04092616730621799,121,0,0
2018,6422,37669,0.0002193133747076648,441,0,0
2018,6423,441277,0.0025691669025159733,331,0,0
2018,6424,2917885,0.016988271691812218,182,0,0
2018,6428,3890566,0.022651335553980745,159,0,0
2018,6511,25949,0.00015107814808699977,459,0,0
2018,6512,424995,0.0024743711721543975,333,0,0
2018,6513,1345222864,7.83204667067748,3,1,1
2018,6514,21417721,0.12469650564276252,60,0,0
2018,6515,535616,0.0031184197219841403,314,0,0
2018,6516,10552531,0.06143808397667176,91,0,0
2018,6517,2988750,0.017400856106016434,178,0,0
2018,6518,49783,0.00028984251594339316,434,0,0
2018,6519,635052,0.0036973478784903223,301,0,0
2018,6521,714668045,4.160881912041181,7,0,1
2018,6522,1358768962,7.9109136559040785,2,1,1
2018,6531,380358001,2.214489282868442,12,0,0
2018,6532,46229985,0.2691564422478622,40,0,0
2018,6534,257081359,1.4967580879960363,18,0,0
2018,6535,8087682,0.04708744147661036,113,0,0
2018,6536,2628293,0.01530223280550406,191,0,0
2018,6538,3096493,0.018028148599343256,171,0,0
2018,6539,25578524,0.148921192983116,53,0,0
2018,6541,2963345,0.01725294519029135,180,0,0
2018,6542,4195995,0.024429579328001487,151,0,0
2018,6543,11291299,0.06573927867804509,88,0,0
2018,6544,2244178,0.013065869829958263,201,0,0
2018,6545,5616691,0.03270103952587455,131,0,0
2018,6546,0,0.0,505,0,0
2018,6549,2894945,0.01685471229772706,184,0,0
2018,6551,30004292,0.1746885379020996,49,0,0
2018,6552,4502499,0.026214081879207998,142,0,0
2018,6553,58774,0.0003421891816896729,429,0,0
2018,6560,11875344,0.06913965776777772,83,0,0
2018,6571,8785529,0.05115038927452429,102,0,0
2018,6572,18204485,0.10598866548528135,64,0,0
2018,6573,8973464,0.05224456907955455,100,0,0
2018,6574,14045463,0.08177434733764213,74,0,0
2018,6575,79426306,0.4624293506443931,34,0,0
2018,6576,31842,0.0001853878913016396,451,0,0
2018,6577,8502384,0.04950188558497581,107,0,0
2018,6579,17300,0.00010072264680354139,466,0,0
2018,6581,24460743,0.14241333975382647,54,0,0
2018,6582,79779251,0.4644842381921432,33,0,0
2018,6583,33870861,0.19720016008293903,44,0,0
2018,6584,3122577254,18.18001421222047,1,1,1
2018,6589,77511442,0.45128078588434595,35,0,0
2018,6591,277087,0.001613233296812305,362,0,0
2018,6592,66358390,0.38634639759662737,37,0,0
2018,6593,4813664,0.02802572132386834,141,0,0
2018,6594,4239290,0.02468164794033439,149,0,0
2018,6595,1659664,0.009662760166737151,224,0,0
2018,6596,176742,0.0010290128347602032,386,0,0
2018,6597,33554,0.00019535535785237157,446,0,0
2018,6611,0,0.0,506,0,0
2018,6612,260445602,1.5163451087735096,17,0,0
2018,6613,12534533,0.07297753411597308,80,0,0
2018,6618,72982,0.00042490983867144843,422,0,0
2018,6623,4353802,0.025348350352517465,146,0,0
2018,6624,1742175,0.01014314897080692,221,0,0
2018,6631,75098,0.00043722944102036717,421,0,0
2018,6632,246453,0.0014348785244319763,368,0,0
2018,6633,12819536,0.0746368553013459,78,0,0
2018,6635,8041,4.681565334955355e-05,477,0,0
2018,6637,29909,0.00017413373660387976,457,0,0
2018,6638,31283,0.00018213332716503962,453,0,0
2018,6639,1946318,0.011331693669443647,210,0,0
2018,6641,231388,0.0013471683120565223,372,0,0
2018,6642,804329,0.004682898600048882,284,0,0
2018,6643,6074,3.536354662917402e-05,480,0,0
2018,6644,7646121,0.044516621092493686,116,0,0
2018,6645,0,0.0,507,0,0
2018,6646,0,0.0,508,0,0
2018,6647,4352,2.533785889531862e-05,482,0,0
2018,6648,262348,0.001527421095006675,364,0,0
2018,6649,194799,0.0011341428251261884,379,0,0
2018,6651,3775481,0.021981297068004696,161,0,0
2018,6652,3580240,0.020844580866584455,163,0,0
2018,6658,166682,0.0009704423245380282,387,0,0
2018,6664,1233199,0.00717983048066361,248,0,0
2018,6665,485507,0.002826679195470923,324,0,0
2018,6666,190536,0.0011093231347606685,381,0,0
2018,6671,72687,0.00042319231376930716,423,0,0
2018,6672,156533,0.0009113536457860546,391,0,0
2018,6673,4397200,0.025601018643036544,145,0,0
2018,6674,68027,0.00039606124243378677,425,0,0
2018,6712,255408,0.0014870155939190118,366,0,0
2018,6713,20225,0.00011775234286714594,463,0,0
2018,6716,31588,0.00018390907325030437,452,0,0
2018,6724,575149,0.0033485855252260136,308,0,0
2018,6725,187493766,1.0916108884788345,21,0,0
2018,6727,110228,0.000641760457332992,410,0,0
2018,6731,123833,0.0007209703769724243,405,0,0
2018,6732,582198,0.0033896256372097228,305,0,0
2018,6733,154214,0.0008978521534197302,392,0,0
2018,6741,24920,0.00014508718834359836,460,0,0
2018,6744,382986,0.002229789803971162,340,0,0
2018,6745,30590,0.0001780985991745856,454,0,0
2018,6746,1237990,0.007207724249498047,247,0,0
2018,6747,680636,0.003962743319640185,294,0,0
2018,6749,17552202,0.10219099668615104,65,0,0
2018,6750,5392080,0.031393327709620784,132,0,0
2018,6760,2751363,0.016018760906204167,187,0,0
2018,6770,291233,0.0016955929824587152,358,0,0
2018,6781,207445,0.0012077693333040836,374,0,0
2018,6782,1524543,0.008876069718254996,231,0,0
2018,6783,39165456,0.22802591858888102,41,0,0
2018,6784,369857,0.002153351212648405,343,0,0
2018,6785,2130819,0.012405880320189322,205,0,0
2018,6793,1055059,0.0061426783245027506,259,0,0
2018,6794,1267307,0.00737841129206102,244,0,0
2018,6911,16552421,0.09637015341771801,68,0,0
2018,6912,126573,0.0007369229811482454,404,0,0
2018,6921,240609,0.001400854065014641,369,0,0
2018,6924,21740453,0.12657548952994174,57,0,0
2018,6931,860032,0.005007208056401348,279,0,0
2018,6932,53668,0.0003124614455868474,431,0,0
2018,6935,109734,0.0006388843308866943,411,0,0
2018,6940,941101,0.005479201365864717,273,0,0
2018,6951,314705,0.00183224974348604,350,0,0
2018,6953,10185006,0.05929830994392774,94,0,0
2018,6954,8775412,0.05109148690355832,103,0,0
2018,6960,87293763,0.5082346161156677,30,0,0
2018,6973,920263,0.0053578800644721045,275,0,0
2018,6974,21685688,0.12625664122056626,58,0,0
2018,6975,1427438,0.008310712919534887,235,0,0
2018,6978,40405,0.00023524269041023642,438,0,0
2018,6991,1147898,0.0066831979665024025,251,0,0
2018,6992,133178,0.0007753780726012738,399,0,0
2018,6993,683410,0.003978893875838626,293,0,0
2018,6994,189108,0.001101009149810642,382,0,0
2018,6996,986909,0.005745900961516545,268,0,0
2018,6997,4314896,0.025121835017457433,148,0,0
2018,6998,1085551,0.006320206356082727,255,0,0
2018,6999,53038,0.000308793511050071,432,0,0
2018,7111,195410,0.0011377001394150303,378,0,0
2018,7112,48915,0.0002847889172482791,435,0,0
2018,7119,47576,0.0002769931008280512,436,0,0
2018,7126,1536077,0.008943222030869565,228,0,0
2018,7129,2022886,0.011777481624383159,208,0,0
2018,7131,9298154,0.05413495267438934,99,0,0
2018,7132,640734,0.0037304291547410576,300,0,0
2018,7133,3030580,0.017644395315021762,175,0,0
2018,7138,749316,0.004362606405331932,288,0,0
2018,7139,1531869,0.008918722557011222,229,0,0
2018,7144,1729671,0.010070349203429379,222,0,0
2018,7148,10449598,0.06083879587242732,92,0,0
2018,7149,32293992,0.18801944220187233,45,0,0
2018,7161,2146706,0.012498376313817523,203,0,0
2018,7162,5267561,0.03066836335948609,134,0,0
2018,7163,37547,0.00021860307627355891,442,0,0
2018,7169,7520231,0.04378367461815277,117,0,0
2018,7187,0,0.0,509,0,0
2018,7188,2993196,0.017426741244033116,177,0,0
2018,7211,1851152,0.010777625958131172,220,0,0
2018,7212,755124,0.004396421268490023,287,0,0
2018,7213,620213,0.003610953464853458,304,0,0
2018,7219,307257,0.0017888866062957063,353,0,0
2018,7223,949590,0.0055286253282182014,272,0,0
2018,7224,10665795,0.062097520385201034,90,0,0
2018,7233,519500,0.003024590463262414,318,0,0
2018,7234,11838251,0.06892369793321797,84,0,0
2018,7239,9402669,0.054743451369803915,97,0,0
2018,7243,571340,0.003326409076574297,310,0,0
2018,7244,2667748,0.01553194448351757,188,0,0
2018,7245,8251853,0.048043264462066096,112,0,0
2018,7246,1270594,0.0073975485949536925,243,0,0
2018,7247,1180953,0.006875648087316914,250,0,0
2018,7248,484074,0.0028183360999293355,325,0,0
2018,7251,9683,5.637557161842146e-05,474,0,0
2018,7252,86107,0.000501325141520956,416,0,0
2018,7259,192798,0.0011224927663831892,380,0,0
2018,7263,38509,0.00022420395409003326,440,0,0
2018,7264,282422,0.0016442942980086574,360,0,0
2018,7267,934914,0.0054431799198662485,274,0,0
2018,7268,101955,0.0005935940725349748,412,0,0
2018,7269,12165,7.082606926965787e-05,473,0,0
2018,7271,126768,0.0007380582942191524,403,0,0
2018,7272,13624172,0.07932154129171666,75,0,0
2018,7281,571425,0.0033269039566308466,309,0,0
2018,7283,1544561,0.008992616882631485,227,0,0
2018,7284,6652090,0.03872925500435663,122,0,0
2018,7361,1003721,0.005843782414583663,263,0,0
2018,7362,121849,0.000709419294240735,406,0,0
2018,7367,62514,0.0003639639041778374,427,0,0
2018,7368,277027,0.0016128839697135645,363,0,0
2018,7369,480625,0.0027982556138700628,326,0,0
2018,7371,30201,0.00017583379515108405,455,0,0
2018,7372,513723,0.0029909560857720057,320,0,0
2018,7373,1029472,0.005993707783244819,261,0,0
2018,7411,17309,0.00010077504586835249,465,0,0
2018,7412,1375083,0.008005895915292147,238,0,0
2018,7413,237228,0.001381169483000608,370,0,0
2018,7414,225192,0.0013110944669932425,373,0,0
2018,7415,466639,0.002716827467153627,327,0,0
2018,7416,4215185,0.024541305778415352,150,0,0
2018,7421,1006352,0.005859100407863439,262,0,0
2018,7422,3898773,0.022699117678970145,157,0,0
2018,7423,110484,0.0006432509196209519,409,0,0
2018,7428,384598,0.00223917505869066,339,0,0
2018,7429,2994777,0.017435946013084933,176,0,0
2018,7431,918806,0.0053493972380910205,276,0,0
2018,7432,1876211,0.010923522420920186,216,0,0
2018,7433,1331,7.74923947372911e-06,490,0,0
2018,7434,18517066,0.10780854904947199,62,0,0
2018,7435,278639,0.001622269224433062,361,0,0
2018,7436,30541350,0.17781535311869012,48,0,0
2018,7439,198048,0.0011530588875229924,377,0,0
2018,7441,15965994,0.09295590604216539,69,0,0
2018,7442,14932420,0.08693831592960333,72,0,0
2018,7449,953739,0.005552781297096114,270,0,0
2018,7451,5750932,0.03348260651024185,130,0,0
2018,7452,2983059,0.01736772243070089,179,0,0
2018,7491,1072253,0.006242783826765183,257,0,0
2018,7492,2453978,0.014287350251887914,197,0,0
2018,7493,2916404,0.01697964913459164,183,0,0
2018,7499,856252,0.00498520044918069,280,0,0
2018,7511,0,0.0,510,0,0
2018,7512,96788,0.0005635111872150962,414,0,0
2018,7518,370684,0.002158166104492713,342,0,0
2018,7521,0,0.0,511,0,0
2018,7522,88116,0.000513021777210454,415,0,0
2018,7523,714776,0.0041615104388235905,289,0,0
2018,7524,62502,0.00036389403875808926,428,0,0
2018,7525,1349491,0.007856896263442653,240,0,0
2018,7528,188239,0.0010959497289972156,383,0,0
2018,7591,970157,0.005648368835548169,269,0,0
2018,7599,1950267,0.01135468521465909,209,0,0
2018,7611,405752,0.002362336149469973,335,0,0
2018,7621,1286,7.4872441496736555e-06,491,0,0
2018,7622,132853,0.0007734858841497622,400,0,0
2018,7628,2696,1.5696430970077896e-05,487,0,0
2018,7631,0,0.0,512,0,0
2018,7638,304320,0.0017717870448123536,355,0,0
2018,7641,11808391,0.06874984948041138,85,0,0
2018,7642,28872,0.00016809619991397961,458,0,0
2018,7643,7779646,0.045294019440149345,115,0,0
2018,7648,3490217,0.020320456309752363,165,0,0
2018,7649,6229854,0.03627094705662599,127,0,0
2018,7711,2599523,0.015134730461657938,193,0,0
2018,7712,1138371,0.006627730645340707,253,0,0
2018,7721,9658661,0.05623386708081733,95,0,0
2018,7722,656258,0.003820811719421877,299,0,0
2018,7723,82013,0.000477489389150222,419,0,0
2018,7731,6242598,0.03634514413239849,126,0,0
2018,7732,406129,0.0023645310880737263,334,0,0
2018,7741,15439436,0.08989022306785445,71,0,0
2018,7742,1940806,0.011299602153306009,212,0,0
2018,7751,392655,0.002286083865933211,337,0,0
2018,7752,2561738,0.014914741721226043,194,0,0
2018,7753,13662,7.954178038323598e-05,472,0,0
2018,7754,39475,0.00022982812037975703,439,0,0
2018,7757,8381272,0.04879675719193127,110,0,0
2018,7758,379705,0.0022106874337883635,341,0,0
2018,7761,1164,6.776945715567757e-06,492,0,0
2018,7762,3527,2.0534611287635287e-05,483,0,0
2018,7763,133273,0.0007759311738409465,398,0,0
2018,7764,22429250,0.13058574715712895,56,0,0
2018,7768,404183,0.002353201245837906,336,0,0
2018,7781,3524572,0.02052047518437292,164,0,0
2018,7782,149670,0.0008713964478084416,394,0,0
2018,7783,631232,0.00367510738653717,302,0,0
2018,7784,33805,0.00019681670954876978,445,0,0
2018,7788,2462744,0.014338386941013918,196,0,0
2018,7810,1244645,0.007246470446866693,246,0,0
2018,7821,1202857,0.007003175766830485,249,0,0
2018,7822,2521075,0.01467799692429122,195,0,0
2018,7831,295793,0.0017221418419630012,357,0,0
2018,7832,3118481,0.018156165336795062,170,0,0
2018,7841,151313,0.000880962188195622,393,0,0
2018,7842,30160,0.00017559508830027797,456,0,0
2018,7849,18386920,0.10705082363959373,63,0,0
2018,7851,2637843,0.01535783403538694,190,0,0
2018,7852,257878,0.0015013962261505,365,0,0
2018,7853,673395,0.0039205853609405065,296,0,0
2018,7861,1887060,0.0109866865824908,215,0,0
2018,7868,249813,0.0014544408419614502,367,0,0
2018,7911,0,0.0,513,0,0
2018,7912,0,0.0,514,0,0
2018,7913,1157,6.7361908873813525e-06,493,0,0
2018,7914,513,2.9867466942321814e-06,495,0,0
2018,7915,2200,1.2808660287155554e-05,488,0,0
2018,7919,503178,0.0029295618481683444,322,0,0
2018,7921,6650868,0.038722140375778945,123,0,0
2018,7922,136700,0.0007958835732973474,397,0,0
2018,7923,9149,5.3266560439630076e-05,475,0,0
2018,7924,1347,7.842393366726605e-06,489,0,0
2018,7928,826392,0.004811351996374115,283,0,0
2018,7929,15762351,0.09177027240268483,70,0,0
2018,7931,392337,0.0022842324323098856,338,0,0
2018,7932,131348,0.0007647235960896853,402,0,0
2018,7933,132037,0.0007687350356068898,401,0,0
2018,7938,14647912,0.08528187669279512,73,0,0
2018,8121,533715,0.003107351875072376,316,0,0
2018,8122,1276316,0.0074308627559369215,242,0,0
2018,8124,4350446,0.02532881132346124,147,0,0
2018,8211,1925495,0.011210459699825719,214,0,0
2018,8212,86047486,0.5009786439717152,31,0,0
2018,8219,4082599,0.02376937439985499,153,0,0
2018,8310,32066537,0.18669517228113827,46,0,0
2018,8421,12701731,0.07395098065356027,79,0,0
2018,8422,753055182,4.384376365327317,5,1,1
2018,8423,454767389,2.6477095433535096,10,0,1
2018,8424,113769212,0.6623778125660823,25,0,0
2018,8429,731846328,4.260895908070099,6,0,1
2018,8431,23458029,0.1365754202123833,55,0,0
2018,8432,35133562,0.2045517546980534,42,0,0
2018,8433,3894426,0.022673808930666388,158,0,0
2018,8434,6125211,0.03566170313006743,128,0,0
2018,8435,9589243,0.05582970727181109,96,0,0
2018,8439,184315423,1.073106199495626,22,0,0
2018,8441,7030950,0.04093502274817106,120,0,0
2018,8442,72904572,0.42445904369476034,36,0,0
2018,8443,16902459,0.09840811606753408,67,0,0
2018,8451,338103205,1.9684768612925059,14,0,0
2018,8452,163136962,0.9498026938802748,23,0,0
2018,8459,827915783,4.820223641282452,4,1,1
2018,8461,8955048,0.05213734894871444,101,0,0
2018,8462,657580206,3.8285097591871673,8,0,1
2018,8463,416007426,2.422044452985456,11,0,0
2018,8464,81590391,0.4750289095523609,32,0,0
2018,8465,3584977,0.020872160241030027,162,0,0
2018,8471,5067341,0.029502658830988685,136,0,0
2018,8472,218040077,1.2694551251264723,19,0,0
2018,8481,488722934,2.845402743703611,9,0,1
2018,8482,3858011,0.0224617964923224,160,0,0
2018,8483,626031,0.003644826549194672,303,0,0
2018,8484,1927480,0.011222016604675722,213,0,0
2018,8510,110193275,0.6415582842745958,26,0,0
2018,8710,2667070,0.015527997087301803,189,0,0
2018,8720,361572371,2.1051171224365337,13,0,0
2018,8731,119404,0.0006951842149670553,407,0,0
2018,8732,5822,3.3896372814463466e-05,481,0,0
2018,8741,7827162,0.045570663213878655,114,0,0
2018,8742,347063,0.002020641847836849,347,0,0
2018,8743,1265066,0.007365363924923058,245,0,0
2018,8744,579318,0.0033728579364701735,306,0,0
2018,8745,1069117,0.006224525663737674,258,0,0
2018,8748,4424512,0.02576003233838327,143,0,0
2018,8749,4082014,0.02376596846064227,154,0,0
2018,8811,15944,9.28278543720037e-05,467,0,0
2018,8812,0,0.0,515,0,0
2018,8813,697719,0.004062202566769948,292,0,0
2018,8821,463125,0.0026963685434040524,328,0,0
2018,8822,57554,0.00033508619734861397,430,0,0
2018,8830,14858,8.650503388479873e-05,469,0,0
2018,8841,671572,0.003909971639257105,297,0,0
2018,8842,1679128,0.009776081877568604,223,0,0
2018,8851,1628055,0.00947872882900229,225,0,0
2018,8852,143090,0.0008330869093132219,396,0,0
2018,8921,2296175,0.013368602515845185,200,0,0
2018,8922,181256,0.0010552938768221213,385,0,0
2018,8924,427303,0.0024878086212192863,332,0,0
2018,8928,8570804,0.04990023491990635,105,0,0
2018,8931,7458115,0.04342202791706325,118,0,0
2018,8932,198090,0.0011533034164921106,376,0,0
2018,8933,22992,0.0001338621442374002,461,0,0
2018,8935,1869826,0.010886348195495874,218,0,0
2018,8939,27590524,0.160635295027551,51,0,0
2018,8941,6154,3.582931609416149e-05,479,0,0
2018,8942,1000625,0.005825757136288648,265,0,0
2018,8946,79646,0.00046370843510490513,420,0,0
2018,8947,276580309,1.6102832818625055,16,0,0
2018,8951,3280,1.9096548064486462e-05,484,0,0
2018,8952,3072159,0.01788647317233069,173,0,0
2018,8959,304008,0.0017699705438989025,356,0,0
2018,8960,351896,0.0020487801456404047,346,0,0
2018,8972,1002063,0.005834129342421798,264,0,0
2018,8973,4858749,0.02828821152798034,139,0,0
2018,8974,4937384,0.02874603380147147,138,0,0
2018,8981,664038,0.0038661077998919085,298,0,0
2018,8982,2110147,0.01228552549043656,206,0,0
2018,8983,518549,0.003019053628747375,319,0,0
2018,8989,1301896,0.007579792542366667,241,0,0
2018,8991,11806956,0.06874149474063318,86,0,0
2018,8993,8268321,0.048139143106433774,111,0,0
2018,8994,503068,0.0029289214151539864,323,0,0
2018,8996,1530171,0.008908836600116864,230,0,0
2018,8997,1144643,0.006664246971395724,252,0,0
2018,8998,1407018,0.008191825263596833,236,0,0
2018,8999,364323,0.002121131609907897,345,0,0
2019,5111,77977,0.00045474383705929034,418,0,0
2019,5112,25976,0.00015148602679574907,449,0,0
2019,5113,0,0.0,493,0,0
2019,5114,43132,0.0002515358526237392,437,0,0
2019,5121,193746699,1.129885957664842,21,0,0
2019,5122,8882,5.179777063442576e-05,473,0,0
2019,5123,24263,0.0001414962068118748,457,0,0
2019,5137,5817446,0.03392600017858112,135,0,0
2019,5138,1118331,0.006521847853115063,256,0,0
2019,5139,252563,0.0014728890277800576,370,0,0
2019,5145,46016,0.000268354673892562,434,0,0
2019,5146,81751,0.0004767529325754267,416,0,0
2019,5147,16489,9.616003602691355e-05,466,0,0
2019,5148,44437,0.00025914631093019335,436,0,0
2019,5154,66797,0.0003895446616829247,426,0,0
2019,5155,2612827,0.015237403023354506,180,0,0
2019,5156,1293901,0.007545731504351961,243,0,0
2019,5157,20948,0.00012216389318283615,460,0,0
2019,5161,0,0.0,494,0,0
2019,5162,0,0.0,495,0,0
2019,5163,0,0.0,496,0,0
2019,5169,35314728,0.2059473295385198,47,0,0
2019,5221,557234,0.0032496598650870977,307,0,0
2019,5222,2712406,0.015818124730403088,175,0,0
2019,5223,0,0.0,497,0,0
2019,5224,1657937,0.009668705297492449,221,0,0
2019,5225,2232963,0.01302212399337528,196,0,0
2019,5231,5588214,0.03258917214907531,138,0,0
2019,5232,10806511,0.06302107387259613,93,0,0
2019,5233,7347,4.284600550001419e-05,480,0,0
2019,5239,731251,0.004264486779350874,290,0,0
2019,5241,8297,4.83861858763601e-05,477,0,0
2019,5249,3721101,0.02170060077747493,157,0,0
2019,5311,25771536,0.15029364001630782,58,0,0
2019,5312,533000,0.003108332779570922,315,0,0
2019,5322,320285,0.001867828075618898,356,0,0
2019,5323,32203,0.00018780045122049227,442,0,0
2019,5331,924362,0.005390665487410387,274,0,0
2019,5332,1464780,0.008542258328067345,231,0,0
2019,5334,19834208,0.11566851572838237,71,0,0
2019,5335,1151384,0.00671460530783018,251,0,0
2019,5411,63805,0.00037209600938184365,427,0,0
2019,5413,568660,0.003316293655592496,305,0,0
2019,5414,0,0.0,498,0,0
2019,5415,23517,0.00013714570727423896,458,0,0
2019,5416,2601574,0.015171778128854485,181,0,0
2019,5417,149349212,0.8709700774159227,23,0,0
2019,5419,11600458,0.06765118922971057,91,0,0
2019,5513,1948896,0.011365510920777956,210,0,0
2019,5514,9067396,0.052878957246060516,102,0,0
2019,5530,12999425,0.07580964135661113,86,0,0
2019,5541,28967747,0.16893320365931938,54,0,0
2019,5542,14339367,0.08362387332907607,82,0,0
2019,5543,1211415,0.007064692221695887,248,0,0
2019,5621,504734,0.0029434920021837703,320,0,0
2019,5622,39456,0.0002300982704516891,440,0,0
2019,5623,12487,7.282129722045422e-05,468,0,0
2019,5629,496172,0.0028935603975708503,322,0,0
2019,5721,2499466,0.014576307878467192,184,0,0
2019,5722,1119713,0.006529907357620442,255,0,0
2019,5723,8578,5.002491291399506e-05,474,0,0
2019,5821,206683,0.0012053274744466356,380,0,0
2019,5822,3657828,0.02133160726910384,159,0,0
2019,5823,229090270,1.3360014929113564,18,0,0
2019,5824,938050,0.0054704907389803055,271,0,0
2019,5825,6340691,0.0369774440533402,129,0,0
2019,5826,1765477,0.010295853716094806,218,0,0
2019,5827,321170,0.0018729891910221252,353,0,0
2019,5828,34181,0.0001993356899409262,441,0,0
2019,5829,1968398,0.011479242076251112,208,0,0
2019,5831,1685658,0.009830367760874223,220,0,0
2019,5832,749063,0.0043683622455229516,288,0,0
2019,5833,28262740,0.16482176582080724,55,0,0
2019,5834,8517143,0.04967000895908633,112,0,0
2019,5835,128807,0.0007511726460378831,402,0,0
2019,5836,3873181,0.02258749617919565,155,0,0
2019,5837,1928496,0.01124654283690695,213,0,0
2019,5838,183720,0.001071412567097129,388,0,0
2019,5839,5826320,0.033977751295065015,134,0,0
2019,5841,2227230,0.012988690462746236,197,0,0
2019,5842,233818,0.0013635725213015266,374,0,0
2019,5843,483615,0.0028203308765331917,324,0,0
2019,5849,1616842,0.009429048757949358,223,0,0
2019,5851,31071,0.0001811988889194148,444,0,0
2019,5852,12894405,0.07519718899542813,87,0,0
2019,5911,2091422,0.012196689603219091,202,0,0
2019,5912,926810,0.005404941657474908,273,0,0
2019,5913,576020,0.0033592154740871333,304,0,0
2019,5914,544373,0.003174657486329008,311,0,0
2019,5921,13980651,0.08153192454604312,83,0,0
2019,5922,8453488,0.049298787715027076,113,0,0
2019,5981,1040541,0.00606819455682459,264,0,0
2019,5982,745740,0.004348983277743375,289,0,0
2019,5983,70679398,0.4121859092753085,33,0,0
2019,5989,9247574,0.0539297136880071,100,0,0
2019,6112,1136341,0.006626878009512947,253,0,0
2019,6113,21471695,0.12521796135356297,68,0,0
2019,6114,58025467,0.33839110905442926,38,0,0
2019,6115,24719774,0.14416000718158536,60,0,0
2019,6116,90798391,0.5295152252862989,30,0,0
2019,6118,3579764,0.020876356068157447,161,0,0
2019,6121,327778,0.0019115255193662241,352,0,0
2019,6122,8022581,0.04678583770931119,116,0,0
2019,6123,2079940,0.012129729233659929,203,0,0
2019,6129,534417,0.0031165963959849025,314,0,0
2019,6130,279486,0.0016298977396457007,365,0,0
2019,6210,4769177,0.02781273771233717,144,0,0
2019,6251,2049524,0.011952350153315784,205,0,0
2019,6252,229600,0.0013389741204305507,376,0,0
2019,6253,158820,0.0009262015235486937,394,0,0
2019,6254,7892979,0.046030028807063625,118,0,0
2019,6259,8808136,0.051367012862511635,108,0,0
2019,6281,48257,0.00028142366781192115,432,0,0
2019,6282,284620,0.0016598380407532379,363,0,0
2019,6289,1385946,0.008082516665131708,237,0,0
2019,6330,46800,0.00027292678064525167,433,0,0
2019,6341,0,0.0,499,0,0
2019,6342,1630550,0.009508990644895621,222,0,0
2019,6343,1398589,0.008156247718287647,234,0,0
2019,6344,1298896,0.007574861189593906,242,0,0
2019,6349,2654045,0.015477776870462112,179,0,0
2019,6351,127929,0.0007460523530163761,403,0,0
2019,6352,1315,7.668775994626195e-06,491,0,0
2019,6353,174924,0.001020116328580983,390,0,0
2019,6354,192094,0.0011202477991724138,383,0,0
2019,6359,1078181,0.006287702335104232,260,0,0
2019,6411,141493,0.0008251544652529614,398,0,0
2019,6412,312666,0.0018233958290006036,357,0,0
2019,6413,304451,0.0017754878481672544,358,0,0
2019,6415,1270813,0.007411087625900302,244,0,0
2019,6416,29027762,0.169283197264884,53,0,0
2019,6417,271980,0.0015861244829037508,367,0,0
2019,6418,31789766,0.1853905660650829,49,0,0
2019,6419,136294,0.0007948350991723061,400,0,0
2019,6421,6840913,0.039894623114620734,126,0,0
2019,6422,25617,0.00014939242179037206,450,0,0
2019,6423,352094,0.002053330809925411,350,0,0
2019,6424,1115716,0.0065065977776580675,257,0,0
2019,6428,3522572,0.020542825545963792,162,0,0
2019,6511,22586,0.00013171633050541995,459,0,0
2019,6512,693862,0.004046442775044351,294,0,0
2019,6513,1034096998,6.030614626902975,3,1,1
2019,6514,24058979,0.14030640350601958,62,0,0
2019,6515,842808,0.00491506141329195,283,0,0
2019,6516,7482561,0.04363656591264348,124,0,0
2019,6517,2146231,0.012516323020321348,201,0,0
2019,6518,29386,0.00017137235846242233,447,0,0
2019,6519,618070,0.0036044413528506557,299,0,0
2019,6521,584010477,3.405814088690337,8,0,1
2019,6522,1387114985,8.08933391540249,2,1,1
2019,6531,368415583,2.148514508712254,14,0,0
2019,6532,58170013,0.33923406790988114,37,0,0
2019,6534,247903711,1.4457171314795056,17,0,0
2019,6535,7607855,0.044367251554826515,121,0,0
2019,6536,2711354,0.015811989709607385,176,0,0
2019,6538,5020218,0.029276750787977434,142,0,0
2019,6539,24022593,0.1400942087658367,63,0,0
2019,6541,2589982,0.01510417626472543,182,0,0
2019,6542,3889858,0.022684752587760197,154,0,0
2019,6543,10605488,0.06184875420965489,94,0,0
2019,6544,2249422,0.013118109076337675,195,0,0
2019,6545,7973230,0.046498034086413245,117,0,0
2019,6546,3086,1.799683856989843e-05,487,0,0
2019,6549,2719922,0.015861956304833207,174,0,0
2019,6551,39222562,0.2287369140025381,43,0,0
2019,6552,5997568,0.034976430041473945,133,0,0
2019,6553,76730,0.00044747162134423416,420,0,0
2019,6560,10909199,0.06361992654889741,92,0,0
2019,6571,8971726,0.052321031923318405,104,0,0
2019,6572,18571235,0.10830314917000897,74,0,0
2019,6573,10088498,0.05883378804884743,95,0,0
2019,6574,13544831,0.07899032306012829,85,0,0
2019,6575,16116336,0.09398674573241822,79,0,0
2019,6576,20386,0.00011888643910756624,461,0,0
2019,6577,8525829,0.04972066370303259,111,0,0
2019,6579,24474,0.00014272671003230533,456,0,0
2019,6581,35857351,0.20911178142941866,46,0,0
2019,6582,68911059,0.4018733650368589,34,0,0
2019,6583,34323884,0.2001689563966039,48,0,0
2019,6584,3120402340,18.19746506354936,1,1,1
2019,6589,82198852,0.47936470190375013,32,0,0
2019,6591,205659,0.0011993557431778164,382,0,0
2019,6592,62130944,0.3623333018027866,36,0,0
2019,6593,3927500,0.022904272029577476,152,0,0
2019,6594,2276203,0.013274289677031278,192,0,0
2019,6595,1084705,0.006325748794867686,258,0,0
2019,6596,190639,0.0011117625755433789,384,0,0
2019,6597,55086,0.0003212488170646225,431,0,0
2019,6611,0,0.0,500,0,0
2019,6612,256525080,1.4959949623753341,15,0,0
2019,6613,12092693,0.07052178995344809,90,0,0
2019,6618,30269,0.00017652181032801542,446,0,0
2019,6623,825834,0.004816072969388691,286,0,0
2019,6624,2670610,0.015574380120919135,177,0,0
2019,6631,164850,0.0009613670895164473,392,0,0
2019,6632,185506,0.0010818281062046592,386,0,0
2019,6633,8921871,0.05203028908893658,105,0,0
2019,6635,0,0.0,501,0,0
2019,6637,18311,0.00010678551881186332,463,0,0
2019,6638,86815,0.000506285009865759,414,0,0
2019,6639,2207618,0.012874317812703187,198,0,0
2019,6641,582136,0.0033948825721731675,301,0,0
2019,6642,435570,0.0025401435437105184,336,0,0
2019,6643,19164,0.00011176001761294021,462,0,0
2019,6644,7647162,0.04459648089172444,119,0,0
2019,6645,7812,4.555777800001508e-05,478,0,0
2019,6646,0,0.0,502,0,0
2019,6647,1003,5.84926412365785e-06,492,0,0
2019,6648,230060,0.0013416567340864655,375,0,0
2019,6649,135742,0.0007916159627852083,401,0,0
2019,6651,7507252,0.04378055811650912,123,0,0
2019,6652,4126526,0.024064945650190763,149,0,0
2019,6658,144901,0.0008450291333820003,397,0,0
2019,6664,1318472,0.0076890238959595346,240,0,0
2019,6665,514002,0.0029975408355816377,319,0,0
2019,6666,25092,0.00014633074316133877,452,0,0
2019,6671,450964,0.002629917792882591,332,0,0
2019,6672,7521,4.386073327420807e-05,479,0,0
2019,6673,3324689,0.01938881763710857,166,0,0
2019,6674,73048,0.00042599904855928077,422,0,0
2019,6712,353045,0.0020588768220705742,349,0,0
2019,6713,18857029,0.10996983370735361,73,0,0
2019,6716,8475,4.942424072582281e-05,475,0,0
2019,6724,503549,0.002936581356135381,321,0,0
2019,6725,142453026,0.8307531149434685,24,0,0
2019,6727,17453,0.00010178186116670036,465,0,0
2019,6731,5926,3.455906201076413e-05,481,0,0
2019,6732,439074,0.002560578061646009,334,0,0
2019,6733,44872,0.000261683130365678,435,0,0
2019,6741,24535,0.00014308244793015488,455,0,0
2019,6744,1830811,0.01067686649999816,217,0,0
2019,6745,97921,0.0005710526343496514,411,0,0
2019,6746,5721020,0.033363666038613196,136,0,0
2019,6747,3162765,0.018444514303151267,168,0,0
2019,6749,22792043,0.13291792564782356,65,0,0
2019,6750,9546840,0.05567496381485715,98,0,0
2019,6760,2958953,0.017255929836978833,172,0,0
2019,6770,2150530,0.012541393794466518,200,0,0
2019,6781,415401,0.0024225225984362856,340,0,0
2019,6782,3030833,0.017675117379559617,170,0,0
2019,6783,20050540,0.11693011394014624,70,0,0
2019,6784,9420,5.493526225808271e-05,470,0,0
2019,6785,436931,0.002548080581070736,335,0,0
2019,6793,912682,0.005322550427625418,276,0,0
2019,6794,1188720,0.006932340228389391,250,0,0
2019,6911,12729626,0.0742362359614977,88,0,0
2019,6912,458943,0.0026764494762750797,329,0,0
2019,6921,273996,0.0015978813288392386,366,0,0
2019,6924,22406541,0.13066976710525294,67,0,0
2019,6931,364547,0.0021259538270060802,347,0,0
2019,6932,76316,0.0004450572690539108,421,0,0
2019,6935,2354248,0.013729430074370136,189,0,0
2019,6940,2352989,0.013722087877429274,190,0,0
2019,6951,213600,0.0012456658193552511,378,0,0
2019,6953,12262147,0.07151000650659894,89,0,0
2019,6954,6577608,0.03835908922620625,127,0,0
2019,6960,92876384,0.5416336000660718,29,0,0
2019,6973,1194878,0.006968252260765748,249,0,0
2019,6974,24864312,0.14500291938288673,59,0,0
2019,6975,2022003,0.011791854043697453,206,0,0
2019,6978,123864,0.0007223462127744326,404,0,0
2019,6991,1950756,0.01137635801077796,209,0,0
2019,6992,41476,0.00024187844346244564,438,0,0
2019,6993,1146771,0.006687703358276408,252,0,0
2019,6994,550913,0.0032127972543935365,310,0,0
2019,6996,1585560,0.009246619365809512,227,0,0
2019,6997,3905594,0.022776521301867757,153,0,0
2019,6998,1300192,0.007582419161981005,241,0,0
2019,6999,103859,0.000605681677586222,409,0,0
2019,7111,78598,0.0004583653654947754,417,0,0
2019,7112,13863,8.084581111293e-05,467,0,0
2019,7119,1430456,0.008342088695185558,233,0,0
2019,7126,26129,0.00015237828742478162,448,0,0
2019,7129,320743,0.0018704990257371785,354,0,0
2019,7131,24248898,0.14141396720801458,61,0,0
2019,7132,840960,0.004904284304517753,284,0,0
2019,7133,1262277,0.007361307647276631,245,0,0
2019,7138,492377,0.002871428834909553,323,0,0
2019,7139,875494,0.005105678608851152,279,0,0
2019,7144,26347205,0.15365080853954013,57,0,0
2019,7148,9215622,0.05374337701075973,101,0,0
2019,7149,54300852,0.31667001544133067,39,0,0
2019,7161,1057560,0.006167445430324622,262,0,0
2019,7162,3522034,0.020539688054340133,163,0,0
2019,7163,1780,1.0380548494627091e-05,490,0,0
2019,7169,1367396,0.007974337353572532,238,0,0
2019,7187,0,0.0,503,0,0
2019,7188,1001182,0.00583866196794817,266,0,0
2019,7211,2267932,0.013226055117144165,194,0,0
2019,7212,879572,0.00512946056208772,278,0,0
2019,7213,389475,0.002271328160081397,343,0,0
2019,7219,250662,0.0014618028352585484,371,0,0
2019,7223,1044383,0.006090600212620295,263,0,0
2019,7224,14889134,0.08682998737640509,80,0,0
2019,7233,3304811,0.019272893736560145,167,0,0
2019,7234,22613905,0.13187906601426408,66,0,0
2019,7239,4887003,0.028499871704993306,143,0,0
2019,7243,836534,0.004878472895732798,285,0,0
2019,7244,1616735,0.009428424758685917,224,0,0
2019,7245,3354966,0.019565386101587125,165,0,0
2019,7246,957936,0.005586461293679269,269,0,0
2019,7247,1518921,0.008857996123599707,229,0,0
2019,7248,68498,0.0003994645004409925,425,0,0
2019,7251,77100,0.0004496293758066005,419,0,0
2019,7252,467320,0.0027253022036568164,328,0,0
2019,7259,180724,0.0010539405877207791,389,0,0
2019,7263,205950,0.0012010527879036234,381,0,0
2019,7264,212345,0.0012383469494896572,379,0,0
2019,7267,114146,0.0006656730834088225,408,0,0
2019,7268,9241,5.389137563980278e-05,471,0,0
2019,7269,61824,0.0003605432753549581,428,0,0
2019,7271,355768,0.0020747567285598267,348,0,0
2019,7272,7384108,0.043062410777283074,125,0,0
2019,7281,787999,0.004595427996189693,287,0,0
2019,7283,2278178,0.013285807420445259,191,0,0
2019,7284,8108695,0.04728803464923609,115,0,0
2019,7361,1324934,0.007726708786056321,239,0,0
2019,7362,954539,0.005566650775007219,270,0,0
2019,7367,99116,0.0005780215980862129,410,0,0
2019,7368,284406,0.0016585900422263556,364,0,0
2019,7369,482630,0.0028145865842482435,325,0,0
2019,7371,154230,0.0008994337046777172,395,0,0
2019,7372,366876,0.0021395360165813535,346,0,0
2019,7373,535114,0.003120661138850495,313,0,0
2019,7411,2432,1.4182861763445555e-05,488,0,0
2019,7412,2010976,0.01172754712895012,207,0,0
2019,7413,430459,0.0025103373732857774,338,0,0
2019,7414,719235,0.004194412245243324,291,0,0
2019,7415,977318,0.00569949263689436,268,0,0
2019,7416,1080895,0.00630352975567413,259,0,0
2019,7421,567520,0.0033096454391408807,306,0,0
2019,7422,4459106,0.02600447532341721,147,0,0
2019,7423,58274,0.000339840496053876,430,0,0
2019,7428,684634,0.0039926272123991715,295,0,0
2019,7429,1453145,0.008474405697879151,232,0,0
2019,7431,3646595,0.02126609900998016,160,0,0
2019,7432,1608652,0.009381286571336439,225,0,0
2019,7433,4114,2.399189691398644e-05,484,0,0
2019,7434,20422615,0.11909996932280825,69,0,0
2019,7435,555197,0.003237780552006448,309,0,0
2019,7436,30872869,0.18004343473189294,51,0,0
2019,7439,189491,0.0011050677049412262,385,0,0
2019,7441,8609596,0.0502091734815435,110,0,0
2019,7442,18923702,0.1103586552297032,72,0,0
2019,7449,857657,0.005001657348458645,282,0,0
2019,7451,7632817,0.044512824168041615,120,0,0
2019,7452,5210602,0.030387026262472423,140,0,0
2019,7491,880434,0.005134487546808152,277,0,0
2019,7492,4099666,0.023908304339760603,150,0,0
2019,7493,2368394,0.013811926276058336,188,0,0
2019,7499,1247202,0.007273393732357247,246,0,0
2019,7511,0,0.0,504,0,0
2019,7512,527045,0.0030736045962644586,316,0,0
2019,7518,413488,0.0024113664246889705,341,0,0
2019,7521,0,0.0,505,0,0
2019,7522,58830,0.00034308295951624264,429,0,0
2019,7523,1739760,0.010145878117422714,219,0,0
2019,7524,90560,0.0005281249840861964,412,0,0
2019,7525,2999198,0.017490629373027297,171,0,0
2019,7528,858242,0.005005068933216711,281,0,0
2019,7591,373991,0.002181029051715776,345,0,0
2019,7599,1493955,0.008712400183309335,230,0,0
2019,7611,329460,0.0019213345545167652,351,0,0
2019,7621,0,0.0,506,0,0
2019,7622,4735,2.761342534947151e-05,483,0,0
2019,7628,1839,1.072462285484226e-05,489,0,0
2019,7631,0,0.0,507,0,0
2019,7638,584909,0.0034110540671032797,300,0,0
2019,7641,1876942,0.0109458918273047,215,0,0
2019,7642,295842,0.0017252821504199262,361,0,0
2019,7643,2448334,0.014278117875305803,185,0,0
2019,7648,1024144,0.005972571043528859,265,0,0
2019,7649,1941003,0.011319480769503749,212,0,0
2019,7711,2423963,0.01413599183746167,186,0,0
2019,7712,707886,0.00412822750093685,292,0,0
2019,7721,2076230,0.012108093371348095,204,0,0
2019,7722,41418,0.0002415402008710477,439,0,0
2019,7723,115045,0.0006709158435754909,407,0,0
2019,7731,3414702,0.019913752643651753,164,0,0
2019,7732,298679,0.00174182687855434,360,0,0
2019,7741,17167933,0.10011941632528584,76,0,0
2019,7742,988116,0.005762464076582553,267,0,0
2019,7751,394033,0.002297909362350223,342,0,0
2019,7752,2383258,0.01389860968775729,187,0,0
2019,7753,0,0.0,508,0,0
2019,7754,24883,0.00014511190347854267,454,0,0
2019,7757,8915439,0.05199277915190431,106,0,0
2019,7758,171220,0.000998515456882051,391,0,0
2019,7761,0,0.0,509,0,0
2019,7762,0,0.0,510,0,0
2019,7763,139632,0.0008143015434841405,399,0,0
2019,7764,27356654,0.15953768174030014,56,0,0
2019,7768,86146,0.0005023835565270481,415,0,0
2019,7781,3067976,0.017891726768737105,169,0,0
2019,7782,234878,0.0013697541962477654,373,0,0
2019,7783,581130,0.0033890158127430573,302,0,0
2019,7784,8374,4.883523207528499e-05,476,0,0
2019,7788,1397100,0.008147564214518826,235,0,0
2019,7810,2164021,0.012620070187579447,199,0,0
2019,7821,3772291,0.02199912902322771,156,0,0
2019,7822,4681191,0.027299623701186458,145,0,0
2019,7831,226392,0.0013202658060649532,377,0,0
2019,7832,9420471,0.05493800902119561,99,0,0
2019,7841,149817,0.0008736981088873861,396,0,0
2019,7842,68828,0.0004013889841506705,424,0,0
2019,7849,17084829,0.09963477300950073,77,0,0
2019,7851,928225,0.005413193610351254,272,0,0
2019,7852,263293,0.0015354639071886802,369,0,0
2019,7853,521500,0.0030412674381730498,318,0,0
2019,7861,1600326,0.00933273126416438,226,0,0
2019,7868,473895,0.0027636460836299474,327,0,0
2019,7911,0,0.0,511,0,0
2019,7912,0,0.0,512,0,0
2019,7913,9236,5.3862216795716755e-05,472,0,0
2019,7914,4097,2.389275684409393e-05,485,0,0
2019,7915,17565,0.00010243501927422747,464,0,0
2019,7919,697774,0.004069256654657261,293,0,0
2019,7921,17882556,0.10428693245274422,75,0,0
2019,7922,120609,0.0007033638052744264,405,0,0
2019,7923,0,0.0,513,0,0
2019,7924,112762496,0.6576048079231425,27,0,0
2019,7928,30698,0.0001790236391505969,445,0,0
2019,7929,45612578,0.266002010052787,42,0,0
2019,7931,38211978,0.22284342174417054,44,0,0
2019,7932,5420,3.160818698925778e-05,482,0,0
2019,7933,25521,0.00014883257198392024,451,0,0
2019,7938,50434950,0.29412496870735544,40,0,0
2019,8121,662772,0.0038651330825174085,298,0,0
2019,8122,1947457,0.011357119005449997,211,0,0
2019,8124,2557906,0.014917116448144724,183,0,0
2019,8211,1071260,0.006247340663120347,261,0,0
2019,8212,85398115,0.4980220641051918,31,0,0
2019,8219,3675808,0.021436462472437204,158,0,0
2019,8310,30618781,0.17856165225666665,52,0,0
2019,8421,14592870,0.0851022442195443,81,0,0
2019,8422,804253235,4.690218937010235,5,1,1
2019,8423,503134429,2.9341636739050627,9,0,1
2019,8424,124975528,0.7288283871042843,26,0,0
2019,8429,784033677,4.5723031491681425,6,0,1
2019,8431,31198599,0.18194301678872155,50,0,0
2019,8432,45770815,0.2669248116551152,41,0,0
2019,8433,6124368,0.03571589832749569,132,0,0
2019,8434,8817174,0.05141972038908153,107,0,0
2019,8435,6171103,0.03598844604316783,130,0,0
2019,8439,219956105,1.2827331542931397,20,0,0
2019,8441,9718996,0.0566789378073521,97,0,0
2019,8442,65591788,0.3825161439232019,35,0,0
2019,8443,16356492,0.0953872800044832,78,0,0
2019,8451,380954893,2.221640865759537,13,0,0
2019,8452,180746540,1.054072035789919,22,0,0
2019,8459,827390449,4.825149820132463,4,1,1
2019,8461,9805820,0.05718527530313722,96,0,0
2019,8462,682180294,3.97831776626178,7,0,1
2019,8463,448823803,2.617436658755313,11,0,0
2019,8464,99663466,0.5812142932334935,28,0,0
2019,8465,4072402,0.023749306994728294,151,0,0
2019,8471,9027612,0.05264694615543679,103,0,0
2019,8472,224276341,1.3079277718809115,19,0,0
2019,8481,496438881,2.8951167858645555,10,0,1
2019,8482,5102690,0.02975770842587007,141,0,0
2019,8483,555659,0.0032404748291999974,308,0,0
2019,8484,2663621,0.015533621888655681,178,0,0
2019,8510,128348420,0.7484983134936887,25,0,0
2019,8710,1124075,0.006555345533201095,254,0,0
2019,8720,384280317,2.241033969746726,12,0,0
2019,8731,578716,0.0033749379228183215,303,0,0
2019,8732,11027,6.430691474733311e-05,469,0,0
2019,8741,13941498,0.08130359330154305,84,0,0
2019,8742,868545,0.005065153647340387,280,0,0
2019,8743,270340,0.001576560382043533,368,0,0
2019,8744,543303,0.0031684174936945976,312,0,0
2019,8745,1245230,0.007261893484249716,247,0,0
2019,8748,7536791,0.04395282273560057,122,0,0
2019,8749,4347753,0.025355090370314845,148,0,0
2019,8811,24961,0.00014556678144628476,453,0,0
2019,8812,31813,0.00018552606138178186,443,0,0
2019,8813,452865,0.0026410039854041,331,0,0
2019,8821,453878,0.00264691156721593,330,0,0
2019,8822,431943,0.0025189917182105114,337,0,0
2019,8830,0,0.0,514,0,0
2019,8841,374339,0.0021830585072641637,344,0,0
2019,8842,447898,0.0026120375896890365,333,0,0
2019,8851,416239,0.0024274096207051047,339,0,0
2019,8852,119085,0.0006944761895970041,406,0,0
2019,8921,5569955,0.03248268988224194,139,0,0
2019,8922,86962,0.0005071422798818884,413,0,0
2019,8924,302974,0.0017668743256242408,359,0,0
2019,8928,5719852,0.0333568545326347,137,0,0
2019,8931,23316365,0.13597565033759879,64,0,0
2019,8932,164121,0.000957115730048704,393,0,0
2019,8933,70598,0.0004117112149571256,423,0,0
2019,8935,2916795,0.01701007412718305,173,0,0
2019,8939,38056552,0.22193701324398746,45,0,0
2019,8941,0,0.0,515,0,0
2019,8942,670807,0.00391199134496366,297,0,0
2019,8946,1397003,0.008146998532943556,236,0,0
2019,8947,248678157,1.4502335215129156,16,0,0
2019,8951,3755,2.1898291908609402e-05,486,0,0
2019,8952,1835004,0.010701319106648705,216,0,0
2019,8959,320324,0.001868055514602769,355,0,0
2019,8960,1519251,0.008859920607309385,228,0,0
2019,8972,241303,0.0014072233108983153,372,0,0
2019,8973,4601433,0.02683449348386372,146,0,0
2019,8974,6163973,0.03594686553150115,131,0,0
2019,8981,683960,0.003988696600216374,296,0,0
2019,8982,2272460,0.013252461366348474,193,0,0
2019,8983,185411,0.0010812740881670248,387,0,0
2019,8989,918453,0.005356205565469515,275,0,0
2019,8991,8795471,0.05129315351044172,109,0,0
2019,8993,8307791,0.04844911649366657,114,0,0
2019,8994,523165,0.0030509773332536984,317,0,0
2019,8996,6444524,0.037582974104937175,128,0,0
2019,8997,1891564,0.011031163950949888,214,0,0
2019,8998,288905,0.0016848271701349663,362,0,0
2019,8999,477972,0.0027874222050976974,326,0,0
2020,5111,365996,0.0023005103750365383,335,0,0
2020,5112,70698,0.00044438049184781576,422,0,0
2020,5113,557,3.501088205596105e-06,492,0,0
2020,5114,210818,0.0013251210293130334,372,0,0
2020,5121,211742200,1.3309301957755324,18,0,0
2020,5122,40178,0.0002525434863993542,435,0,0
2020,5123,17294,0.00010870344601001622,465,0,0
2020,5137,1650915,0.01037701801605331,216,0,0
2020,5138,2815267,0.01769568777253847,172,0,0
2020,5139,502181,0.0031565170128805336,308,0,0
2020,5145,3364,2.1144812789273422e-05,484,0,0
2020,5146,159255,0.0010010158028405881,392,0,0
2020,5147,8591,5.3999728499598085e-05,476,0,0
2020,5148,129376,0.0008132078773558378,399,0,0
2020,5154,168504,0.001059151466778754,389,0,0
2020,5155,4884931,0.030704801273340725,134,0,0
2020,5156,2296007,0.014431818721124048,187,0,0
2020,5157,155193,0.0009754836299660255,393,0,0
2020,5161,114266,0.0007182322170568124,404,0,0
2020,5162,0,0.0,493,0,0
2020,5163,36175,0.0002273821648787057,440,0,0
2020,5169,37606583,0.23638054612939133,45,0,0
2020,5221,16070,0.00010100985182034003,467,0,0
2020,5222,1980195,0.012446745707864233,198,0,0
2020,5223,3187,2.003225872753103e-05,485,0,0
2020,5224,2386239,0.014998982439198283,183,0,0
2020,5225,335264,0.0021073408189604534,345,0,0
2020,5231,4963644,0.031199560978775354,133,0,0
2020,5232,12543088,0.07884103672989952,85,0,0
2020,5233,16333,0.00010266296887253353,466,0,0
2020,5239,865161,0.005438069969554276,269,0,0
2020,5241,0,0.0,494,0,0
2020,5249,4373159,0.02748799891579256,137,0,0
2020,5311,16395584,0.10305634787479391,74,0,0
2020,5312,610713,0.0038387075068298275,295,0,0
2020,5322,429932,0.002702387530356094,321,0,0
2020,5323,38629,0.00024280706695506627,437,0,0
2020,5331,1422332,0.008940233015515114,224,0,0
2020,5332,504048,0.003168252258266257,307,0,0
2020,5334,20326998,0.12776770727643735,66,0,0
2020,5335,1794574,0.011280003349137206,206,0,0
2020,5411,596555,0.0037497157531227723,297,0,0
2020,5413,795777,0.005001948777351259,273,0,0
2020,5414,6777,4.259762077078061e-05,480,0,0
2020,5415,252877,0.0015894877597244636,361,0,0
2020,5416,3797931,0.023872336498685493,156,0,0
2020,5417,164333511,1.0329373736917373,23,0,0
2020,5419,11632808,0.07311936604445962,87,0,0
2020,5513,1449959,0.009113885733389449,222,0,0
2020,5514,5212595,0.032764371409424106,131,0,0
2020,5530,25396872,0.15963498926074318,60,0,0
2020,5541,35916957,0.22576020562585716,48,0,0
2020,5542,20305684,0.12763373565343183,67,0,0
2020,5543,932846,0.005863511899887799,259,0,0
2020,5621,917132,0.005764739727423279,260,0,0
2020,5622,7840,4.927923075740298e-05,479,0,0
2020,5623,102503,0.0006442945140722038,410,0,0
2020,5629,1017198,0.006393716194893979,255,0,0
2020,5721,0,0.0,495,0,0
2020,5722,216309,0.0013596353476917195,370,0,0
2020,5723,87542,0.0005502554105822157,413,0,0
2020,5821,231365,0.001454271584717671,365,0,0
2020,5822,3847633,0.02418474419346922,154,0,0
2020,5823,177936380,1.1184397870098144,22,0,0
2020,5824,1375853,0.008648083861640964,227,0,0
2020,5825,7611897,0.04784546285262544,113,0,0
2020,5826,1924311,0.012095480333929704,202,0,0
2020,5827,382219,0.0024024819261305877,332,0,0
2020,5828,32144,0.0002020448461053522,445,0,0
2020,5829,2323341,0.014603629753461148,185,0,0
2020,5831,21101735,0.13263740668961313,65,0,0
2020,5832,1285620,0.008080913857950563,232,0,0
2020,5833,45927042,0.28867975774527277,38,0,0
2020,5834,8732855,0.05489137458111484,103,0,0
2020,5835,127674,0.0008025097586378402,400,0,0
2020,5836,4170298,0.026212892534328586,146,0,0
2020,5837,2340691,0.014712685193976576,184,0,0
2020,5838,171229,0.0010762797708366524,388,0,0
2020,5839,7911918,0.049731279700975795,110,0,0
2020,5841,2388869,0.015015513609720218,182,0,0
2020,5842,257612,0.0016192501522801143,360,0,0
2020,5843,655967,0.004123156780898133,291,0,0
2020,5849,1762239,0.01107675795034376,207,0,0
2020,5851,51412,0.0003231560984310717,431,0,0
2020,5852,13921367,0.08750436949636414,79,0,0
2020,5911,1867574,0.011738853329403841,204,0,0
2020,5912,783790,0.004926603096345011,274,0,0
2020,5913,471657,0.0029646548649674004,312,0,0
2020,5914,458640,0.0028828349993080746,316,0,0
2020,5921,10809657,0.06794535481012455,91,0,0
2020,5922,10099841,0.06348372388419384,93,0,0
2020,5981,1232125,0.007744664821041473,236,0,0
2020,5982,300777,0.0018905687741733923,353,0,0
2020,5983,75622126,0.47533165784686265,32,0,0
2020,5989,12923053,0.08122935087718736,82,0,0
2020,6112,1086527,0.006829491678207753,251,0,0
2020,6113,17013117,0.10693792328388974,72,0,0
2020,6114,39512831,0.24836248937847782,41,0,0
2020,6115,16588962,0.10427184775813637,73,0,0
2020,6116,52811067,0.3319500965864375,34,0,0
2020,6118,2082630,0.013090612800037012,193,0,0
2020,6121,386861,0.0024316597563826116,331,0,0
2020,6122,7632705,0.04797625395384994,111,0,0
2020,6123,1198580,0.007533813826684702,241,0,0
2020,6129,221516,0.0013923645510786834,368,0,0
2020,6130,175563,0.0011035216313089208,387,0,0
2020,6210,4154166,0.02611149297430583,147,0,0
2020,6251,1198139,0.0075310418699545975,242,0,0
2020,6252,454766,0.0028584845222731025,317,0,0
2020,6253,602446,0.003786744317968673,296,0,0
2020,6254,8064121,0.050687969338599405,108,0,0
2020,6259,8171947,0.05136572218753406,107,0,0
2020,6281,14143,8.889746946453448e-05,469,0,0
2020,6282,72669,0.00045676944131501496,420,0,0
2020,6289,1956245,0.01229620520063977,199,0,0
2020,6330,68937,0.0004333115217759042,423,0,0
2020,6341,0,0.0,496,0,0
2020,6342,1824468,0.011467905558864478,205,0,0
2020,6343,1205490,0.007577247434405831,239,0,0
2020,6344,1229567,0.007728586214883636,237,0,0
2020,6349,2656712,0.016699071901015508,177,0,0
2020,6351,181330,0.001139770779749985,386,0,0
2020,6352,0,0.0,497,0,0
2020,6353,209951,0.001319671400095346,375,0,0
2020,6354,136071,0.0008552900776008394,397,0,0
2020,6359,1147303,0.007211506286436315,246,0,0
2020,6411,268484,0.0016875873712590026,357,0,0
2020,6412,709943,0.004462429199184049,282,0,0
2020,6413,308867,0.0019414194089728044,351,0,0
2020,6415,730187,0.004589675212889772,278,0,0
2020,6416,27367597,0.17202221018349612,57,0,0
2020,6417,406605,0.002555762962004316,325,0,0
2020,6418,31849364,0.20019287730006674,51,0,0
2020,6419,319815,0.002010234334780464,349,0,0
2020,6421,6304424,0.03962718942455479,123,0,0
2020,6422,30895,0.00019419411151147515,449,0,0
2020,6423,166918,0.0010491824795362489,390,0,0
2020,6424,900306,0.005658977949779904,263,0,0
2020,6428,3451260,0.02169329565609625,161,0,0
2020,6511,27878,0.00017523040753251025,454,0,0
2020,6512,877326,0.005514534490238435,267,0,0
2020,6513,878030718,5.51896407709314,3,1,1
2020,6514,17923641,0.11266112765967463,68,0,0
2020,6515,772842,0.004857788170537352,275,0,0
2020,6516,4225852,0.026562083654927668,143,0,0
2020,6517,1683288,0.010580502268261141,212,0,0
2020,6518,25791,0.00016211232658981892,456,0,0
2020,6519,677970,0.004261459193443431,289,0,0
2020,6521,513404288,3.2270622933918593,8,0,1
2020,6522,1135982180,7.140347957208888,2,1,1
2020,6531,334614141,2.103256054723109,14,0,0
2020,6532,61649747,0.3875066464985347,33,0,0
2020,6534,233622274,1.4684599426677585,17,0,0
2020,6535,7135349,0.04485006503898018,115,0,0
2020,6536,3052946,0.019189646737741123,167,0,0
2020,6538,8738165,0.054924751202967116,102,0,0
2020,6539,21997773,0.13826955762958787,64,0,0
2020,6541,2390265,0.015024288329890795,181,0,0
2020,6542,3569960,0.022439398295242136,159,0,0
2020,6543,9731412,0.061167920605020465,97,0,0
2020,6544,1894176,0.011906063290705938,203,0,0
2020,6545,8058665,0.05065367501678659,109,0,0
2020,6546,0,0.0,498,0,0
2020,6549,2490130,0.01565200138851172,180,0,0
2020,6551,38273113,0.24057009787387243,44,0,0
2020,6552,6324427,0.039752920604764014,122,0,0
2020,6553,104085,0.0006542383588500369,409,0,0
2020,6560,11035992,0.06936800974551699,89,0,0
2020,6571,9281532,0.05834014760334439,100,0,0
2020,6572,33430037,0.21012838106524487,50,0,0
2020,6573,12779087,0.08032443585993987,84,0,0
2020,6574,11905464,0.07483317700637168,86,0,0
2020,6575,2550666,0.016032507448859954,178,0,0
2020,6576,4923,3.0944088395241695e-05,481,0,0
2020,6577,6714604,0.042205423464359834,120,0,0
2020,6579,33650,0.00021151098405441457,442,0,0
2020,6581,26898968,0.16907658816428553,59,0,0
2020,6582,111353872,0.6999276982166218,28,0,0
2020,6583,35791551,0.22497195164468842,49,0,0
2020,6584,3069562952,19.2940945198958,1,1,1
2020,6589,81014617,0.5092267864624518,30,0,0
2020,6591,315990,0.0019861918529377257,350,0,0
2020,6592,48961885,0.3077556159735239,35,0,0
2020,6593,3003116,0.018876434484087885,169,0,0
2020,6594,2977099,0.01871290160824409,170,0,0
2020,6595,1955151,0.012289328736551938,200,0,0
2020,6596,245128,0.0015407805200383518,362,0,0
2020,6597,71072,0.0004467313122946613,421,0,0
2020,6611,28186,0.00017716637731226537,453,0,0
2020,6612,258288266,1.6235009007836074,15,0,0
2020,6613,9615882,0.060441743369127256,98,0,0
2020,6618,33256,0.00020903445128420836,443,0,0
2020,6623,580109,0.0036463425096232506,300,0,0
2020,6624,1932952,0.012149794343237706,201,0,0
2020,6631,92783,0.000583198324918893,411,0,0
2020,6632,78468,0.0004932197294734563,416,0,0
2020,6633,6767582,0.042538422837710047,119,0,0
2020,6635,22692,0.00014263320208507505,459,0,0
2020,6637,13258,8.333469915582255e-05,470,0,0
2020,6638,43916,0.00027603911963547314,433,0,0
2020,6639,2148287,0.013503307500781755,192,0,0
2020,6641,1637321,0.010291571349865025,217,0,0
2020,6642,460578,0.002895016523441728,315,0,0
2020,6643,30456,0.00019143472601370728,451,0,0
2020,6644,10309693,0.06480277300828854,92,0,0
2020,6645,1974,1.240780631570325e-05,486,0,0
2020,6646,0,0.0,499,0,0
2020,6647,22544,0.00014170293089220572,461,0,0
2020,6648,333568,0.002096680413939464,346,0,0
2020,6649,37804,0.00023762143361643652,439,0,0
2020,6651,3871995,0.024337874374554917,153,0,0
2020,6652,3826995,0.02405502164699329,155,0,0
2020,6658,202555,0.001273182982916551,377,0,0
2020,6664,982094,0.00617306592493124,256,0,0
2020,6665,387224,0.0024339414350516087,330,0,0
2020,6666,25375,0.0001594975102639159,457,0,0
2020,6671,368823,0.0023182798119435765,334,0,0
2020,6672,22946,0.00014422974859175621,458,0,0
2020,6673,4192467,0.02635223835915778,145,0,0
2020,6674,73936,0.00046473331699991666,419,0,0
2020,6712,0,0.0,500,0,0
2020,6713,28570778,0.17958494413016995,54,0,0
2020,6716,210455,0.0013228393506440363,374,0,0
2020,6724,58825,0.00036975137108472326,428,0,0
2020,6725,48633998,0.30569464414503505,36,0,0
2020,6727,7627014,0.04794048251223765,112,0,0
2020,6731,18827,0.00011833929559561555,463,0,0
2020,6732,61916,0.00038918021066012285,427,0,0
2020,6733,32626,0.00020507451309834563,444,0,0
2020,6741,38836,0.00024410818950184977,436,0,0
2020,6744,4084882,0.02567600034371962,148,0,0
2020,6745,389425,0.002447776076237456,329,0,0
2020,6746,12830016,0.08064455600576179,83,0,0
2020,6747,8421572,0.052934769123480066,105,0,0
2020,6749,28176790,0.17710848678735774,55,0,0
2020,6750,14533890,0.09135445396845812,76,0,0
2020,6760,30193,0.00018978160896151382,452,0,0
2020,6770,1063292,0.006683445386543435,252,0,0
2020,6781,425086,0.002671927434405791,322,0,0
2020,6782,3109691,0.019546324027196332,166,0,0
2020,6783,23985185,0.15076166662933682,62,0,0
2020,6784,353433,0.002221544179117501,342,0,0
2020,6785,210499,0.00132311591775543,373,0,0
2020,6793,897554,0.005641679934085469,264,0,0
2020,6794,1093968,0.00687626294811411,249,0,0
2020,6911,3254671,0.020457612659238206,162,0,0
2020,6912,321544,0.002021102165134998,348,0,0
2020,6921,49147,0.0003089191778104699,432,0,0
2020,6924,30236172,0.19005297158272025,52,0,0
2020,6931,276209,0.0017361437561570817,356,0,0
2020,6932,17622,0.00011076512811313206,464,0,0
2020,6935,198930,0.0012503976243074203,379,0,0
2020,6940,2704493,0.016999404927140443,175,0,0
2020,6951,552290,0.0034714829534446545,303,0,0
2020,6953,11469132,0.07209056153254015,88,0,0
2020,6954,4017735,0.0252539400748845,150,0,0
2020,6960,92784508,0.5832078036280743,29,0,0
2020,6973,905995,0.005694736820159862,261,0,0
2020,6974,25190943,0.15834059860887567,61,0,0
2020,6975,2058281,0.012937564331961502,195,0,0
2020,6978,10588,6.655210398716618e-05,474,0,0
2020,6991,1301744,0.008182263133043977,231,0,0
2020,6992,106039,0.0006665204528423794,407,0,0
2020,6993,1043131,0.006556721078979659,254,0,0
2020,6994,288197,0.0018114957227794984,354,0,0
2020,6996,1055243,0.006632852462006913,253,0,0
2020,6997,3615917,0.02272826635747657,158,0,0
2020,6998,1488083,0.009353518564179654,221,0,0
2020,6999,122094,0.0007674360204201989,403,0,0
2020,7111,0,0.0,501,0,0
2020,7112,31589,0.00019855632913209217,448,0,0
2020,7119,360047,0.0022631172444528918,338,0,0
2020,7126,3017819,0.018968851898606517,168,0,0
2020,7129,1202048,0.007555612343555451,240,0,0
2020,7131,13449486,0.0845383066533751,80,0,0
2020,7132,948126,0.00595955611493539,258,0,0
2020,7133,3981767,0.025027859032552575,151,0,0
2020,7138,1268944,0.007976094922732394,233,0,0
2020,7139,1317391,0.008280614169225238,230,0,0
2020,7144,5280343,0.033190209333576214,129,0,0
2020,7148,9941237,0.06248680001747864,94,0,0
2020,7149,10912407,0.06859120187139026,90,0,0
2020,7161,38644176,0.24290245746603242,42,0,0
2020,7162,36414428,0.22888711738658626,47,0,0
2020,7163,12496,7.854505963577904e-05,472,0,0
2020,7169,191268,0.0012022372332279277,383,0,0
2020,7187,31957,0.00020086943588192949,446,0,0
2020,7188,200046,0.0012574123719509486,378,0,0
2020,7211,2748259,0.017274501204350708,174,0,0
2020,7212,1186057,0.007455099055412385,244,0,0
2020,7213,361391,0.0022715651125827323,336,0,0
2020,7219,361348,0.0022712948310875066,337,0,0
2020,7223,2531092,0.015909472797986816,179,0,0
2020,7224,23623730,0.14848969923731933,63,0,0
2020,7233,3219540,0.020236792677638928,163,0,0
2020,7234,5257640,0.03304750698971329,130,0,0
2020,7239,4715426,0.02963935790477777,135,0,0
2020,7243,831664,0.005227520684773571,270,0,0
2020,7244,1348181,0.008474148291039069,228,0,0
2020,7245,1175331,0.007387679536394031,245,0,0
2020,7246,979157,0.006154605070245718,257,0,0
2020,7247,688664,0.004328677572744409,286,0,0
2020,7248,111638,0.0007017136177672135,405,0,0
2020,7251,31592,0.00019857518598059628,447,0,0
2020,7252,352723,0.0022170813916381955,343,0,0
2020,7259,232753,0.001462996019958905,364,0,0
2020,7263,64833,0.0004075153530222841,426,0,0
2020,7264,147080,0.0009244884259947488,394,0,0
2020,7267,227462,0.0014297388248138262,367,0,0
2020,7268,14400,9.051287281971976e-05,468,0,0
2020,7269,8110,5.097634712277273e-05,477,0,0
2020,7271,134195,0.0008434982616696038,398,0,0
2020,7272,6538825,0.04110054413995862,121,0,0
2020,7281,594513,0.003736880524907643,298,0,0
2020,7283,4267694,0.026825086406630633,139,0,0
2020,7284,4972928,0.0312579166392794,132,0,0
2020,7361,716887,0.004506076517854892,280,0,0
2020,7362,713048,0.004481946037385802,281,0,0
2020,7367,26999,0.00016970535092080652,455,0,0
2020,7368,141058,0.0008866364454308354,395,0,0
2020,7369,277414,0.0017437179236395653,355,0,0
2020,7371,12729,8.000960820293144e-05,471,0,0
2020,7372,462698,0.0029083420297179646,314,0,0
2020,7373,104915,0.0006594554202695069,408,0,0
2020,7411,0,0.0,502,0,0
2020,7412,2061236,0.012956138327738047,194,0,0
2020,7413,475474,0.002988647061880794,311,0,0
2020,7414,398019,0.002501794661585558,326,0,0
2020,7415,1089375,0.00684739311305432,250,0,0
2020,7416,901919,0.005669116648658946,262,0,0
2020,7421,228709,0.0014375769881753671,366,0,0
2020,7422,2960015,0.01860551814162936,171,0,0
2020,7423,195815,0.0012308179299439879,381,0,0
2020,7428,616168,0.0038729955430264642,294,0,0
2020,7429,1234863,0.007761874838109555,235,0,0
2020,7431,430444,0.0027056057658341286,320,0,0
2020,7432,4329993,0.027216674008283114,138,0,0
2020,7433,4355,2.737385841179719e-05,483,0,0
2020,7434,17797381,0.1118675057622984,69,0,0
2020,7435,124877,0.0007849288902158434,401,0,0
2020,7436,26978853,0.1695787146118691,58,0,0
2020,7439,263157,0.0016541038939318746,358,0,0
2020,7441,1189416,0.0074762124401208194,243,0,0
2020,7442,3179922,0.019987769136293673,164,0,0
2020,7449,627025,0.003941238477762832,292,0,0
2020,7451,531821,0.003342822676101124,305,0,0
2020,7452,4084815,0.025675579207436357,149,0,0
2020,7491,357601,0.0022477426273058753,339,0,0
2020,7492,1439176,0.009046107934249514,223,0,0
2020,7493,2283940,0.014355970190824357,188,0,0
2020,7499,1112315,0.006991585147949069,248,0,0
2020,7511,0,0.0,503,0,0
2020,7512,728108,0.004576607416876425,279,0,0
2020,7518,658730,0.004140523938370416,290,0,0
2020,7521,0,0.0,504,0,0
2020,7522,66161,0.00041586265129343604,425,0,0
2020,7523,1125246,0.007072864450617943,247,0,0
2020,7524,123295,0.0007749850454380103,402,0,0
2020,7525,1686367,0.010599855680442525,211,0,0
2020,7528,186145,0.0011700360215990788,384,0,0
2020,7591,497384,0.0031263649121224648,309,0,0
2020,7599,1492209,0.009379453016488973,220,0,0
2020,7611,587759,0.003694427473308727,299,0,0
2020,7621,602,3.7839409331577286e-06,491,0,0
2020,7622,0,0.0,505,0,0
2020,7628,0,0.0,506,0,0
2020,7631,10133,6.369214863070974e-05,475,0,0
2020,7638,1707955,0.010735549562278087,210,0,0
2020,7641,2003465,0.012593011996094434,197,0,0
2020,7642,66330,0.0004169249204258342,424,0,0
2020,7643,5731141,0.03602375253089455,127,0,0
2020,7648,1753661,0.011022839934854345,208,0,0
2020,7649,5931916,0.037285747117031996,126,0,0
2020,7711,745400,0.004685298291654105,277,0,0
2020,7712,375415,0.0023597145937232704,333,0,0
2020,7721,1376275,0.008650736391663876,226,0,0
2020,7722,30574,0.00019217642872153558,450,0,0
2020,7723,161060,0.0010123613400238934,391,0,0
2020,7731,3946969,0.024809132161137254,152,0,0
2020,7732,208492,0.0013105006861061815,376,0,0
2020,7741,14683585,0.09229537928073227,75,0,0
2020,7742,1666569,0.010475413051547746,213,0,0
2020,7751,897319,0.00564020281428598,265,0,0
2020,7752,1728962,0.010867591501120022,209,0,0
2020,7753,1832,1.1515248819842125e-05,488,0,0
2020,7754,54953,0.00034541346528208747,430,0,0
2020,7757,9198094,0.057815688361515793,101,0,0
2020,7758,331925,0.0020863531465753807,347,0,0
2020,7761,0,0.0,507,0,0
2020,7762,1971,1.2388949467199142e-05,487,0,0
2020,7763,192816,0.0012119673670560477,382,0,0
2020,7764,28165313,0.17703634677059718,56,0,0
2020,7768,108477,0.0006818447850600515,406,0,0
2020,7781,4232644,0.026604775559940966,142,0,0
2020,7782,76394,0.0004801833615409494,417,0,0
2020,7783,392962,0.0024700083006238,327,0,0
2020,7784,7845,4.9310658838243165e-05,478,0,0
2020,7788,1664726,0.010463828660950055,214,0,0
2020,7810,531199,0.003338913022844605,306,0,0
2020,7821,1242598,0.007810494079169315,234,0,0
2020,7822,1533447,0.009638659256026446,219,0,0
2020,7831,90241,0.0005672202886197452,412,0,0
2020,7832,6286170,0.03951245178702346,124,0,0
2020,7841,182128,0.0011447867014520777,385,0,0
2020,7842,34925,0.0002195251446686606,441,0,0
2020,7849,14077182,0.08848376277958668,78,0,0
2020,7851,1654852,0.010401764486906866,215,0,0
2020,7852,236311,0.0014853602422847775,363,0,0
2020,7853,451037,0.002835045459582496,318,0,0
2020,7861,623276,0.003917673702748864,293,0,0
2020,7868,357545,0.0022473906328004654,340,0,0
2020,7912,679543,0.004271346467675752,288,0,0
2020,7913,0,0.0,508,0,0
2020,7914,0,0.0,509,0,0
2020,7915,0,0.0,510,0,0
2020,7919,418172,0.00262846868421999,324,0,0
2020,7921,0,0.0,511,0,0
2020,7922,1343273,0.008443298486886349,229,0,0
2020,7923,1521,9.560422191582899e-06,489,0,0
2020,7924,46671651,0.29336008411453796,37,0,0
2020,7928,0,0.0,512,0,0
2020,7929,17076214,0.1073345268072443,71,0,0
2020,7931,2169927,0.013639328234658058,191,0,0
2020,7932,21260,0.00013363219973244736,462,0,0
2020,7933,40901,0.00025708798688884433,434,0,0
2020,7938,6847339,0.0430397447264241,118,0,0
2020,8121,701948,0.004412175697920601,284,0,0
2020,8122,1205755,0.007578913122690361,238,0,0
2020,8124,3129018,0.019667806130875966,165,0,0
2020,8211,822571,0.0051703655769576185,272,0,0
2020,8212,130008495,0.8171834981540397,25,0,0
2020,8219,4208420,0.02645251279388646,144,0,0
2020,8310,28715655,0.18049558534374652,53,0,0
2020,8421,17647149,0.110923205074142,70,0,0
2020,8422,714546541,4.491365290923866,5,1,1
2020,8423,454964528,2.8597323930797103,10,0,1
2020,8424,111832425,0.7029356986906838,27,0,0
2020,8429,697337689,4.383197052559326,6,0,1
2020,8431,36502274,0.22943928362448357,46,0,0
2020,8432,40744226,0.2561025656997166,40,0,0
2020,8433,7076212,0.04447835255565103,117,0,0
2020,8434,8702537,0.05470080727013232,104,0,0
2020,8435,8382646,0.052690095228523096,106,0,0
2020,8439,205605626,1.2923580470247824,20,0,0
2020,8441,9762529,0.061363510123321245,96,0,0
2020,8442,80809119,0.5079351049111528,31,0,0
2020,8443,38430235,0.2415577064574266,43,0,0
2020,8451,431613690,2.712957988209719,11,0,0
2020,8452,208420148,1.3100490520132757,19,0,0
2020,8459,842554556,5.295974539646073,4,1,1
2020,8461,9394914,0.05905282333570866,99,0,0
2020,8462,588953937,3.7019383886357113,7,0,1
2020,8463,400719088,2.5187663783734786,12,0,0
2020,8464,135872324,0.8540412765230386,24,0,0
2020,8465,4482492,0.028175224188292446,136,0,0
2020,8471,3620431,0.022756639628859085,157,0,0
2020,8472,240632687,1.512524707965169,16,0,0
2020,8481,465955061,2.9288146649998446,9,0,1
2020,8482,7402474,0.046529110257866824,114,0,0
2020,8483,703268,0.004420472711262408,283,0,0
2020,8484,2283026,0.014350225137646774,189,0,0
2020,8510,115877646,0.728362405211563,26,0,0
2020,8710,866482,0.005446373268512251,268,0,0
2020,8720,336251075,2.1135451935395175,13,0,0
2020,8731,84546,0.0005314237045427796,415,0,0
2020,8732,11415,7.175030855813202e-05,473,0,0
2020,8741,4258733,0.026768761000148862,140,0,0
2020,8742,555260,0.0034901512334637214,302,0,0
2020,8743,356359,0.0022399358920251744,341,0,0
2020,8744,307608,0.0019335058182172469,352,0,0
2020,8745,830766,0.0052218762014546736,271,0,0
2020,8748,4256977,0.026757723458157787,141,0,0
2020,8749,2241207,0.014087366955115673,190,0,0
2020,8811,38096,0.00023945683353750305,438,0,0
2020,8812,0,0.0,513,0,0
2020,8813,212368,0.0013348637343734893,371,0,0
2020,8821,697424,0.004383739570376405,285,0,0
2020,8822,57370,0.0003606057995602307,429,0,0
2020,8830,1067,6.706752451294512e-06,490,0,0
2020,8841,420436,0.0026426993192244235,323,0,0
2020,8842,345134,0.002169379850538969,344,0,0
2020,8851,565424,0.003554038236195641,301,0,0
2020,8852,74544,0.0004685549716300826,418,0,0
2020,8921,2676459,0.01682319396348572,176,0,0
2020,8922,86670,0.0005447743532836884,414,0,0
2020,8924,138206,0.0008687098681195965,396,0,0
2020,8928,5560290,0.03494984872296941,128,0,0
2020,8931,14140225,0.08888002687966819,77,0,0
2020,8932,219838,0.001381817287148719,369,0,0
2020,8933,22660,0.0001424320623676979,460,0,0
2020,8935,3537032,0.022232425526061042,160,0,0
2020,8939,45611461,0.28669613670934774,39,0,0
2020,8941,0,0.0,514,0,0
2020,8942,880531,0.00553467989005699,266,0,0
2020,8946,680788,0.0042791720598049565,287,0,0
2020,8947,192835948,1.2120927525273675,21,0,0
2020,8951,4534,2.849898370587565e-05,482,0,0
2020,8952,1401849,0.008811484739545232,225,0,0
2020,8959,258603,0.001625479197902638,359,0,0
2020,8960,13044473,0.0819925503923103,81,0,0
2020,8972,392000,0.0024639615378701488,328,0,0
2020,8973,6235175,0.03919191679053445,125,0,0
2020,8974,7133765,0.04484010862297001,116,0,0
2020,8981,471573,0.0029641268732092853,313,0,0
2020,8982,2006135,0.01260979459126309,196,0,0
2020,8983,195896,0.0012313270648535988,380,0,0
2020,8989,753336,0.004735180941563639,276,0,0
2020,8991,1610295,0.010121696287307682,218,0,0
2020,8993,9912974,0.06230914964772143,95,0,0
2020,8994,543408,0.003415654110640158,304,0,0
2020,8996,2809940,0.017662204295211346,173,0,0
2020,8997,2321030,0.014589103694496815,186,0,0
2020,8998,496224,0.0031190735973675426,310,0,0
2020,8999,437395,0.0027492970838181472,319,0,0
2021,5111,793756,0.003869702938652327,283,0,0
2021,5112,57187,0.00027879688714505543,431,0,0
2021,5113,3517,1.7146006121831186e-05,479,0,0
2021,5114,341627,0.0016654929295942058,340,0,0
2021,5121,254487477,1.240672117876421,20,0,0
2021,5122,6284,3.063562765697673e-05,478,0,0
2021,5123,0,0.0,490,0,0
2021,5137,2670448,0.013018913208993985,184,0,0
2021,5138,11867039,0.05785394465226312,92,0,0
2021,5139,721150,0.0035157356595844637,287,0,0
2021,5145,283960,0.0013843559563136716,354,0,0
2021,5146,27706,0.00013507172181161637,456,0,0
2021,5147,59816,0.0002916137339162508,427,0,0
2021,5148,53853,0.00026254303886237557,436,0,0
2021,5154,127125,0.0006197571874432156,400,0,0
2021,5155,5438981,0.02651600839423472,133,0,0
2021,5156,3395142,0.0165519265045454,170,0,0
2021,5157,56618,0.00027602291003862324,433,0,0
2021,5161,1075,5.240817907582747e-06,489,0,0
2021,5162,0,0.0,491,0,0
2021,5163,16495,8.041608500983946e-05,466,0,0
2021,5169,45043563,0.2195954526434713,45,0,0
2021,5221,17391,8.478424579606657e-05,465,0,0
2021,5222,3505369,0.01708930290966086,167,0,0
2021,5223,0,0.0,492,0,0
2021,5224,4531118,0.02209001335420514,146,0,0
2021,5225,3500729,0.017066682077017902,168,0,0
2021,5231,3700441,0.01804031391511945,161,0,0
2021,5232,24005479,0.11703101788214101,66,0,0
2021,5233,27615,0.00013462808048176519,457,0,0
2021,5239,1327618,0.00647237598960855,244,0,0
2021,5241,1284,6.259730412405812e-06,486,0,0
2021,5249,4945180,0.024108639907181446,141,0,0
2021,5311,26548545,0.12942892098257341,63,0,0
2021,5312,653976,0.003188250355283102,296,0,0
2021,5322,436127,0.002126197387516596,320,0,0
2021,5323,132505,0.0006459856528783739,398,0,0
2021,5331,1425862,0.0069513331193876765,237,0,0
2021,5332,242521,0.0011823333951301168,361,0,0
2021,5334,13479071,0.06571288992965515,85,0,0
2021,5335,12676687,0.061801123942717605,89,0,0
2021,5411,270166,0.0013171077309953492,355,0,0
2021,5413,392640,0.0019141904588216652,331,0,0
2021,5414,9492,4.627520332909343e-05,473,0,0
2021,5415,212636,0.0010366386572993164,373,0,0
2021,5416,3754288,0.01830282770290513,159,0,0
2021,5417,181458590,0.8846431887969448,23,0,0
2021,5419,12386046,0.060384196912505725,90,0,0
2021,5513,2197429,0.010712860701248047,200,0,0
2021,5514,4581033,0.02233335793639769,144,0,0
2021,5530,27667878,0.13488587022066487,61,0,0
2021,5541,30470350,0.1485484241212223,57,0,0
2021,5542,32131065,0.1566447077597258,55,0,0
2021,5543,1483851,0.00723403990045076,232,0,0
2021,5621,1050694,0.005122321795897439,269,0,0
2021,5622,0,0.0,493,0,0
2021,5623,144215,0.000703074004225159,392,0,0
2021,5629,1160467,0.005657484869543096,258,0,0
2021,5721,105283,0.000513273517920032,411,0,0
2021,5722,2883,1.4055142351219593e-05,482,0,0
2021,5723,221065,0.001077731544874214,370,0,0
2021,5821,316478,0.001542887041633463,348,0,0
2021,5822,4540241,0.02213448961631758,145,0,0
2021,5823,142968999,0.6969995257566325,27,0,0
2021,5824,1604612,0.007822771445881086,228,0,0
2021,5825,11022228,0.05373533942684648,100,0,0
2021,5826,2205577,0.010752583663397798,199,0,0
2021,5827,603064,0.0029400452191799833,301,0,0
2021,5828,36610,0.00017848031962474826,450,0,0
2021,5829,2749259,0.01340313097654236,182,0,0
2021,5831,5397070,0.02631168474835127,134,0,0
2021,5832,2323206,0.011326046146794125,194,0,0
2021,5833,83911169,0.40908200664316496,35,0,0
2021,5834,32731239,0.15957066371029843,54,0,0
2021,5835,157350,0.0007671094862866469,388,0,0
2021,5836,4279468,0.020863174445885885,152,0,0
2021,5837,3963782,0.01932414854637596,158,0,0
2021,5838,189165,0.0009222133204538516,380,0,0
2021,5839,9469531,0.046165662922055775,108,0,0
2021,5841,2799724,0.013649156907431813,179,0,0
2021,5842,319691,0.0015585509932028244,346,0,0
2021,5843,693655,0.0033816926006365678,292,0,0
2021,5849,2039673,0.00994377189210514,210,0,0
2021,5851,60053,0.0002927691514456435,426,0,0
2021,5852,15401830,0.07508668509166994,77,0,0
2021,5911,1699925,0.008287439424695444,223,0,0
2021,5912,717562,0.00349824351572176,290,0,0
2021,5913,424455,0.00206929429298887,323,0,0
2021,5914,317610,0.0015484057447696339,347,0,0
2021,5921,13996274,0.06823434736617191,82,0,0
2021,5922,10999294,0.05362353206136509,101,0,0
2021,5981,1390102,0.006776996702294504,241,0,0
2021,5982,195094,0.0009511182594064637,377,0,0
2021,5983,90635507,0.44186436106831767,34,0,0
2021,5989,21791049,0.10623527425508197,71,0,0
2021,6112,648516,0.003161631875492031,298,0,0
2021,6113,23854112,0.11629307659449721,68,0,0
2021,6114,63128268,0.3077616347991469,39,0,0
2021,6115,14739805,0.07185919441700253,79,0,0
2021,6116,53795465,0.26226254541278227,42,0,0
2021,6118,1145827,0.005586112242410992,261,0,0
2021,6121,874156,0.0042616673663450275,275,0,0
2021,6122,11101524,0.05412192165642758,98,0,0
2021,6123,1823811,0.008891405905903626,218,0,0
2021,6129,720923,0.00351462899384956,288,0,0
2021,6130,71919,0.0003506180307864592,418,0,0
2021,6210,7203537,0.03511853554189293,124,0,0
2021,6251,1626243,0.007928226452540548,227,0,0
2021,6252,68921,0.00033600224279861445,421,0,0
2021,6253,130689,0.0006371323269991457,399,0,0
2021,6254,16050166,0.07824743943486118,75,0,0
2021,6259,13736464,0.06696772699354953,83,0,0
2021,6281,18928,9.227739660904767e-05,463,0,0
2021,6282,42292,0.00020618108925347866,446,0,0
2021,6289,1449937,0.007068703064620284,234,0,0
2021,6330,98289,0.00047917651285432617,412,0,0
2021,6341,0,0.0,494,0,0
2021,6342,1196904,0.005835121783123182,255,0,0
2021,6343,2614622,0.012746751441078901,185,0,0
2021,6344,1178395,0.005744887086703229,257,0,0
2021,6349,2111651,0.010294677558479085,204,0,0
2021,6351,139929,0.0006821789851071128,394,0,0
2021,6352,0,0.0,495,0,0
2021,6353,183560,0.0008948879396426875,381,0,0
2021,6354,136433,0.0006651353577537088,397,0,0
2021,6359,1044318,0.005091237651731162,270,0,0
2021,6411,320665,0.0015632994179860667,345,0,0
2021,6412,3733755,0.018202725643280578,160,0,0
2021,6413,1072966,0.005230901792583656,268,0,0
2021,6415,3145824,0.015336456514701013,172,0,0
2021,6416,21882969,0.10668340075002616,70,0,0
2021,6417,582139,0.002838032089211454,305,0,0
2021,6418,38758374,0.18895402839812983,49,0,0
2021,6419,226185,0.0011026924636526546,366,0,0
2021,6421,8746330,0.04263992826942159,115,0,0
2021,6422,52116,0.00025407485215961156,438,0,0
2021,6423,341391,0.0016643423872442621,341,0,0
2021,6424,1803224,0.008791040586588831,219,0,0
2021,6428,4985144,0.02430347157867785,140,0,0
2021,6511,21593,0.00010526974984040397,461,0,0
2021,6512,1222927,0.005961988577922276,251,0,0
2021,6513,1311564685,6.394113198233605,3,1,1
2021,6514,36180354,0.17638571827524008,52,0,0
2021,6515,1470571,0.00716929751736918,233,0,0
2021,6516,10556934,0.05146694768034341,103,0,0
2021,6517,3443641,0.016788367832638287,169,0,0
2021,6518,60706,0.00029595264362578444,425,0,0
2021,6519,562216,0.0027409038890507365,306,0,0
2021,6521,565509288,2.7569592590276923,11,0,0
2021,6522,1424892506,6.946606662163029,2,1,1
2021,6531,396004665,1.930593804482146,13,0,0
2021,6532,81959446,0.3995670067835918,36,0,0
2021,6534,306879012,1.4960902526054891,16,0,0
2021,6535,8728189,0.04255148763903884,116,0,0
2021,6536,4363162,0.021271197714683308,149,0,0
2021,6538,11292208,0.055051540374464344,96,0,0
2021,6539,25426219,0.12395738033239136,65,0,0
2021,6541,2563388,0.012496976497193231,187,0,0
2021,6542,4120327,0.02008733351320623,156,0,0
2021,6543,11215279,0.054676497694638816,97,0,0
2021,6544,2570750,0.012532867568296137,186,0,0
2021,6545,12130230,0.0591370480066023,91,0,0
2021,6546,8253,4.0234855991888754e-05,474,0,0
2021,6549,2877245,0.014027085693491089,178,0,0
2021,6551,58265280,0.2840536956412306,40,0,0
2021,6552,11084792,0.054040350153888354,99,0,0
2021,6553,220443,0.0010746991832569894,371,0,0
2021,6560,10900161,0.05314024089705587,102,0,0
2021,6571,10462507,0.05100659911052079,104,0,0
2021,6572,25724911,0.12541355743234642,64,0,0
2021,6573,8080891,0.03939579373211559,118,0,0
2021,6574,15000317,0.07312923716559806,78,0,0
2021,6575,6437198,0.03138249539819149,128,0,0
2021,6576,42875,0.00020902331887219562,445,0,0
2021,6577,6537447,0.031871227262765686,127,0,0
2021,6579,17428,8.49646274356764e-05,464,0,0
2021,6581,29501302,0.1438241412266109,59,0,0
2021,6582,97352556,0.47461118031046723,32,0,0
2021,6583,40438547,0.1971451732783503,47,0,0
2021,6584,3955188657,19.28225445718489,1,1,1
2021,6589,98060282,0.4780614715611294,31,0,0
2021,6591,179594,0.0008755529779482939,383,0,0
2021,6592,69178076,0.3372555344306235,37,0,0
2021,6593,4661582,0.022726048765828278,142,0,0
2021,6594,2250492,0.01097155234834578,197,0,0
2021,6595,1224830,0.00597126604441356,250,0,0
2021,6596,223158,0.0010879352954607914,369,0,0
2021,6597,114216,0.0005568234959371824,406,0,0
2021,6611,112277,0.0005473705229857378,407,0,0
2021,6612,269297999,1.3128760703585125,18,0,0
2021,6613,12867975,0.0627336872691415,87,0,0
2021,6618,80324,0.0003915939140545829,417,0,0
2021,6623,1401057,0.0068304042931573595,239,0,0
2021,6624,3692840,0.018003257676128252,162,0,0
2021,6631,53415,0.0002604077102637511,437,0,0
2021,6632,68613,0.0003345006875283489,422,0,0
2021,6633,15947269,0.07774579809510625,76,0,0
2021,6635,9520,4.6411708353663025e-05,472,0,0
2021,6637,16009,7.804674779766718e-05,467,0,0
2021,6638,68513,0.0003340131695834575,423,0,0
2021,6639,4412400,0.021511241800388943,148,0,0
2021,6641,719522,0.003507798867441631,289,0,0
2021,6642,253060,0.0012337129113422233,357,0,0
2021,6643,33495,0.00016329413564138059,453,0,0
2021,6644,14538488,0.07087773791588547,81,0,0
2021,6645,56759,0.00027671031034092017,432,0,0
2021,6646,0,0.0,496,0,0
2021,6647,37474,0.00018269247466861011,448,0,0
2021,6648,902543,0.004400059085361354,274,0,0
2021,6649,97346,0.00047457921863400016,414,0,0
2021,6651,9492596,0.04627810893604499,107,0,0
2021,6652,6261656,0.03052669664737019,130,0,0
2021,6658,260254,0.001268784952297712,356,0,0
2021,6664,2081962,0.010149938355820272,207,0,0
2021,6665,822449,0.004009586462580021,280,0,0
2021,6666,120930,0.0005895554507571922,402,0,0
2021,6671,1514314,0.007382552492003033,231,0,0
2021,6672,13794,6.724822531832225e-05,469,0,0
2021,6673,5268597,0.025685355819010925,136,0,0
2021,6674,139415,0.0006796731428703709,396,0,0
2021,6712,12350,6.0208466194090165e-05,470,0,0
2021,6713,107155552,0.5224025449474552,30,0,0
2021,6716,179584,0.0008755042261538048,384,0,0
2021,6724,416441,0.002030224604885272,327,0,0
2021,6725,175375,0.0008549845958533249,386,0,0
2021,6727,427155,0.0020824572775009383,322,0,0
2021,6731,2267519,0.011054562028822441,195,0,0
2021,6732,391197,0.001907155574876882,332,0,0
2021,6733,983239,0.004793466566170934,271,0,0
2021,6741,49930,0.0002434177098842852,440,0,0
2021,6744,4424336,0.021569431942291183,147,0,0
2021,6745,3018118,0.014713866847997978,176,0,0
2021,6746,13074011,0.06373814974207798,86,0,0
2021,6747,3163508,0.015422669188075612,171,0,0
2021,6749,38524279,0.18781277326503626,50,0,0
2021,6750,16875377,0.08227049114307909,73,0,0
2021,6760,0,0.0,497,0,0
2021,6770,1446132,0.007050153006817167,235,0,0
2021,6781,49729,0.00024243779881505346,441,0,0
2021,6782,370797,0.0018077019141190325,335,0,0
2021,6783,50485173,0.24612427788447722,43,0,0
2021,6784,0,0.0,498,0,0
2021,6785,235677,0.001148967666981748,362,0,0
2021,6793,1694139,0.008259231636404027,224,0,0
2021,6794,2170337,0.010580782339618061,202,0,0
2021,6911,1639088,0.007990848132561852,225,0,0
2021,6912,378043,0.0018430274644058646,334,0,0
2021,6921,22140,0.00010793647299896003,460,0,0
2021,6924,39018061,0.19022004912368,48,0,0
2021,6931,438380,0.002137181166815,319,0,0
2021,6932,0,0.0,499,0,0
2021,6935,69173,0.0003372307880197408,420,0,0
2021,6940,1705044,0.008312395468294435,222,0,0
2021,6951,921453,0.0044922487287403215,272,0,0
2021,6953,14580335,0.07108174955028419,80,0,0
2021,6954,2523206,0.012301082036576962,189,0,0
2021,6960,114416048,0.5577987658355787,29,0,0
2021,6973,1303700,0.006355771447549422,245,0,0
2021,6974,30858945,0.1504428944791731,56,0,0
2021,6975,1159253,0.005651566401692115,260,0,0
2021,6978,38497,0.00018767978324484933,447,0,0
2021,6991,2088138,0.010180047464096766,206,0,0
2021,6992,109841,0.0005354945858481829,409,0,0
2021,6993,1345808,0.0065610555037843,243,0,0
2021,6994,228935,0.0011160992071371685,364,0,0
2021,6996,852740,0.004157260523267081,277,0,0
2021,6997,6641163,0.032376861374489266,126,0,0
2021,6998,1865673,0.009095490667994071,215,0,0
2021,6999,45128,0.00022000709817059926,444,0,0
2021,7111,2930718,0.014287776164162878,177,0,0
2021,7112,92676,0.0004518121306075709,415,0,0
2021,7119,116603,0.0005684605492817406,404,0,0
2021,7126,9574,4.6674968043904396e-05,471,0,0
2021,7129,1302561,0.006350218618157108,246,0,0
2021,7131,9097165,0.0443503118513814,112,0,0
2021,7132,679762,0.0033139617325528034,294,0,0
2021,7133,3669167,0.01788784755303411,163,0,0
2021,7138,417009,0.002032993706812255,325,0,0
2021,7139,1103175,0.005378176088555905,266,0,0
2021,7144,1220582,0.005950556282114572,252,0,0
2021,7148,3520922,0.017165126575629824,166,0,0
2021,7149,7659772,0.037342763037768296,122,0,0
2021,7161,1528642,0.007452404063147075,230,0,0
2021,7162,5717233,0.027872536826253982,131,0,0
2021,7163,7549,3.680272965985317e-05,476,0,0
2021,7169,528536,0.002576707845211307,310,0,0
2021,7187,0,0.0,500,0,0
2021,7188,206220,0.0010053595059550831,375,0,0
2021,7211,4143529,0.020200447426779938,154,0,0
2021,7212,1631791,0.007955273948123126,226,0,0
2021,7213,548869,0.002675834868946079,309,0,0
2021,7219,227616,0.0011096688454440508,365,0,0
2021,7223,1858627,0.009061140153597023,216,0,0
2021,7224,37346251,0.18206967536919078,51,0,0
2021,7233,309710,0.0015098918271232117,351,0,0
2021,7234,1219088,0.005943272764017894,253,0,0
2021,7239,7694005,0.03750965505584297,121,0,0
2021,7243,1143234,0.005573470902099958,262,0,0
2021,7244,1978626,0.009646156812287275,212,0,0
2021,7245,3128166,0.015250370595992085,173,0,0
2021,7246,1141556,0.00556529035098468,264,0,0
2021,7247,583644,0.00284536923428207,304,0,0
2021,7248,55307,0.0002696315497810968,434,0,0
2021,7251,126797,0.0006181581285839718,401,0,0
2021,7252,389509,0.0018989262719671146,333,0,0
2021,7259,97542,0.0004755347538059873,413,0,0
2021,7263,57497,0.0002803081927742188,430,0,0
2021,7264,553494,0.002698382573897307,307,0,0
2021,7267,673386,0.0032828775883865266,295,0,0
2021,7268,7810,3.807515149601978e-05,475,0,0
2021,7269,6797,3.31365947142697e-05,477,0,0
2021,7271,140395,0.0006844508187303068,393,0,0
2021,7272,9086207,0.0442968896349802,114,0,0
2021,7281,416915,0.002032535439944057,326,0,0
2021,7283,352298,0.0017175159694935692,338,0,0
2021,7284,4592818,0.022390811926203145,143,0,0
2021,7361,1400821,0.006829253750807416,240,0,0
2021,7362,181783,0.000886224745761967,382,0,0
2021,7367,22879,0.0001115392306117076,458,0,0
2021,7368,145791,0.0007107572870366477,391,0,0
2021,7369,251728,0.0012272191723162696,359,0,0
2021,7371,464792,0.0022659444064197214,314,0,0
2021,7372,310431,0.0015134068315058788,350,0,0
2021,7373,511380,0.0024930692665857354,311,0,0
2021,7411,0,0.0,501,0,0
2021,7412,20763,0.0001012233508978052,462,0,0
2021,7413,403702,0.0019681196938855536,330,0,0
2021,7414,553175,0.0026968273916531033,308,0,0
2021,7415,770119,0.003754468322018342,284,0,0
2021,7416,587097,0.0028622032289191703,303,0,0
2021,7421,433725,0.002114487206480304,321,0,0
2021,7422,2384836,0.011626503456230706,193,0,0
2021,7423,139487,0.0006800241557906927,395,0,0
2021,7428,150967,0.0007359912158642275,389,0,0
2021,7429,2776821,0.013537500672513334,180,0,0
2021,7431,821724,0.004006051957479559,281,0,0
2021,7432,2550246,0.0124329068888756,188,0,0
2021,7433,3382,1.648785689622777e-05,481,0,0
2021,7434,20606011,0.10045800135129959,72,0,0
2021,7435,190212,0.0009273176333368647,379,0,0
2021,7436,34430221,0.16785350584077355,53,0,0
2021,7439,190925,0.0009307936362839405,378,0,0
2021,7441,1127516,0.005496842831521925,265,0,0
2021,7442,1954625,0.009529147630333886,214,0,0
2021,7449,613345,0.00299016693909427,300,0,0
2021,7451,453307,0.002209952970448942,317,0,0
2021,7452,9836745,0.04795589706820935,106,0,0
2021,7491,346092,0.0016872606058336076,339,0,0
2021,7492,1188911,0.005796154473788011,256,0,0
2021,7493,2263722,0.011036050972454914,196,0,0
2021,7499,3563882,0.01737456428475518,165,0,0
2021,7511,0,0.0,502,0,0
2021,7512,106530,0.000519352866692828,410,0,0
2021,7518,419833,0.0020467612135759887,324,0,0
2021,7521,0,0.0,503,0,0
2021,7522,245736,0.001198007097058376,360,0,0
2021,7523,2075085,0.01011641174675009,208,0,0
2021,7524,88414,0.0004310341157962986,416,0,0
2021,7525,2493045,0.012154041749218261,191,0,0
2021,7528,413376,0.0020152821798743495,328,0,0
2021,7591,1088303,0.005305672419791653,267,0,0
2021,7599,3057090,0.014903862341481063,174,0,0
2021,7611,340594,0.0016604568692234775,342,0,0
2021,7621,0,0.0,504,0,0
2021,7622,1450,7.069010200925567e-06,485,0,0
2021,7628,15568,7.589679366069601e-05,468,0,0
2021,7631,0,0.0,505,0,0
2021,7638,748954,0.0036512851489820734,285,0,0
2021,7641,2158699,0.0105240450011916,203,0,0
2021,7642,37070,0.00018072290217124878,449,0,0
2021,7643,1729459,0.008431422974539676,220,0,0
2021,7648,850326,0.004145491840077402,278,0,0
2021,7649,7742011,0.037743692920467545,120,0,0
2021,7711,1843899,0.008989338510673415,217,0,0
2021,7712,1373795,0.00669749715102106,242,0,0
2021,7721,2044685,0.009968206291503098,209,0,0
2021,7722,34640,0.00016887621611038733,452,0,0
2021,7723,71371,0.0003479464324484542,419,0,0
2021,7731,2027693,0.009885367242307149,211,0,0
2021,7732,289283,0.0014103065365202417,353,0,0
2021,7741,16738986,0.08160556054286223,74,0,0
2021,7742,1280049,0.0062404685784031525,248,0,0
2021,7751,687722,0.00335276816096616,293,0,0
2021,7752,2393534,0.011668907767077361,192,0,0
2021,7753,0,0.0,506,0,0
2021,7754,35416,0.0001726593553627447,451,0,0
2021,7757,9116455,0.044444354062950955,110,0,0
2021,7758,446813,0.0021782935551076933,318,0,0
2021,7761,0,0.0,507,0,0
2021,7762,3455,1.6843744995998507e-05,480,0,0
2021,7763,224197,0.0010930006069082131,367,0,0
2021,7764,27656502,0.134830410179254,62,0,0
2021,7768,149139,0.0007270793878316125,390,0,0
2021,7781,5072911,0.0247313514533707,139,0,0
2021,7782,58683,0.00028609015560063103,429,0,0
2021,7783,649740,0.0031675990951375017,297,0,0
2021,7784,1131,5.513827956721942e-06,487,0,0
2021,7788,1975586,0.009631336266762576,213,0,0
2021,7810,1276815,0.006224702248065364,249,0,0
2021,7821,361205,0.0017609391928450477,337,0,0
2021,7822,7584412,0.03697536951449812,123,0,0
2021,7831,47014,0.00022920168661125142,443,0,0
2021,7832,5266644,0.025675834593547196,137,0,0
2021,7841,231139,0.0011268441026425755,363,0,0
2021,7842,59315,0.0002891712690123448,428,0,0
2021,7849,23938938,0.11670661856643082,67,0,0
2021,7851,4328233,0.021100912571712184,151,0,0
2021,7852,410263,0.0020001057462498795,329,0,0
2021,7853,826909,0.004031329762922179,279,0,0
2021,7861,496089,0.0024185228976323883,312,0,0
2021,7868,1280737,0.006243822701864006,247,0,0
2021,7912,0,0.0,508,0,0
2021,7913,158239,0.0007714435208167315,387,0,0
2021,7914,0,0.0,509,0,0
2021,7915,0,0.0,510,0,0
2021,7919,22256,0.00010850199381503406,459,0,0
2021,7921,0,0.0,511,0,0
2021,7922,199915,0.000974621499529679,376,0,0
2021,7923,1082,5.274944163725147e-06,488,0,0
2021,7924,45229250,0.22050071008980185,44,0,0
2021,7928,0,0.0,512,0,0
2021,7929,12842997,0.06261191503686651,88,0,0
2021,7931,191923314,0.9356605961803038,22,0,0
2021,7932,54631,0.0002663359284736308,435,0,0
2021,7933,51673,0.00025191514766374263,439,0,0
2021,7938,3042649,0.014833459875059291,175,0,0
2021,8121,48645,0.00023715310429243047,442,0,0
2021,8122,1141892,0.005566928411279515,263,0,0
2021,8124,2184574,0.010650190269432255,201,0,0
2021,8211,588557,0.002869320990914585,302,0,0
2021,8212,179460999,0.874904574206409,24,0,0
2021,8219,6417261,0.031285298945518486,129,0,0
2021,8310,28584309,0.13935363579821275,60,0,0
2021,8421,22592287,0.11014145328637108,69,0,0
2021,8422,899552791,4.385481279896595,5,1,1
2021,8423,604132008,2.9452519498328593,9,0,1
2021,8424,166751213,0.8129420866991116,25,0,0
2021,8429,881965273,4.299738973585587,6,0,1
2021,8431,54876467,0.2675326241474174,41,0,0
2021,8432,45040973,0.21958282592869863,46,0,0
2021,8433,11713564,0.05710572648634102,94,0,0
2021,8434,9086512,0.04429837656471212,113,0,0
2021,8435,8338603,0.04065218597825416,117,0,0
2021,8439,256063898,1.2483574531384578,19,0,0
2021,8441,11615453,0.0566274177554286,95,0,0
2021,8442,96713594,0.4714961258994301,33,0,0
2021,8443,30276601,0.14760386297817463,58,0,0
2021,8451,722699151,3.5232880487029288,8,0,1
2021,8452,304180857,1.4829362627995042,17,0,0
2021,8459,1173083175,5.718990986627001,4,1,1
2021,8461,13518518,0.06590520113337647,84,0,0
2021,8462,843188635,4.110695904910003,7,0,1
2021,8463,565840949,2.7585761659188988,10,0,1
2021,8464,148791027,0.7253829570132354,26,0,0
2021,8465,4354587,0.021229393050908867,150,0,0
2021,8471,2212225,0.01078499385637418,198,0,0
2021,8472,315364599,1.5374590119598626,15,0,0
2021,8481,552341715,2.692764977746015,12,0,0
2021,8482,7876965,0.03840161788781631,119,0,0
2021,8483,1440425,0.007022330357702213,236,0,0
2021,8484,4127230,0.020120986876942085,155,0,0
2021,8510,130363317,0.635544563930685,28,0,0
2021,8710,1556868,0.007590010878272128,229,0,0
2021,8720,383655892,1.8703913201332394,14,0,0
2021,8731,713949,0.003480629492372833,291,0,0
2021,8732,2321,1.131529150092982e-05,483,0,0
2021,8741,734863,0.0035825889953674233,286,0,0
2021,8742,252907,0.0012329670088865395,358,0,0
2021,8743,210176,0.0010246457158549875,374,0,0
2021,8744,459327,0.0022393015507314053,315,0,0
2021,8745,1159458,0.005652565813479142,259,0,0
2021,8748,3983002,0.019417849495384092,157,0,0
2021,8749,2100422,0.010239934168447228,205,0,0
2021,8811,2021,9.852737666255565e-06,484,0,0
2021,8812,28432,0.00013861110209152807,455,0,0
2021,8813,217535,0.001060522161419547,372,0,0
2021,8821,1205598,0.005877506593252042,254,0,0
2021,8822,176164,0.0008588311124385182,385,0,0
2021,8841,223231,0.001088291183560562,368,0,0
2021,8842,865314,0.0042185610296577285,276,0,0
2021,8851,2511867,0.012245802376805726,190,0,0
2021,8852,111688,0.0005444990422903273,408,0,0
2021,8921,2749763,0.013405588066984614,181,0,0
2021,8922,62760,0.00030596626221385416,424,0,0
2021,8924,114694,0.0005591538317137635,405,0,0
2021,8928,10137102,0.049420191341946876,105,0,0
2021,8931,9188685,0.04479648827454603,109,0,0
2021,8932,312306,0.001522547792972593,349,0,0
2021,8933,32320,0.0001575657997889064,454,0,0
2021,8935,5088981,0.024809695587114752,138,0,0
2021,8939,65274619,0.31822548108450327,38,0,0
2021,8941,0,0.0,513,0,0
2021,8942,1719936,0.008384996640647666,221,0,0
2021,8946,297805,0.0014518528157838884,352,0,0
2021,8947,244723397,1.1930704757228672,21,0,0
2021,8951,119845,0.0005842658810551204,403,0,0
2021,8952,1418983,0.006917796759958595,238,0,0
2021,8959,326496,0.0015917265893526853,343,0,0
2021,8960,9104102,0.04438413097121852,111,0,0
2021,8972,326008,0.0015893475017816152,344,0,0
2021,8973,6825768,0.03327684387665607,125,0,0
2021,8974,5379392,0.02622550132605337,135,0,0
2021,8981,645494,0.0031468990831974124,299,0,0
2021,8982,2699732,0.013161677963975988,183,0,0
2021,8983,820293,0.0039990755756881624,282,0,0
2021,8989,454142,0.0022140237452887854,316,0,0
2021,8991,5704896,0.027812391737392732,132,0,0
2021,8993,11749572,0.057281271947937515,93,0,0
2021,8994,469898,0.002290837072685877,313,0,0
2021,8996,4244439,0.02069240178496987,153,0,0
2021,8997,3610075,0.017599763449038873,164,0,0
2021,8998,362906,0.0017692318730876506,336,0,0
2021,8999,909122,0.004432132890955761,273,0,0
2022,5111,1596507,0.007583105884326084,236,0,0
2022,5112,0,0.0,491,0,0
2022,5113,49680,0.0002359705910048123,432,0,0
2022,5114,29139,0.00013840473130614383,452,0,0
2022,5121,327566243,1.5558776158199668,15,0,0
2022,5122,3937,1.8700004363646255e-05,478,0,0
2022,5123,0,0.0,492,0,0
2022,5137,1069352,0.005079219473272505,264,0,0
2022,5138,5109308,0.024268245337874708,148,0,0
2022,5139,776202,0.0036868124935410087,283,0,0
2022,5145,7171,3.406089186987739e-05,473,0,0
2022,5146,99911,0.00047455832765462563,406,0,0
2022,5147,59454,0.0002823952398872808,427,0,0
2022,5148,24952,0.00011851727429050074,454,0,0
2022,5154,73289,0.00034810886964878595,422,0,0
2022,5155,5055972,0.024014909439287094,151,0,0
2022,5156,2051399,0.009743756731414671,213,0,0
2022,5157,69512,0.0003301688349824177,423,0,0
2022,5161,43898,0.00020850718606942937,435,0,0
2022,5162,579,2.7501403420246844e-06,489,0,0
2022,5163,8416,3.9974406076821664e-05,470,0,0
2022,5169,56228072,0.26707269285227736,44,0,0
2022,5221,56576,0.0002687252849574932,430,0,0
2022,5222,3117674,0.0148083610374464,179,0,0
2022,5223,33565,0.00015942739305709592,444,0,0
2022,5224,4919120,0.023364888357962806,155,0,0
2022,5225,13478015,0.06401801862161283,93,0,0
2022,5231,10043074,0.047702699422002094,111,0,0
2022,5232,31378149,0.14904026497920814,58,0,0
2022,5233,24662,0.0001171398292141844,455,0,0
2022,5239,3411646,0.01620467236149766,173,0,0
2022,5241,0,0.0,493,0,0
2022,5249,5854915,0.027809737375864344,137,0,0
2022,5311,30407598,0.14443033154381538,59,0,0
2022,5312,331947,0.0015766853818895818,345,0,0
2022,5322,534686,0.002539657234742332,306,0,0
2022,5323,114570,0.0005441858013571124,402,0,0
2022,5331,568379,0.0026996926035572502,301,0,0
2022,5332,123345,0.0005858653894422016,399,0,0
2022,5334,4230371,0.020093461051522116,163,0,0
2022,5335,6553839,0.0311294940052413,130,0,0
2022,5411,495948,0.0023556590714101174,314,0,0
2022,5413,468676,0.0022261222365090863,318,0,0
2022,5414,6793,3.226546346005817e-05,474,0,0
2022,5415,37050,0.00017598048302593187,441,0,0
2022,5416,3666096,0.017413261670700047,170,0,0
2022,5417,230607954,1.0953441061954623,21,0,0
2022,5419,14590967,0.06930432983739357,88,0,0
2022,5513,1992674,0.009464824103460613,218,0,0
2022,5514,8007667,0.03803490166183036,121,0,0
2022,5530,32554428,0.1546273674513609,55,0,0
2022,5541,32274602,0.15329824694817024,56,0,0
2022,5542,31956608,0.1517878356736939,57,0,0
2022,5543,729550,0.003465224329057182,288,0,0
2022,5621,2033118,0.009656925443690055,214,0,0
2022,5622,57218,0.00027177466336782103,429,0,0
2022,5623,9626,4.5721676912486375e-05,468,0,0
2022,5629,1146171,0.005444095174367486,261,0,0
2022,5721,0,0.0,494,0,0
2022,5722,4118,1.9559720083691968e-05,477,0,0
2022,5723,5145910,0.024442097905748264,146,0,0
2022,5821,380711,0.0018083051463774777,333,0,0
2022,5822,5672235,0.02694204197399721,139,0,0
2022,5823,122616723,0.5824062116220483,27,0,0
2022,5824,2252869,0.010700701074605887,200,0,0
2022,5825,14710543,0.06987229319065427,87,0,0
2022,5826,2758774,0.013103654010239735,186,0,0
2022,5827,436864,0.0020750212614477925,325,0,0
2022,5828,27852,0.0001322917250536641,453,0,0
2022,5829,3156186,0.014991285743581209,178,0,0
2022,5831,5620211,0.02669493782692728,140,0,0
2022,5832,1994266,0.00947238580194853,217,0,0
2022,5833,111996951,0.5319643059220411,29,0,0
2022,5834,21353354,0.10142438734530942,71,0,0
2022,5835,190520,0.0009049339170337528,379,0,0
2022,5836,4963186,0.02357419351221438,154,0,0
2022,5837,5691464,0.027033376082178196,138,0,0
2022,5838,161525,0.0007672131584551591,386,0,0
2022,5839,9675703,0.04595775674913517,113,0,0
2022,5841,3486109,0.016558357508800223,171,0,0
2022,5842,417655,0.001983782149478963,326,0,0
2022,5843,792182,0.0037627144670566463,281,0,0
2022,5849,2518728,0.0119634809730348,193,0,0
2022,5851,76107,0.00036149383594209436,421,0,0
2022,5852,20981322,0.09965730580519867,74,0,0
2022,5911,1687192,0.008013842459311417,230,0,0
2022,5912,797342,0.003787223489793862,279,0,0
2022,5913,451592,0.00214497647208223,323,0,0
2022,5914,98914,0.00046982276647846224,410,0,0
2022,5921,30065911,0.142807383006604,62,0,0
2022,5922,21542211,0.10232142232730211,70,0,0
2022,5981,1637125,0.007776033691601314,231,0,0
2022,5982,259283,0.001231545143870788,360,0,0
2022,5983,113184684,0.5376058127248977,28,0,0
2022,5989,17975574,0.08538057206986187,78,0,0
2022,6112,326484,0.0015507371665381467,347,0,0
2022,6113,23764916,0.11287885011472866,65,0,0
2022,6114,61975125,0.2943701061563429,40,0,0
2022,6115,19945390,0.09473682500244511,76,0,0
2022,6116,60751538,0.2885582996439475,42,0,0
2022,6118,1914535,0.00909367865236309,222,0,0
2022,6121,776071,0.003686190268351362,284,0,0
2022,6122,10615922,0.05042361892916644,110,0,0
2022,6123,1969903,0.009356666166106134,220,0,0
2022,6129,644376,0.0030606639603324663,295,0,0
2022,6130,146151,0.0006941895701679614,390,0,0
2022,6210,5613608,0.026663574827482734,141,0,0
2022,6251,1384917,0.006578093457782037,244,0,0
2022,6252,13286850,0.06311002107673691,95,0,0
2022,6253,2215181,0.010521690212412059,201,0,0
2022,6254,17494284,0.08309453572234363,79,0,0
2022,6259,16476751,0.07826144668496643,82,0,0
2022,6281,43161,0.00020500657565134266,436,0,0
2022,6282,153113,0.0007272577516207693,388,0,0
2022,6289,1245571,0.00591622634880143,252,0,0
2022,6330,31215,0.0001482653381283256,449,0,0
2022,6341,0,0.0,495,0,0
2022,6342,1621230,0.007700535451987355,234,0,0
2022,6343,2203219,0.010464872977919313,202,0,0
2022,6344,992181,0.004712671838843512,268,0,0
2022,6349,2070558,0.009834758352853102,209,0,0
2022,6351,99319,0.00047174643977469707,409,0,0
2022,6352,0,0.0,496,0,0
2022,6353,297182,0.001411558216102901,349,0,0
2022,6354,202633,0.0009624683729283038,377,0,0
2022,6359,3186034,0.015133058090608418,177,0,0
2022,6411,1033771,0.004910216462029706,265,0,0
2022,6412,7859792,0.03733252341817423,122,0,0
2022,6413,1751199,0.008317863586896866,228,0,0
2022,6415,2655911,0.012615074241670332,188,0,0
2022,6416,21008059,0.09978430149142443,73,0,0
2022,6417,549578,0.00261039141431648,304,0,0
2022,6418,63883929,0.30343656364411165,39,0,0
2022,6419,210308,0.0009989231693446068,374,0,0
2022,6421,15402265,0.07315784168403251,85,0,0
2022,6422,83737,0.000397734890881038,417,0,0
2022,6423,291229,0.0013832825935535522,352,0,0
2022,6424,1406538,0.006680789112937333,242,0,0
2022,6428,3838862,0.01823386745019959,168,0,0
2022,6511,18765,8.91301960588829e-05,459,0,0
2022,6512,293568,0.0013943924005656349,351,0,0
2022,6513,946110031,4.493843461567055,5,1,1
2022,6514,36710986,0.17437023073247562,51,0,0
2022,6515,1541880,0.007323637980243558,239,0,0
2022,6516,13170836,0.06255897654886187,96,0,0
2022,6517,4989644,0.023699864001280508,153,0,0
2022,6518,69281,0.00032907162873197263,424,0,0
2022,6519,517610,0.00245854946880034,310,0,0
2022,6521,628869317,2.987010152924369,10,0,1
2022,6522,1574495747,7.47855660133159,2,1,1
2022,6531,402799379,1.913220763264923,13,0,0
2022,6532,99499861,0.4726054952710683,32,0,0
2022,6534,298875184,1.4196005194273755,19,0,0
2022,6535,8441942,0.04009762566361407,119,0,0
2022,6536,5131190,0.02437218069359869,147,0,0
2022,6538,7251501,0.034443256373630986,124,0,0
2022,6539,24687557,0.11726122012389271,64,0,0
2022,6541,2421036,0.011499462475119298,196,0,0
2022,6542,4015230,0.019071582047509108,167,0,0
2022,6543,10951696,0.052018481836252795,108,0,0
2022,6544,2429904,0.01154158379559093,195,0,0
2022,6545,12309029,0.058465556518224104,98,0,0
2022,6546,14501,6.887700362642479e-05,464,0,0
2022,6549,2808249,0.01333865089006991,185,0,0
2022,6551,70007438,0.33252207165041775,36,0,0
2022,6552,11595797,0.05507783959866806,105,0,0
2022,6553,149305,0.0007091704728255535,389,0,0
2022,6560,12124098,0.05758716929267839,101,0,0
2022,6571,11089743,0.052674178941253626,106,0,0
2022,6572,21844771,0.10375852502485475,68,0,0
2022,6573,9192443,0.043662363274719194,114,0,0
2022,6574,16808822,0.07983872104337139,81,0,0
2022,6575,5469854,0.025980770553342122,142,0,0
2022,6576,13125,6.234126422983417e-05,466,0,0
2022,6577,6752785,0.032074449826457956,126,0,0
2022,6579,20806,9.882455950978512e-05,457,0,0
2022,6581,37678024,0.17896347808320254,48,0,0
2022,6582,107548931,0.5108370533415012,30,0,0
2022,6583,48039325,0.22817769548555264,46,0,0
2022,6584,3837248220,18.226202300836633,1,1,1
2022,6589,95863652,0.4553341911900092,33,0,0
2022,6591,214372,0.0010182263996554675,373,0,0
2022,6592,69415375,0.3297098845324209,37,0,0
2022,6593,4845535,0.023015373544374055,157,0,0
2022,6594,4238889,0.020133919938280953,162,0,0
2022,6595,2257398,0.010722212966849462,199,0,0
2022,6596,161170,0.0007655269756893235,387,0,0
2022,6597,188219,0.0008940046028247739,381,0,0
2022,6611,135375,0.0006430056110562895,394,0,0
2022,6612,167158960,0.7939734014281356,24,0,0
2022,6613,13749151,0.06530586327062009,92,0,0
2022,6618,238649,0.0011335375517855766,365,0,0
2022,6623,861489,0.004091909590864427,276,0,0
2022,6624,962716,0.004572718669279164,272,0,0
2022,6631,108801,0.0005167841439596333,403,0,0
2022,6632,91638,0.0004352631444947461,416,0,0
2022,6633,12923155,0.061382538707664955,97,0,0
2022,6635,48357,0.000229686591570445,433,0,0
2022,6637,33186,0.0001576272148366687,446,0,0
2022,6638,185161,0.0008794796819855485,382,0,0
2022,6639,2405173,0.011424116229444795,197,0,0
2022,6641,1214315,0.005767766268438177,253,0,0
2022,6642,542298,0.002575812793090332,305,0,0
2022,6643,96173,0.00045680353560196885,412,0,0
2022,6644,28919471,0.13736201013318297,63,0,0
2022,6645,0,0.0,497,0,0
2022,6646,0,0.0,498,0,0
2022,6647,182699,0.0008677856482686836,383,0,0
2022,6648,693867,0.0032957368371323687,291,0,0
2022,6649,78765,0.0003741188325381248,418,0,0
2022,6651,5107077,0.024257648510408288,149,0,0
2022,6652,7148116,0.03395219720392421,125,0,0
2022,6658,236040,0.0011211452959093377,366,0,0
2022,6664,1572416,0.00746867819696906,238,0,0
2022,6665,619144,0.0029408167390717293,297,0,0
2022,6666,404566,0.0019216118784310164,327,0,0
2022,6671,769205,0.003653578068716921,285,0,0
2022,6672,78014,0.00037055172477152627,419,0,0
2022,6673,6662358,0.03164493870260948,127,0,0
2022,6674,351115,0.0016677297516234837,337,0,0
2022,6712,0,0.0,499,0,0
2022,6713,82870985,0.3936214836473618,35,0,0
2022,6716,31079,0.00014761936388563932,451,0,0
2022,6724,2039,9.684863829686237e-06,482,0,0
2022,6725,94897558,0.4507454276604962,34,0,0
2022,6727,10464,4.970201820197978e-05,467,0,0
2022,6731,255727,0.001214654817348785,363,0,0
2022,6732,255904,0.0012154955338263987,362,0,0
2022,6733,130053,0.0006177271190005809,397,0,0
2022,6741,67444,0.0003203462266450998,425,0,0
2022,6744,2191603,0.010409699177896933,204,0,0
2022,6745,1319059,0.006265280430761206,250,0,0
2022,6746,5987826,0.02844103945358255,135,0,0
2022,6747,1140752,0.005418355950682803,262,0,0
2022,6749,21316598,0.10124980330660224,72,0,0
2022,6750,8685196,0.04125303609324943,118,0,0
2022,6760,1816,8.625656064105055e-06,484,0,0
2022,6770,2912179,0.013832298706558036,183,0,0
2022,6781,131051,0.0006224674299873522,396,0,0
2022,6782,986827,0.004687241352848347,269,0,0
2022,6783,37269411,0.177022643721241,50,0,0
2022,6784,18295,8.689778507312884e-05,461,0,0
2022,6785,241640,0.0011477442353140669,364,0,0
2022,6793,1754232,0.008332269762470892,227,0,0
2022,6794,2011705,0.00955521774914122,216,0,0
2022,6911,1792766,0.008515298964439075,226,0,0
2022,6912,99508,0.0004726441539796067,408,0,0
2022,6921,95856,0.00045529784563923687,413,0,0
2022,6924,52874528,0.25114399398672493,45,0,0
2022,6931,464313,0.002205398812826437,319,0,0
2022,6932,3581,1.700907178720275e-05,480,0,0
2022,6935,42546,0.0002020854421274304,437,0,0
2022,6940,2181157,0.010360082656285897,205,0,0
2022,6951,734279,0.0034876861834223544,287,0,0
2022,6953,14344190,0.06813218582498629,89,0,0
2022,6954,3479244,0.016525750058976392,172,0,0
2022,6960,61548627,0.2923443214316575,41,0,0
2022,6973,1187603,0.005640889327477618,256,0,0
2022,6974,30406283,0.14442408554286587,60,0,0
2022,6975,955834,0.004540030472674995,273,0,0
2022,6978,35215,0.00016726458056027504,443,0,0
2022,6991,2994591,0.014223740098383493,182,0,0
2022,6992,93197,0.0004426680992325985,415,0,0
2022,6993,1509192,0.0071683761710896665,241,0,0
2022,6994,226510,0.001075879600815218,367,0,0
2022,6996,697542,0.0033131923911167223,290,0,0
2022,6997,6614221,0.031416297069372795,129,0,0
2022,6998,2113474,0.010038601224905488,208,0,0
2022,6999,58326,0.000277037453521471,428,0,0
2022,7111,1717122,0.00815600429080848,229,0,0
2022,7112,40787,0.00019373052526798067,439,0,0
2022,7119,123912,0.0005885585320569304,398,0,0
2022,7126,31711,0.00015062124418988734,448,0,0
2022,7129,5246513,0.024919943102343616,143,0,0
2022,7131,4686732,0.02226108937039384,158,0,0
2022,7132,1120837,0.005323763472424734,263,0,0
2022,7133,4053411,0.01925293456633267,166,0,0
2022,7138,2066230,0.009814201172541732,211,0,0
2022,7139,2443473,0.011606033975730711,194,0,0
2022,7144,7700,3.657354168150271e-05,471,0,0
2022,7148,10840171,0.051488759208197,109,0,0
2022,7149,15264900,0.07250538394986633,86,0,0
2022,7161,8961419,0.04256504302881952,115,0,0
2022,7162,14191614,0.067407478721662,90,0,0
2022,7163,1063,5.049048676290569e-06,487,0,0
2022,7169,592939,0.00281634795208942,300,0,0
2022,7187,1482,7.039219321037275e-06,485,0,0
2022,7188,1894571,0.00899885343338523,224,0,0
2022,7211,4207820,0.019986348072501395,164,0,0
2022,7212,1151515,0.005469478162256571,260,0,0
2022,7213,1181376,0.005611312256821681,257,0,0
2022,7219,266702,0.001266783988771446,358,0,0
2022,7223,1383112,0.00656952004963462,246,0,0
2022,7224,30366848,0.1442367767615399,61,0,0
2022,7233,393656,0.0018697914446978742,331,0,0
2022,7234,1400060,0.006650019839818789,243,0,0
2022,7239,4332486,0.020578487961756747,161,0,0
2022,7243,267748,0.0012717522906674009,357,0,0
2022,7244,3324331,0.015789942648261245,174,0,0
2022,7245,2553706,0.012129619848480981,191,0,0
2022,7246,1627542,0.007730516256544972,232,0,0
2022,7247,642514,0.003051819812980394,296,0,0
2022,7248,98421,0.00046748110984872447,411,0,0
2022,7251,19003,9.02606509835839e-05,458,0,0
2022,7252,344480,0.0016362147582394877,340,0,0
2022,7259,36583,0.00017376232147200176,442,0,0
2022,7263,360477,0.0017121974785354612,336,0,0
2022,7264,349019,0.0016577741485891422,338,0,0
2022,7267,273665,0.0012998569200348622,356,0,0
2022,7268,0,0.0,500,0,0
2022,7269,3894,1.84957625075028e-05,479,0,0
2022,7271,519064,0.0024654556934243536,309,0,0
2022,7272,12061027,0.05728759398782202,102,0,0
2022,7281,610393,0.002899251146441232,299,0,0
2022,7283,1331346,0.006323641353701547,248,0,0
2022,7284,6636132,0.031520370169604406,128,0,0
2022,7361,1612860,0.007660779537198501,235,0,0
2022,7362,141824,0.0006736371396672,392,0,0
2022,7367,115870,0.000550360555147496,401,0,0
2022,7368,220740,0.0010484731936071308,369,0,0
2022,7369,216167,0.0010267523096968048,372,0,0
2022,7371,95774,0.0004549083611693819,414,0,0
2022,7372,610427,0.002899412640001903,298,0,0
2022,7373,486218,0.0023094434141944006,317,0,0
2022,7411,0,0.0,501,0,0
2022,7412,306625,0.0014564106776741258,348,0,0
2022,7413,559533,0.0026576757789189944,303,0,0
2022,7414,487662,0.0023163021407123343,316,0,0
2022,7415,2174139,0.010326748485439042,206,0,0
2022,7416,464167,0.002204705340477671,320,0,0
2022,7421,1171110,0.005562550701120083,259,0,0
2022,7422,5232785,0.024854737702317165,145,0,0
2022,7423,62226,0.0002955617148926218,426,0,0
2022,7428,216772,0.001029625945114637,371,0,0
2022,7429,2168134,0.010298225872738077,207,0,0
2022,7431,220149,0.0010456660555378105,370,0,0
2022,7432,980257,0.00465603509715387,270,0,0
2022,7433,0,0.0,502,0,0
2022,7434,22285147,0.1058502276211578,66,0,0
2022,7435,282057,0.001339717330657092,354,0,0
2022,7436,35673939,0.16944445389089416,52,0,0
2022,7439,189127,0.0008983174308568265,380,0,0
2022,7441,6168223,0.029297891037831647,132,0,0
2022,7442,1953925,0.009280773692211712,221,0,0
2022,7449,674357,0.0032030680321705352,293,0,0
2022,7451,345061,0.0016389743982027282,339,0,0
2022,7452,7309879,0.03472054081730407,123,0,0
2022,7491,335822,0.001595090897995533,344,0,0
2022,7492,1858963,0.008829722177256015,225,0,0
2022,7493,2734542,0.012988556599586984,187,0,0
2022,7499,2061376,0.009791145591850561,212,0,0
2022,7511,0,0.0,503,0,0
2022,7512,383607,0.001822060597898209,332,0,0
2022,7518,690148,0.0032780722914812644,292,0,0
2022,7521,0,0.0,504,0,0
2022,7522,180974,0.0008595922249699054,384,0,0
2022,7523,2070030,0.009832250452852085,210,0,0
2022,7524,53978,0.000256385276997942,431,0,0
2022,7525,3797062,0.018035325366785718,169,0,0
2022,7528,778908,0.0036996654810462224,282,0,0
2022,7591,495007,0.0023511894996280014,315,0,0
2022,7599,840245,0.003991004614308344,277,0,0
2022,7611,512294,0.002433299475608279,311,0,0
2022,7621,0,0.0,505,0,0
2022,7622,0,0.0,506,0,0
2022,7628,5337,2.5349739214828568e-05,476,0,0
2022,7631,0,0.0,507,0,0
2022,7638,295193,0.0014021108428036143,350,0,0
2022,7641,2338766,0.011108695556400178,198,0,0
2022,7642,144230,0.0006850651839900177,391,0,0
2022,7643,2194264,0.010422338423924787,203,0,0
2022,7648,1177621,0.005593476717988689,258,0,0
2022,7649,2645434,0.012565310475930446,189,0,0
2022,7711,887397,0.004214967684096163,275,0,0
2022,7712,752764,0.003575486432511001,286,0,0
2022,7721,1194952,0.0056757956856357174,255,0,0
2022,7722,222385,0.00105628663205727,368,0,0
2022,7723,101688,0.00048299874110501915,405,0,0
2022,7731,4101569,0.019481675945592126,165,0,0
2022,7732,135910,0.0006455467597315628,393,0,0
2022,7741,17393906,0.08261775923313508,80,0,0
2022,7742,794863,0.0037754487092966607,280,0,0
2022,7751,525027,0.002493778814079782,308,0,0
2022,7752,994824,0.004725225588280422,267,0,0
2022,7753,0,0.0,508,0,0
2022,7754,33396,0.00015862467506434603,445,0,0
2022,7757,8889328,0.0422226244322791,116,0,0
2022,7758,401774,0.0019083504072135154,329,0,0
2022,7761,1908,9.062638640039892e-06,483,0,0
2022,7762,9391,4.460547141960934e-05,469,0,0
2022,7763,203362,0.0009659309848615265,375,0,0
2022,7764,37558258,0.17839461226592632,49,0,0
2022,7768,123246,0.0005853951581920108,400,0,0
2022,7781,4340307,0.020615636230521817,160,0,0
2022,7782,41369,0.0001964949150418293,438,0,0
2022,7783,452276,0.0021482253425380935,322,0,0
2022,7784,763,3.6241054938943597e-06,488,0,0
2022,7788,2014980,0.009570773378882381,215,0,0
2022,7810,1255826,0.005964935656586341,251,0,0
2022,7821,331291,0.001573569506130742,346,0,0
2022,7822,258076,0.0012258121224669471,361,0,0
2022,7831,7405,3.517234755214644e-05,472,0,0
2022,7832,567337,0.002694743300903728,302,0,0
2022,7841,0,0.0,509,0,0
2022,7842,31123,0.00014782835555239075,450,0,0
2022,7849,22228187,0.10557967840892685,67,0,0
2022,7851,8189804,0.038900017916537355,120,0,0
2022,7852,508027,0.002413032033743997,312,0,0
2022,7853,887968,0.004217679825953325,274,0,0
2022,7861,1002135,0.004759951453635418,266,0,0
2022,7868,1384135,0.006574379105886591,245,0,0
2022,7911,0,0.0,510,0,0
2022,7912,0,0.0,511,0,0
2022,7913,0,0.0,512,0,0
2022,7914,0,0.0,513,0,0
2022,7915,0,0.0,514,0,0
2022,7919,21891,0.00010397810401945142,456,0,0
2022,7921,342990,0.0016291375404335862,341,0,0
2022,7922,0,0.0,515,0,0
2022,7923,5233193,0.024856675625045222,144,0,0
2022,7924,976490,0.004638142560593582,271,0,0
2022,7928,191869,0.0009113414115439277,378,0,0
2022,7929,8858869,0.04207794995097042,117,0,0
2022,7931,15970858,0.07585855074705987,83,0,0
2022,7932,77054,0.0003659919065878584,420,0,0
2022,7933,47006,0.0002232695974390541,434,0,0
2022,7938,132305,0.0006284236924897684,395,0,0
2022,8121,17796,8.452762957974316e-05,462,0,0
2022,8122,1197399,0.005687418472193463,254,0,0
2022,8124,1901370,0.009031147395708936,223,0,0
2022,8211,1331000,0.006321997919231182,249,0,0
2022,8212,185861082,0.8828049388956094,23,0,0
2022,8219,5983325,0.028419660556036,136,0,0
2022,8310,33213901,0.15775973930244214,54,0,0
2022,8421,21559405,0.10240309057089583,69,0,0
2022,8422,953855690,4.530633874851107,4,1,1
2022,8423,730937227,3.4718133945774685,9,0,1
2022,8424,196308939,0.9324302809049445,22,0,0
2022,8429,941693351,4.472865068050969,6,0,1
2022,8431,39809400,0.1890871104176122,47,0,0
2022,8432,58167063,0.27628253287286936,43,0,0
2022,8433,9834942,0.046714111840540466,112,0,0
2022,8434,11882319,0.056438764833689814,104,0,0
2022,8435,10963565,0.052074857338358996,107,0,0
2022,8439,301754379,1.4332761503808398,18,0,0
2022,8441,19472390,0.09249016458486709,77,0,0
2022,8442,101658814,0.48286011313261445,31,0,0
2022,8443,34238344,0.16262564953112055,53,0,0
2022,8451,820599496,3.8976921910098854,8,0,1
2022,8452,294224598,1.397511116711218,20,0,0
2022,8459,1250082828,5.937656677297245,3,1,1
2022,8461,13996644,0.0664814081474227,91,0,0
2022,8462,901093994,4.2800258114949035,7,0,1
2022,8463,602419020,2.8613762516493524,11,0,0
2022,8464,147187920,0.6991147437835956,26,0,0
2022,8465,5080861,0.02413312747550929,150,0,0
2022,8471,3310039,0.01572205835505189,175,0,0
2022,8472,316818525,1.5048279908519102,17,0,0
2022,8481,570611564,2.7102968597274613,12,0,0
2022,8482,12287627,0.058363901071591964,100,0,0
2022,8483,2889645,0.01372526647431765,184,0,0
2022,8484,6011675,0.028554317686772444,134,0,0
2022,8510,164817884,0.782853733809231,25,0,0
2022,8710,4662344,0.022145250989286245,159,0,0
2022,8720,397612475,1.8885839516231109,14,0,0
2022,8731,807606,0.003835975545874244,278,0,0
2022,8732,18637,8.852222030106052e-05,460,0,0
2022,8741,1979265,0.009401133893018112,219,0,0
2022,8742,280400,0.001331846894479657,355,0,0
2022,8743,341314,0.0016211768578545996,343,0,0
2022,8744,202716,0.0009628626072087667,376,0,0
2022,8745,2550533,0.012114548699421837,192,0,0
2022,8748,3237380,0.015376941866086135,176,0,0
2022,8749,1586416,0.007535175545480883,237,0,0
2022,8811,3164,1.5028400763672022e-05,481,0,0
2022,8812,487,2.313157766089847e-06,490,0,0
2022,8813,439507,0.002087575010884703,324,0,0
2022,8821,365442,0.0017357802882041185,335,0,0
2022,8822,38953,0.00018501937261293183,440,0,0
2022,8830,1406,6.678233714830235e-06,486,0,0
2022,8841,526548,0.002501003276014531,307,0,0
2022,8842,496523,0.0023583902125097105,313,0,0
2022,8851,2582594,0.01226683237732452,190,0,0
2022,8852,99730,0.00047369861193457993,407,0,0
2022,8921,3027726,0.014381125072879152,180,0,0
2022,8922,165763,0.0007873428558118097,385,0,0
2022,8924,108796,0.0005167603949065933,404,0,0
2022,8928,12288858,0.0583697480884504,99,0,0
2022,8931,20920203,0.0993670021306491,75,0,0
2022,8932,404207,0.0019199066964227488,328,0,0
2022,8933,31774,0.00015092048225819052,447,0,0
2022,8935,5045923,0.02396717859248743,152,0,0
2022,8939,66924188,0.3178772180933407,38,0,0
2022,8941,14026,6.662084358763079e-05,465,0,0
2022,8942,1622773,0.0077078644097554804,233,0,0
2022,8946,397248,0.0018868527644017646,330,0,0
2022,8947,321784358,1.528414757112804,16,0,0
2022,8951,15363,7.29713403705099e-05,463,0,0
2022,8952,1523881,0.007238146139110393,240,0,0
2022,8959,378801,0.0017992330081162218,334,0,0
2022,8960,6232709,0.02960418732469832,131,0,0
2022,8972,286989,0.001363143396575686,353,0,0
2022,8973,15922221,0.0756275342085192,84,0,0
2022,8974,5926,2.8147377662933126e-05,475,0,0
2022,8981,701406,0.0033315456593059857,289,0,0
2022,8982,3014927,0.01432033224690752,181,0,0
2022,8983,264794,0.0012577213501314063,359,0,0
2022,8989,457767,0.002174306552586552,321,0,0
2022,8991,11962314,0.05681872593327577,103,0,0
2022,8993,13292449,0.06313661526633105,94,0,0
2022,8994,665378,0.003160419482721417,294,0,0
2022,8996,4869560,0.023129487744230955,156,0,0
2022,8997,6035317,0.02866661270916648,133,0,0
2022,8998,342723,0.0016278693410012538,342,0,0
2022,8999,1370991,0.006511947595255205,247,0,0
2023,5111,701961,0.0035704262698806827,298,0,0
2023,5112,154134,0.0007839809942173273,397,0,0
2023,5113,2511,1.2771849666392284e-05,489,0,0
2023,5114,171625,0.0008729465149321289,389,0,0
2023,5121,282001459,1.4343609080252042,18,0,0
2023,5122,1976,1.0050647128949086e-05,491,0,0
2023,5123,0,0.0,500,0,0
2023,5137,388182,0.0019744333521304223,337,0,0
2023,5138,2381473,0.012113028729817696,194,0,0
2023,5139,848569,0.0043161273196180155,285,0,0
2023,5145,1014,5.1575689214344e-06,497,0,0
2023,5146,197533,0.001004723926782743,382,0,0
2023,5147,140213,0.0007131737782850902,400,0,0
2023,5148,11360,5.77810482716911e-05,476,0,0
2023,5154,40504,0.00020601792070392398,448,0,0
2023,5155,5612910,0.02854928025129029,142,0,0
2023,5156,1380221,0.007020300724172691,249,0,0
2023,5157,19525,9.931117671696909e-05,471,0,0
2023,5161,0,0.0,501,0,0
2023,5162,259,1.3173672097154926e-06,499,0,0
2023,5163,0,0.0,502,0,0
2023,5169,50454300,0.25662872744844933,42,0,0
2023,5221,62423,0.000317505842980966,437,0,0
2023,5222,2315233,0.011776108251163046,199,0,0
2023,5223,0,0.0,503,0,0
2023,5224,2695923,0.013712434595049497,189,0,0
2023,5225,8930168,0.04542204826428796,117,0,0
2023,5231,9574093,0.04869728255199471,111,0,0
2023,5232,56949313,0.2896647010116766,40,0,0
2023,5233,31208,0.00015873511923089224,459,0,0
2023,5239,1968714,0.010013587910841028,213,0,0
2023,5241,14622,7.437275421027001e-05,473,0,0
2023,5249,5372966,0.02732883871550661,146,0,0
2023,5311,27881985,0.14181780996439852,62,0,0
2023,5312,176149,0.000895957207043144,386,0,0
2023,5322,538729,0.0027401695734471723,313,0,0
2023,5323,65113,0.00033118815106642803,436,0,0
2023,5331,819853,0.004170067409215736,288,0,0
2023,5332,776159,0.003947824000484814,294,0,0
2023,5334,9995017,0.050838253499416654,108,0,0
2023,5335,3491466,0.017758852595507767,170,0,0
2023,5411,540087,0.0027470768501683834,311,0,0
2023,5413,582666,0.0029636489676296805,306,0,0
2023,5414,0,0.0,504,0,0
2023,5415,1582,8.046621335018955e-06,493,0,0
2023,5416,3317679,0.01687490937050844,173,0,0
2023,5417,234473069,1.1926144118222322,22,0,0
2023,5419,12581258,0.06399280596977112,98,0,0
2023,5513,2710107,0.013784579523630982,187,0,0
2023,5514,4949203,0.025173427592376625,150,0,0
2023,5530,30966498,0.15750675314641074,56,0,0
2023,5541,26270356,0.13362048487240405,65,0,0
2023,5542,29428317,0.1496830110151081,59,0,0
2023,5543,579779,0.002948964646647253,307,0,0
2023,5621,1340679,0.006819175881676282,250,0,0
2023,5622,77906,0.0003962579530505605,425,0,0
2023,5623,453579,0.0023070660294036427,330,0,0
2023,5629,1253167,0.006374058355588937,257,0,0
2023,5721,1963109,0.009985078863696413,214,0,0
2023,5722,42228,0.00021478680514233907,447,0,0
2023,5723,2363,1.2019068403697718e-05,490,0,0
2023,5821,712059,0.0036217883319799382,296,0,0
2023,5822,4136814,0.02104132477332813,157,0,0
2023,5823,174140925,0.8857434149209454,25,0,0
2023,5824,2176087,0.011068361618873195,206,0,0
2023,5825,11644215,0.059226668045858244,100,0,0
2023,5826,2186129,0.011119438844818997,205,0,0
2023,5827,321099,0.0016332250720943436,354,0,0
2023,5828,35809,0.00018213746105290375,454,0,0
2023,5829,2929468,0.014900328513941408,180,0,0
2023,5831,2558525,0.013013578919835253,191,0,0
2023,5832,1809729,0.00920493298483092,223,0,0
2023,5833,60465421,0.30754889168742294,36,0,0
2023,5834,23625051,0.12016551164191587,69,0,0
2023,5835,172615,0.0008779820112163698,388,0,0
2023,5836,3970668,0.02019624642419535,160,0,0
2023,5837,3523300,0.01792077177602546,168,0,0
2023,5838,202765,0.0010313357616909724,380,0,0
2023,5839,11614307,0.05907454519447534,102,0,0
2023,5841,2750314,0.013989086795449635,184,0,0
2023,5842,305478,0.001553771044360885,357,0,0
2023,5843,661814,0.0033662241796550154,303,0,0
2023,5849,1828220,0.009298984865428794,221,0,0
2023,5851,58195,0.00029600071339534013,439,0,0
2023,5852,22963963,0.11680298015953597,70,0,0
2023,5911,2508217,0.012757694326837698,192,0,0
2023,5912,1127270,0.005733700905389897,262,0,0
2023,5913,674805,0.003432301080895996,302,0,0
2023,5914,84578,0.00043019414619041287,420,0,0
2023,5921,20450133,0.10401673609467459,76,0,0
2023,5922,22607735,0.1149910763511092,71,0,0
2023,5981,1509904,0.007679915132889038,245,0,0
2023,5982,43771,0.00022263505844191824,445,0,0
2023,5983,98965764,0.5033754918071118,30,0,0
2023,5989,21152479,0.10758912061311024,74,0,0
2023,6112,544897,0.002771542241205957,310,0,0
2023,6113,17905174,0.09107215873301307,82,0,0
2023,6114,48824944,0.24834123645480766,43,0,0
2023,6115,18730528,0.09527020620794559,78,0,0
2023,6116,41793393,0.21257623753263705,47,0,0
2023,6118,856324,0.0043555720405112335,284,0,0
2023,6121,381995,0.0019429640435338594,338,0,0
2023,6122,8353549,0.04248915651487121,121,0,0
2023,6123,1906135,0.009695288595718303,217,0,0
2023,6129,321136,0.001633413267410017,353,0,0
2023,6130,72991,0.0003712584942252645,429,0,0
2023,6210,7259677,0.036925329856856134,135,0,0
2023,6251,2728280,0.01387701394178604,186,0,0
2023,6252,33581381,0.17080698913653614,52,0,0
2023,6253,503989,0.002563469431109272,323,0,0
2023,6254,18650704,0.0948641926166393,79,0,0
2023,6259,18794308,0.09559461424128787,77,0,0
2023,6281,71193,0.0003621132191555022,432,0,0
2023,6282,74796,0.0003804393738142084,427,0,0
2023,6289,1718501,0.008740914545418083,228,0,0
2023,6330,161389,0.0008208825351690102,393,0,0
2023,6341,0,0.0,505,0,0
2023,6342,3260645,0.016584813920937344,175,0,0
2023,6343,1614619,0.00821253330804486,236,0,0
2023,6344,1406492,0.00715392448466086,248,0,0
2023,6349,2747889,0.013976752372733185,185,0,0
2023,6351,84548,0.0004300415553939207,421,0,0
2023,6352,1387,7.054781157820031e-06,495,0,0
2023,6353,115230,0.0005861012493263174,410,0,0
2023,6354,244563,0.0012439354320835907,368,0,0
2023,6359,3670537,0.01866967214612925,163,0,0
2023,6411,358784,0.001824904544287889,348,0,0
2023,6412,3639103,0.01850978750956478,164,0,0
2023,6413,355214,0.0018067462395053241,350,0,0
2023,6415,552649,0.002810971703019526,309,0,0
2023,6416,24972814,0.12702071929700381,66,0,0
2023,6417,175813,0.0008942481901224321,387,0,0
2023,6418,33869460,0.17227226260529147,51,0,0
2023,6419,74075,0.00037677210833851393,428,0,0
2023,6421,14350203,0.07299029685313085,88,0,0
2023,6422,68324,0.00034752045265097034,435,0,0
2023,6423,158968,0.0008085684578920943,394,0,0
2023,6424,1005248,0.005113053099737758,269,0,0
2023,6428,4822794,0.024530465925917448,153,0,0
2023,6511,27011,0.0001373876668016416,464,0,0
2023,6512,155182,0.000789311499374786,396,0,0
2023,6513,1149936071,5.848988699631144,3,1,1
2023,6514,32660866,0.16612491856877065,53,0,0
2023,6515,1331987,0.006774965241572626,252,0,0
2023,6516,7584478,0.03857738463323761,130,0,0
2023,6517,3736061,0.019002950791107618,162,0,0
2023,6518,48045,0.0002443741605821654,443,0,0
2023,6519,702852,0.0035749582165364993,297,0,0
2023,6521,467494911,2.3778473608504345,12,0,0
2023,6522,1308960513,6.65784424184776,2,1,1
2023,6531,390886703,1.988190444965245,14,0,0
2023,6532,80206327,0.4079582440213065,32,0,0
2023,6534,271804418,1.3824950877567699,19,0,0
2023,6535,7929032,0.04032991027638939,124,0,0
2023,6536,4957396,0.025215100138898626,149,0,0
2023,6538,5050429,0.025688299457900406,148,0,0
2023,6539,24190838,0.12304330794107918,68,0,0
2023,6541,2373302,0.01207146808321312,196,0,0
2023,6542,3968770,0.020186592513137282,161,0,0
2023,6543,10729579,0.05457450018784535,105,0,0
2023,6544,2324257,0.011822007562747882,198,0,0
2023,6545,9070297,0.04613479478834287,116,0,0
2023,6546,9484,4.823903713104916e-05,477,0,0
2023,6549,2754783,0.01401181773776708,183,0,0
2023,6551,47379854,0.24099098865138,44,0,0
2023,6552,7622270,0.03876960834593864,128,0,0
2023,6553,101606,0.0005168046822793526,415,0,0
2023,6560,14407352,0.0732809772340885,87,0,0
2023,6571,9532563,0.04848604602605076,112,0,0
2023,6572,24749296,0.12588382630865946,67,0,0
2023,6573,12384761,0.06299335151182724,99,0,0
2023,6574,13160019,0.0669365927020574,94,0,0
2023,6575,6052181,0.030783570643486947,141,0,0
2023,6576,36381,0.0001850468589060206,451,0,0
2023,6577,10010353,0.050916257914583436,107,0,0
2023,6579,36126,0.0001837498371358374,453,0,0
2023,6581,30182431,0.1535187062119706,57,0,0
2023,6582,124657413,0.6340524646106632,28,0,0
2023,6583,45910116,0.23351537224955443,45,0,0
2023,6584,3613832887,18.3812546205609,1,1,1
2023,6589,80502702,0.4094657139316517,31,0,0
2023,6591,108694,0.0005528568011305627,414,0,0
2023,6592,59129708,0.30075497466892603,39,0,0
2023,6593,4002855,0.020359961089751768,159,0,0
2023,6594,2826184,0.01437498891977826,181,0,0
2023,6595,1517575,0.00771893259955208,243,0,0
2023,6596,166178,0.000845241112649039,391,0,0
2023,6597,241118,0.0012264129222864099,370,0,0
2023,6611,46246,0.00023522379915252,444,0,0
2023,6612,236119486,1.200988681201839,21,0,0
2023,6613,11625650,0.059132239774629024,101,0,0
2023,6618,151560,0.0007708887038783014,398,0,0
2023,6623,521327,0.0026516567387619636,316,0,0
2023,6624,1742432,0.008862636223779865,226,0,0
2023,6631,115484,0.0005873931847366176,409,0,0
2023,6632,72072,0.0003665841294927219,430,0,0
2023,6633,9694293,0.049308663009939885,110,0,0
2023,6635,26985,0.00013725542144468172,465,0,0
2023,6637,40151,0.00020422243566519977,449,0,0
2023,6638,78874,0.0004011815494173736,424,0,0
2023,6639,2215854,0.011270630892343293,204,0,0
2023,6641,1742229,0.008861603692723602,227,0,0
2023,6642,944659,0.004804875640782346,274,0,0
2023,6643,23880,0.00012146227400774503,468,0,0
2023,6644,26484612,0.1347102679955114,64,0,0
2023,6645,13645,6.940338060450925e-05,475,0,0
2023,6646,0,0.0,506,0,0
2023,6647,331807,0.001687689813722272,352,0,0
2023,6648,626237,0.0031852667540949843,305,0,0
2023,6649,76035,0.00038674137370933384,426,0,0
2023,6651,4130613,0.021009784255693203,158,0,0
2023,6652,6109627,0.03107576167332987,140,0,0
2023,6658,498606,0.0025360895558586985,325,0,0
2023,6664,2170934,0.011042151606395727,207,0,0
2023,6665,856887,0.0043584356611254035,283,0,0
2023,6666,380311,0.001934398613490767,339,0,0
2023,6671,467897,0.0023798925302094586,328,0,0
2023,6672,34356,0.00017474698014280102,456,0,0
2023,6673,5548454,0.02822143383866704,143,0,0
2023,6674,161399,0.0008209333987678409,392,0,0
2023,6712,10474811,0.05327865845315501,106,0,0
2023,6713,68196811,0.34687352362380236,33,0,0
2023,6716,1779936,0.009053395064834576,225,0,0
2023,6724,32617,0.00016590180030613986,457,0,0
2023,6725,53123083,0.2702031182362723,41,0,0
2023,6727,80887,0.0004114203918619963,423,0,0
2023,6731,132639,0.0006746496885307074,402,0,0
2023,6732,265331,0.0013495689541352174,362,0,0
2023,6733,121944,0.0006202510695812588,406,0,0
2023,6741,48748,0.0002479498715799646,442,0,0
2023,6744,2269864,0.01154534518962798,202,0,0
2023,6745,411294,0.0020919893017479685,335,0,0
2023,6746,6978684,0.03549609833423225,138,0,0
2023,6747,69562,0.00035381736618621273,433,0,0
2023,6749,41138666,0.2092460603854734,48,0,0
2023,6750,14331677,0.07289606694993707,89,0,0
2023,6760,3769,1.9170490399296107e-05,487,0,0
2023,6770,1800456,0.0091577671696352,224,0,0
2023,6781,316750,0.001611104492962866,355,0,0
2023,6782,2307613,0.011737350188854042,200,0,0
2023,6783,17387877,0.08844100002457989,83,0,0
2023,6784,888,4.516687576167403e-06,498,0,0
2023,6785,426583,0.002169754658000247,333,0,0
2023,6793,2108699,0.010725601999072779,209,0,0
2023,6794,2375293,0.012081595025740315,195,0,0
2023,6911,3015426,0.01533754183677046,177,0,0
2023,6912,258298,0.0013137965850775766,363,0,0
2023,6921,86274,0.000438820612552102,419,0,0
2023,6924,61125975,0.3109087070536253,35,0,0
2023,6931,252737,0.0012855113377678166,366,0,0
2023,6932,61385,0.0003122262014223379,438,0,0
2023,6935,147657,0.0007510366412546737,399,0,0
2023,6940,2238872,0.011387708724131832,203,0,0
2023,6951,1262455,0.006421300466182904,255,0,0
2023,6953,14249581,0.07247849714897645,90,0,0
2023,6954,7201869,0.03663129756473554,136,0,0
2023,6960,59768525,0.3040042278303501,38,0,0
2023,6973,1991446,0.010129211043703007,212,0,0
2023,6974,26917866,0.1369139537602916,63,0,0
2023,6975,1123356,0.005713792892807556,263,0,0
2023,6978,14408,7.328427319529273e-05,474,0,0
2023,6991,2682286,0.013643071905324053,190,0,0
2023,6992,233784,0.0011891095589039642,372,0,0
2023,6993,1020946,0.005192898777182213,267,0,0
2023,6994,191836,0.000975746934528885,383,0,0
2023,6996,881972,0.004486026998792249,279,0,0
2023,6997,7925541,0.04031215379403759,125,0,0
2023,6998,2272993,0.011561260409702111,201,0,0
2023,6999,43724,0.0002223959995274139,446,0,0
2023,7111,959158,0.004878622772726998,271,0,0
2023,7112,25843,0.00013144679845821417,466,0,0
2023,7119,113568,0.0005776477192006527,412,0,0
2023,7126,131565,0.0006691869380162888,403,0,0
2023,7129,1611256,0.008195427879758093,237,0,0
2023,7131,8451426,0.04298699416114659,119,0,0
2023,7132,519581,0.002642775954406121,317,0,0
2023,7133,12671027,0.06444940341011456,97,0,0
2023,7138,861728,0.004383058729319351,281,0,0
2023,7139,2066018,0.010508511072903407,210,0,0
2023,7144,7951403,0.04044369723333358,123,0,0
2023,7148,15074498,0.07667432188464005,86,0,0
2023,7149,28001479,0.14242559945226627,61,0,0
2023,7161,1482210,0.00753905348228726,247,0,0
2023,7162,8512320,0.04329672295986634,118,0,0
2023,7163,7520,3.8249426320696924e-05,479,0,0
2023,7169,290975,0.0014800035669767005,359,0,0
2023,7187,0,0.0,507,0,0
2023,7188,680129,0.003459380860913468,301,0,0
2023,7211,1843715,0.009377798011816986,220,0,0
2023,7212,1000200,0.005087377155048014,270,0,0
2023,7213,1705180,0.00867315914541569,230,0,0
2023,7219,425664,0.002165080293267704,334,0,0
2023,7223,803703,0.004087922697104133,290,0,0
2023,7224,31213246,0.15876180227483885,55,0,0
2023,7233,1243473,0.006324751182882443,258,0,0
2023,7234,7504822,0.038172225550391674,131,0,0
2023,7239,5481577,0.027881273348766875,144,0,0
2023,7243,250280,0.00127301415153511,367,0,0
2023,7244,1694238,0.008617504195575124,231,0,0
2023,7245,4778928,0.02430734766328664,154,0,0
2023,7246,913217,0.004644950313338814,275,0,0
2023,7247,1052973,0.005355799625157341,265,0,0
2023,7248,218049,0.0011090756861438357,374,0,0
2023,7251,31739,0.00016143597632880315,458,0,0
2023,7252,1129956,0.005747362868035827,261,0,0
2023,7259,316391,0.0016092784897648433,356,0,0
2023,7263,93519,0.0004756712899049542,417,0,0
2023,7264,205987,0.0010477240132342285,378,0,0
2023,7267,240382,0.0012226693614124692,371,0,0
2023,7268,96716,0.0004919323824511335,416,0,0
2023,7269,30638,0.00015583589409754156,460,0,0
2023,7271,111767,0.0005684871850512412,413,0,0
2023,7272,16395680,0.08339432900767609,84,0,0
2023,7281,814383,0.004142245020655336,289,0,0
2023,7283,1635374,0.008318100707418006,234,0,0
2023,7284,4620644,0.023502258275554567,156,0,0
2023,7361,2039158,0.01037189144644411,211,0,0
2023,7362,275371,0.0014006360073612544,361,0,0
2023,7367,117324,0.0005967520869214689,407,0,0
2023,7368,208420,0.0010600991268297413,376,0,0
2023,7369,361516,0.0018388004794884403,347,0,0
2023,7371,57259,0.0002912398805447853,440,0,0
2023,7372,504831,0.002567752146130818,322,0,0
2023,7373,304305,0.0015478047442180423,358,0,0
2023,7411,7479,3.8040885565491e-05,480,0,0
2023,7412,200609,0.0010203695697830705,381,0,0
2023,7413,1334285,0.006786653696583923,251,0,0
2023,7414,895099,0.004552795644977327,278,0,0
2023,7415,1261125,0.006414535607538419,256,0,0
2023,7416,2333505,0.011869046218946527,197,0,0
2023,7421,841093,0.0042781016931321735,286,0,0
2023,7422,4843374,0.02463514321231106,152,0,0
2023,7423,128378,0.0006529767090689403,404,0,0
2023,7428,493152,0.002508348549056427,327,0,0
2023,7429,3364416,0.017112630572363546,171,0,0
2023,7431,449231,0.0022849505366320483,331,0,0
2023,7432,5092707,0.025903340581036903,147,0,0
2023,7433,6398,3.254253053189081e-05,483,0,0
2023,7434,21467076,0.10918927417324487,73,0,0
2023,7435,857700,0.00436257087171034,282,0,0
2023,7436,36329833,0.18478660512988349,50,0,0
2023,7439,356073,0.0018111154226448825,349,0,0
2023,7441,909009,0.00462354691095085,277,0,0
2023,7442,6974644,0.03547554944030464,139,0,0
2023,7449,695155,0.003535808504516499,299,0,0
2023,7451,3634949,0.0184886587706105,165,0,0
2023,7452,8020634,0.040795831014398494,122,0,0
2023,7491,642663,0.003268815301534315,304,0,0
2023,7492,1618304,0.008231276544213979,235,0,0
2023,7493,2482135,0.01262503188836743,193,0,0
2023,7499,1017622,0.005175991716930884,268,0,0
2023,7511,0,0.0,508,0,0
2023,7512,369657,0.0018802085352965245,344,0,0
2023,7518,1207798,0.0061432952940538715,259,0,0
2023,7521,0,0.0,509,0,0
2023,7522,202773,0.0010313764525700369,379,0,0
2023,7523,3496543,0.017784676044634122,169,0,0
2023,7524,87922,0.00044720293363940364,418,0,0
2023,7525,7616837,0.03874197415269391,129,0,0
2023,7528,1663105,0.00845915055333546,233,0,0
2023,7591,366999,0.0018666889907273207,345,0,0
2023,7599,684903,0.003483663142995251,300,0,0
2023,7611,500580,0.0025461300302678813,324,0,0
2023,7621,8847,4.499902588553268e-05,478,0,0
2023,7622,1743,8.865525276193451e-06,492,0,0
2023,7628,36136,0.00018380070073466812,452,0,0
2023,7631,206409,0.0010498704571048846,377,0,0
2023,7638,787688,0.004006464643576745,292,0,0
2023,7641,1852217,0.009421042243542859,219,0,0
2023,7642,216720,0.001102315913859234,375,0,0
2023,7643,1297799,0.00660107276989018,254,0,0
2023,7648,796453,0.004051046587951865,291,0,0
2023,7649,2137432,0.010871748377593068,208,0,0
2023,7711,1674562,0.008517424978515811,232,0,0
2023,7712,1507208,0.007666202306644279,246,0,0
2023,7721,1870193,0.00951247464880095,218,0,0
2023,7722,373529,0.0018999029207637768,341,0,0
2023,7723,69135,0.0003516454905161412,434,0,0
2023,7731,7390782,0.03759217706932621,133,0,0
2023,7732,559525,0.0028459455135755253,308,0,0
2023,7741,18308287,0.09312253652455764,80,0,0
2023,7742,370203,0.0018829856877926815,343,0,0
2023,7751,952334,0.004843913452884919,272,0,0
2023,7752,1953816,0.00993781132130303,215,0,0
2023,7753,6378,3.244080333422939e-05,484,0,0
2023,7754,27064,0.00013765724387544438,463,0,0
2023,7757,12829896,0.06525746831837821,95,0,0
2023,7758,338851,0.001723518132738627,351,0,0
2023,7761,7002,3.561469190126594e-05,481,0,0
2023,7762,0,0.0,510,0,0
2023,7763,279419,0.0014212255921679275,360,0,0
2023,7764,29502422,0.1500599357142431,58,0,0
2023,7768,229115,0.0011653613446099037,373,0,0
2023,7781,4629615,0.0235478880100656,155,0,0
2023,7782,71443,0.00036338480912627,431,0,0
2023,7783,1521635,0.007739583220677349,242,0,0
2023,7784,30465,0.0001549559538377702,461,0,0
2023,7788,1553958,0.007903989631177867,241,0,0
2023,7810,1811422,0.009213544192112962,222,0,0
2023,7821,1611097,0.008194619148536683,238,0,0
2023,7822,1948678,0.00991167760422381,216,0,0
2023,7831,113992,0.000579804335791075,411,0,0
2023,7832,28959,0.00014729589585386467,462,0,0
2023,7841,254910,0.0012965639977937306,365,0,0
2023,7842,185026,0.0009411088237251688,384,0,0
2023,7849,20786182,0.10572600224702083,75,0,0
2023,7851,18091578,0.09202027656065712,81,0,0
2023,7852,506610,0.002576800780362802,321,0,0
2023,7853,1098140,0.005585535241996027,264,0,0
2023,7861,498313,0.0025345992524129584,326,0,0
2023,7868,763848,0.003885205823964322,295,0,0
2023,7912,0,0.0,511,0,0
2023,7913,136980,0.0006967295767831204,401,0,0
2023,7914,0,0.0,512,0,0
2023,7915,1496,7.609194385074815e-06,494,0,0
2023,7919,38792,0.00019731007258410574,450,0,0
2023,7921,6227,3.1672762991885605e-05,485,0,0
2023,7922,12716792,0.06468218067016332,96,0,0
2023,7923,0,0.0,513,0,0
2023,7924,5012,2.5492835733953856e-05,486,0,0
2023,7928,513281,0.0026107318871427714,319,0,0
2023,7929,9092260,0.04624650651045477,115,0,0
2023,7931,397955,0.002024142347267679,336,0,0
2023,7932,168694,0.0008580383941148468,390,0,0
2023,7933,50245,0.0002555641523249225,441,0,0
2023,7938,9367027,0.04764407035644665,113,0,0
2023,8121,116947,0.0005948345292455511,408,0,0
2023,8122,912678,0.004642208765361839,276,0,0
2023,8124,3317001,0.016871460818507718,174,0,0
2023,8211,1170796,0.005955089805660463,260,0,0
2023,8212,202189039,1.0284062167663588,23,0,0
2023,8219,7000699,0.03560807454705807,137,0,0
2023,8310,28226261,0.14356892159950282,60,0,0
2023,8421,10878769,0.05533333421880077,103,0,0
2023,8422,727752407,3.7016106477734496,8,0,1
2023,8423,824028465,4.191305326884906,5,1,1
2023,8424,197345190,1.003768657533103,24,0,0
2023,8429,733023266,3.7284201335403755,7,0,1
2023,8431,38106274,0.19382222336692673,49,0,0
2023,8432,60016173,0.3052638546826729,37,0,0
2023,8433,9175756,0.046671197215251696,114,0,0
2023,8434,16134775,0.08206727228238335,85,0,0
2023,8435,14209950,0.07227691962045044,91,0,0
2023,8439,347813472,1.7691044907725777,15,0,0
2023,8441,21873219,0.11125506363523512,72,0,0
2023,8442,99695175,0.5070855386557828,29,0,0
2023,8443,31405257,0.15973843932234727,54,0,0
2023,8451,643980219,3.2755151514131344,9,0,1
2023,8452,269487569,1.370710759948036,20,0,0
2023,8459,1101267202,5.601441316795088,4,1,1
2023,8461,13442014,0.06837092075728413,93,0,0
2023,8462,807263767,4.106034039525898,6,0,1
2023,8463,566295450,2.8803824588458657,10,0,1
2023,8464,139563766,0.7098715405127642,27,0,0
2023,8465,5400770,0.027470259865695526,145,0,0
2023,8471,3524527,0.017927012739601993,167,0,0
2023,8472,332089324,1.6891258151899002,16,0,0
2023,8481,536243396,2.7275268969763706,11,0,0
2023,8482,13539622,0.06886739017275095,92,0,0
2023,8483,1046991,0.005325373020336808,266,0,0
2023,8484,7335753,0.03731227977132067,134,0,0
2023,8510,153911807,0.7828508406558278,26,0,0
2023,8710,2809600,0.014290636727477405,182,0,0
2023,8720,416827175,2.1201330210939817,13,0,0
2023,8731,881321,0.00448271577850837,280,0,0
2023,8732,17540,8.921475234907235e-05,472,0,0
2023,8741,1559675,0.007933068350629386,240,0,0
2023,8742,366380,0.0018635405339596995,346,0,0
2023,8743,182327,0.000927380738400759,385,0,0
2023,8744,531307,0.0027024186103950165,314,0,0
2023,8745,1599059,0.00813338954826427,239,0,0
2023,8748,7906947,0.04021757801837175,126,0,0
2023,8749,3568136,0.018148823807742853,166,0,0
2023,8811,6741,3.4287151971784304e-05,482,0,0
2023,8812,1338,6.8055495235495334e-06,496,0,0
2023,8813,455370,0.0023161756999542232,329,0,0
2023,8821,528805,0.0026896925379675716,315,0,0
2023,8822,20314,0.00010332431466471242,470,0,0
2023,8841,838024,0.004262491654651027,287,0,0
2023,8842,1516667,0.007714314184778251,244,0,0
2023,8851,84434,0.00042946171036725055,422,0,0
2023,8852,156813,0.0007976073523440754,395,0,0
2023,8921,3354208,0.017060709010677154,172,0,0
2023,8922,242428,0.0012330760537332334,369,0,0
2023,8924,125960,0.0006406778908716735,405,0,0
2023,8928,7709391,0.0392127371053117,127,0,0
2023,8931,8427424,0.04286491135123311,120,0,0
2023,8932,255086,0.001297459197133151,364,0,0
2023,8933,21226,0.00010796307487807355,469,0,0
2023,8935,3257582,0.016569234400615498,176,0,0
2023,8939,43748730,0.22252178520732224,46,0,0
2023,8941,2838,1.4435089348156635e-05,488,0,0
2023,8942,1302366,0.006624302175476167,253,0,0
2023,8946,35674,0.00018145080246868912,455,0,0
2023,8947,310228152,1.5779320269321766,17,0,0
2023,8951,25517,0.0001297886451363329,467,0,0
2023,8952,2700459,0.01373550632347911,188,0,0
2023,8959,380303,0.0019343579226117026,340,0,0
2023,8960,946730,0.004815409492100187,273,0,0
2023,8972,434818,0.00221164083163734,332,0,0
2023,8973,9967586,0.05069872956146412,109,0,0
2023,8974,65845381,0.3349133044039518,34,0,0
2023,8981,371244,0.001888280588430959,342,0,0
2023,8982,2978150,0.01514794268576909,178,0,0
2023,8983,777122,0.003952722165052212,293,0,0
2023,8989,508744,0.0025876550723532765,320,0,0
2023,8991,4875776,0.024799951445242337,151,0,0
2023,8993,10789031,0.05487689445561371,104,0,0
2023,8994,519129,0.002640476919738973,318,0,0
2023,8996,2970213,0.015107572247377151,179,0,0
2023,8997,7501109,0.038153339896145826,132,0,0
2023,8998,539152,0.0027423211036777116,312,0,0
2023,8999,1709175,0.00869347915314856,229,0,0
2024,5111,733237,0.003530835467221769,288,0,0
2024,5112,160170,0.0007712839324596424,384,0,0
2024,5113,5996,2.887318760709256e-05,476,0,0
2024,5114,9941555,0.04787264553389411,108,0,0
2024,5121,198060846,0.9537438232450747,25,0,0
2024,5122,32718,0.00015755052570527926,447,0,0
2024,5123,3167,1.525039779047067e-05,482,0,0
2024,5137,1280309,0.006165210465651947,242,0,0
2024,5138,3796766,0.018282978155141825,171,0,0
2024,5139,504204,0.0024279480794273675,316,0,0
2024,5145,35392,0.0001704269272498699,442,0,0
2024,5146,191730,0.0009232582154616172,373,0,0
2024,5147,186935,0.000900168333110715,376,0,0
2024,5148,245778,0.001183521398214809,362,0,0
2024,5154,76765,0.00036965481098373256,418,0,0
2024,5155,5404283,0.026023828709276352,151,0,0
2024,5156,2226341,0.010720740722208482,205,0,0
2024,5157,36376,0.00017516528892521664,441,0,0
2024,5161,2331,1.1224716529708598e-05,487,0,0
2024,5162,1656,7.974315990217692e-06,489,0,0
2024,5163,0,0.0,492,0,0
2024,5169,35005027,0.16856349428991668,51,0,0
2024,5221,297983,0.0014349097836431391,352,0,0
2024,5222,2239218,0.010782748733685555,202,0,0
2024,5223,0,0.0,493,0,0
2024,5224,189812,0.0009140222625212564,374,0,0
2024,5225,8589907,0.04136390866218773,118,0,0
2024,5231,6266777,0.03017708939506549,141,0,0
2024,5232,53582070,0.258019539607466,39,0,0
2024,5233,20811,0.00010021346018865965,460,0,0
2024,5239,2101217,0.010118217585759207,209,0,0
2024,5241,79,3.804172483256024e-07,491,0,0
2024,5249,7667748,0.03692333664574863,127,0,0
2024,5311,19756651,0.09513633936138306,74,0,0
2024,5312,252833,0.0012174941031127472,360,0,0
2024,5322,454482,0.0021885163525761572,323,0,0
2024,5323,63087,0.00030378965753313016,424,0,0
2024,5331,1129158,0.005437356699808109,256,0,0
2024,5332,733658,0.00353286275407677,287,0,0
2024,5334,13360834,0.06433786969133104,95,0,0
2024,5335,2172830,0.010463063413662262,206,0,0
2024,5411,652923,0.003144090772512624,294,0,0
2024,5413,494784,0.0023825869341206943,318,0,0
2024,5414,0,0.0,494,0,0
2024,5415,13550,6.52487812001508e-05,467,0,0
2024,5416,4589674,0.0221011538454628,158,0,0
2024,5417,322883930,1.5548179263184359,18,0,0
2024,5419,17788420,0.08565850365139384,80,0,0
2024,5513,6642276,0.03198527036125556,136,0,0
2024,5514,3359825,0.016178928877918573,178,0,0
2024,5530,33115829,0.1594662347367239,56,0,0
2024,5541,24025885,0.11569444380110591,68,0,0
2024,5542,24697611,0.11892907869412823,66,0,0
2024,5543,755739,0.0036391917826878793,284,0,0
2024,5621,1058267,0.005095987596630257,265,0,0
2024,5622,6157350,0.029650153721236056,142,0,0
2024,5623,64432,0.0003102663815710787,423,0,0
2024,5629,1177555,0.005670408010785504,251,0,0
2024,5721,10726755,0.051653704057758196,106,0,0
2024,5722,1227894,0.005912810844500218,247,0,0
2024,5723,0,0.0,495,0,0
2024,5821,1965395,0.009464179212315156,213,0,0
2024,5822,8344132,0.04018040171019754,122,0,0
2024,5823,272282045,1.3111491940173148,21,0,0
2024,5824,3598106,0.017326349160808104,175,0,0
2024,5825,16548941,0.07968990630281954,82,0,0
2024,5826,3881505,0.01869103103116541,170,0,0
2024,5827,1231316,0.005929289171383386,246,0,0
2024,5828,59497,0.00028650234207124514,426,0,0
2024,5829,4391474,0.021146739938904136,162,0,0
2024,5831,2617904,0.012606276405830228,194,0,0
2024,5832,2799737,0.013481876526270597,186,0,0
2024,5833,89523446,0.43109193655627415,30,0,0
2024,5834,20599644,0.09919569477173426,72,0,0
2024,5835,269181,0.0012962163964751138,356,0,0
2024,5836,5802228,0.027940096328072955,146,0,0
2024,5837,3963517,0.019085952289009455,169,0,0
2024,5838,321280,0.0015470943486335386,350,0,0
2024,5839,11114857,0.05352257361357672,103,0,0
2024,5841,5097298,0.024545570620956917,155,0,0
2024,5842,531284,0.002558349333663536,310,0,0
2024,5843,1062132,0.005114599149348972,263,0,0
2024,5849,3578133,0.017230171012696617,176,0,0
2024,5851,73862,0.00035567568095981833,419,0,0
2024,5852,18101781,0.08716746478243889,78,0,0
2024,5911,1917520,0.009233641544421635,215,0,0
2024,5912,1262052,0.006077295558023079,243,0,0
2024,5913,1099487,0.005294478722908502,260,0,0
2024,5914,51775,0.0002493177598994692,433,0,0
2024,5921,35775179,0.17227209055108705,49,0,0
2024,5922,20048538,0.09654189441659844,73,0,0
2024,5981,2144252,0.010325448677932527,208,0,0
2024,5982,128260,0.0006176242565853389,397,0,0
2024,5983,70408139,0.3390439303557789,34,0,0
2024,5989,15834670,0.07625039986764515,84,0,0
2024,6112,499910,0.002407270716587999,317,0,0
2024,6113,14878396,0.07164555020023608,88,0,0
2024,6114,41482342,0.19975441009799452,46,0,0
2024,6115,18360120,0.08841147252313747,76,0,0
2024,6116,44549986,0.21452636819068496,44,0,0
2024,6118,505791,0.0024355901322513263,315,0,0
2024,6121,274750,0.0013230334047779654,355,0,0
2024,6122,8704683,0.041916601954514555,117,0,0
2024,6123,1705599,0.008213155421859483,219,0,0
2024,6129,411243,0.00198030291712868,333,0,0
2024,6130,56920,0.0002740930351226999,430,0,0
2024,6210,7539708,0.03630677177896875,128,0,0
2024,6251,175708,0.0008461057451746196,381,0,0
2024,6252,44240332,0.213035257777862,45,0,0
2024,6253,610521,0.0029399078337341155,300,0,0
2024,6254,25930832,0.12486754121814529,62,0,0
2024,6259,24778969,0.11932085067500513,65,0,0
2024,6281,42098,0.00020271905468368623,438,0,0
2024,6282,104550,0.0005034509280055915,403,0,0
2024,6289,902981,0.004348222117851909,275,0,0
2024,6330,130896,0.0006303176726180767,396,0,0
2024,6341,0,0.0,496,0,0
2024,6342,1152596,0.005550220237355646,254,0,0
2024,6343,5561901,0.026782823719992615,148,0,0
2024,6344,570772,0.002748500172927858,305,0,0
2024,6349,2449690,0.011796257329756267,196,0,0
2024,6351,56774,0.00027338998552452854,431,0,0
2024,6352,3423,1.648314229137389e-05,481,0,0
2024,6353,224834,0.0010826674887346645,368,0,0
2024,6354,421075,0.002027648010616494,329,0,0
2024,6359,9043180,0.043546603186242046,114,0,0
2024,6411,233976,0.001126689950559888,366,0,0
2024,6412,4439718,0.02137905449242591,160,0,0
2024,6413,414368,0.0019953510677744716,331,0,0
2024,6415,634249,0.0030541678396615824,295,0,0
2024,6416,28012340,0.13489085192355957,61,0,0
2024,6417,139288,0.0006707285782883102,392,0,0
2024,6418,40408428,0.19458307580915477,47,0,0
2024,6419,88126,0.00042436266361951954,410,0,0
2024,6421,17508043,0.08430837394463704,81,0,0
2024,6422,82359,0.00039659220449175055,414,0,0
2024,6423,185006,0.0008908794106800811,378,0,0
2024,6424,1298312,0.006251902259596323,238,0,0
2024,6428,7233591,0.0348326934649727,130,0,0
2024,6511,30421,0.00014648953305459685,449,0,0
2024,6512,555901,0.002676890237486718,308,0,0
2024,6513,763494413,3.6765372620940644,7,0,1
2024,6514,23626955,0.11377343300522574,69,0,0
2024,6515,965816,0.004650798292516963,269,0,0
2024,6516,6798787,0.032738934715087056,133,0,0
2024,6517,1917265,0.009232413615328939,216,0,0
2024,6518,52851,0.00025449913912982804,432,0,0
2024,6519,482076,0.002321392726630546,320,0,0
2024,6521,415484971,2.000729739094465,13,0,0
2024,6522,1405407688,6.767611714488693,2,1,1
2024,6531,411758271,1.9827841573307303,14,0,0
2024,6532,87725652,0.4224348245748023,32,0,0
2024,6534,256703646,1.2361328436261967,22,0,0
2024,6535,9809554,0.04723700683520768,109,0,0
2024,6536,6360295,0.030627416739735285,139,0,0
2024,6538,6499001,0.03129534275044732,137,0,0
2024,6539,25434396,0.1224769992296672,63,0,0
2024,6541,2526964,0.012168363183517186,195,0,0
2024,6542,4117159,0.019825801236696063,165,0,0
2024,6543,11266907,0.054254756431398335,102,0,0
2024,6544,2652546,0.012773091776925106,190,0,0
2024,6545,9720970,0.04681043871462951,112,0,0
2024,6546,48867,0.0002353145528345217,435,0,0
2024,6549,2898623,0.013958052982193705,185,0,0
2024,6551,47467116,0.2285735399325592,42,0,0
2024,6552,8421214,0.040551583005582786,121,0,0
2024,6553,137302,0.000661165177589897,394,0,0
2024,6560,16518749,0.07954451949824426,83,0,0
2024,6571,9740276,0.04690340498546716,111,0,0
2024,6572,24857519,0.11969910098963772,64,0,0
2024,6573,9978955,0.04805274180082294,107,0,0
2024,6574,13135581,0.06325318454655779,96,0,0
2024,6575,4407502,0.021223921301640372,161,0,0
2024,6576,79416,0.0003824204581395702,417,0,0
2024,6577,11698169,0.056331459005416,99,0,0
2024,6579,35064,0.00016884747335808766,445,0,0
2024,6581,29538109,0.14223805248761662,59,0,0
2024,6582,114486970,0.5513014948928582,28,0,0
2024,6583,50157722,0.2415299061458295,41,0,0
2024,6584,3990443776,19.215615707138564,1,1,1
2024,6589,87915905,0.42335097043234265,31,0,0
2024,6591,138736,0.0006680704729582378,393,0,0
2024,6592,51186035,0.24648165300503766,40,0,0
2024,6593,3628613,0.01747325281896847,174,0,0
2024,6594,3095350,0.014905373792463967,183,0,0
2024,6595,1362579,0.006561374098813305,236,0,0
2024,6596,150624,0.0007253160457189309,389,0,0
2024,6597,157494,0.0007583979000986383,386,0,0
2024,6611,68155,0.00032819414632444857,422,0,0
2024,6612,295119119,1.4211190275728611,20,0,0
2024,6613,11582550,0.055774706323970975,100,0,0
2024,6618,118734,0.0005717526780087605,399,0,0
2024,6623,350413,0.001687381635917966,345,0,0
2024,6624,1900190,0.009150190520200335,217,0,0
2024,6631,160111,0.0007709998233754498,385,0,0
2024,6632,48207,0.0002321363834181306,436,0,0
2024,6633,8974564,0.04321618913673433,116,0,0
2024,6635,18713,9.011073377110124e-05,462,0,0
2024,6637,22728,0.00010944459772081383,457,0,0
2024,6638,35189,0.00016944939938391928,444,0,0
2024,6639,2657948,0.012799104612057447,189,0,0
2024,6641,1471285,0.007084837863325746,228,0,0
2024,6642,1032148,0.004970213949680682,266,0,0
2024,6643,9966,4.7990358187505744e-05,470,0,0
2024,6644,12089348,0.05821514557228639,98,0,0
2024,6645,100697,0.0004848971601853568,405,0,0
2024,6646,0,0.0,497,0,0
2024,6647,412740,0.00198751158321404,332,0,0
2024,6648,526347,0.0025345756633472897,311,0,0
2024,6649,58939,0.00028381534429193267,427,0,0
2024,6651,13943718,0.06714469408845788,91,0,0
2024,6652,6791205,0.03270242429006421,134,0,0
2024,6658,322820,0.0015545100772717845,349,0,0
2024,6664,2421193,0.01165903264209127,197,0,0
2024,6665,957101,0.00460883200999598,272,0,0
2024,6666,182286,0.0008777815003579844,380,0,0
2024,6671,394639,0.0019003478792654104,334,0,0
2024,6672,103236,0.0004971234816220492,404,0,0
2024,6673,4788709,0.023059588617874018,157,0,0
2024,6674,287669,0.0013852436633997182,354,0,0
2024,6712,1689,8.133224461037247e-06,488,0,0
2024,6713,609696,0.0029359351219636265,301,0,0
2024,6716,3125,1.5048150645791235e-05,483,0,0
2024,6724,289294,0.0013930687017355294,353,0,0
2024,6725,61232395,0.2948589773960301,36,0,0
2024,6727,23684,0.00011404812796637428,456,0,0
2024,6731,11450,5.513642396617909e-05,468,0,0
2024,6732,81193,0.0003909774385227929,415,0,0
2024,6733,5606,2.6995178406497815e-05,478,0,0
2024,6741,35304,0.0001700031713276844,443,0,0
2024,6744,1923581,0.00926282773356216,214,0,0
2024,6745,258870,0.0012465647224563128,359,0,0
2024,6746,5891045,0.028367786438763275,144,0,0
2024,6747,73777,0.0003552663712622528,420,0,0
2024,6749,32265783,0.15537291625229116,57,0,0
2024,6750,11075762,0.05333431522973761,104,0,0
2024,6760,0,0.0,498,0,0
2024,6770,361021,0.0017384634861741432,342,0,0
2024,6781,107418,0.0005172615187422729,400,0,0
2024,6782,798339,0.0038443281722913055,281,0,0
2024,6783,12337663,0.05941088366112149,97,0,0
2024,6784,0,0.0,499,0,0
2024,6785,242951,0.0011699082392146005,364,0,0
2024,6793,1366902,0.006582191108490666,235,0,0
2024,6794,1559588,0.007510052854197843,226,0,0
2024,6911,5917472,0.0284950432314405,143,0,0
2024,6912,186274,0.0008969853482861174,377,0,0
2024,6921,246572,0.0011873448323308916,361,0,0
2024,6924,68930155,0.33192683407287676,35,0,0
2024,6931,105240,0.0005067735596681823,402,0,0
2024,6932,91451,0.00044037389590664133,406,0,0
2024,6935,126797,0.0006105793143790052,398,0,0
2024,6940,2231292,0.010744581808239622,203,0,0
2024,6951,874252,0.00420988025548297,277,0,0
2024,6953,15436058,0.07433092037157471,85,0,0
2024,6954,3237517,0.015589965930979234,180,0,0
2024,6960,59525129,0.2866377946886901,37,0,0
2024,6973,2099944,0.010112087571112139,210,0,0
2024,6974,29169679,0.1404639116420394,60,0,0
2024,6975,854438,0.004114467757276343,278,0,0
2024,6978,36590,0.00017619578628144043,440,0,0
2024,6991,3225072,0.015530038175847433,181,0,0
2024,6992,154867,0.0007457478227397604,388,0,0
2024,6993,1079222,0.005196894475600675,262,0,0
2024,6994,205939,0.0009916803506699523,372,0,0
2024,6996,1024867,0.00493515296252804,267,0,0
2024,6997,5386801,0.025939645743007642,152,0,0
2024,6998,2230071,0.010738702194819299,204,0,0
2024,6999,1113061,0.005359843073905612,258,0,0
2024,7111,2546,1.2260029294139035e-05,486,0,0
2024,7112,0,0.0,500,0,0
2024,7119,8189,3.9433377804283016e-05,473,0,0
2024,7126,132787,0.0006394236095368579,395,0,0
2024,7129,2624587,0.012638457778875291,193,0,0
2024,7131,8499352,0.04092784937203425,119,0,0
2024,7132,363874,0.0017522018457877247,340,0,0
2024,7133,5433497,0.026164506044625516,150,0,0
2024,7138,443790,0.0021370300080306216,326,0,0
2024,7139,1161352,0.005592383951613102,253,0,0
2024,7144,3782810,0.018215774318209775,173,0,0
2024,7148,6841466,0.03294445152193881,132,0,0
2024,7149,30192884,0.14539106139612795,58,0,0
2024,7161,1623884,0.007819664340252818,221,0,0
2024,7162,8982518,0.04325449089361005,115,0,0
2024,7163,0,0.0,501,0,0
2024,7169,105580,0.0005084107984584444,401,0,0
2024,7187,0,0.0,502,0,0
2024,7188,440331,0.002120373511043808,327,0,0
2024,7211,2626989,0.01265002438938767,192,0,0
2024,7212,1171099,0.0056393197354033505,252,0,0
2024,7213,1406379,0.006772288978264714,233,0,0
2024,7219,550112,0.0026490138393784027,309,0,0
2024,7223,5857,2.8203845866367764e-05,477,0,0
2024,7224,36093999,0.17380733899553222,48,0,0
2024,7233,1247878,0.006009041962101977,245,0,0
2024,7234,7790893,0.03751633008935693,126,0,0
2024,7239,5229013,0.025179832112896247,154,0,0
2024,7243,380327,0.0018314297570117897,336,0,0
2024,7244,1568832,0.007554566487660145,225,0,0
2024,7245,14919272,0.07184238482609123,87,0,0
2024,7246,960148,0.004623504558801652,271,0,0
2024,7247,1127108,0.00542748511298447,257,0,0
2024,7248,20103,9.68041511783492e-05,461,0,0
2024,7251,89500,0.00043097903449546097,409,0,0
2024,7252,5812745,0.02799073997618233,145,0,0
2024,7259,21827,0.0001051059149266193,459,0,0
2024,7263,89577,0.0004313498209273733,408,0,0
2024,7264,144623,0.0006964187810708051,391,0,0
2024,7267,380402,0.0018317909126272887,335,0,0
2024,7268,26119,0.0001257736469495748,453,0,0
2024,7269,8584,4.133546404591103e-05,471,0,0
2024,7271,681657,0.0032824567119225973,292,0,0
2024,7272,18778640,0.09042681716578596,75,0,0
2024,7281,678335,0.003266459925860095,293,0,0
2024,7283,1552613,0.007476465381956437,227,0,0
2024,7284,4105725,0.01977074185926119,166,0,0
2024,7361,2239329,0.010783283243996494,201,0,0
2024,7362,346265,0.0016674073226767686,347,0,0
2024,7367,82957,0.00039947181859932915,413,0,0
2024,7368,367266,0.0017685357104246925,339,0,0
2024,7369,491943,0.0023689063594055926,319,0,0
2024,7371,90814,0.0004373064808790033,407,0,0
2024,7372,709100,0.003414605959337781,290,0,0
2024,7373,360485,0.001735882427375377,343,0,0
2024,7411,1037,4.993578310299364e-06,490,0,0
2024,7412,31636,0.0001523402540256805,448,0,0
2024,7413,788986,0.003799289659334478,282,0,0
2024,7414,627775,0.0030229928869317095,296,0,0
2024,7415,1694152,0.008158033444117925,220,0,0
2024,7416,746435,0.003594389224733178,285,0,0
2024,7421,348335,0.0016773752176645407,346,0,0
2024,7422,3077336,0.014818629029029319,184,0,0
2024,7423,83015,0.000399751112275315,412,0,0
2024,7428,691447,0.003329599558265732,291,0,0
2024,7429,2631399,0.012671260339579011,191,0,0
2024,7431,625187,0.0030105306104928915,297,0,0
2024,7432,218109,0.001050283868544922,371,0,0
2024,7433,0,0.0,503,0,0
2024,7434,23166721,0.11155721842464493,70,0,0
2024,7435,524937,0.0025277859377759084,312,0,0
2024,7436,35426074,0.17059100746910338,50,0,0
2024,7439,223675,0.0010770864306231536,369,0,0
2024,7441,779596,0.0037540729762740046,283,0,0
2024,7442,5521168,0.026586677697511007,149,0,0
2024,7449,586519,0.0028243284059580255,303,0,0
2024,7451,2061969,0.009929222444464484,211,0,0
2024,7452,6777302,0.032635475669767114,135,0,0
2024,7491,329497,0.001586662557867608,348,0,0
2024,7492,1249401,0.0060163758288007095,244,0,0
2024,7493,2675972,0.012885897529574163,188,0,0
2024,7499,617793,0.002974925482212898,298,0,0
2024,7511,0,0.0,504,0,0
2024,7512,589576,0.002839049108845764,302,0,0
2024,7518,1060462,0.005106557417643861,264,0,0
2024,7521,0,0.0,505,0,0
2024,7522,17546,8.449115239393696e-05,464,0,0
2024,7523,2283448,0.010995734238665825,200,0,0
2024,7524,43848,0.00021114601904532933,437,0,0
2024,7525,6305508,0.030363594970317376,140,0,0
2024,7528,1460732,0.007034020860520935,229,0,0
2024,7591,236529,0.0011389836877114738,365,0,0
2024,7599,564348,0.0027175659906083175,306,0,0
2024,7611,935168,0.004503215661799455,274,0,0
2024,7621,27740,0.00013357942365255964,452,0,0
2024,7622,0,0.0,506,0,0
2024,7628,29927,0.00014411072140051018,450,0,0
2024,7631,0,0.0,507,0,0
2024,7638,579284,0.0027894889275828895,304,0,0
2024,7641,2406058,0.011586151438883575,198,0,0
2024,7642,149927,0.0007219597061988936,390,0,0
2024,7643,2163457,0.010417928592541302,207,0,0
2024,7648,1572926,0.007574280768858184,224,0,0
2024,7649,1420843,0.006841939042565746,232,0,0
2024,7711,5699064,0.027443319555841787,147,0,0
2024,7712,1429554,0.006883886063453902,231,0,0
2024,7721,7460066,0.035923263038574474,129,0,0
2024,7722,188133,0.0009059371921422856,375,0,0
2024,7723,174112,0.000838420353676801,382,0,0
2024,7731,7982093,0.03843703613846902,125,0,0
2024,7732,1081996,0.005210252417965931,261,0,0
2024,7741,18193184,0.0876076075387516,77,0,0
2024,7742,230838,0.0011115791996074104,367,0,0
2024,7751,1291034,0.006216855718668301,239,0,0
2024,7752,4050482,0.019504724263701048,167,0,0
2024,7753,0,0.0,508,0,0
2024,7754,17918,8.628248424681196e-05,463,0,0
2024,7757,9067301,0.043662755647594725,113,0,0
2024,7758,418369,0.0020146175160092906,330,0,0
2024,7761,4734,2.279614245029623e-05,480,0,0
2024,7762,0,0.0,509,0,0
2024,7763,1200254,0.005779712961668325,250,0,0
2024,7764,34847053,0.16780278499387885,52,0,0
2024,7768,56929,0.00027413637379655975,429,0,0
2024,7781,4389655,0.021137980711376233,163,0,0
2024,7782,32953,0.00015868214663384276,446,0,0
2024,7783,524376,0.002525084493771976,313,0,0
2024,7784,24099,0.00011604652237213534,454,0,0
2024,7788,1334171,0.0064245779824787,237,0,0
2024,7810,3118115,0.015014996560288428,182,0,0
2024,7821,1148213,0.005529114303185885,255,0,0
2024,7822,353473,0.0017021167850303249,344,0,0
2024,7831,610890,0.002941684719362371,299,0,0
2024,7832,171093,0.0008238826363009152,383,0,0
2024,7841,562347,0.0027079303587868044,307,0,0
2024,7842,80972,0.00038991323330912254,416,0,0
2024,7849,22296357,0.10736606047626943,71,0,0
2024,7851,24501838,0.11798635178328712,67,0,0
2024,7852,965601,0.004649762979752532,270,0,0
2024,7853,1223811,0.005893149532792454,248,0,0
2024,7861,266284,0.0012822661589004395,358,0,0
2024,7868,313204,0.0015082051119566075,351,0,0
2024,7911,0,0.0,510,0,0
2024,7912,0,0.0,511,0,0
2024,7913,0,0.0,512,0,0
2024,7914,0,0.0,513,0,0
2024,7915,0,0.0,514,0,0
2024,7919,40155,0.00019336271653815906,439,0,0
2024,7921,14772,7.113321002868101e-05,466,0,0
2024,7922,13940473,0.06712906808882729,92,0,0
2024,7924,14110037,0.06794558796598024,90,0,0
2024,7928,2586,1.2452645622405163e-05,485,0,0
2024,7929,8450145,0.04069089758040947,120,0,0
2024,7931,435087,0.0020951215104081187,328,0,0
2024,7932,22175,0.00010678167698253461,458,0,0
2024,7933,61982,0.0002984686314647784,425,0,0
2024,7938,2913,1.4027284105980757e-05,484,0,0
2024,8121,7861,3.785392391250077e-05,475,0,0
2024,8122,1402133,0.006751842755019265,234,0,0
2024,8124,2297865,0.011065157978781145,199,0,0
2024,8211,1206323,0.005808937674074502,249,0,0
2024,8212,229357535,1.1044501562967475,23,0,0
2024,8219,5264202,0.025349281512280164,153,0,0
2024,8310,34841322,0.16777518788944654,53,0,0
2024,8421,11348822,0.05464921059464633,101,0,0
2024,8422,956493913,4.605908638274028,4,1,1
2024,8423,757555983,3.6479412975374284,8,0,1
2024,8424,210643567,1.0143347612105023,24,0,0
2024,8429,942090635,4.53655097519012,5,1,1
2024,8431,46383636,0.22335614144881458,43,0,0
2024,8432,73795773,0.3553567709205163,33,0,0
2024,8433,9777402,0.04708218183054737,110,0,0
2024,8434,33938698,0.16342868487232437,55,0,0
2024,8435,10869007,0.05233870550597103,105,0,0
2024,8439,363277225,1.7493281305551993,16,0,0
2024,8441,17869414,0.0860485228236835,79,0,0
2024,8442,106010075,0.5104817851429208,29,0,0
2024,8443,34396649,0.16563390587596943,54,0,0
2024,8451,719292380,3.4636864296351084,9,0,1
2024,8452,324110258,1.5607231962336845,17,0,0
2024,8459,1235536533,5.949612760628037,3,1,1
2024,8461,15184902,0.07312150170802452,86,0,0
2024,8462,901378659,4.340506191850652,6,0,1
2024,8463,637890872,3.071704939977963,10,0,1
2024,8464,148702799,0.7160646786569006,27,0,0
2024,8465,4469575,0.021522828135251956,159,0,0
2024,8471,3787552,0.018238608983925726,172,0,0
2024,8472,365722614,1.7611036768142587,15,0,0
2024,8481,544896497,2.6238990634303785,11,0,0
2024,8482,13537599,0.06518906532298009,93,0,0
2024,8483,715687,0.0034463250531950058,289,0,0
2024,8484,6970324,0.033564955392631726,131,0,0
2024,8510,163505102,0.7873438100004678,26,0,0
2024,8710,902603,0.004346401893549794,276,0,0
2024,8720,421655195,2.0304418863809537,12,0,0
2024,8731,1017619,0.004900250883846218,268,0,0
2024,8732,5280,2.542535533112887e-05,479,0,0
2024,8741,1618810,0.00779523095901226,222,0,0
2024,8742,157149,0.000756736584267343,387,0,0
2024,8743,371044,0.0017867283226294282,338,0,0
2024,8744,361119,0.001738935396178395,341,0,0
2024,8745,1584265,0.007628882682513425,223,0,0
2024,8748,4019592,0.01935597630419753,168,0,0
2024,8749,1997415,0.009618368583092191,212,0,0
2024,8811,58717,0.00028274632367005566,428,0,0
2024,8812,70692,0.0003404108369447277,421,0,0
2024,8813,1282096,0.006173815600117236,240,0,0
2024,8821,466684,0.00224727396351374,322,0,0
2024,8822,8131,3.9154084128297134e-05,474,0,0
2024,8830,10980,5.287318210905209e-05,469,0,0
2024,8841,802279,0.003863300880625519,280,0,0
2024,8842,816724,0.003932859452170624,279,0,0
2024,8851,513731,0.0024738244734121527,314,0,0
2024,8852,268036,0.001290702754078496,357,0,0
2024,8921,3526435,0.01698122403922906,177,0,0
2024,8922,50475,0.00024305772923082004,434,0,0
2024,8924,85768,0.00041300793106823126,411,0,0
2024,8928,8133216,0.03916475507288308,124,0,0
2024,8931,13398476,0.06451913128704588,94,0,0
2024,8932,219072,0.0010549211066479289,370,0,0
2024,8933,29071,0.00013998873197561506,451,0,0
2024,8935,4339249,0.020895255245311672,164,0,0
2024,8939,56109159,0.270188504717009,38,0,0
2024,8941,8543,4.1138032309438245e-05,472,0,0
2024,8942,1454787,0.007005393258732383,230,0,0
2024,8946,23900,0.00011508825613901137,455,0,0
2024,8947,314758419,1.5156902739657852,19,0,0
2024,8951,15247,7.342052892684128e-05,465,0,0
2024,8952,1280347,0.006165393451163798,241,0,0
2024,8959,472059,0.002273156782624501,321,0,0
2024,8960,243803,0.001174010967006669,363,0,0
2024,8972,742951,0.0035776123425411985,286,0,0
2024,8973,14838811,0.07145493226637571,89,0,0
2024,8974,8293087,0.03993459919828893,123,0,0
2024,8981,377679,0.001818678556080572,337,0,0
2024,8982,3359629,0.016177985057910068,179,0,0
2024,8983,184861,0.0008901811764901163,379,0,0
2024,8989,446327,0.002149246698650901,324,0,0
2024,8991,1109661,0.005343470686002992,259,0,0
2024,8993,6404695,0.03084122086411069,138,0,0
2024,8994,445542,0.002145466603208678,325,0,0
2024,8996,2758090,0.01328132922068811,187,0,0
2024,8997,4993464,0.024045567525227293,156,0,0
2024,8998,951144,0.004580146623308946,273,0,0
2024,8999,1765529,0.008501742835684209,218,0,0
