year,sitc4,rca,rca_gt_1_flag,manufacturing_export_share_pct,pakistan_product_exports_usd
2000,5111,0.0053702750308871365,0,0.0006901374336036495,50690
2000,5112,0.0029957766900391555,0,0.0007168634107621416,52653
2000,5113,0.021242495600595095,0,0.0018819417446188924,138227
2000,5114,0.006484516986075114,0,7.591647918275695e-05,5576
2000,5121,0.3861190024812834,0,0.05774866910631098,4241590
2000,5122,0.0,0,0.0,0
2000,5123,0.0,0,0.0,0
2000,5137,0.01858829883290285,0,0.002570159482461285,188776
2000,5138,3.326603500055991,1,0.3070576515398528,22553120
2000,5139,0.0134177682872645,0,0.002368850109936851,173990
2000,5145,0.0038988529272517077,0,0.00030512270713141425,22411
2000,5146,0.0004282078024880397,0,4.446614437067507e-05,3266
2000,5147,0.005594474020775777,0,0.00035768969531732256,26272
2000,5148,0.00563231244777935,0,0.0007332148618917131,53854
2000,5154,0.008321946875713167,0,0.0006217227442397051,45665
2000,5155,0.011498489425447017,0,0.0023258952154207825,170835
2000,5156,0.0010226266069507171,0,0.0004981542426143999,36589
2000,5157,0.0005767470467098885,0,2.2750437000428056e-05,1671
2000,5161,0.013128726113509742,0,0.001528309278640964,112253
2000,5162,0.0,0,0.0,0
2000,5163,0.0,0,0.0,0
2000,5169,0.14794626387858406,0,0.01104963265315943,811586
2000,5221,0.01941375894652801,0,0.001748148480463772,128400
2000,5222,0.04447870092509369,0,0.003088164196138895,226823
2000,5223,0.0,0,0.0,0
2000,5224,0.011440641669078091,0,0.0005055334986612174,37131
2000,5225,0.04014588511361552,0,0.003950420734805029,290155
2000,5231,0.024565110112832928,0,0.0023229816346200093,170621
2000,5232,0.013400971832791727,0,0.0015468527228028927,113615
2000,5233,0.0,0,0.0,0
2000,5239,0.005466497051545513,0,0.00037188999800520195,27315
2000,5241,0.00037695114778188725,0,3.684182077986734e-05,2706
2000,5249,0.11995502907975317,0,0.01177523680632389,864881
2000,5311,0.03377182928332465,0,0.005059065459226248,371584
2000,5312,0.016303482855089434,0,0.000274285041179308,20146
2000,5322,0.20990964672494672,0,0.004450304065090916,326871
2000,5323,0.09483740105128656,0,0.0008358300885058522,61391
2000,5331,0.011088947524520387,0,0.001656656597374079,121680
2000,5332,0.0013539745622680526,0,9.146465336258271e-05,6718
2000,5334,0.018722251152070907,0,0.003592458742216606,263863
2000,5335,0.02751183446631384,0,0.002815921384492839,206827
2000,5411,0.020717829633150605,0,0.0012563659939931182,92279
2000,5413,0.0321818938221888,0,0.004805556699831891,352964
2000,5414,0.48016490322539884,0,0.008502904350876323,624531
2000,5415,0.007189317891075416,0,0.0007056447631928102,51829
2000,5416,0.017805338037298408,0,0.001577622314437224,115875
2000,5417,0.3423484104882949,0,0.4057850585618128,29804563
2000,5419,1.0078450635911265,1,0.09548284888816459,7013133
2000,5513,0.11522577062153361,0,0.004082144539699788,299830
2000,5514,0.023636984950255277,0,0.0028825525267310768,211721
2000,5530,0.11859036622902301,0,0.04407373677329246,3237178
2000,5541,0.6343839369213912,0,0.02767550497254586,2032742
2000,5542,0.014481602004698734,0,0.0036620034652556166,268971
2000,5543,0.08172068773031997,0,0.0013659792604745345,100330
2000,5621,1.489910100786449,1,0.18169062643893027,13345020
2000,5622,0.002062778903283074,0,2.6276686661176636e-05,1930
2000,5623,0.1957964991599977,0,0.013035864252609728,957473
2000,5629,0.854411957953234,0,0.06298058887323169,4625870
2000,5721,0.029704319130284228,0,0.00028634781028905027,21032
2000,5722,0.05211924653894024,0,0.00039587938758913626,29077
2000,5723,0.0,0,0.0,0
2000,5821,0.009653279857752078,0,0.00034614429102267086,25424
2000,5822,0.044652017886080544,0,0.003727940249452548,273814
2000,5823,0.6791482444716374,0,0.24176163728127417,17757184
2000,5824,0.013612582985726925,0,0.0009726594672337409,71441
2000,5825,0.20057971189649057,0,0.033270138319435684,2443663
2000,5826,0.023565666280493693,0,0.002138105402406477,157042
2000,5827,0.007656746186963004,0,0.0006210283861983995,45614
2000,5828,0.005654735529507026,0,1.745425507752769e-05,1282
2000,5829,0.03838185915158015,0,0.0045780523298276105,336254
2000,5831,0.005226562791888855,0,0.001646540753752704,120937
2000,5832,0.00950641860455084,0,0.001936550962338053,142238
2000,5833,0.0021818203737175657,0,0.00047126488709324765,34614
2000,5834,0.7307576435141172,0,0.207654647758566,15252055
2000,5835,0.030614137111458106,0,0.000303842909957243,22317
2000,5836,0.023377210429915557,0,0.002908679449893148,213640
2000,5837,0.3821056621308258,0,0.016911062866273304,1242103
2000,5838,0.011975800613857926,0,0.0001817311987323242,13348
2000,5839,0.01960519424548042,0,0.005369062287510357,394353
2000,5841,0.0786835827421944,0,0.003689382955864749,270982
2000,5842,0.03774413066876557,0,0.0003875470910934678,28465
2000,5843,0.020635220591905507,0,0.0008516505599567781,62553
2000,5849,0.03980858320213245,0,0.0017693876676095933,129960
2000,5851,0.07942295436777212,0,0.001049910203044889,77115
2000,5852,0.3227318893383405,0,0.02351446229854477,1727117
2000,5911,0.5725338892022501,0,0.021510994281833822,1579964
2000,5912,0.08665677347166832,0,0.005872431022866327,431325
2000,5913,0.03362116252855938,0,0.0026969955513397935,198092
2000,5914,0.06941473843282923,0,0.001409928040030119,103558
2000,5921,1.71569608488092,1,0.03338291023426186,2451946
2000,5922,0.24930977330802329,0,0.028495650738236337,2092981
2000,5981,0.11008177293302739,0,0.0037839790278449852,277930
2000,5982,0.0006171028361070473,0,4.411215791824471e-05,3240
2000,5983,0.48865801786963825,0,0.019720530805441068,1448456
2000,5989,0.07552764318891371,0,0.03464604281544183,2544722
2000,6112,2.2084639582129495,1,0.01024639654800428,752589
2000,6113,16.574819629226347,1,0.6422664977700001,47173921
2000,6114,4.509024993689258,1,0.7359952757120546,54058219
2000,6115,8.137487605502228,1,0.23127175251345203,16986711
2000,6116,49.22128122382368,1,1.0499810275651023,77120202
2000,6118,0.753166047710691,0,0.007870466709018822,578079
2000,6121,2.1096371712231865,1,0.018039558061757735,1324990
2000,6122,3.7117539882005253,1,0.03131858377746001,2300323
2000,6123,0.21774426327632185,0,0.021153890025649366,1553735
2000,6129,5.3163757185515,1,0.0909759750650026,6682107
2000,6130,0.055801722249051756,0,0.0010327827046926817,75857
2000,6210,0.007693856842424236,0,0.0007906015117760963,58069
2000,6251,0.006861690460438342,0,0.001590365826724717,116811
2000,6252,0.0018031978473642873,0,0.00028783183041654673,21141
2000,6253,0.06629855261383658,0,0.00034892172318789366,25628
2000,6254,0.07556348076572926,0,0.0011933155608698494,87648
2000,6259,0.09077086541810987,0,0.007366362771030881,541053
2000,6281,0.10033708163226601,0,0.0012053783299795918,88534
2000,6282,0.04907281474120759,0,0.0020229645013217254,148585
2000,6289,0.028406331656009764,0,0.0026644968720339756,195705
2000,6330,0.0,0,0.0,0
2000,6342,0.005683791783674747,0,0.0005588220746155414,41045
2000,6343,0.010613984100801853,0,0.0009627614614292459,70714
2000,6344,0.31551816873770655,0,0.01203125070061237,883685
2000,6349,0.02757240509599897,0,0.0005489512985381563,40320
2000,6351,0.006056477543266037,0,8.158026242164269e-05,5992
2000,6352,0.05671649864943996,0,0.00043461367440315044,31922
2000,6353,0.0076388919357104354,0,0.00114465603852423,84074
2000,6354,0.0975678886074669,0,0.0018782521165954839,137956
2000,6359,0.3214809792085474,0,0.026853276132731464,1972350
2000,6411,0.004238486092463731,0,0.0017647177694102235,129617
2000,6412,0.007234556117687317,0,0.0031442574339855516,230943
2000,6413,0.001902264283955501,0,0.00028531308065886916,20956
2000,6415,0.005253904081494778,0,0.0005723416341256701,42038
2000,6416,0.04923023397957364,0,0.0029505179255977054,216713
2000,6417,0.004926414099733905,0,0.00013107029144411784,9627
2000,6418,0.06482851078888162,0,0.018567828382555825,1363791
2000,6419,0.006654720523925873,0,0.0001423706281947793,10457
2000,6421,0.06478096638076904,0,0.010722031806298687,787524
2000,6422,0.007876791113324372,0,0.0001132620499141598,8319
2000,6423,0.04843209679068465,0,0.002174525162416139,159717
2000,6424,0.008834445880204047,0,0.0006208922375628493,45604
2000,6428,0.013475425292511336,0,0.0017789180720981029,130660
2000,6511,0.04723058085965824,0,0.00012201640718003366,8962
2000,6512,0.007454868604402761,0,0.0005974882871117806,43885
2000,6513,90.45727853329761,1,14.041656307196407,1031347560
2000,6514,3.1262048641784315,1,0.8543370176037265,62750318
2000,6515,0.8356452785288521,0,0.0077497845584671805,569215
2000,6516,4.407473464297992,1,0.18749234186049185,13771151
2000,6517,1.4145291742367205,1,0.040562259239501075,2979263
2000,6518,0.8700863245378208,0,0.0006824858802857317,50128
2000,6519,0.0663984588172345,0,0.0035050104736027527,257440
2000,6521,65.00439174576921,1,5.794242005118421,425582084
2000,6522,23.564396528757225,1,7.507681950543034,551432772
2000,6531,21.864504224098475,1,8.143031702796044,598098664
2000,6532,2.7892020806790887,1,0.0955882007023533,7020871
2000,6534,4.235062286779456,1,0.5503187073593042,40420435
2000,6535,1.3131928001721018,1,0.05912348441323272,4342569
2000,6536,0.6827869410273045,0,0.014519802690924902,1066467
2000,6538,0.45069514785473186,0,0.018148422510743622,1332986
2000,6539,6.8568715524137644,1,0.13943428334214236,10241328
2000,6541,0.8416624454631584,0,0.025891290718524855,1901693
2000,6542,0.48569122845298734,0,0.02849285969120756,2092776
2000,6543,1.9358811185849134,1,0.06278405831781506,4611435
2000,6544,0.5052136559759768,0,0.011519890040349605,846126
2000,6545,9.110819286136683,1,0.029072335513836055,2135338
2000,6546,0.0,0,0.0,0
2000,6549,21.93904856646156,1,0.0156847448761461,1152031
2000,6551,3.456767032603171,1,0.7971796284067462,58552157
2000,6552,1.43128774986562,1,0.1308840264958217,9613319
2000,6553,0.45851868795981404,0,0.0014293019908689036,104981
2000,6560,1.4228032112578928,1,0.10302266502088635,7566926
2000,6571,2.5258661776826057,1,0.04903917281585088,3601885
2000,6572,0.7080538887579484,0,0.07772483258986099,5708822
2000,6573,0.11864471511226647,0,0.023434543049476838,1721247
2000,6574,10.648113657465515,1,0.11636136468355024,8546642
2000,6575,1.1943910575654275,1,0.0363139589049759,2667229
2000,6576,0.3412567970883157,0,0.0003853414831975555,28303
2000,6577,7.198822454590585,1,0.5083428985260674,37337348
2000,6579,0.22970535212176,0,0.0001738481927339712,12769
2000,6581,9.558349678663813,1,0.16946475126379895,12447040
2000,6582,23.89067494381555,1,0.5588325580604787,41045770
2000,6583,8.216117431476901,1,0.17444825423029486,12813074
2000,6584,72.97614222730128,1,13.09010650891149,961457047
2000,6589,11.570667363221292,1,0.43437231010204724,31904272
2000,6591,0.02421084324870358,0,0.0003456405410711353,25387
2000,6592,96.243111222855,1,3.537449533421063,259822621
2000,6593,34.7608743343531,1,0.05678465507743467,4170784
2000,6594,1.558132370624059,1,0.055099448111185736,4047007
2000,6595,0.24183202649375474,0,0.01792343689049702,1316461
2000,6596,0.16067452964970874,0,0.0022913134619910475,168295
2000,6597,0.27202082612473905,0,0.0005374195091070597,39473
2000,6611,0.12987317128409212,0,0.0005616267365078743,41251
2000,6612,0.09375155862290566,0,0.007821793571809647,574504
2000,6613,0.2487302119316412,0,0.03338820641618477,2452335
2000,6618,0.038539220116940144,0,0.001500780024532726,110231
2000,6623,0.058028850822248554,0,0.0027367237231933237,201010
2000,6624,0.031207333627212546,0,0.004692090426964406,344630
2000,6631,0.015232415902716808,0,0.0005113470453992083,37558
2000,6632,0.004563126863266092,0,0.0001684158621755207,12370
2000,6633,1.9872498366247648,1,0.16182154385724043,11885653
2000,6635,0.001036308879592728,0,2.6617058250051978e-05,1955
2000,6637,0.4129938020354813,0,0.008458383747051428,621261
2000,6638,0.024879118978278093,0,0.0004574594154484637,33600
2000,6639,0.05123619332960561,0,0.004071320723173552,299035
2000,6641,0.024864652235575425,0,0.0005998981179610181,44062
2000,6642,0.010395379218240889,0,0.0016316188632964088,119841
2000,6643,0.01009191396114051,0,1.6460370038011685e-05,1209
2000,6644,0.0,0,0.0,0
2000,6645,0.0,0,0.0,0
2000,6646,0.09896302298953392,0,7.187286470691785e-05,5279
2000,6647,0.0032513037208038117,0,0.00024700085461506035,18142
2000,6648,0.022482730820822385,0,0.0007213154711446311,52980
2000,6649,0.10286611728927159,0,0.011498296866751355,844540
2000,6651,0.07196810847331243,0,0.005572808720611139,409318
2000,6652,0.014633605027660465,0,0.0013352232837037584,98071
2000,6658,0.1158106244913954,0,0.0041619820995863884,305694
2000,6664,0.08555059855658947,0,0.004373965525137954,321264
2000,6665,0.08426383228308068,0,0.0017138254094415822,125879
2000,6666,0.05069070089143191,0,0.002107308581045036,154780
2000,6671,0.000824057609239341,0,1.515334313673036e-05,1113
2000,6672,0.00010859929688020391,0,0.00010566495605046209,7761
2000,6673,1.0993980969060337,1,0.03730424962051339,2739965
2000,6674,0.006183492781853541,0,6.569171665294159e-05,4825
2000,6712,0.0,0,0.0,0
2000,6713,0.0,0,0.0,0
2000,6716,0.0,0,0.0,0
2000,6724,0.0,0,0.0,0
2000,6725,0.0012561993085182565,0,0.0002759732842601297,20270
2000,6727,0.00020151105549181855,0,7.466391173569568e-05,5484
2000,6731,0.00044298698425797344,0,5.2825670593453546e-05,3880
2000,6732,0.004785994949448915,0,0.0009541160230718121,70079
2000,6733,0.00018778730024688378,0,2.3608173404393927e-05,1734
2000,6741,0.0,0,0.0,0
2000,6744,0.0,0,0.0,0
2000,6745,0.0,0,0.0,0
2000,6746,7.763016143507839e-05,0,2.04222953325207e-05,1500
2000,6747,0.053333631987107076,0,0.0033486982251276394,245959
2000,6749,0.0012561635937166416,0,0.0003054903084473996,22438
2000,6750,0.00017183252447743383,0,2.608607857140644e-05,1916
2000,6760,0.015851886512486042,0,0.0003306233465699551,24284
2000,6770,0.005004145709254315,0,0.00038163824031059185,28031
2000,6781,0.05444677931612691,0,0.0009267501473262343,68069
2000,6782,0.05503981106269394,0,0.006791230089876433,498810
2000,6783,0.5182309136974472,0,0.08391382280524494,6163398
2000,6784,0.34505769526721564,0,0.0084562734432004,621106
2000,6785,0.18794109405530457,0,0.01825486351401672,1340804
2000,6793,0.06565424886382712,0,0.00400109525695679,293877
2000,6794,0.04605381283077965,0,0.004557466656132429,334742
2000,6911,0.0610125152952008,0,0.014233427650908742,1045433
2000,6912,0.00841711380901882,0,0.0005558404194969934,40826
2000,6921,0.03613375317498092,0,0.0005460649474644934,40108
2000,6924,0.0551158327331417,0,0.006296915238784548,462503
2000,6931,0.23746445880834774,0,0.01426693383011763,1047894
2000,6932,0.0,0,0.0,0
2000,6935,0.02920443842326498,0,0.001356530545167355,99636
2000,6940,0.03873002650225214,0,0.009198814486627299,675645
2000,6951,0.30875531908782805,0,0.0035772237098985462,262744
2000,6953,0.12933377336135926,0,0.0169975308647112,1248454
2000,6954,0.02059566196914411,0,0.005251457096122148,385715
2000,6960,3.6402450170169165,1,0.34444011855148976,25298830
2000,6973,0.02582263151106024,0,0.00427242587274466,313806
2000,6974,0.15167864615875534,0,0.018077053395988245,1327744
2000,6975,1.208344799851696,1,0.01391541166799073,1022075
2000,6978,0.02155513245940081,0,0.00028372014162293257,20839
2000,6991,0.0591207225712237,0,0.01712877814938153,1258094
2000,6992,0.005971339955773364,0,0.00019284092739321545,14164
2000,6993,0.014475520102252525,0,0.00042504242532397584,31219
2000,6994,0.06592363859647302,0,0.005237529090705369,384692
2000,6996,0.00911516213195919,0,0.0007236844574032035,53154
2000,6997,0.05915104173954943,0,0.015907987793857666,1168428
2000,6998,0.054382254101262406,0,0.010023548461335813,736221
2000,6999,0.052908304721901535,0,0.00267881970849385,196757
2000,7111,0.0028723453560660986,0,4.626330635993689e-05,3398
2000,7112,0.027341291870827525,0,0.00022547575533458353,16561
2000,7119,0.007759637247226302,0,0.00022184058676539485,16294
2000,7126,0.0009289626932916953,0,1.554817417982576e-05,1142
2000,7129,0.5495279562637648,0,0.022944339887178568,1685242
2000,7131,0.04201714559263767,0,0.0013104986914878533,96255
2000,7132,0.006046211748978266,0,0.004242895233693835,311637
2000,7133,0.0012700912009144787,0,7.693759394938297e-05,5651
2000,7138,0.0005638255487173204,0,4.2628137790748205e-05,3131
2000,7139,0.009437272952076546,0,0.004640585398135788,340847
2000,7144,0.050022642454490666,0,0.01545992263426216,1135518
2000,7148,0.2581713173502672,0,0.032566876157365005,2392009
2000,7149,0.1329286997428468,0,0.07174037846966401,5269269
2000,7161,0.0774633537258433,0,0.011866619770505142,871593
2000,7162,0.03731462647248979,0,0.011338798740204367,832825
2000,7163,0.0,0,0.0,0
2000,7169,0.04534649998444202,0,0.005621863073999853,412921
2000,7187,0.0,0,0.0,0
2000,7188,0.1404803219153706,0,0.009086219565027333,667375
2000,7211,0.01621950622009288,0,0.000594969537354103,43700
2000,7212,0.007579602413042636,0,0.0009360627139978637,68753
2000,7213,0.015722545805905985,0,0.00023458409905288775,17230
2000,7219,0.039902292789041255,0,0.0014833666140458635,108952
2000,7224,0.2702406653250322,0,0.03774150457844621,2772081
2000,7233,0.7502123621023704,0,0.029860418275854474,2193222
2000,7234,0.04461530865940817,0,0.012572768283649487,923459
2000,7239,0.6934416288800684,0,0.18305307944974403,13445091
2000,7243,0.11280719379850138,0,0.009149365302195489,672013
2000,7244,0.13110278475162138,0,0.00960358438011786,705375
2000,7245,0.08332453232292658,0,0.007465438133120716,548330
2000,7246,0.1324362051338836,0,0.0071948018753741514,528452
2000,7247,0.051098186535434846,0,0.004108298692588969,301751
2000,7248,0.022720126938419613,0,0.0003440067574445337,25267
2000,7251,0.11128581489320417,0,0.003336689915472117,245077
2000,7252,0.16121503890771713,0,0.007548801942668066,554453
2000,7259,0.030404512425557702,0,0.0016238583910700509,119271
2000,7263,0.042220206443008015,0,0.0012908796731050784,94814
2000,7264,0.0021232757433548573,0,0.00022621095796655427,16615
2000,7267,0.005455193592970846,0,0.00020573420317981353,15111
2000,7268,0.0,0,0.0,0
2000,7269,0.01875128181755889,0,0.0004426055993099436,32509
2000,7271,0.033029282882274066,0,0.0003035978424132527,22299
2000,7272,0.08811255405342243,0,0.008601898023784828,631802
2000,7281,0.11590244917663475,0,0.02174702155642354,1597300
2000,7283,0.04653148207452241,0,0.0046294756694748975,340031
2000,7284,0.1522288263518076,0,0.1267885666195651,9312511
2000,7361,0.01921511422970029,0,0.0037894930475847657,278335
2000,7362,0.008827591785006661,0,0.0008361296155040624,61413
2000,7367,0.00566463162394351,0,0.0006386324047750323,46907
2000,7368,0.002994432189234553,0,0.0002636382178792872,19364
2000,7369,0.009603746233655093,0,0.0015474245470722034,113657
2000,7371,0.0017425658115510945,0,4.541918481952604e-05,3336
2000,7372,0.040230710892627336,0,0.0015311411702604069,112461
2000,7373,0.1268011872287837,0,0.017802768354808936,1307598
2000,7411,0.0,0,0.0,0
2000,7412,0.022141386485836828,0,0.0004938655605945706,36274
2000,7413,0.021502276325928753,0,0.0019737195398432405,144968
2000,7414,0.02133982435643508,0,0.0035491634761116624,260683
2000,7415,0.04448521753082231,0,0.011881745883914762,872704
2000,7416,0.02338931903304629,0,0.004268926852811022,313549
2000,7421,0.04387449756446719,0,0.004008665121093378,294433
2000,7422,0.06572927071761953,0,0.004281180230010534,314449
2000,7423,0.09780130690330349,0,0.006045312560287892,444023
2000,7428,0.07177245326752087,0,0.0044884120681813995,329670
2000,7429,0.04361249426757537,0,0.004265468677468048,313295
2000,7431,0.011493247751922375,0,0.0030590692327218303,224686
2000,7432,0.1684721140562541,0,0.01139457883618926,836922
2000,7433,0.0,0,0.0,0
2000,7434,0.39490806081680246,0,0.03087374534052704,2267650
2000,7435,0.0003470266363397414,0,2.354009908661886e-05,1729
2000,7436,0.16800503650557308,0,0.04802123031243316,3527118
2000,7439,0.001720435196123978,0,0.00019137052212927393,14056
2000,7441,0.0757638200532273,0,0.017394935117018496,1277643
2000,7442,0.006860593584237954,0,0.002359415009493226,173297
2000,7449,0.03994460399601032,0,0.008690190413939093,638287
2000,7451,0.07197844085738973,0,0.00974633622449218,715860
2000,7452,0.015206842883306971,0,0.00654710197147148,480879
2000,7491,0.01748707163828665,0,0.004248599861523386,312056
2000,7492,0.023987780522334638,0,0.010736953696754982,788620
2000,7493,0.010010211971843597,0,0.0032339521550859827,237531
2000,7499,0.014319820050827716,0,0.002750011830023017,201986
2000,7511,0.010779064225459063,0,5.4037393449849765e-05,3969
2000,7512,0.003436592349624802,0,0.00033126324515704076,24331
2000,7518,0.004112730988121791,0,0.0031735157757652767,233092
2000,7521,0.0,0,0.0,0
2000,7522,0.02038007057939271,0,0.003752351699806688,275607
2000,7523,0.0014344799296178998,0,0.0015158516784881263,111338
2000,7524,0.002624706342213176,0,0.00036222344488114213,26605
2000,7525,0.0012769309422942148,0,0.0032582546865316826,239316
2000,7528,0.0040263732907455455,0,0.0006112801438930096,44898
2000,7591,0.0023062674106867314,0,0.0013126089953388804,96410
2000,7599,0.005882697026655148,0,0.01578608030558607,1159474
2000,7611,0.004060346930834342,0,0.0030549030844739967,224380
2000,7621,0.0,0,0.0,0
2000,7622,0.0023736514234742575,0,0.00014420863477470616,10592
2000,7628,0.0005887070822801192,0,8.253330287049365e-05,6062
2000,7631,0.0013623380612110168,0,1.5493714725605704e-05,1138
2000,7638,0.0016681120426671476,0,0.0009330946737428706,68535
2000,7641,0.0018602206420807734,0,0.001567751538359839,115150
2000,7642,0.002383078015280192,0,0.0004909792095209077,36062
2000,7643,0.005947350063658434,0,0.0034638118964852808,254414
2000,7648,0.12390040571423075,0,0.05405691716418766,3970434
2000,7649,0.01498634327465497,0,0.013222306194132085,971167
2000,7711,0.3570828804100721,0,0.06845375040748368,5027869
2000,7712,0.014546792262159759,0,0.007119838436640246,522946
2000,7721,0.02341016901591348,0,0.030080243862813726,2209368
2000,7722,0.0014404474899022705,0,0.0006378972021430615,46853
2000,7723,0.0047091567503614665,0,0.0005883118690757013,43211
2000,7731,0.0012287519718371192,0,0.0007512000966478864,55175
2000,7732,0.3632181640066575,0,0.025068095223398056,1841230
2000,7741,0.38475476179177187,0,0.06266661650478951,4602809
2000,7742,0.008713750125039213,0,0.0011596323884347454,85174
2000,7751,0.010090992874855922,0,0.0009432105173642459,69278
2000,7752,0.005722862403039612,0,0.0006934866900381829,50936
2000,7753,0.0,0,0.0,0
2000,7754,0.005377489412401811,0,0.00011866715074550026,8716
2000,7757,0.07408291145095967,0,0.020249549943734683,1487312
2000,7758,0.010624288058057124,0,0.00301923214195986,221760
2000,7761,0.011510003972261623,0,0.0022725385651486832,166916
2000,7762,0.0,0,0.0,0
2000,7763,0.0010000658339878754,0,0.0005674811278365301,41681
2000,7764,0.001599937849342023,0,0.004362406505979746,320415
2000,7768,0.0013115557140541724,0,0.0006404431816278491,47040
2000,7781,0.004692854942183766,0,0.001211450559125128,88980
2000,7782,0.006071203094551145,0,0.00045483174678234603,33407
2000,7783,0.004480050708739073,0,0.001555838532749202,114275
2000,7784,0.024789245896254374,0,0.001469030162722434,107899
2000,7788,0.00861022849840648,0,0.014068851180255734,1033345
2000,7810,0.0023682858168204155,0,0.012152913121339974,892621
2000,7821,0.011621460469401757,0,0.02078999195255096,1527007
2000,7822,0.1421066131903653,0,0.011123806429807145,817034
2000,7831,0.007958331405071788,0,0.0009279074107284105,68154
2000,7832,0.0032347298986053923,0,0.0006420769652544508,47160
2000,7841,0.09783542481959695,0,0.003949454079492622,290084
2000,7842,0.0011422948283168189,0,6.980340544655575e-05,5127
2000,7849,0.015579515732405026,0,0.04483185322062629,3292861
2000,7851,0.059531609759840516,0,0.012477219171220402,916441
2000,7852,0.02479111292881298,0,0.002177711040488012,159951
2000,7853,0.04947782451130056,0,0.007176258431212224,527090
2000,7861,0.1434741352236853,0,0.02056026835978721,1510134
2000,7868,0.02450496813605362,0,0.0017851945241969642,131121
2000,7911,0.0,0,0.0,0
2000,7912,0.0,0,0.0,0
2000,7913,0.12327930114575722,0,0.0031807997277672087,233627
2000,7914,0.09686298952442536,0,0.001410976384523855,103635
2000,7915,0.3982926293062079,0,0.006049151951810406,444305
2000,7919,0.024863043677371723,0,0.0020506571337926237,150619
2000,7921,0.0009025505228007374,0,4.801962375853367e-05,3527
2000,7922,1.1517390040341267,1,0.011858478082099244,870995
2000,7923,0.0009431585468634168,0,0.00026740953508402605,19641
2000,7928,0.0024715262526506785,0,5.1082968058411776e-05,3752
2000,7929,0.05855761977675339,0,0.03707364106161856,2723027
2000,7931,0.07894128954046825,0,0.05083534092007318,3733812
2000,7932,0.0,0,0.0,0
2000,7933,0.9429280388524628,0,0.004139109128813965,304014
2000,7938,0.6476977636341711,0,0.06256724161570146,4595510
2000,8121,0.002049411251371255,0,0.00016659147045914883,12236
2000,8122,0.19873436542220532,0,0.008202628535170495,602476
2000,8124,0.03484396112212335,0,0.00519536385827549,381595
2000,8211,0.11765010786817175,0,0.05289652234339383,3885204
2000,8212,0.3187546539384557,0,0.027250231094541447,2001506
2000,8219,0.09641387341860819,0,0.057046673126550915,4190029
2000,8310,0.1842656908603262,0,0.044217605036478286,3247745
2000,8421,0.40983092551809847,0,0.03425826427166792,2516240
2000,8422,9.49138073083287,1,0.5277806622303344,38765035
2000,8423,10.116862879018397,1,3.6873748587944295,270834507
2000,8424,5.617585244778013,1,0.42683150008428594,31350406
2000,8429,6.4385552276476075,1,1.0157324026168313,74604670
2000,8431,0.45281633140355687,0,0.07004986170662861,5145102
2000,8432,7.080512454411377,1,0.286001652383164,21006575
2000,8433,1.6591521305313952,1,0.12298277658030499,9032979
2000,8434,1.5102727192538232,1,0.11070998458536313,8131553
2000,8435,2.5423807501205595,1,0.30465111548759566,22376362
2000,8439,3.401749995216525,1,1.413577762888448,103826069
2000,8441,7.835933808082781,1,1.4017272767312556,102955661
2000,8442,22.259302729586913,1,0.5921391025250605,43492107
2000,8443,2.3362878331538917,1,0.10284226807878241,7553676
2000,8451,0.5825067519702574,0,0.272380675754414,20006126
2000,8452,3.433938634709124,1,0.5613785783898569,41232773
2000,8459,13.882371654581235,1,3.717005499018066,273010852
2000,8461,3.273667112567227,1,0.01964434202898721,1442860
2000,8462,14.330417412421246,1,4.758320039646679,349494508
2000,8463,10.294983216289205,1,1.9861555332076162,145881413
2000,8464,11.217936208639678,1,0.3186314836696074,23403208
2000,8465,0.057001014262076384,0,0.0056427755044203545,414457
2000,8471,0.37161373345267723,0,0.015990480252137493,1174487
2000,8472,6.172504764536606,1,0.5034389472073234,36977157
2000,8481,42.01330099655893,1,5.2527754369750435,385811831
2000,8482,0.7716017004927291,0,0.04263874376945756,3131779
2000,8483,0.2357549493367196,0,0.005339817560594187,392205
2000,8484,0.14083133780632573,0,0.006777193165551213,497779
2000,8510,0.689483398875708,0,0.5112375682813624,37549959
2000,8710,0.01089351744560442,0,0.004902957433704459,360118
2000,8720,3.112621562854505,1,1.5199526251543958,111639211
2000,8731,0.29150804693147947,0,0.00796278909878537,584860
2000,8732,0.02406775381814577,0,0.0004383305321536693,32195
2000,8741,0.12478210296459105,0,0.009314731434934685,684159
2000,8742,0.01340209148711774,0,0.0008545505258939961,62766
2000,8743,0.0070047787863259416,0,0.0011467663423752573,84229
2000,8744,0.012969789104965119,0,0.0008477294792529343,62265
2000,8745,1.4418098828598291,1,0.10872702055316602,7985906
2000,8748,0.010050502976952602,0,0.006990415543686286,513440
2000,8749,0.022346626875569278,0,0.006451498399588173,473857
2000,8811,0.00013628417456260843,0,1.8938275205024196e-05,1391
2000,8812,0.0,0,0.0,0
2000,8813,0.014184223200876053,0,0.0015119850572385025,111054
2000,8821,0.00566452476565353,0,0.0011191417842221344,82200
2000,8822,0.002083952230875715,0,0.0005375284280154998,39481
2000,8830,0.08485827448765833,0,0.000625480446580889,45941
2000,8841,0.02681545966159757,0,0.006765688605847227,496934
2000,8842,0.011292127234337878,0,0.0009938441949253424,72997
2000,8851,0.004949568017422046,0,0.0011604492802480462,85234
2000,8852,0.06200388472649357,0,0.004785325012589141,351478
2000,8921,0.10746232320484096,0,0.02206894500518184,1620945
2000,8922,0.19246266880800983,0,0.015397838856451296,1130958
2000,8924,0.0499113607274174,0,0.0007761016820900066,57004
2000,8928,0.17902051573427066,0,0.038441757855671235,2823514
2000,8931,0.09706994455206877,0,0.0320562234700071,2354502
2000,8932,0.04524655240177669,0,0.0009079207910296502,66686
2000,8933,0.004188245154302545,0,4.578678613551141e-05,3363
2000,8935,0.3016078782499223,0,0.007308172844196752,536779
2000,8939,0.21463811926697343,0,0.10882894142173885,7993392
2000,8941,0.009504478537451377,0,0.0001311383657618929,9632
2000,8942,0.026259357005715755,0,0.013468626305569397,989259
2000,8946,1.3528130182133953,1,0.014759165607085598,1084048
2000,8947,18.090815562005336,1,3.330109266476846,244593657
2000,8951,0.07404132490744592,0,0.0005051250527545669,37101
2000,8952,0.21867080103629954,0,0.029048577576932556,2133593
2000,8959,0.007759105774700141,0,0.0004931303579625998,36220
2000,8960,0.028936757678601058,0,0.0038966828683533895,286208
2000,8972,0.08746625436464454,0,0.00421328290546168,309462
2000,8973,0.8527379830772756,0,0.32446234851404027,23831480
2000,8974,0.00738835646838694,0,0.00015801410641949016,11606
2000,8981,0.2346145245034585,0,0.004796325822341591,352286
2000,8982,0.8774953235321667,0,0.03316989207908012,2436300
2000,8983,0.010479597567634686,0,0.016489111014976316,1211111
2000,8989,0.15946320073985498,0,0.0026133185999306784,191946
2000,8991,73.74098859029525,1,0.8292892629864795,60910582
2000,8993,3.1005789957428798,1,0.1463691230127971,10750686
2000,8994,0.07148201831174988,0,0.0016969021340426998,124636
2000,8996,0.026680455328489828,0,0.0046605311732438835,342312
2000,8997,0.30538405776466326,0,0.018547596695313074,1362305
2000,8998,0.08800154539151316,0,0.004386096368565471,322155
2000,8999,0.05540898986710618,0,0.0018012464483283257,132300
2001,5111,0.006515127528195301,0,0.000765503592510413,57412
2001,5112,0.0007881711544275741,0,0.0001599621437913228,11997
2001,5113,0.004336672035583189,0,0.0003490713448742878,26180
2001,5114,0.0,0,0.0,0
2001,5121,0.6806198759185886,0,0.11075921771360124,8306830
2001,5122,0.05320464198961457,0,0.0006009680540937319,45072
2001,5123,0.0037781470125792483,0,0.00020110936190752038,15083
2001,5137,0.21626377382340053,0,0.03176502571063924,2382345
2001,5138,7.039858157460033,1,0.7246047377227477,54344627
2001,5139,0.008698486997105234,0,0.0016462620629846664,123468
2001,5145,0.004718606916972937,0,0.00036783159629667604,27587
2001,5146,0.007359415904551104,0,0.0009136655781575896,68524
2001,5147,0.006040809397980358,0,0.0004015920487497584,30119
2001,5148,0.00577726585718047,0,0.0007715036729226906,57862
2001,5154,0.006729318481714773,0,0.0005093401594422381,38200
2001,5155,0.014442668284236992,0,0.003067894448845684,230089
2001,5156,0.0054308400586413445,0,0.0026643157068038602,199821
2001,5157,0.0006890901452707516,0,3.149375540844415e-05,2362
2001,5161,0.006771199633338015,0,0.0008163842744065277,61228
2001,5162,0.0,0,0.0,0
2001,5163,0.0,0,0.0,0
2001,5169,0.2908326415183127,0,0.02353919546915912,1765416
2001,5221,0.017527208360495795,0,0.0015745944358380166,118093
2001,5222,0.1805634112011797,0,0.012763464387581261,957247
2001,5223,0.0,0,0.0,0
2001,5224,0.004201842066845803,0,0.00017990907778413925,13493
2001,5225,0.03172008922061143,0,0.0036741425737022207,275557
2001,5231,0.015511235553888987,0,0.00161954170488199,121464
2001,5232,0.014407595387036594,0,0.0018713850800533248,140352
2001,5233,0.0,0,0.0,0
2001,5239,0.008754681196696257,0,0.0006282884202376363,47121
2001,5241,0.003680925419483471,0,0.0003120575154865482,23404
2001,5249,0.06957323992289473,0,0.008035281021098208,602638
2001,5311,0.08565356173619805,0,0.012771891167182503,957879
2001,5312,0.18467889343220176,0,0.0030337873250798923,227531
2001,5322,0.18286127097175697,0,0.004282830731259749,321208
2001,5323,0.07105302271424754,0,0.0006347685070828961,47607
2001,5331,0.04099236940588293,0,0.0063286314821419725,474641
2001,5332,0.005638933996276673,0,0.00038843187237882934,29132
2001,5334,0.020826405926079514,0,0.004160282422216985,312017
2001,5335,0.027521541846686197,0,0.0028137310425816017,211027
2001,5411,0.01672973704915695,0,0.0011000414092749615,82502
2001,5413,0.020565723093467967,0,0.0032230831953312393,241728
2001,5414,0.1719003120168887,0,0.003911439087251789,293354
2001,5415,0.012603687003100396,0,0.001221723040035953,91628
2001,5416,0.019171607240122453,0,0.0021533621924063207,161500
2001,5417,0.2380780765205622,0,0.3824709391578638,28684936
2001,5419,0.7927596880937868,0,0.08976306965935783,6732140
2001,5513,0.21959987987646526,0,0.008472113542136075,635400
2001,5514,0.045070399302018484,0,0.006563634631622848,492266
2001,5530,0.11434565746674831,0,0.049001190040748765,3675040
2001,5541,0.9065260262301383,0,0.042713745777259074,3203488
2001,5542,0.04098672871133799,0,0.011563568306733971,867256
2001,5543,0.009682340818725675,0,0.00016674890141321023,12506
2001,5621,0.0011218753512414299,0,0.00014322858619708173,10742
2001,5622,0.0,0,0.0,0
2001,5623,0.003620319761686189,0,0.0002447766137968746,18358
2001,5629,0.01557586272862953,0,0.0012097895467715338,90733
2001,5721,0.09362211166222796,0,0.0009070921567281389,68031
2001,5722,0.29199975777293613,0,0.0022888573416275783,171662
2001,5723,0.01274789735012668,0,0.00010813478254127099,8110
2001,5821,0.048188597926449674,0,0.001763543634776654,132264
2001,5822,0.053649860585676265,0,0.0047497969894792795,356230
2001,5823,0.6336516218339102,0,0.23675251959236723,17756201
2001,5824,0.014419514757328278,0,0.0010168536277367383,76263
2001,5825,0.10802628598037879,0,0.019908306808473403,1493103
2001,5826,0.023320969273399397,0,0.002116948371059809,158769
2001,5827,0.009002901409909548,0,0.0007498500493903819,56238
2001,5828,0.0,0,0.0,0
2001,5829,0.013156494756935446,0,0.0017010627974168024,127578
2001,5831,0.006826885502171853,0,0.002204322875374599,165322
2001,5832,0.007091619003009149,0,0.0014269257901358492,107018
2001,5833,0.009439306783857468,0,0.0017921173510511233,134407
2001,5834,0.30684398509639754,0,0.08570285524490562,6427628
2001,5835,0.01718909615457845,0,0.00018294911852635994,13721
2001,5836,0.02059554552869349,0,0.002840424733660224,213029
2001,5837,0.1758510955516629,0,0.008156589313522434,611736
2001,5838,0.00610423829264605,0,9.581461742806083e-05,7186
2001,5839,0.010073125960777156,0,0.002992746775059913,224453
2001,5841,0.06579408160465793,0,0.0034120057272458227,255897
2001,5842,0.031828093657322955,0,0.00034364460547918333,25773
2001,5843,0.0264227819927509,0,0.0012595902141934387,94468
2001,5849,0.04459050870309282,0,0.0021972161134640573,164789
2001,5851,0.008782439412739549,0,0.00011516154337964951,8637
2001,5852,0.24716422203803884,0,0.01941200682379385,1455881
2001,5911,0.7914914395927098,0,0.03199790883170777,2399811
2001,5912,0.041484842561270115,0,0.002871545150731904,215363
2001,5913,0.055761436717724475,0,0.00469555626255229,352162
2001,5914,0.042974779032205604,0,0.0009935999827611556,74519
2001,5921,1.4109639502670603,1,0.028137950434393325,2110318
2001,5922,0.301951929533329,0,0.0378997879279045,2842446
2001,5981,0.05619046160325229,0,0.002166949041162123,162519
2001,5982,0.13150359242480117,0,0.010083428470097232,756247
2001,5983,0.9278262442253874,0,0.040682065215613746,3051114
2001,5989,0.09591072822538095,0,0.047245699847236595,3543380
2001,6112,1.7524476768871813,1,0.006351191784492137,476333
2001,6113,20.10198950524791,1,0.862942671709294,64719833
2001,6114,3.444537517305801,1,0.63164365187067,47372639
2001,6115,5.448296678815589,1,0.16827002846581884,12620083
2001,6116,53.35147722168277,1,1.384923013886909,103867834
2001,6118,1.0365224464117246,1,0.012208230279741111,915605
2001,6121,2.338182124389678,1,0.019716090899088084,1478687
2001,6122,2.896627088104721,1,0.026897467142934988,2017283
2001,6123,0.268329928729477,0,0.02697564152395095,2023146
2001,6129,7.336228999321657,1,0.12216202386582224,9162029
2001,6130,0.1738374386540828,0,0.0036676491533449334,275070
2001,6210,0.006902363087234413,0,0.0007236896987928513,54276
2001,6251,0.04037715974318753,0,0.00959452858459282,719580
2001,6252,0.02873002061079083,0,0.004504940374610242,337866
2001,6253,0.06804339707402549,0,0.0002680035917484028,20100
2001,6254,0.07344244256982711,0,0.0011921626438714647,89411
2001,6259,0.19855882371584657,0,0.01611844268388639,1208867
2001,6281,0.15299981890685005,0,0.002136961972612762,160270
2001,6282,0.02510614878106557,0,0.001119134998498032,83934
2001,6289,0.0907610141728471,0,0.008986547103172737,673982
2001,6330,0.0005217745298297697,0,1.5320205319348995e-05,1149
2001,6342,0.0028465684263076566,0,0.0002829637922430151,21222
2001,6343,0.0078044769382791266,0,0.0006810624608416252,51079
2001,6344,0.2283074232191044,0,0.0088875191093461,666555
2001,6349,0.021016321074351602,0,0.0004304591022888277,32284
2001,6351,0.03211436596073361,0,0.00042687238755348834,32015
2001,6352,0.0,0,0.0,0
2001,6353,0.01790696523772193,0,0.002706356270225886,202974
2001,6354,0.09268491388835351,0,0.0019012521469944405,142592
2001,6359,0.3011997612323984,0,0.02598030818462625,1948497
2001,6411,0.004991970685543847,0,0.0022013095016564332,165096
2001,6412,0.006212838053337231,0,0.002592488077512883,194434
2001,6413,0.006516233470935001,0,0.0009410126113255485,70575
2001,6415,0.011539067803000177,0,0.001289270611966172,96694
2001,6416,0.025091991361505136,0,0.0017126229523444577,128445
2001,6417,0.022531898520453553,0,0.0006344085022581595,47580
2001,6418,0.07186926754967911,0,0.021034108562985078,1577537
2001,6419,0.17828099911380554,0,0.003646222199517088,273463
2001,6421,0.10975894763685229,0,0.01940852677715473,1455620
2001,6422,0.014926863761191782,0,0.00022422967176283036,16817
2001,6423,0.05714632548044294,0,0.0025772212062416433,193289
2001,6424,0.019530514631247036,0,0.001473486414135124,110510
2001,6428,0.034122218017883094,0,0.005207483123327821,390556
2001,6511,0.032654300624832475,0,8.689449788180802e-05,6517
2001,6512,0.05304915126871358,0,0.004219243212401634,316439
2001,6513,81.06544337917423,1,12.766521361883756,957476270
2001,6514,2.5255358096314056,1,0.6644830786469557,49835563
2001,6515,0.516050340744556,0,0.004592608216189633,344441
2001,6516,2.3840580171277503,1,0.10162374861459576,7621679
2001,6517,0.9330286565379567,0,0.02458999621851732,1844225
2001,6518,0.4640825093201829,0,0.00035347140384329144,26510
2001,6519,0.04806133795947483,0,0.0026363153315465647,197721
2001,6521,49.68462349438589,1,4.44300641124619,333221015
2001,6522,24.75586789508827,1,8.414459329462005,631075992
2001,6531,21.467671854451147,1,7.804753144927681,585348641
2001,6532,2.4671386044297314,1,0.08086741710767509,6064975
2001,6534,2.9885161141830014,1,0.3732092817010321,27990321
2001,6535,1.1333938223479012,1,0.04296653583178435,3222447
2001,6536,0.7361794675439003,0,0.012984120678120778,973796
2001,6538,0.6724151306260235,0,0.023725651301348655,1779400
2001,6539,6.9501282611591035,1,0.13453224298318284,10089783
2001,6541,0.9637122407714487,0,0.028692411198535897,2151902
2001,6542,0.3597664018246296,0,0.02211717641144931,1658766
2001,6543,1.7417760938160192,1,0.05930822150754355,4448057
2001,6544,0.5383803332313236,0,0.011071415044294902,830345
2001,6545,9.139784458642444,1,0.03644224839415401,2733132
2001,6546,0.0,0,0.0,0
2001,6549,22.45103599031978,1,0.015147896343420408,1136077
2001,6551,3.492011593656952,1,0.823271180037252,61744511
2001,6552,1.502382376451831,1,0.13278600624701759,9958817
2001,6553,0.46485089116638717,0,0.0013674049924460548,102554
2001,6560,1.5363461465905497,1,0.11014450280860738,8260727
2001,6571,2.8595244507230633,1,0.054884682223859865,4116296
2001,6572,0.7722758855227309,0,0.08611924749200565,6458857
2001,6573,0.26782906082654445,0,0.05318397943126781,3988745
2001,6574,12.10153152411955,1,0.12620302468944314,9465100
2001,6575,1.3411508094986968,1,0.04218739205647002,3164012
2001,6576,0.765260925467506,0,0.000834211179987006,62565
2001,6577,7.268484821815555,1,0.5405484443581782,40540590
2001,6579,0.3283326624933968,0,0.0002490966716937145,18682
2001,6581,9.182172256418234,1,0.1703720966374562,12777736
2001,6582,24.97293362255704,1,0.6089672412977722,45671931
2001,6583,10.61945558715633,1,0.24308631114366377,18231229
2001,6584,77.66971246965558,1,14.841711866643543,1113113472
2001,6589,11.829793098128524,1,0.4721651012270647,35411908
2001,6591,0.010333705231583595,0,0.00015869546014873087,11902
2001,6592,97.67090199983124,1,3.306494699867768,247983779
2001,6593,28.21610087736142,1,0.04575178649267567,3431338
2001,6594,1.811260602453437,1,0.0634087697958783,4755594
2001,6595,0.1658594159502694,0,0.012306871601718956,923003
2001,6596,0.11725547761690963,0,0.001665222317087464,124890
2001,6597,0.4710968143064597,0,0.0010017067580737442,75127
2001,6611,0.007716459444908043,0,3.590714788947506e-05,2693
2001,6612,0.19603407059738856,0,0.017326058868197478,1299437
2001,6613,0.2380450116967942,0,0.03337286059196127,2502931
2001,6618,0.07578807749643368,0,0.003082694647195969,231199
2001,6623,0.02147356996181014,0,0.0010993747336735973,82452
2001,6624,0.018258001404577263,0,0.0029178124374665787,218833
2001,6631,0.02176531070114851,0,0.0007617302086066918,57129
2001,6632,0.005349643341209059,0,0.00019077589008637547,14308
2001,6633,1.5926192331547895,1,0.1351652781337022,10137260
2001,6635,0.006717748174118749,0,0.000182482445605405,13686
2001,6637,0.009134807586788234,0,0.00017913573408655679,13435
2001,6638,0.04409704085670448,0,0.0008409179365367297,63068
2001,6639,0.08645804308820916,0,0.006784050918945876,508797
2001,6641,0.11963752423360473,0,0.003434032689114895,257549
2001,6642,0.001661793274748161,0,0.0002662302346487741,19967
2001,6643,0.0,0,0.0,0
2001,6644,0.0010098166348388093,0,7.196096441125025e-05,5397
2001,6645,0.0,0,0.0,0
2001,6646,0.048826928300354615,0,3.5013802583647055e-05,2626
2001,6647,0.0,0,0.0,0
2001,6648,0.013443378761956228,0,0.0004677796024531948,35083
2001,6649,0.05853557146405731,0,0.00649642039749331,487225
2001,6651,0.2050194516546669,0,0.016779224872934515,1258425
2001,6652,0.014902551999093364,0,0.0013816185162671393,103620
2001,6658,0.07901154272351232,0,0.0031628690550160265,237212
2001,6664,0.07097846476748867,0,0.0034200058344621923,256497
2001,6665,0.06945690502340673,0,0.001331177840267925,99837
2001,6666,0.019764833456664275,0,0.0007746770487851843,58100
2001,6671,0.0014424069667541366,0,2.1626956508254196e-05,1622
2001,6672,0.0,0,0.0,0
2001,6673,0.6235605654434732,0,0.02070699751241973,1553004
2001,6674,0.037257340276181355,0,0.0003519113829360993,26393
2001,6712,0.0,0,0.0,0
2001,6713,0.0,0,0.0,0
2001,6716,0.0036348175827861733,0,0.00037559170029655516,28169
2001,6724,0.0,0,0.0,0
2001,6725,0.02042540003231136,0,0.004323377941334719,324249
2001,6727,0.0005002969028647264,0,0.00015953547140644972,11965
2001,6731,0.0022831742698603006,0,0.00028052375954202224,21039
2001,6732,0.0030901191702430823,0,0.0006652489155772667,49893
2001,6733,0.0,0,0.0,0
2001,6741,0.0,0,0.0,0
2001,6744,0.0009095545789624552,0,0.0001144282002181489,8582
2001,6745,0.003470836313142956,0,0.00023077642616822663,17308
2001,6746,6.4369467469398e-05,0,1.4973534006639618e-05,1123
2001,6747,0.006861008909685617,0,0.0004155255688182699,31164
2001,6749,0.00016888352237963934,0,3.8080510349922304e-05,2856
2001,6750,0.0015812348491662204,0,0.00021413620315817656,16060
2001,6760,0.060538937436128065,0,0.0016083815553151533,120627
2001,6770,0.2694848117088998,0,0.02029407197844678,1522035
2001,6781,0.026285889825202583,0,0.0005608608499156624,42064
2001,6782,0.02731995922237518,0,0.004227949995755449,317092
2001,6783,0.5524904111991734,0,0.09390089844732087,7042473
2001,6784,0.08047567158171332,0,0.0035993549047411855,269948
2001,6785,0.287893466260655,0,0.030201858094608604,2265109
2001,6793,0.0727031396469018,0,0.004638195493810915,347860
2001,6794,0.05155383777514007,0,0.005100615024429142,382541
2001,6911,0.06502813452752283,0,0.016735690956165436,1255160
2001,6912,0.038462347895927215,0,0.002559167630956701,191935
2001,6921,0.018669608702963917,0,0.00030155070800904867,22616
2001,6924,0.05688153289244768,0,0.006794251055646747,509562
2001,6931,0.15681638792418598,0,0.009753904053854942,731533
2001,6932,0.1599689625855785,0,0.00030100403401593,22575
2001,6935,0.024934898856744506,0,0.0009061321438621744,67959
2001,6940,0.0646465852646011,0,0.014977747396440241,1123316
2001,6951,0.28240448607305557,0,0.00326573710030652,244927
2001,6953,0.11027246251038211,0,0.01463855618397817,1097877
2001,6954,0.042404961910832865,0,0.011595115396190524,869622
2001,6960,3.177344942124754,1,0.32772201875346574,24578822
2001,6973,0.09146490165114315,0,0.014481154074496086,1086072
2001,6974,0.2820402719789784,0,0.03470491844402299,2602834
2001,6975,0.9411904772993175,0,0.011391459333485792,854348
2001,6978,0.02428757975854786,0,0.00034644464300491294,25983
2001,6991,0.01493237646708053,0,0.004643795568862375,348280
2001,6992,0.007383828507473501,0,0.00023914987172136084,17936
2001,6993,0.07168498619456487,0,0.0020537341905384567,154028
2001,6994,0.10317580297779695,0,0.007919919475038149,593986
2001,6996,0.04174200582129558,0,0.0033953521707237454,254648
2001,6997,0.07183507916459511,0,0.02020432410899113,1515304
2001,6998,0.07092092708143731,0,0.013116429117967515,983719
2001,6999,0.0843978180401217,0,0.0048636651821922835,364770
2001,7111,0.0,0,0.0,0
2001,7112,0.01480156710573236,0,0.00014634862801146613,10976
2001,7119,0.0,0,0.0,0
2001,7126,0.012271502117568,0,0.00025633676872452953,19225
2001,7129,0.1333655668180155,0,0.006962093305046196,522150
2001,7131,0.08580197487618534,0,0.002845278132038155,213393
2001,7132,0.000501156001457279,0,0.0003508980360220257,26317
2001,7133,0.005525520842109076,0,0.0003416312451630635,25622
2001,7138,0.00388054564885089,0,0.00028988388498517537,21741
2001,7139,0.01127410039502246,0,0.0056379288921046215,422839
2001,7144,0.31594141330027675,0,0.12194831433504894,9146001
2001,7148,0.023102887947190842,0,0.0036697158477091625,275225
2001,7149,0.01834259109982894,0,0.011622355761262264,871665
2001,7161,0.06643155387520074,0,0.011528154498789507,864600
2001,7162,0.03380883129030185,0,0.011280524513418792,846028
2001,7163,0.0,0,0.0,0
2001,7169,0.15402041809295483,0,0.021037308605871628,1577777
2001,7187,0.0,0,0.0,0
2001,7188,0.2665993825204856,0,0.01729753848597112,1297298
2001,7211,0.04100065547859197,0,0.0016377019482631504,122826
2001,7212,0.10789905638144809,0,0.01395172031242873,1046365
2001,7213,0.021122243936036584,0,0.00030833746563093604,23125
2001,7219,0.03087334785570274,0,0.0012886172698768352,96645
2001,7223,0.3503694690378446,0,0.0056297421157198695,422225
2001,7224,0.22428492793560112,0,0.03159173005482063,2369348
2001,7233,2.881661240366439,1,0.13560661738180527,10170360
2001,7234,0.07775349767694556,0,0.022538875396336214,1690393
2001,7239,0.5959048187060857,0,0.18138121751355962,13603409
2001,7243,0.06084633904425055,0,0.004474033293730998,335548
2001,7244,0.0912187819704438,0,0.0072874709990480005,546553
2001,7245,0.12446188798736517,0,0.010307511473227763,773053
2001,7246,0.12191925502989337,0,0.0067029564987959355,502715
2001,7247,0.11120739018701452,0,0.009387885815193977,704082
2001,7248,0.023184847433568016,0,0.0003570047845305216,26775
2001,7251,0.03523204025619851,0,0.0010685876544025991,80143
2001,7252,0.24201670783260562,0,0.0109806138273891,823535
2001,7259,0.030406878641590283,0,0.0017513968053197986,131353
2001,7263,0.03818238592742892,0,0.001053680787956096,79025
2001,7264,0.004839931034087426,0,0.0005647142348915474,42353
2001,7267,0.026499392811085935,0,0.0010351072057020899,77632
2001,7268,0.004866642916338568,0,0.00011992160717338979,8994
2001,7269,0.0126033353841084,0,0.0002752836893152997,20646
2001,7271,0.010608540198587858,0,0.00010166802920803836,7625
2001,7272,0.13732275978191308,0,0.01406618851318296,1054950
2001,7281,0.034443142408624214,0,0.006012773915727648,450952
2001,7283,0.07219449520938194,0,0.007868465452124862,590127
2001,7284,0.1240336734209661,0,0.10055982768940272,7541886
2001,7361,0.011428119766834367,0,0.002328991212829702,174672
2001,7362,0.008219364509681507,0,0.0007094895084837941,53211
2001,7367,0.0005339176671275954,0,6.629422179965466e-05,4972
2001,7368,0.005052798391889604,0,0.00041645891466017977,31234
2001,7369,0.012569476004086784,0,0.0020099469370408575,150744
2001,7371,0.021277904102905056,0,0.0005635008852970646,42262
2001,7372,0.057438008199330245,0,0.002393138739192964,179483
2001,7373,0.09881700460732419,0,0.013393166160093789,1004474
2001,7411,0.0,0,0.0,0
2001,7412,0.016853877230189142,0,0.0003819517855335695,28646
2001,7413,0.012944911438363738,0,0.0011397486080922125,85480
2001,7414,0.0213720847634045,0,0.0036168618060330097,271261
2001,7415,0.022541324528073635,0,0.0063620185962582915,477145
2001,7416,0.006398401767496888,0,0.0012546568147433438,94098
2001,7421,0.0065635916484156915,0,0.0006244750357978331,46835
2001,7422,0.14986786671342578,0,0.010540874600729283,790555
2001,7423,0.0022554331008594842,0,0.00014257524410774485,10693
2001,7428,0.05593426804615948,0,0.0037907174693567617,284300
2001,7429,0.08832716850575435,0,0.009388672492403587,704141
2001,7431,0.01665836936235324,0,0.004661502472834607,349608
2001,7432,0.2179415588411466,0,0.015611635891729335,1170857
2001,7433,0.05032912886264919,0,1.4933533470557769e-05,1120
2001,7434,0.5474085013803465,0,0.044019656612235294,3301430
2001,7435,0.003317905405509457,0,0.00020392273294527724,15294
2001,7436,0.08342266559542443,0,0.026488541662570222,1986614
2001,7439,0.023473794115902266,0,0.0027135430332085922,203513
2001,7441,0.0676092526107371,0,0.016675996822819287,1250683
2001,7442,0.054515795904698246,0,0.017243977768157517,1293281
2001,7449,0.029175410051175077,0,0.006345605042952705,475914
2001,7451,0.016117111315931926,0,0.001926932491158989,144518
2001,7452,0.01851205642755932,0,0.008168029466841843,612594
2001,7491,0.017776370013375342,0,0.004331084711286489,324827
2001,7492,0.019337776989603445,0,0.00918592310851671,688935
2001,7493,0.018102271210812322,0,0.0062391636164389,467931
2001,7499,0.011071702608830527,0,0.0020629076468132285,154716
2001,7511,0.013338273292845945,0,6.052081109184081e-05,4539
2001,7512,0.006626601961521771,0,0.0006668356035085135,50012
2001,7518,0.003194405494665828,0,0.0022435900682949497,168267
2001,7521,0.0,0,0.0,0
2001,7522,0.0036914932930494017,0,0.0006524354105190471,48932
2001,7523,0.0031360307238415016,0,0.003295230828910872,247139
2001,7524,0.0017317739523679408,0,0.00024012321809935253,18009
2001,7525,0.003379143514041274,0,0.008099988554966615,607491
2001,7528,0.00196595676441397,0,0.00027091029737035064,20318
2001,7591,0.0014220644040499628,0,0.0007332098263803319,54990
2001,7599,0.009185566892836007,0,0.022800172231534892,1709990
2001,7611,0.004135886184473918,0,0.0031687891343561403,237656
2001,7621,0.0,0,0.0,0
2001,7622,0.00602626645438994,0,0.0003568047818501124,26760
2001,7628,0.011079377251372376,0,0.0014203523687063985,106525
2001,7631,0.0,0,0.0,0
2001,7638,0.002964542842643509,0,0.0015792611650475657,118443
2001,7641,0.022510908628998905,0,0.019673823665961595,1475517
2001,7642,0.00046440020604714263,0,9.180123030784843e-05,6885
2001,7643,0.015090645557742026,0,0.008779837666213756,658479
2001,7648,0.010309256226579664,0,0.004814677859004042,361096
2001,7649,0.08878197090998645,0,0.07758842649641345,5819054
2001,7711,0.496760795481338,0,0.09090555163741564,6817825
2001,7712,0.014069508759789375,0,0.0066089285719795315,495663
2001,7721,0.025547956316942958,0,0.03225403226423987,2419020
2001,7722,0.0005690003385955689,0,0.0002148428792956226,16113
2001,7723,0.007153768432583078,0,0.0007310631309439392,54829
2001,7731,0.003981196913241836,0,0.0024533262124841228,183997
2001,7732,0.29651820965423564,0,0.020071322326518978,1505329
2001,7741,0.36124074581838916,0,0.06736262278488889,5052129
2001,7742,0.015882059997173445,0,0.0024725264698034115,185437
2001,7751,0.0034830704991151928,0,0.000362098186124944,27157
2001,7752,0.010779493789226408,0,0.0014801398366367385,111009
2001,7753,0.0,0,0.0,0
2001,7754,0.014249810798683192,0,0.00032980441999486284,24735
2001,7757,0.13905667999286683,0,0.033671251257619855,2525310
2001,7758,0.008918476493547283,0,0.0027113163367000355,203346
2001,7761,0.004685909754724752,0,0.0008301044582826026,62257
2001,7762,0.0,0,0.0,0
2001,7763,0.010886808719208966,0,0.005179669417238908,388470
2001,7764,0.0020895895000121035,0,0.004775690669836265,358172
2001,7768,0.0016214049377776638,0,0.0006140748964165517,46055
2001,7781,0.05711353423594936,0,0.013426113268313208,1006945
2001,7782,0.02807346415006742,0,0.002236109968047644,167706
2001,7783,0.008720017895147349,0,0.0031316953038962366,234874
2001,7784,0.0005999977245432765,0,3.662715753894838e-05,2747
2001,7788,0.012644936432593432,0,0.017110535979788465,1283273
2001,7810,0.002707339242296405,0,0.014855812428950732,1114171
2001,7821,0.006104110321629236,0,0.01145479351561539,859098
2001,7822,0.3905206550026928,0,0.035143404320552254,2635720
2001,7831,0.03373209165776864,0,0.004181896045213212,313638
2001,7832,0.003996809089743817,0,0.0007029827546144796,52723
2001,7841,0.03030793522686991,0,0.0012238830689843727,91790
2001,7842,0.0,0,0.0,0
2001,7849,0.024682561616483835,0,0.07186010972627588,5389436
2001,7851,0.09224749960727553,0,0.01894996063151239,1421228
2001,7852,0.02523027313426008,0,0.002112894983403515,158465
2001,7853,0.07380263805091643,0,0.010561608211931708,792110
2001,7861,0.005618858111457359,0,0.0008013174058156971,60098
2001,7868,0.006134321031299924,0,0.0004394858899312987,32961
2001,7912,0.0,0,0.0,0
2001,7913,0.25701034848031756,0,0.009200616638770778,690037
2001,7914,0.26054747270314504,0,0.0040813346975034385,306096
2001,7915,0.9678779259579712,0,0.017497501165844292,1312295
2001,7919,0.0,0,0.0,0
2001,7921,0.0,0,0.0,0
2001,7922,0.0,0,0.0,0
2001,7923,0.0,0,0.0,0
2001,7924,0.05073015275222867,0,0.06160266559071055,4620138
2001,7928,0.0,0,0.0,0
2001,7929,0.0307949897070341,0,0.02167337046362117,1625481
2001,7931,0.007283323323710245,0,0.005106055097336274,382949
2001,7932,0.0,0,0.0,0
2001,7933,0.021545497196590338,0,0.00016990894376367648,12743
2001,7938,1.0836655731759146,1,0.14249713639428901,10687142
2001,8121,0.0042027443902572185,0,0.0003482580006406235,26119
2001,8122,0.7558742544206726,0,0.028437781119350858,2132805
2001,8124,0.03207229700229902,0,0.005152482386215276,386431
2001,8211,0.13143961250397482,0,0.06255430501112186,4691510
2001,8212,0.38642337433080837,0,0.03713416433378585,2785025
2001,8219,0.10789299266500153,0,0.06459769239632714,4844762
2001,8310,0.20909351427656633,0,0.052469356520653515,3935149
2001,8421,0.47361847821337233,0,0.03830978008923146,2873195
2001,8422,6.402537339484306,1,0.37191038429338225,27892905
2001,8423,11.324548754750914,1,4.040458923025092,303030358
2001,8424,6.514712431696345,1,0.4745910670728688,35593853
2001,8429,7.602553104854846,1,1.2036627179939248,90273494
2001,8431,0.6799479441711441,0,0.1101820899790123,8263546
2001,8432,6.577460236278357,1,0.27969510843655054,20976852
2001,8433,2.376137998244476,1,0.16033458878278092,12024933
2001,8434,1.7427922271304397,1,0.1250317823259425,9377258
2001,8435,1.9835444524668455,1,0.23828122007980732,17870852
2001,8439,2.802302876465318,1,1.275790791311413,95683027
2001,8441,7.094268501414069,1,1.232895723104095,92465940
2001,8442,26.25100736485584,1,0.644515051038112,48337981
2001,8443,3.647594677921178,1,0.15202589076405124,11401789
2001,8451,0.7173524275149398,0,0.35841444342258216,26880723
2001,8452,2.855678368111701,1,0.4535197713448396,34013527
2001,8459,12.664297186637079,1,3.42128393159108,256592856
2001,8461,2.6175986073005513,1,0.015852892458351007,1188951
2001,8462,15.324165742103647,1,5.008594911187854,375639584
2001,8463,10.235200445103677,1,1.969023148585701,147674757
2001,8464,9.940741635298528,1,0.277167261225346,20787266
2001,8465,0.1298343613150579,0,0.012384179304453149,928801
2001,8471,0.3828340787124079,0,0.0186964772343617,1402217
2001,8472,4.847577075384614,1,0.40869014387748287,30651350
2001,8481,35.961343117728745,1,5.074311765249703,380568282
2001,8482,0.39740947077586125,0,0.023234418051239467,1742558
2001,8483,0.23591890707503396,0,0.006267750666225395,470075
2001,8484,0.1826412959483677,0,0.008784944401320207,658862
2001,8510,0.6953314686363296,0,0.5506730333799036,41299924
2001,8710,0.005129976333989493,0,0.0019090522515304014,143177
2001,8720,2.8863328464856948,1,1.6298819234602204,122239506
2001,8731,0.03362701615999746,0,0.0010100935371389055,75756
2001,8732,0.0016915366404409474,0,3.3067109827663627e-05,2480
2001,8741,0.08445130639611043,0,0.007191669715131966,539368
2001,8742,0.012979846037678303,0,0.0008457180008665519,63428
2001,8743,0.010486924154677025,0,0.0017963707413878266,134726
2001,8744,0.008040467035184042,0,0.0006011813902861684,45088
2001,8745,0.06374175825619274,0,0.005384872167338804,403860
2001,8748,0.005113858079297111,0,0.0034923534707222343,261923
2001,8749,0.015781008031530312,0,0.00472603667104666,354448
2001,8811,0.0023407203396273277,0,0.00030647077394711634,22985
2001,8812,0.004586438223267482,0,5.633408831527372e-05,4225
2001,8813,0.021551555754771808,0,0.0020785745234452864,155891
2001,8821,0.012329685549788694,0,0.0026158750576087387,196188
2001,8822,0.016479897797943385,0,0.00381674448483402,286252
2001,8830,0.3495594812476457,0,0.002685489323903187,201409
2001,8841,0.029101107686497766,0,0.0075411810659031546,565581
2001,8842,0.007254076270643851,0,0.0006816358018587983,51122
2001,8851,0.005155245307080545,0,0.0012388432694789852,92912
2001,8852,0.022335155749867275,0,0.0016430086860500092,123224
2001,8921,0.1281313197637266,0,0.027885067045283866,2091352
2001,8922,0.17645858219894192,0,0.01493769352631028,1120312
2001,8924,0.05685789026262394,0,0.0008971186897317307,67283
2001,8928,0.10164038492854525,0,0.023312779101423813,1748435
2001,8931,0.1140706565374719,0,0.04088630795284768,3066432
2001,8932,0.01614105700597384,0,0.0003475379909911502,26065
2001,8933,0.004809719972998012,0,5.730743469326544e-05,4298
2001,8935,0.2643558118941024,0,0.006893959058586775,517040
2001,8939,0.17903111538013605,0,0.0961706221991893,7212700
2001,8941,0.011373144586140617,0,0.00016062881939268698,12047
2001,8942,0.016171121983694737,0,0.008318098144708921,623849
2001,8946,0.22026980851379682,0,0.002928105908751642,219605
2001,8947,16.909279414642903,1,3.2277379643805,242077103
2001,8951,0.11385959020309892,0,0.0007042627717690989,52819
2001,8952,0.2309926539585093,0,0.03100988225697402,2325710
2001,8959,0.004351837698371533,0,0.0002702569552810137,20269
2001,8960,0.013673497412866937,0,0.0019221457603411942,144159
2001,8972,0.07021537139442911,0,0.0033330313355082212,249974
2001,8973,0.6368764523205822,0,0.2615982792385919,19619608
2001,8974,0.20043502104421373,0,0.004258777075562529,319404
2001,8981,0.23333583889826126,0,0.004646408937219721,348476
2001,8982,0.842055201772903,0,0.031848640164562333,2388616
2001,8983,0.02330055065627524,0,0.03191272102336546,2393422
2001,8989,0.07255586311410608,0,0.0012023627805723368,90176
2001,8991,74.32990229910126,1,0.7877820244163203,59082860
2001,8993,3.5322100671827554,1,0.17139212364105544,12854237
2001,8994,0.1046624488953197,0,0.0025541142298983605,191556
2001,8996,0.02167977731137016,0,0.004606235065481516,345463
2001,8997,0.5006213814479085,0,0.03274723887412909,2456010
2001,8998,0.07034495978718164,0,0.0033974855326481105,254808
2001,8999,0.1049953447194814,0,0.003367311794930367,252545
2002,5111,0.00015869622846209893,0,1.836905533539926e-05,1505
2002,5112,0.0006582806426416871,0,0.0001497230576739819,12267
2002,5113,0.00042197717771335486,0,3.3430460175188425e-05,2739
2002,5114,0.0,0,0.0,0
2002,5121,0.6393734995031116,0,0.10022730242555805,8211750
2002,5122,0.0,0,0.0,0
2002,5123,0.0,0,0.0,0
2002,5137,0.0034376003801778166,0,0.0004951711461509289,40570
2002,5138,5.506565759086018,1,0.6445133724198775,52805798
2002,5139,0.012915318308793475,0,0.0027919987681616293,228752
2002,5145,0.005587979399802582,0,0.0004615454003376233,37815
2002,5146,0.0012603687938767991,0,0.00014932028104536516,12234
2002,5147,0.013605665686385948,0,0.0008870483950902407,72677
2002,5148,0.0,0,0.0,0
2002,5154,0.013167122003478424,0,0.000968421479423202,79344
2002,5155,0.013745910604727829,0,0.00297667795505859,243883
2002,5156,0.0016249068649352488,0,0.000820309528263687,67209
2002,5157,0.0,0,0.0,0
2002,5161,0.005361903060404049,0,0.0006165411702407696,50514
2002,5162,0.003233233270221794,0,0.00021446024670983418,17571
2002,5163,0.003636359911619884,0,7.545348842753371e-05,6182
2002,5169,0.2435684874358728,0,0.020355732748022697,1667771
2002,5221,0.014346027975895927,0,0.0013017496529845,106654
2002,5222,0.3385021489761038,0,0.02366808230429999,1939156
2002,5223,0.05237468736816446,0,0.00035059874718228824,28725
2002,5224,0.02244506562416194,0,0.0009156699464267929,75022
2002,5225,0.005610130920450686,0,0.0005205948951633121,42653
2002,5231,0.015122537945689027,0,0.0015351770172964676,125779
2002,5232,0.009216426996951632,0,0.0011736056583224691,96155
2002,5233,0.002735458442678173,0,6.64947597789071e-05,5448
2002,5239,0.019144791566360383,0,0.0013955844020998155,114342
2002,5241,0.0,0,0.0,0
2002,5249,0.07847263772624107,0,0.009560611190656213,783313
2002,5311,0.06251091233899995,0,0.009420432718545209,771828
2002,5312,0.10864987930146267,0,0.0017230295958128332,141170
2002,5322,0.043894523296048496,0,0.000992075452340148,81282
2002,5323,0.01963351368787278,0,0.00018339762489681682,15026
2002,5331,0.027798862336366033,0,0.004516651675841312,370055
2002,5332,0.0011605539362908115,0,7.81752820087922e-05,6405
2002,5334,0.09124165083137427,0,0.01862348811116121,1525846
2002,5335,0.009248660878848769,0,0.0009726445313474865,79690
2002,5411,0.004963418897464976,0,0.00033893043030478544,27769
2002,5413,0.0020764996756163466,0,0.0003352688245900879,27469
2002,5414,0.008423933258119116,0,0.00017125329927640334,14031
2002,5415,0.0010394462860804964,0,0.0001038553434212042,8509
2002,5416,0.08027709572911543,0,0.009359894170728878,766868
2002,5417,0.20168314182651176,0,0.3809756600931142,31213819
2002,5419,0.3238289728145367,0,0.04069004510261441,3333787
2002,5513,0.12958415816573102,0,0.005062255338036007,414757
2002,5514,0.007987371934914358,0,0.0012561138404269868,102915
2002,5530,0.1338556817860881,0,0.05994999351910435,4911779
2002,5541,1.1943015572487783,1,0.05967915674974056,4889589
2002,5542,0.03990839222343577,0,0.011865164800724927,972128
2002,5543,0.02068652714453473,0,0.00038744670602452764,31744
2002,5621,0.9164052079012275,0,0.10900966373226008,8931300
2002,5622,0.0,0,0.0,0
2002,5623,0.1292506884154583,0,0.008342443790785876,683507
2002,5629,0.5060583116878414,0,0.04034363279129926,3305405
2002,5721,0.04538608343910193,0,0.0004152016773419349,34018
2002,5722,1.7892326373366787,1,0.01630650945236729,1336013
2002,5723,0.06676208284079634,0,0.0005961582317622867,48844
2002,5821,0.024397500778308774,0,0.0009210525068273982,75463
2002,5822,0.04848162819601519,0,0.004419326195944651,362081
2002,5823,1.4208420367470227,1,0.5341709452342294,43765303
2002,5824,0.011279769237699426,0,0.0008605627804205952,70507
2002,5825,0.06577874003677718,0,0.012982442757802963,1063668
2002,5826,0.06311533521071133,0,0.005726128864815433,469149
2002,5827,0.015393305545850897,0,0.0013484107151421289,110477
2002,5828,0.0029841511844270513,0,9.971772896359598e-06,817
2002,5829,0.036664846356982354,0,0.005076413546799505,415917
2002,5831,0.006532380795066718,0,0.0019446177683139448,159325
2002,5832,0.005311491533058864,0,0.0011124934589441674,91148
2002,5833,0.07491812257691949,0,0.014727966818056423,1206681
2002,5834,0.40154378087782194,0,0.11344073147719652,9294343
2002,5835,0.023629470568684755,0,0.00026960402877317894,22089
2002,5836,0.018068854969715345,0,0.0027405410025177464,224536
2002,5837,0.09810472522688678,0,0.004734212082056256,387880
2002,5838,0.005235389739457865,0,8.599891288586258e-05,7046
2002,5839,0.02042324124062509,0,0.00638097043083194,522801
2002,5841,0.047793963376518346,0,0.0025731201838893932,210819
2002,5842,0.05460506276256582,0,0.0006213744897841703,50910
2002,5843,0.03522633759622375,0,0.0017718387999897508,145169
2002,5849,0.03447198736429423,0,0.001750174299511124,143394
2002,5851,0.03292046059739621,0,0.0004171911497802539,34181
2002,5852,0.1867353614002934,0,0.014876762268949349,1218872
2002,5911,0.1216781781984301,0,0.0048014635736828674,393390
2002,5912,0.0160341271075255,0,0.0011200485720688266,91767
2002,5913,0.008907005957275957,0,0.0006964618176402344,57062
2002,5914,0.01886779890770778,0,0.0004192538543328668,34350
2002,5921,1.5147115981542318,1,0.031020867302517418,2541579
2002,5922,0.22467565597269828,0,0.0278381507938928,2280815
2002,5981,0.07195350118624533,0,0.0029118675339084438,238573
2002,5982,0.02940524092055885,0,0.0021957795096374305,179903
2002,5983,0.8417686201845025,0,0.03755959191289091,3077305
2002,5989,0.048639402899455654,0,0.02524461105546778,2068323
2002,6112,2.0494951976666713,1,0.006768429342208849,554546
2002,6113,7.214339319065054,1,0.33117628449882763,27133693
2002,6114,7.01266260132125,1,1.0630188189553649,87094480
2002,6115,5.53413223229499,1,0.14667884750419188,12017584
2002,6116,52.52448334382931,1,1.2212129038074804,100055522
2002,6118,2.7695759057992726,1,0.032724368334518535,2681149
2002,6121,0.8400802446990455,0,0.007768523711064186,636485
2002,6122,3.094943597684902,1,0.029574203500697577,2423052
2002,6123,0.30589553946234993,0,0.0290120127646153,2376991
2002,6129,42.668238073549254,1,0.8330569569613682,68253413
2002,6130,0.13118214194349184,0,0.0027138845129147486,222352
2002,6210,0.01620993193044616,0,0.0016801521928937247,137657
2002,6251,0.0048394015632672585,0,0.0011851397163237661,97100
2002,6252,0.014559037769289226,0,0.0023633712031991363,193634
2002,6253,0.23674739690940977,0,0.0008274740701121119,67796
2002,6254,0.16551331395308003,0,0.002733754826593174,223980
2002,6259,0.1279434222650651,0,0.00992972545740249,813555
2002,6281,0.023504186760359494,0,0.0003388571981904915,27763
2002,6282,0.01699530611517257,0,0.0007534486079133102,61731
2002,6289,0.067043451016988,0,0.006706548205630462,549476
2002,6330,0.02836510993781579,0,0.0008065785068335714,66084
2002,6342,0.02494467141176929,0,0.0025355399039042143,207740
2002,6343,0.05641206937901894,0,0.004950808265432997,405626
2002,6344,0.28239024015176706,0,0.010841306610781202,888242
2002,6349,0.0707111566407955,0,0.0015186265594660346,124423
2002,6351,0.05949851606531792,0,0.0007870987644313805,64488
2002,6353,0.03959883274010104,0,0.005966452253223415,488839
2002,6354,0.1442003431681724,0,0.0027129447007813094,222275
2002,6359,0.4243316516207979,0,0.03679484114867157,3014648
2002,6411,5.820006755412219e-05,0,2.2506669793007466e-05,1844
2002,6412,0.0037836989947509546,0,0.0015568049017179477,127551
2002,6413,0.005644325904950489,0,0.0008171849580538117,66953
2002,6415,0.009712217215372998,0,0.0011073672109435909,90728
2002,6416,0.06332995667520379,0,0.005250815826990548,430206
2002,6417,0.005971322551537079,0,0.00018433743703025584,15103
2002,6418,0.07365509588618173,0,0.021646326708929752,1773511
2002,6419,0.26061183893212303,0,0.005400282572264501,442452
2002,6421,0.10495479022166516,0,0.018771954017539814,1538010
2002,6422,0.047328230348616676,0,0.0007150017479089861,58581
2002,6423,0.11113017154748381,0,0.004867018521328335,398761
2002,6424,0.021344594884420344,0,0.001651018016757115,135270
2002,6428,0.02262291830577755,0,0.0034645625058372705,283856
2002,6511,0.06366553176234888,0,0.0001540559577697073,12622
2002,6512,0.05545504435889505,0,0.003995348870239825,327344
2002,6513,71.40883035656992,1,10.65342627729352,872848726
2002,6514,1.8068217566065032,1,0.46720035979269736,38278318
2002,6515,0.34584717011949245,0,0.003039535519827564,249033
2002,6516,1.685271782907529,1,0.06748622496362812,5529232
2002,6517,0.6210860942021695,0,0.01528586127010012,1252390
2002,6518,0.3740604939373249,0,0.00026027913955308256,21325
2002,6519,0.07677609261025668,0,0.003844832464660991,315012
2002,6521,52.48871477381578,1,4.788155614177027,392299662
2002,6522,26.926635341871286,1,9.373880039916736,768013880
2002,6531,19.76073705591795,1,6.817083099017826,558532264
2002,6532,2.447519667955624,1,0.07724456286287801,6328745
2002,6534,2.8454461587696405,1,0.32106864161974796,26305561
2002,6535,1.2538663787603592,1,0.04476870770821599,3667957
2002,6536,0.6977515104840099,0,0.011479951674186363,940567
2002,6538,0.5699684316907955,0,0.016521445707820034,1353623
2002,6539,5.857581704871091,1,0.12389060023172419,10150514
2002,6541,0.8230456025589817,0,0.022099987451628396,1810680
2002,6542,0.40997768925155537,0,0.02117234405451454,1734677
2002,6543,1.873379955316643,1,0.05461504619814244,4474680
2002,6544,0.499607780801836,0,0.010216246104577569,837030
2002,6545,5.123727959940666,1,0.018932796151234093,1551188
2002,6546,0.0,0,0.0,0
2002,6549,19.635993403043475,1,0.013923682917470728,1140785
2002,6551,2.971401327353512,1,0.6758028307069204,55369383
2002,6552,1.234108466891013,1,0.10983184067943826,8998662
2002,6553,0.39898703451512524,0,0.0012049245925355152,98721
2002,6560,1.0351771966331829,1,0.07639640072047786,6259254
2002,6571,3.1682620464843714,1,0.0624822623885701,5119251
2002,6572,0.7808440267356294,0,0.09130467720927836,7480708
2002,6573,0.11954739152373652,0,0.023344725903635056,1912663
2002,6574,14.300408277273549,1,0.14310757360247595,11724985
2002,6575,1.0738628165402586,1,0.032852194990018624,2691622
2002,6576,0.08474177131183847,0,8.45464759523659e-05,6927
2002,6577,6.726367432105942,1,0.5049112492537196,41368019
2002,6579,0.10124908619157585,0,7.547789913229836e-05,6184
2002,6581,7.6388915584581465,1,0.15041567480562168,12323747
2002,6582,23.78050409238839,1,0.5551778701479063,45486427
2002,6583,13.647885467723315,1,0.3281031476438915,26881907
2002,6584,84.64731098029004,1,16.64694686532537,1363905469
2002,6589,13.099903793754411,1,0.529457128296004,43379094
2002,6591,0.010332283921894185,0,0.0001590357415416959,13030
2002,6592,96.39892465625259,1,2.8562141417670794,234013247
2002,6593,21.965071373492336,1,0.03338902300385043,2735605
2002,6594,1.457682374687873,1,0.04874751832597776,3993946
2002,6595,0.2381285013190446,0,0.017693769804142362,1449673
2002,6596,0.1434522765812012,0,0.0020601048125555048,168787
2002,6597,0.5786742999294161,0,0.0013179095395386986,107978
2002,6611,0.0,0,0.0,0
2002,6612,0.8927146780939766,0,0.07515637353449077,6157657
2002,6613,0.35968638914917167,0,0.050309949895143966,4121958
2002,6618,0.042837953408857564,0,0.001783555938276783,146129
2002,6623,0.11905316517665183,0,0.0060278695864112745,493871
2002,6624,0.037239633644295785,0,0.006208972605060215,508709
2002,6631,0.014152110818073311,0,0.0004629734265663553,37932
2002,6632,0.0022013716318407487,0,7.935920118987774e-05,6502
2002,6633,1.5510206529022774,1,0.1316698768582372,10787880
2002,6635,0.03787644076042695,0,0.001022674270762637,83789
2002,6637,0.0030789235686190736,0,5.8365995092278584e-05,4782
2002,6638,0.563615793503216,0,0.010358816825755509,848711
2002,6639,0.06176628471131604,0,0.004578703687353052,375139
2002,6641,0.019745886563385398,0,0.0003994567727687356,32728
2002,6642,0.006320433870728536,0,0.0008565960408963395,70182
2002,6643,0.21472677840025772,0,0.000427480261838554,35024
2002,6644,0.002526600895567694,0,0.0001841787674492856,15090
2002,6645,0.0039656147385704,0,1.961400127839642e-05,1607
2002,6646,0.22564732145339292,0,0.00017476844076251297,14319
2002,6647,0.0005516475100582279,0,4.531847339557306e-05,3713
2002,6648,0.016381320950785726,0,0.0006082171199160239,49832
2002,6649,0.2250784496963263,0,0.026920613428551513,2205640
2002,6651,0.10253796846581417,0,0.008466572224514121,693677
2002,6652,0.009735652997330667,0,0.0008945424814529882,73291
2002,6658,0.08851605283987278,0,0.0035697482326681484,292474
2002,6664,0.13288934468891228,0,0.006384265875975167,523071
2002,6665,0.13014642774382146,0,0.0024870846549463837,203770
2002,6666,0.038894502784717094,0,0.0014958757826253808,122559
2002,6671,0.0,0,0.0,0
2002,6672,2.9004998815673476e-05,0,2.932946177472719e-05,2403
2002,6673,0.5532160496799053,0,0.01860055425403482,1523967
2002,6674,0.5302191685713051,0,0.0047551564667443254,389596
2002,6712,0.0,0,0.0,0
2002,6713,0.0,0,0.0,0
2002,6716,0.0,0,0.0,0
2002,6724,0.009809670100143338,0,0.00015232279773141712,12480
2002,6725,0.008251344831568476,0,0.0018820165159449996,154196
2002,6727,0.002797339644092845,0,0.001014862845237949,83149
2002,6731,0.03664798954360228,0,0.004558332954226952,373470
2002,6732,0.011484243721323967,0,0.0022992564871347826,188381
2002,6733,0.04562638247262701,0,0.005260482466077349,430998
2002,6741,0.023002746599474964,0,0.0003147516272353994,25788
2002,6744,0.0015404721305792414,0,0.00020403687577532856,16717
2002,6745,0.00024866153664676843,0,1.7099698687637453e-05,1401
2002,6746,0.0020443097608730597,0,0.0004883971755787385,40015
2002,6747,0.009983427542412944,0,0.0005998442481817489,49146
2002,6749,0.007445380552005483,0,0.0017709111932086943,145093
2002,6750,0.004992150349337511,0,0.0006935813544780056,56826
2002,6760,0.027755891018780295,0,0.0007565243567136561,61983
2002,6770,0.00450896315400248,0,0.00033834457339043385,27721
2002,6781,0.044348308765679495,0,0.0009207839890749872,75441
2002,6782,0.045384462428846535,0,0.006834496914654375,559959
2002,6783,0.6009687014951153,0,0.10599820052291187,8684567
2002,6784,0.12926187496625555,0,0.006377540726812506,522520
2002,6785,0.33842282034693844,0,0.034890928230552676,2858658
2002,6793,0.07949117371331152,0,0.00499775005069542,409472
2002,6794,0.055544240862718086,0,0.005429489980515405,444845
2002,6911,0.13527462020620004,0,0.03573956638169574,2928188
2002,6912,0.023595110219757756,0,0.0016869017527611507,138210
2002,6921,0.030688284422271554,0,0.0004405643995924065,36096
2002,6924,0.13383635163659005,0,0.016275227134211392,1333450
2002,6931,0.24993623386880937,0,0.014948700615890771,1224766
2002,6932,0.11862248131872896,0,0.00021288575625251423,17442
2002,6935,0.08569324133105174,0,0.0030945572483670855,253541
2002,6940,0.07413939885931627,0,0.017398986133404445,1425521
2002,6951,0.1725866620592311,0,0.0021056673929987246,172520
2002,6953,0.14087760934868845,0,0.01852374597149285,1517674
2002,6954,0.025212335224661743,0,0.006383094162146464,522975
2002,6960,3.1533908591246886,1,0.32375870128481243,26525961
2002,6973,0.20107568665448822,0,0.03106851699821802,2545483
2002,6974,0.5288819220293409,0,0.06419604032727713,5259663
2002,6975,0.8422514783417039,0,0.011254238092580025,922074
2002,6978,0.022054485802661106,0,0.0002693599217255324,22069
2002,6991,0.017476170194642295,0,0.005597850611277197,458639
2002,6992,0.020002850533918905,0,0.0006275992194991561,51420
2002,6993,0.028318186996501925,0,0.0007921517803176631,64902
2002,6994,0.0743516580866795,0,0.005522006551573429,452425
2002,6996,0.04270883013807593,0,0.003493855351554851,286256
2002,6997,0.08330099038795938,0,0.023168981034681953,1898264
2002,6998,0.09414400420119978,0,0.017625712759258515,1444097
2002,6999,0.08272023486548924,0,0.0041811753602607245,342569
2002,7111,0.380955451104956,0,0.006221788225061656,509759
2002,7112,0.0,0,0.0,0
2002,7119,0.0,0,0.0,0
2002,7126,0.0005592893915467743,0,1.2522691544265542e-05,1026
2002,7129,0.1480906160403501,0,0.0071652009374534725,587054
2002,7131,0.09304871245266272,0,0.003033115504474461,248507
2002,7132,0.002122336369395743,0,0.0014667294011363884,120171
2002,7133,0.005225004502886281,0,0.0003678571154508959,30139
2002,7138,0.0026933765500565055,0,0.00020440303634679827,16747
2002,7139,0.0075557030858295305,0,0.003959160000426231,324379
2002,7144,0.3292016074609762,0,0.11006772131957906,9017988
2002,7148,0.40833839693483776,0,0.060538657664503885,4960009
2002,7149,0.03223538628198464,0,0.01872868604334447,1534465
2002,7161,0.04008043656987715,0,0.006588437010626701,539799
2002,7162,0.017058574683707275,0,0.005397206823464154,442200
2002,7163,0.0,0,0.0,0
2002,7169,0.01620719101951244,0,0.0021272098399535283,174285
2002,7187,0.0,0,0.0,0
2002,7188,0.03048508134228579,0,0.0019703100350787392,161430
2002,7211,0.0702453558784506,0,0.0030837677168611107,252657
2002,7212,0.0334361285059547,0,0.004647248946332189,380755
2002,7213,0.2962724029853093,0,0.004960340645643593,406407
2002,7219,0.04028581938024961,0,0.0016645415471967314,136378
2002,7223,0.003797174191550039,0,5.69623795683112e-05,4667
2002,7224,0.20748560425737114,0,0.032223631547681264,2640123
2002,7233,0.28367105422504235,0,0.013062741771126282,1070247
2002,7234,0.08210613684225172,0,0.02391289726238467,1959214
2002,7239,0.6093594468100489,0,0.18424474958426446,15095406
2002,7243,0.05014498247746896,0,0.003548913696151519,290767
2002,7244,0.09692270767732211,0,0.007062773620261001,578662
2002,7245,0.07636044134908894,0,0.00705158131212641,577745
2002,7246,0.12532299656761975,0,0.006580674406511543,539163
2002,7247,0.12113862494276191,0,0.010460975625195571,857081
2002,7248,0.1609205875658829,0,0.0025012184530051164,204928
2002,7251,0.0,0,0.0,0
2002,7252,0.1578150715251365,0,0.006776021071390656,555168
2002,7259,0.025844383741532376,0,0.0013696724389921392,112219
2002,7263,0.09272053258245395,0,0.002316453828641479,189790
2002,7264,0.002925236115045305,0,0.00030016623113852096,24593
2002,7267,0.027586230075119914,0,0.0009568996267742871,78400
2002,7268,0.0074575462864249886,0,0.00012944996736693993,10606
2002,7269,0.030822449185896984,0,0.0005673658054923818,46485
2002,7271,0.039756649312628824,0,0.00040222738775952334,32955
2002,7272,0.18773064533015088,0,0.01985885285253824,1627061
2002,7281,0.028076568772791573,0,0.004654767443399702,381371
2002,7283,0.011660697725028818,0,0.0012571268846747197,102998
2002,7284,0.12662248661195544,0,0.09822578330443772,8047763
2002,7361,0.017269804518991246,0,0.0030824739495085842,252551
2002,7362,0.4418456891525818,0,0.03287110108085884,2693171
2002,7367,0.014431621851084285,0,0.0014216062133789325,116474
2002,7368,0.011774123463648999,0,0.0008978501319485983,73562
2002,7369,0.02711054233595233,0,0.004005552544831448,328180
2002,7371,0.3849403722828665,0,0.00905024438078929,741498
2002,7372,0.10052945747322155,0,0.004168408561668812,341523
2002,7373,0.09188872723615325,0,0.012057228225813192,987864
2002,7411,0.0,0,0.0,0
2002,7412,0.023412821697415098,0,0.0005434799308801716,44528
2002,7413,0.027784215996619534,0,0.0022266590511647133,182433
2002,7414,0.02528780435587791,0,0.004449229309281348,364531
2002,7415,0.02528551656711295,0,0.006912611169901256,566359
2002,7416,0.0076951692844995714,0,0.0014510455233251007,118886
2002,7421,0.005387861655669832,0,0.000508804524761986,41687
2002,7422,0.14472445828216968,0,0.010973087800453167,899039
2002,7423,0.001803942749701947,0,0.00011466928563194423,9395
2002,7428,0.11876848912053714,0,0.007870792358675686,644864
2002,7429,0.03742247103361115,0,0.0039294765834324155,321947
2002,7431,0.04132467778870012,0,0.011568867666291602,947852
2002,7432,0.2624323154148452,0,0.017376357410087615,1423667
2002,7433,0.0,0,0.0,0
2002,7434,0.8197968750888773,0,0.06527456629054129,5348028
2002,7435,0.011360860011399283,0,0.0006542557091021541,53604
2002,7436,0.058418738510922885,0,0.017611835273599812,1442960
2002,7439,0.01688246125586319,0,0.0019354271379700542,158572
2002,7441,0.1106252013095491,0,0.02523695829952406,2067696
2002,7442,0.04715818327863701,0,0.014402242579029313,1179994
2002,7449,0.030611384754521888,0,0.006434539722437965,527190
2002,7451,0.024149340957646502,0,0.002700312161065603,221240
2002,7452,0.01462188073049249,0,0.006395177461004966,523965
2002,7491,0.030420750819920583,0,0.007240666631233389,593237
2002,7492,0.014311431701198985,0,0.006921069479102208,567052
2002,7493,0.014484576089147275,0,0.005055640037044787,414215
2002,7499,0.00873859960970388,0,0.0016250938482970565,133146
2002,7511,0.043517721236787314,0,0.00022096569952961343,18104
2002,7512,0.005403078611974079,0,0.0005126248000576537,42000
2002,7518,0.0026839088520428664,0,0.0017716679250563987,145155
2002,7521,0.0,0,0.0,0
2002,7522,0.00315200577317545,0,0.00043221593856289614,35412
2002,7523,0.0011587377114740138,0,0.0011165212252303347,91478
2002,7524,0.0009559594712664887,0,0.00011837971275617106,9699
2002,7525,0.0029661579408116418,0,0.006321042150634722,517891
2002,7528,0.013543139724126832,0,0.0015627244976233752,128036
2002,7591,0.007216440622894984,0,0.002786591797056259,228309
2002,7599,0.016151062042685745,0,0.036808523348692154,3015769
2002,7611,0.008192521834279555,0,0.00645682669588809,529016
2002,7621,0.00014984971802732436,0,2.0566018764217776e-05,1685
2002,7622,0.002084701260766397,0,0.00010303758481158841,8442
2002,7628,0.01144732639497105,0,0.001315968888509909,107819
2002,7631,0.0,0,0.0,0
2002,7638,0.003583313802922258,0,0.0019190353497205918,157229
2002,7641,0.06709616465164667,0,0.0621503866519423,5092060
2002,7642,0.002007936405040249,0,0.0003766327638137876,30858
2002,7643,0.023832834632940676,0,0.014513164821479881,1189082
2002,7648,0.012133691930976674,0,0.006446879333696495,528201
2002,7649,0.017627492844803284,0,0.01625715100733317,1331969
2002,7711,0.745476624594633,0,0.12233938538139734,10023421
2002,7712,0.006913689535435396,0,0.002852512905273197,233710
2002,7721,0.01855471415425696,0,0.022705922170648922,1860325
2002,7722,0.007517381764051467,0,0.0026553232321843527,217554
2002,7723,0.006881180588234732,0,0.0006548293606641234,53651
2002,7731,0.012294727391217312,0,0.006815956984385623,558440
2002,7732,0.28098594545829436,0,0.01927410662525343,1579152
2002,7741,0.35207051724488214,0,0.06867568537469523,5626686
2002,7742,0.010288117278240196,0,0.0016524460429858472,135387
2002,7751,0.010302434905573756,0,0.001133059477708385,92833
2002,7752,0.03040492419710459,0,0.004412515609315313,361523
2002,7753,0.0,0,0.0,0
2002,7754,0.011457228220500295,0,0.0002613654159151095,21414
2002,7757,0.15673902771965645,0,0.03528986017316897,2891343
2002,7758,0.011685207183570698,0,0.003722266316037683,304970
2002,7761,0.0,0,0.0,0
2002,7762,0.01484363752079788,0,0.0009983734141694278,81798
2002,7763,0.01271380012240018,0,0.006359903992620046,521075
2002,7764,0.001523624545868805,0,0.0031294645561805354,256401
2002,7768,0.003284758275899374,0,0.0012402712930347287,101617
2002,7781,0.024576190875961086,0,0.005556926064739261,455286
2002,7782,0.04263093203867371,0,0.003222127591467148,263993
2002,7783,0.025586394838239268,0,0.0094707797971223,775953
2002,7784,0.014658949544233316,0,0.0009288029055901747,76098
2002,7788,0.02535022235218742,0,0.036734046288455204,3009667
2002,7810,0.00324027124468604,0,0.018660006525489128,1528838
2002,7821,0.003490804189381856,0,0.006764731120437005,554243
2002,7822,0.20408761192995306,0,0.016910955118397176,1385536
2002,7831,0.00908574502509519,0,0.001033634677201965,84687
2002,7832,0.002196394570180694,0,0.00043986869450661395,36039
2002,7841,0.028850782375457695,0,0.0011606435740924399,95093
2002,7842,0.0024462137903084593,0,0.00013576013454860198,11123
2002,7849,0.02209843786207778,0,0.06710081655145145,5497655
2002,7851,0.09242861162185748,0,0.018288853964895,1498429
2002,7852,0.030435140442555856,0,0.0025631117949358865,209999
2002,7853,0.059931458462719404,0,0.008785241769864248,719786
2002,7861,0.008408240129025385,0,0.0011862015819810287,97187
2002,7868,0.040476068382879336,0,0.0029598101580662166,242501
2002,7912,0.0,0,0.0,0
2002,7913,0.0,0,0.0,0
2002,7914,0.4449672336582193,0,0.00740287576439449,606527
2002,7915,0.0,0,0.0,0
2002,7919,0.03284076122850251,0,0.002913234533375264,238685
2002,7921,0.0,0,0.0,0
2002,7922,0.040824705184607006,0,0.0002937584211378003,24068
2002,7923,0.11578955637788278,0,0.029570651743154316,2422761
2002,7924,0.05945914566377573,0,0.06882614075351215,5639013
2002,7928,0.0,0,0.0,0
2002,7929,0.1146834653226276,0,0.07268924463068949,5955522
2002,7931,0.011556061077720578,0,0.008517712650996065,697867
2002,7932,0.0026177444738011094,0,0.0003332793521517689,27306
2002,7933,0.001524016140529383,0,1.1119076020298156e-05,911
2002,7938,0.015552511442541352,0,0.0013714178043828117,112362
2002,8121,0.008557608165741032,0,0.0007410235591881032,60713
2002,8122,1.6818918108844054,1,0.06804031134572854,5574629
2002,8124,0.04681934291710065,0,0.007563742308793534,619707
2002,8211,0.1019023739709023,0,0.04970195247157082,4072144
2002,8212,1.845420713953455,1,0.18520701956608696,15174246
2002,8219,0.14575198620623261,0,0.0876625024155735,7182300
2002,8310,0.3261469858508362,0,0.07652960993637854,6270168
2002,8421,0.4244605197003006,0,0.031767944716487154,2602788
2002,8422,4.618049922151194,1,0.25714652601598736,21068341
2002,8423,11.898598728791068,1,4.111049581380189,336823506
2002,8424,7.25802436110504,1,0.4741661496829285,38849034
2002,8429,8.94693179779152,1,1.383979687313577,113391211
2002,8431,0.800790451764769,0,0.13224155115312053,10834718
2002,8432,3.4818641830491712,1,0.13843768372747456,11342375
2002,8433,3.4637085654183095,1,0.20660796987072247,16927653
2002,8434,2.3528650674013307,1,0.18112906487092356,14840134
2002,8435,2.3508343359203083,1,0.300946360646742,24656917
2002,8439,3.497922787444232,1,1.646987772784414,134939797
2002,8441,8.089747609090594,1,1.3320142766534089,109133619
2002,8442,18.93137648195363,1,0.6482136568962746,53108967
2002,8443,4.501781756901815,1,0.18045392580389527,14784819
2002,8451,0.6023659633015529,0,0.29232685535687736,23950710
2002,8452,4.353076804417934,1,0.7321350113156749,59984750
2002,8459,12.256031363418229,1,3.5143670687063198,287936551
2002,8461,3.041812703040815,1,0.018588544187290612,1522983
2002,8462,13.56026872654953,1,4.482727557983667,367275554
2002,8463,9.914371590153266,1,1.9032452731382252,155935299
2002,8464,10.172663942438017,1,0.27365053027525305,22420535
2002,8465,0.15980290105113587,0,0.015436292238212275,1264715
2002,8471,0.5130549797090549,0,0.023961145020352,1963167
2002,8472,6.544709346093318,1,0.5469863211286231,44815283
2002,8481,28.36880899641631,1,3.795134259232602,310940163
2002,8482,0.49730529653499184,0,0.028403746823289746,2327155
2002,8483,0.282323450805901,0,0.007622779598266841,624544
2002,8484,0.1846740443166671,0,0.00890493966067771,729593
2002,8510,1.0458421247849283,1,0.8084619635810975,66238314
2002,8710,0.002410038363677374,0,0.0008608679142301532,70532
2002,8720,2.841464981660099,1,1.6573952645554704,135792496
2002,8731,0.10381144655573636,0,0.003434659392500574,281406
2002,8732,0.004917492879898363,0,9.813103315389373e-05,8040
2002,8741,0.08250704004103848,0,0.006794463358840349,556679
2002,8742,0.01425682113528595,0,0.0008857912437948611,72574
2002,8743,0.01773129924320596,0,0.00305972317266793,250687
2002,8744,0.007059167648519535,0,0.0005195574402108144,42568
2002,8745,0.32257728873176633,0,0.02485862899172913,2036699
2002,8748,0.005073853088630534,0,0.003206907517046388,262746
2002,8749,0.01910849793632066,0,0.0056942484843928,466537
2002,8811,0.0005226563192828158,0,5.951329821621714e-05,4876
2002,8812,0.0,0,0.0,0
2002,8813,0.014069910759922767,0,0.0012658293009233173,103711
2002,8821,0.014770377009810895,0,0.003227925133848752,264468
2002,8822,0.03901452206061275,0,0.008636531756437998,707602
2002,8830,0.32336186183994026,0,0.002971673760581837,243473
2002,8841,0.003361129647399412,0,0.0007577937133614179,62087
2002,8842,0.00903304283984299,0,0.0008270590881311129,67762
2002,8851,0.007892244876790409,0,0.0018699332170864977,153206
2002,8852,0.02177924348064448,0,0.0015142814540179271,124067
2002,8921,0.11706083512226823,0,0.024703157213083072,2023961
2002,8922,0.36365339031584726,0,0.030247438532754245,2478211
2002,8924,0.07626310907077927,0,0.001284210561611099,105217
2002,8928,0.0875093185010225,0,0.019746990797954233,1617896
2002,8931,0.128640762401234,0,0.047198219715974946,3867010
2002,8932,0.015128227676380064,0,0.0003383201626856692,27719
2002,8933,0.006428860502281115,0,6.463954621679368e-05,5296
2002,8935,0.27947583392408626,0,0.007428201870587814,608602
2002,8939,0.18143771261496927,0,0.09924189109561866,8131014
2002,8941,0.010769839874344685,0,0.0001523960298457111,12486
2002,8942,0.013183541812425145,0,0.0071910884898563855,589175
2002,8946,0.0078021801855899684,0,0.00011366844673659357,9313
2002,8947,19.068195685833626,1,3.5001119982663162,286768615
2002,8951,0.13428298376134865,0,0.0008106306838245032,66416
2002,8952,0.20905124509298603,0,0.029619241250988353,2426742
2002,8959,0.009226827307488202,0,0.0005962680799337277,48853
2002,8960,0.2646862874705436,0,0.03458972454446166,2833980
2002,8972,0.06495321471878986,0,0.0030285629080358542,248134
2002,8973,0.8474146364008436,0,0.3637276419633267,29800667
2002,8974,0.0076593699626440965,0,0.00014054463268247343,11515
2002,8981,0.04754540855202559,0,0.0009261177280660632,75878
2002,8982,0.8096415886884892,0,0.029189698284597186,2391549
2002,8983,0.03435680020722385,0,0.05007549728123188,4102749
2002,8989,0.11501717262219491,0,0.001800033163992922,147479
2002,8991,67.42154087275728,1,0.7098785024250956,58161246
2002,8993,3.7013552021011598,1,0.1696732797944542,13901547
2002,8994,0.06212003842769935,0,0.001298698314888919,106404
2002,8996,0.015830731724212895,0,0.0036871515172337333,302093
2002,8997,0.6139620485353882,0,0.042928494524180454,3517186
2002,8998,0.07275817808646201,0,0.003415863149831794,279866
2002,8999,0.1263561287241447,0,0.004067433681409836,333250
2003,5111,0.03369858193189472,0,0.004410654728780808,419689
2003,5112,0.0,0,0.0,0
2003,5113,0.0,0,0.0,0
2003,5114,0.04747338994889863,0,0.0004955364371510158,47152
2003,5121,0.8639644130360864,0,0.14822782019247419,14104388
2003,5122,0.0033198028677705045,0,3.588939881385136e-05,3415
2003,5123,0.0,0,0.0,0
2003,5137,0.002954213976195476,0,0.000445690633761822,42409
2003,5138,3.874273845251273,1,0.48354958813400534,46011410
2003,5139,0.024352588074880274,0,0.0047901575342177,455800
2003,5145,0.0,0,0.0,0
2003,5146,7.806212418871946e-05,0,1.0162532548460983e-05,967
2003,5147,0.0021594533037552397,0,0.00013273297423687926,12630
2003,5148,0.0064984049547643745,0,0.0008907086697127841,84754
2003,5154,0.0,0,0.0,0
2003,5155,0.07900878957297436,0,0.01712297405018921,1629310
2003,5156,0.00022475004772463402,0,0.00011212415693850077,10669
2003,5157,0.001306184283854148,0,5.761220623646651e-05,5482
2003,5161,0.0045487398466398914,0,0.0004882639733210934,46460
2003,5162,0.0035947362902298947,0,0.00024964939057775667,23755
2003,5163,0.025401459086980174,0,0.0005126561533055587,48781
2003,5169,0.2509773245335322,0,0.02226661326203616,2118745
2003,5221,0.038997945214713337,0,0.0035451369489528863,337332
2003,5222,0.2337149360907196,0,0.015606003253180314,1484965
2003,5223,0.0010599578539518756,0,7.713856143299237e-06,734
2003,5224,0.04136212078536312,0,0.0014037116312645673,133568
2003,5225,0.002049449985884097,0,0.00020422801966312544,19433
2003,5231,0.09942731849959209,0,0.00979683901682831,932203
2003,5232,0.05737384342348586,0,0.007074730582870431,673185
2003,5233,0.005635648020280616,0,0.00014115095621342242,13431
2003,5239,0.03182121882904004,0,0.002302123647779856,219055
2003,5241,0.037707893614677135,0,0.003594888168274927,342066
2003,5249,0.19090550768833509,0,0.02356646107822685,2242430
2003,5311,0.11408654065920859,0,0.01602515780143556,1524849
2003,5312,0.1373890156042794,0,0.002092367714858726,199096
2003,5322,0.13424416240185,0,0.0029082288594317594,276728
2003,5323,0.04217239016880903,0,0.0003885828758835004,36975
2003,5331,0.07710252787973569,0,0.012471108931488777,1186669
2003,5332,0.0027220401088869175,0,0.00018481726721534112,17586
2003,5334,0.11554820559195009,0,0.02354389752354066,2240283
2003,5335,0.015015810232934123,0,0.0015749613395139696,149863
2003,5411,0.015979839114515518,0,0.0010470666420561165,99632
2003,5413,0.010314090895996893,0,0.0015436329946050115,146882
2003,5414,0.0,0,0.0,0
2003,5415,0.002155974476692292,0,0.0002200235588775379,20936
2003,5416,0.10971227530791389,0,0.014778571324392333,1406232
2003,5417,0.12057673785181598,0,0.23919542349971823,22760269
2003,5419,0.13342683292071844,0,0.018901154512650016,1798510
2003,5513,0.13294170538988953,0,0.0048966697031718395,465935
2003,5514,0.004868331976989456,0,0.000878307647575055,83574
2003,5530,0.09756682871850349,0,0.0456270282046424,4341569
2003,5541,1.3848041916477076,1,0.07226498075154646,6876262
2003,5542,0.04910203692107698,0,0.014830361355828544,1411160
2003,5543,0.16074401892335155,0,0.0031155045879253437,296451
2003,5621,0.03630138690787927,0,0.005123471786861949,487516
2003,5622,1.2622571405514824,1,0.014396020810124983,1369831
2003,5623,0.09097044836282922,0,0.00534875001613683,508952
2003,5629,0.34754636780580184,0,0.028227322192647532,2685927
2003,5721,0.016744454867261678,0,0.00016262153945696513,15474
2003,5722,1.8041588093240983,1,0.018677694399332614,1777247
2003,5723,0.1368419813534625,0,0.0011812919426858412,112404
2003,5821,0.026570170750261395,0,0.0010236308120839678,97402
2003,5822,0.17347664948576397,0,0.015988480202062103,1521359
2003,5823,2.6813975680515534,1,1.0411934759343249,99073148
2003,5824,0.04681997047839043,0,0.0036872757832010087,350857
2003,5825,0.14459519088959252,0,0.029297330725658453,2787742
2003,5826,0.08117228885444037,0,0.0073469225094527895,699085
2003,5827,0.011530890373179552,0,0.0010039678354571108,95531
2003,5828,0.008141097742998336,0,2.6945949797573904e-05,2564
2003,5829,0.0525323745588716,0,0.007627070007016723,725742
2003,5831,0.022587307565981745,0,0.007068992482796533,672639
2003,5832,0.016683759201258672,0,0.0038037718259100986,361942
2003,5833,0.30573717385948274,0,0.05916626449713985,5629874
2003,5834,0.6802994629868533,0,0.19268622021008833,18334758
2003,5835,0.03986030120465077,0,0.00045799707183239883,43580
2003,5836,0.05762351891600917,0,0.009004098422003583,856771
2003,5837,0.2063948669264012,0,0.00989943120166603,941965
2003,5838,0.012182455353497226,0,0.00019817463936538655,18857
2003,5839,0.04109202219635283,0,0.012868656275070143,1224497
2003,5841,0.16933420112138,0,0.009257184367021203,880853
2003,5842,0.09255177325865747,0,0.001072089382488263,102013
2003,5843,0.05823079569205497,0,0.0029508547456950037,280784
2003,5849,0.1409514125127257,0,0.007209039958226514,685965
2003,5851,0.11027903325441679,0,0.0013440290848915478,127889
2003,5852,0.21588691986167433,0,0.01748199415041726,1663472
2003,5911,0.16899210187509486,0,0.00632920845623623,602246
2003,5912,0.04061908178296303,0,0.002894472132331516,275419
2003,5913,0.05053088406537383,0,0.003793661840065611,360980
2003,5914,0.009437139230999345,0,0.00022341807595422137,21259
2003,5921,1.3241966020223237,1,0.02701043511269009,2570136
2003,5922,0.2758908968534652,0,0.03489948196703674,3320806
2003,5981,0.18261210200989733,0,0.007450912436616204,708980
2003,5982,0.07855280628170937,0,0.005477857267799543,521237
2003,5983,0.9192907175674158,0,0.042867947909768826,4079033
2003,5989,0.08949930652932371,0,0.046447145632237286,4419606
2003,6112,5.403657187409697,1,0.017294864828227088,1645666
2003,6113,5.4776663118158115,1,0.22479427413128547,21389950
2003,6114,6.65449378972469,1,0.9417469574926101,89610469
2003,6115,6.823650007346813,1,0.15014595354629778,14286905
2003,6116,44.20622341619903,1,0.8535558694766181,81218783
2003,6118,2.8139558206417874,1,0.03252887945463871,3095235
2003,6121,10.305692036709036,1,0.10997369358772902,10464376
2003,6122,3.030500718858046,1,0.027526054900099753,2619199
2003,6123,0.213764834489289,0,0.01873404548467372,1782609
2003,6129,9.94559797682993,1,0.1877602714834625,17866037
2003,6130,0.1252326206703613,0,0.002336562757564041,222332
2003,6210,0.00821651076324108,0,0.0008871670218649751,84417
2003,6251,0.03676899299766513,0,0.009265570820975361,881651
2003,6252,0.06852669431050591,0,0.011389172296675893,1083719
2003,6253,1.5246785639795073,1,0.005332019145591691,507360
2003,6254,0.6069528561619739,0,0.010327571236300726,982704
2003,6259,0.15885842391605792,0,0.012314278038809683,1171746
2003,6281,0.012295695820594539,0,0.0001844704589691165,17553
2003,6282,0.002619477728128572,0,0.00011837721471133871,11264
2003,6289,0.0321670666285704,0,0.0031922227757265483,303751
2003,6330,0.02910290934042829,0,0.0008276316062630812,78752
2003,6341,0.0,0,0.0,0
2003,6342,0.13314140669213564,0,0.013102898972042892,1246786
2003,6343,0.22694903151182985,0,0.022486878535751976,2139704
2003,6344,0.22600413541712266,0,0.008065740401127695,767483
2003,6349,0.07603075505001235,0,0.0015544365969419485,147910
2003,6351,0.08236043341800524,0,0.001080780607325468,102840
2003,6352,0.004582489112901876,0,3.446012846577411e-05,3279
2003,6353,0.0331134317046825,0,0.005116031173579312,486808
2003,6354,0.15815578094435936,0,0.0028143489181128327,267795
2003,6359,0.466628901689518,0,0.039875833492113884,3794323
2003,6411,0.008613831183649103,0,0.003099299184419938,294909
2003,6412,0.004406241447256056,0,0.0017764674399112714,169037
2003,6413,0.011587227008384477,0,0.001638784566160095,155936
2003,6415,0.01288478568838138,0,0.001447714241171916,137755
2003,6416,0.03741381699457649,0,0.0031842356767225874,302991
2003,6417,0.0241177364669398,0,0.0006994176485679166,66552
2003,6418,0.06218350406614688,0,0.018220727242898093,1733765
2003,6419,0.1253179409744211,0,0.002479763035232427,235958
2003,6421,0.09374009512747988,0,0.016261060974253866,1547296
2003,6422,0.20939037316114598,0,0.003063294182857345,291483
2003,6423,0.2562322996741218,0,0.01097397976990025,1044212
2003,6424,0.02405782535271535,0,0.0018999732129304165,180789
2003,6428,0.03439090045638497,0,0.005248060021982947,499371
2003,6511,0.02995602686488821,0,6.900433165790571e-05,6566
2003,6512,0.47527188589306485,0,0.032692657021583096,3110819
2003,6513,64.8830104971194,1,9.606022376817574,914046139
2003,6514,1.5244550502973575,1,0.3737063575029016,35559448
2003,6515,0.2281631932519292,0,0.001949125399827161,185466
2003,6516,1.18437453247809,1,0.043858400732963966,4173278
2003,6517,0.39551739746836395,0,0.009937443487320407,945582
2003,6518,0.1801005654134186,0,0.00012083640045729513,11498
2003,6519,0.041660096811443746,0,0.0019840794673102857,188792
2003,6521,62.38093144139075,1,5.256419246235107,500166409
2003,6522,27.46496109939816,1,9.078105105295693,863812991
2003,6531,21.66797046844384,1,7.14973412968362,680321846
2003,6532,2.5180513174428003,1,0.0771634370426534,7342367
2003,6534,4.214263099430342,1,0.42769583632732805,40696733
2003,6535,1.95102048035588,1,0.06210088231130706,5909113
2003,6536,0.8132276514384107,0,0.011605769810454365,1104329
2003,6538,0.5864370500752276,0,0.014999404102511061,1427245
2003,6539,5.989432906142135,1,0.12544778359525444,11936789
2003,6541,0.626161436343127,0,0.016295132257110233,1550538
2003,6542,0.43427066962497823,0,0.020316783736375753,1933212
2003,6543,2.2257276681435383,1,0.0559435856517903,5323225
2003,6544,0.5031870430286206,0,0.010356429886122932,985450
2003,6545,8.538114759979667,1,0.027431523379651553,2610204
2003,6546,0.0,0,0.0,0
2003,6549,20.082179567615153,1,0.014113487692200654,1342947
2003,6551,2.059307363025564,1,0.45907120002700125,43682207
2003,6552,1.0948746384499988,1,0.08965491307660227,8530974
2003,6553,0.5991806205720159,0,0.0016101571218353715,153212
2003,6560,0.9127149576985465,0,0.06464838855730203,6151517
2003,6571,3.019057542658122,1,0.060121080145700216,5720728
2003,6572,0.8420407243867998,0,0.10508025025218115,9998748
2003,6573,0.3272930495552042,0,0.06031889746747858,5739551
2003,6574,15.620441652440626,1,0.14870936869702747,14150209
2003,6575,0.71556889560127,0,0.02160553368868726,2055841
2003,6576,0.13215196332859586,0,0.0001261856549217901,12007
2003,6577,6.8940811336598395,1,0.5214409953505628,49616908
2003,6579,0.23954780073467616,0,0.0001698414565829141,16161
2003,6581,7.319649784469085,1,0.13319997781377269,12674437
2003,6582,30.85116958977941,1,0.7873223465379128,74916435
2003,6583,10.597018270316564,1,0.2833175246119024,26958639
2003,6584,90.65617930858613,1,18.87533989338899,1796053650
2003,6589,12.784498586072628,1,0.5185557188914266,49342364
2003,6591,0.04937121162706504,0,0.0007456482387237386,70951
2003,6592,91.08716414830425,1,2.23715186578762,212872711
2003,6593,17.610103723197206,1,0.02549351686238517,2425796
2003,6594,1.1657198484476667,1,0.039662987812999116,3774070
2003,6595,0.30742417379892273,0,0.02282334559063463,2171720
2003,6596,0.18498665715815826,0,0.0026749004751081495,254526
2003,6597,0.3228518097506659,0,0.0007325536000935604,69705
2003,6611,0.012326697996524163,0,7.488956250292965e-05,7126
2003,6612,2.46713570120221,1,0.20173715876401382,19195986
2003,6613,0.4103744837090653,0,0.05542153414781429,5273550
2003,6618,0.04792929849092828,0,0.0020098904083020335,191248
2003,6623,0.19126253764412385,0,0.009907113529786946,942696
2003,6624,0.05207095275584587,0,0.008631426688083237,821310
2003,6631,0.012751611403549466,0,0.0004190914922104727,39878
2003,6632,0.0036858009473460145,0,0.0001356020242738284,12903
2003,6633,1.5284655208403457,1,0.13352964532516118,12705806
2003,6635,0.009475591169507674,0,0.0002673050831128285,25435
2003,6637,0.030312832770388758,0,0.0005711721628503682,54349
2003,6638,0.09677618934557722,0,0.001574236194999136,149794
2003,6639,0.21036428965488185,0,0.014669810156508131,1395883
2003,6641,0.08085384451399358,0,0.0014449292658613245,137490
2003,6642,0.012854723006399683,0,0.001758864294080173,167362
2003,6643,1.2417580417027003,1,0.0024543304305092877,233538
2003,6644,0.0,0,0.0,0
2003,6645,0.006802235680013015,0,3.938900929848166e-05,3748
2003,6646,0.21664322189062382,0,0.00015677834597511991,14918
2003,6647,0.0007722228866653872,0,6.403341346201941e-05,6093
2003,6648,0.013127542707351614,0,0.0005163659506060826,49134
2003,6649,0.23557791087196897,0,0.026513332783760668,2522835
2003,6651,0.49490687334287137,0,0.04130431563963152,3930248
2003,6652,0.0741619707182157,0,0.006656080482973337,633349
2003,6658,0.08717315085062438,0,0.003560112759585313,338757
2003,6664,0.1389823889529564,0,0.006651078036755065,632873
2003,6665,0.1371618358028992,0,0.002611003683076461,248446
2003,6666,0.017346796122556393,0,0.0006022377742394588,57305
2003,6672,9.872112788505308e-06,0,9.363822648064878e-06,891
2003,6673,0.20413654671841597,0,0.006263840356493285,596026
2003,6674,2.307534268944938,1,0.018071200342071308,1719537
2003,6712,0.0019673764747157314,0,6.241497497963783e-05,5939
2003,6713,0.0,0,0.0,0
2003,6716,0.032342369025853315,0,0.0038656298058276184,367828
2003,6724,0.0,0,0.0,0
2003,6725,0.01142305972231596,0,0.0028530863482820437,271481
2003,6727,4.530713306249964e-05,0,1.8969360134407526e-05,1805
2003,6731,0.053669107359206755,0,0.007166109301080223,681880
2003,6732,0.04311550371322745,0,0.009668047045389436,919948
2003,6733,0.15709648793939557,0,0.01908651826558668,1816148
2003,6741,0.02317627300471662,0,0.0003370871059895409,32075
2003,6744,0.01014246994000229,0,0.0015819710698240248,150530
2003,6745,0.01765178038655372,0,0.0012896537556198447,122715
2003,6746,0.011942212506439703,0,0.0032380855389545563,308115
2003,6747,0.2641554637298032,0,0.0166901153215377,1588122
2003,6749,0.013245494728361994,0,0.0034517194186289256,328443
2003,6750,0.021732493258754128,0,0.0033663520433536943,320320
2003,6760,0.134031337623536,0,0.003696755208597815,351759
2003,6770,0.15278710365341402,0,0.011880736203006517,1130493
2003,6781,0.04435724790300545,0,0.0008398960069704792,79919
2003,6782,0.04484844151727867,0,0.006159072738111063,586057
2003,6783,0.38351026392114035,0,0.06789964230027233,6460885
2003,6784,0.15049142008203742,0,0.005704533239400116,542806
2003,6785,1.058960460509004,1,0.11054939527646189,10519156
2003,6793,0.07101482925216955,0,0.004520256643928585,430118
2003,6794,0.05312315544846402,0,0.005200820535110835,494876
2003,6911,0.21785819994931502,0,0.05818338890865767,5536350
2003,6912,0.014997055296718347,0,0.0010556317548037852,100447
2003,6921,0.01942798345797421,0,0.0003026269775237668,28796
2003,6924,0.22116393281918476,0,0.026771704927198017,2547420
2003,6931,0.14736729671412235,0,0.008752126467110202,832795
2003,6932,0.08764133490406756,0,0.00017083984395840926,16256
2003,6935,0.13588863367662868,0,0.004917656856738826,467932
2003,6940,0.060365721272876545,0,0.014492948460274368,1379054
2003,6951,0.31214012203145103,0,0.003710301748882165,353048
2003,6953,0.2940961055679623,0,0.037978708310538824,3613805
2003,6954,0.20646054388067625,0,0.04931644789336553,4692630
2003,6960,3.2007123727312354,1,0.309148853724792,29416579
2003,6973,0.11072899687650209,0,0.017474196219547603,1662730
2003,6974,0.9446509475002732,0,0.11389241658325139,10837256
2003,6975,0.7830160314914759,0,0.010301728767286595,980245
2003,6978,0.01915359908256099,0,0.00021378101044549464,20342
2003,6991,0.012022883965578551,0,0.003776804857430935,359376
2003,6992,0.015130126249188134,0,0.0004840287089808351,46057
2003,6993,0.09161662032635537,0,0.002457567307474051,233846
2003,6994,0.1697753206627499,0,0.012566449671178164,1195741
2003,6996,0.048296621572036964,0,0.0040683234617347195,387115
2003,6997,0.06614064909018433,0,0.01843524390719922,1754177
2003,6998,0.10835452044327046,0,0.020069730152974287,1909704
2003,6999,0.007231091503126332,0,0.0003549424759997117,33774
2003,7111,0.38790145580337143,0,0.006334358033225625,602736
2003,7112,0.005155948056940582,0,3.68772768485518e-05,3509
2003,7119,0.007118653906334425,0,0.0001592795690842551,15156
2003,7126,0.0,0,0.0,0
2003,7129,0.15035951961536437,0,0.006046349548747266,575331
2003,7131,0.35890759803695016,0,0.010007992692075132,952295
2003,7132,0.00024210141623971112,0,0.00016822301810053253,16007
2003,7133,0.00559818001719983,0,0.00039694831115607014,37771
2003,7138,0.0,0,0.0,0
2003,7139,0.03198300728421241,0,0.016765698500533076,1595314
2003,7144,0.04971406748341548,0,0.01594242827069979,1516977
2003,7148,0.20292279619425369,0,0.025347447534679837,2411897
2003,7149,0.028563300070202274,0,0.014225328096937698,1353589
2003,7161,0.05224037359078355,0,0.008392601918524008,798585
2003,7162,0.03452651693649607,0,0.010679854849079382,1016225
2003,7163,0.0,0,0.0,0
2003,7169,0.01442499805670437,0,0.001919982997803498,182693
2003,7187,0.0,0,0.0,0
2003,7188,0.043933573266386056,0,0.0029739647861025177,282983
2003,7211,0.1870154085601262,0,0.008547908956787871,813363
2003,7212,0.10500643948257267,0,0.014775250372701214,1405916
2003,7213,0.021659967290269286,0,0.0003772327878252399,35895
2003,7219,0.029988610486395083,0,0.0012987863727704262,123584
2003,7223,0.2522888516167685,0,0.003865755917917155,367840
2003,7224,0.3449100831764944,0,0.055440850316194924,5275388
2003,7233,1.9019096622431857,1,0.08422688059351033,8014478
2003,7234,0.042041609023535924,0,0.013542084323852802,1288576
2003,7239,0.4524566814007231,0,0.13247135470713634,12605106
2003,7243,0.10262829567530206,0,0.006686378912484413,636232
2003,7244,0.20251681853089298,0,0.015893833078865164,1512353
2003,7245,0.22646668291909627,0,0.021735881042563743,2068244
2003,7246,0.16533202798216542,0,0.009092608090176426,865193
2003,7247,0.1735562500593161,0,0.01485217874731831,1413236
2003,7248,0.020401996709629115,0,0.00027241262273904564,25921
2003,7251,0.0020693383873023495,0,5.8547537567193525e-05,5571
2003,7252,0.21396227986573982,0,0.00907393299158427,863416
2003,7259,0.050588037013355534,0,0.002700742944122281,256985
2003,7263,0.14643844291877758,0,0.003438036256914245,327141
2003,7264,0.0026026152088153105,0,0.00023080614253288535,21962
2003,7267,0.027036487159112728,0,0.0009168979469731407,87246
2003,7268,0.044122539531811486,0,0.0007304517319346233,69505
2003,7269,0.05285117206857511,0,0.0008595694929381305,81791
2003,7271,0.5365595904866691,0,0.004592687020685557,437010
2003,7272,0.04375363750547498,0,0.004746606825964523,451656
2003,7281,0.03468178440487485,0,0.005663389170188922,538891
2003,7283,0.028963820999714437,0,0.003178571142034252,302452
2003,7284,0.03841663367959382,0,0.029693101990645513,2825401
2003,7361,0.03519534266835787,0,0.006115816291400138,581941
2003,7362,0.007346354988241832,0,0.0005505423268704003,52386
2003,7367,0.04050482192578913,0,0.004116372167848022,391687
2003,7368,0.03651388669652834,0,0.002762926713604436,262902
2003,7369,0.0633896255445955,0,0.009437860953963439,898045
2003,7371,0.0067884494489226024,0,0.000168843069207419,16066
2003,7372,0.07383709520541513,0,0.0031666955869362567,301322
2003,7373,0.012596274205727974,0,0.0016221167516597239,154350
2003,7411,0.0,0,0.0,0
2003,7412,0.08496169657825026,0,0.0020053608824195236,190817
2003,7413,0.02224109371546151,0,0.0018011643907787824,171387
2003,7414,0.06766136325037209,0,0.012059962500919086,1147547
2003,7415,0.08479585687446003,0,0.02442399175905081,2324027
2003,7416,0.017686290159601995,0,0.0034276950655722743,326157
2003,7421,0.003624120896045349,0,0.00036543079811280797,34772
2003,7422,0.029487957422279276,0,0.0023432361889686665,222967
2003,7423,0.001553667281398279,0,0.00010464150629268462,9957
2003,7428,0.09194412231822081,0,0.0060812300508448274,578650
2003,7429,0.028488652279426433,0,0.003106634704294629,295607
2003,7431,0.04300889370217587,0,0.012568751216812201,1195960
2003,7432,0.13142635476962036,0,0.009125670476316508,868339
2003,7433,0.0,0,0.0,0
2003,7434,0.904078960801513,0,0.07569267581711873,7202419
2003,7435,0.014466315178626555,0,0.0008213470204678591,78154
2003,7436,4.358266784653278,1,1.3051238415685271,124187032
2003,7439,0.02477113322570267,0,0.0028627234137907705,272398
2003,7441,0.14388929076568288,0,0.03318891860324894,3158040
2003,7442,0.018030963117397766,0,0.0055626045919678875,529301
2003,7449,0.02885099349198449,0,0.006089521920731834,579439
2003,7451,0.09924827754764015,0,0.011305202663726355,1075729
2003,7452,0.03829566406467525,0,0.016867428919425637,1604994
2003,7491,0.031381996536813915,0,0.007589467585653338,722164
2003,7492,0.015679508052424844,0,0.007696347581535291,732334
2003,7493,0.04525509610529747,0,0.015887243722186896,1511726
2003,7499,0.01742724127804233,0,0.003171056963366052,301737
2003,7511,0.0,0,0.0,0
2003,7512,0.006508249504540884,0,0.0005715820271413608,54388
2003,7518,0.00322286787885288,0,0.0020566254468160003,195695
2003,7521,0.0,0,0.0,0
2003,7522,0.0060851804722382085,0,0.0007517226377030669,71529
2003,7523,0.006446856290699887,0,0.006434039130663218,612221
2003,7524,0.0020937852857198826,0,0.00025724764397231433,24478
2003,7525,0.0029618405306709793,0,0.006182445512038445,588281
2003,7528,0.0070441877801511255,0,0.0007632618938956317,72627
2003,7591,0.010991119589658758,0,0.0037353244893143112,355429
2003,7599,0.007729129616967433,0,0.016306902718800285,1551658
2003,7611,0.005640926838930907,0,0.004362658569371479,415122
2003,7621,0.0,0,0.0,0
2003,7622,0.014703656979533082,0,0.0005953331373373503,56648
2003,7628,0.01659752395405993,0,0.0015832532094009763,150652
2003,7631,0.045746962774893395,0,0.0001925206140178457,18319
2003,7638,0.00963102664463332,0,0.005505150025843341,523834
2003,7641,0.018007433846045594,0,0.016042939606060166,1526541
2003,7642,0.00019148051140252347,0,3.3566834498225835e-05,3194
2003,7643,0.012593941240408399,0,0.007044095854453923,670270
2003,7648,0.0026604363404555127,0,0.0014205160671952697,135167
2003,7649,0.01416940624539533,0,0.014213000640185533,1352416
2003,7711,0.30891928194050483,0,0.046609231195313724,4435029
2003,7712,0.01238111541745166,0,0.00500978173814504,476698
2003,7721,0.019307453116988206,0,0.02448351666531191,2329691
2003,7722,0.0015511766312492653,0,0.0005196763929564087,49449
2003,7723,0.00043798531952901794,0,3.9946004360599996e-05,3801
2003,7731,0.0383960035377034,0,0.020878875828779515,1986697
2003,7732,0.24305063397586474,0,0.016386416391252875,1559224
2003,7741,0.286023681460071,0,0.054111691948527864,5148914
2003,7742,0.01774402713627808,0,0.003107212718038337,295662
2003,7751,0.011813971033079882,0,0.0014094917687016446,134118
2003,7752,0.1354984423252825,0,0.020226151181362388,1924588
2003,7753,0.0,0,0.0,0
2003,7754,0.016082533398648208,0,0.0003328623509900773,31673
2003,7757,0.17989975888232734,0,0.041703691608511166,3968250
2003,7758,0.02447972302455874,0,0.007734349357848874,735950
2003,7761,0.0,0,0.0,0
2003,7762,0.001657476888786054,0,8.875138301111998e-05,8445
2003,7763,0.022879192418900792,0,0.012132424405698445,1154442
2003,7764,0.005546851655024067,0,0.011638317238895505,1107426
2003,7768,0.013316871435524354,0,0.00492656877773272,468780
2003,7781,0.04279203123927421,0,0.010315517022409222,981557
2003,7782,0.04895965337227368,0,0.0038252318998128467,363984
2003,7783,0.01070636817401525,0,0.004039139022347878,384338
2003,7784,0.0015207098921859437,0,0.00010231894197705908,9736
2003,7788,0.006780444845049578,0,0.009663937893138715,919557
2003,7810,0.0024951877689725,0,0.014216994189687512,1352796
2003,7821,0.010889832625264592,0,0.02065095975496517,1965010
2003,7822,0.045580888963948595,0,0.003809951318297374,362530
2003,7831,0.010288780268156028,0,0.001257516191469696,119657
2003,7832,0.05372988132434609,0,0.011590289551463793,1102856
2003,7841,0.009440628864985322,0,0.0003731446542561072,35506
2003,7842,0.01863690510391033,0,0.0012840943143394559,122186
2003,7849,0.030569748955592134,0,0.09378901450237093,8924348
2003,7851,0.09503939813914743,0,0.019194007803234724,1826376
2003,7852,0.027984881673384615,0,0.0022946094691116557,218340
2003,7853,0.052028049116565986,0,0.007860587559474637,747962
2003,7861,0.03791578019985132,0,0.006570776163742873,625232
2003,7868,0.070763205980183,0,0.005386468040248957,512541
2003,7912,0.0,0,0.0,0
2003,7913,0.0,0,0.0,0
2003,7914,0.0,0,0.0,0
2003,7915,0.0,0,0.0,0
2003,7919,0.008524843679210163,0,0.0007969443311425991,75832
2003,7921,0.0,0,0.0,0
2003,7922,0.30308457058041455,0,0.00392556457637971,373531
2003,7923,0.0,0,0.0,0
2003,7924,0.0008154904998676204,0,0.0007915110019517465,75315
2003,7928,0.0,0,0.0,0
2003,7929,0.11202456200735636,0,0.06876286904380702,6543024
2003,7931,0.2173540030022515,0,0.15322007235017365,14579418
2003,7932,0.0,0,0.0,0
2003,7933,0.0,0,0.0,0
2003,7938,0.07248765737861299,0,0.00815048772529604,775547
2003,8121,0.0020014503049057835,0,0.00019643008879346871,18691
2003,8122,1.7821776354111858,1,0.07632873265003548,7262942
2003,8124,0.04387624742427288,0,0.00710172907937198,675754
2003,8211,0.05742665696754353,0,0.02899701580310951,2759166
2003,8212,2.131129588598159,1,0.22710643419952423,21609960
2003,8219,0.15313166134546338,0,0.0904978778110848,8611185
2003,8310,0.23580309281792672,0,0.05394285938866123,5132849
2003,8421,0.21312399568836254,0,0.01585313040196735,1508480
2003,8422,3.200443799373098,1,0.17772773948063178,16911407
2003,8423,12.563114943137007,1,4.164916221230341,396306134
2003,8424,6.411661002530265,1,0.4010522402644172,38161503
2003,8429,8.263883497398432,1,1.2488935295718353,118836524
2003,8431,0.6462285344403399,0,0.10900284068511595,10371996
2003,8432,4.9259989514196505,1,0.17752885020609235,16892482
2003,8433,3.4591831954867147,1,0.18539881209755582,17641336
2003,8434,1.8021243981233352,1,0.1394334777033917,13267576
2003,8435,2.2620298143702113,1,0.26906486171955774,25602449
2003,8439,3.3962632027528215,1,1.5728789872008881,149664857
2003,8441,5.237926394995194,1,0.838922652844757,79826382
2003,8442,21.94119538730892,1,0.7152711467968118,68060515
2003,8443,3.9830191127719554,1,0.1442986509122019,13730514
2003,8451,0.6881511466889436,0,0.3205254148125143,30499098
2003,8452,4.605148711351348,1,0.8405877317815854,79984820
2003,8459,12.4020739891927,1,3.725013186537561,354447844
2003,8461,4.067732367843945,1,0.02499781227578144,2378628
2003,8462,14.76558890011825,1,4.941238041403507,470175831
2003,8463,11.400784747029261,1,2.2256706211562416,211780231
2003,8464,11.537719200739774,1,0.3104771503265139,29542971
2003,8465,0.07896315891553357,0,0.007496880293252158,713354
2003,8471,0.6176311314376699,0,0.02723678529472603,2591674
2003,8472,8.600886793966623,1,0.7050175297916833,67084848
2003,8481,26.924743701622724,1,3.6377766199085864,346146984
2003,8482,0.8399353132587751,0,0.046905447474952726,4463215
2003,8483,0.12451767654294225,0,0.0038835797599049413,369536
2003,8484,0.16295501098569776,0,0.007705490708026667,733204
2003,8510,1.098663451025219,1,0.8257687100044743,78574739
2003,8710,0.013533162033676445,0,0.0062252290384136105,592352
2003,8720,2.1412422834766724,1,1.3175568015929313,125370071
2003,8731,0.3684131249080341,0,0.012163983956104884,1157445
2003,8732,0.001283249658792197,0,2.525394592962952e-05,2403
2003,8741,0.2160726843863959,0,0.016638976869230757,1583256
2003,8742,0.01194247403944234,0,0.0007419384414232146,70598
2003,8743,0.021689528721822265,0,0.0037684394221583653,358580
2003,8744,0.12707702767638104,0,0.009401141317226806,894551
2003,8745,0.6004238750263708,0,0.04681359583640718,4454475
2003,8748,0.04996981015406571,0,0.03122592087357279,2971254
2003,8749,0.0402829197716749,0,0.01196485296672718,1138497
2003,8811,0.01567538086242573,0,0.0014780336893645842,140640
2003,8812,0.0,0,0.0,0
2003,8813,0.025441666392767577,0,0.002274851908417647,216460
2003,8821,0.03891519319340528,0,0.008145296110943466,775053
2003,8822,0.06353815617681563,0,0.013487425242379643,1283375
2003,8830,0.005591472532286542,0,5.4112595751836196e-05,5149
2003,8841,0.010826579512170337,0,0.0025165772560362108,239461
2003,8842,0.007389405030970728,0,0.0006507804193701117,61924
2003,8851,0.03373825140371256,0,0.007678828510430551,730667
2003,8852,0.05389842139719075,0,0.003391595479942529,322722
2003,8921,0.11883551805785528,0,0.023968348779556423,2280671
2003,8922,0.21666634479042823,0,0.018048857483541805,1717411
2003,8924,0.04953749174233044,0,0.0008704256419790409,82824
2003,8928,0.12925602102448458,0,0.02858875944125836,2720319
2003,8931,0.15262045371720162,0,0.05611356372980354,5339399
2003,8932,0.10059754698459504,0,0.0023838968285033045,226836
2003,8933,0.007696294697339209,0,7.080142893379696e-05,6737
2003,8935,0.14321772856378706,0,0.003782627032231191,359930
2003,8939,0.1293808846273576,0,0.07113319831334437,6768569
2003,8941,0.0,0,0.0,0
2003,8942,0.009817746584800677,0,0.004881136897477294,464457
2003,8946,0.0018316028961756394,0,2.623131462353528e-05,2496
2003,8947,10.341085530684245,1,1.8313395982690432,174258275
2003,8951,0.06471574433470387,0,0.0003605334453024845,34306
2003,8952,0.21647156534741474,0,0.02752540332097048,2619137
2003,8959,0.01705789938732638,0,0.0010759568199007073,102381
2003,8960,0.430929940092234,0,0.05698805648667013,5422610
2003,8972,0.13552547823024647,0,0.006110246340778954,581411
2003,8973,0.5341279778770153,0,0.2151001113740212,20467517
2003,8974,0.06302429940372953,0,0.0011288293134387706,107412
2003,8981,0.05783532499195826,0,0.0010943691849729965,104133
2003,8982,0.6253654476849622,0,0.02111409589444617,2009079
2003,8983,0.05387061349749501,0,0.08039460743536504,7649824
2003,8989,0.1247274893958101,0,0.0018807516286169367,178960
2003,8991,42.751766434740816,1,0.40811726021639344,38833764
2003,8993,4.197615145046806,1,0.19244122645748263,18311446
2003,8994,0.11687471853847715,0,0.0023376136916435095,222432
2003,8996,0.01790966657081813,0,0.004935974637743964,469675
2003,8997,0.35655698994819995,0,0.024783064405982835,2358194
2003,8998,0.1329105097325631,0,0.0060415362706633,574873
2003,8999,0.07758269414406757,0,0.0022467814591550415,213789
2004,5111,0.02143196554462825,0,0.0032508064391053113,328740
2004,5112,0.00016626171706597318,0,5.80465833106655e-05,5870
2004,5113,0.007197421044694705,0,0.0006389672959458198,64616
2004,5114,0.06664951801200578,0,0.000658299675907038,66571
2004,5121,0.9329840506136243,0,0.17523813566304114,17721075
2004,5122,0.0,0,0.0,0
2004,5123,0.0,0,0.0,0
2004,5137,0.010587948174391982,0,0.0016326911806940456,165107
2004,5138,1.3040126175310447,1,0.18993130808863495,19206932
2004,5139,0.029977475020785065,0,0.0061326956919123266,620173
2004,5145,0.0003028220267188523,0,2.5394144112740883e-05,2568
2004,5146,0.0,0,0.0,0
2004,5147,0.0,0,0.0,0
2004,5148,0.0032193600894377485,0,0.00044083759522818875,44580
2004,5154,0.0019757602970270757,0,0.0001583969627717615,16018
2004,5155,0.06939829832054757,0,0.01458238948303341,1474654
2004,5156,0.0013391737257243453,0,0.0006021616088789889,60894
2004,5157,0.0,0,0.0,0
2004,5161,0.009682767342609805,0,0.0010530856632173784,106494
2004,5162,0.0036130088544884696,0,0.00023286865253541089,23549
2004,5163,0.0,0,0.0,0
2004,5169,0.3315155249658418,0,0.027748996099669104,2806136
2004,5221,0.07354821027389502,0,0.006743895559248887,681981
2004,5222,0.19136096470742522,0,0.012939770062195599,1308543
2004,5223,0.0,0,0.0,0
2004,5224,0.050223900849924445,0,0.0018294957975677878,185009
2004,5225,0.0032446335720977388,0,0.00035775286047926003,36178
2004,5231,0.0865951278275172,0,0.007478733660168626,756292
2004,5232,0.08497435409538166,0,0.010162275661179162,1027667
2004,5233,0.0032389434842739766,0,9.521815173737617e-05,9629
2004,5239,0.02552021883767399,0,0.002002755454498992,202530
2004,5241,0.0,0,0.0,0
2004,5249,0.20939290766823837,0,0.025409115582439752,2569514
2004,5311,0.11911970609696551,0,0.014503487662209595,1466675
2004,5312,0.12348040971646933,0,0.0017125917587434796,173187
2004,5322,0.03219483747801718,0,0.0006735480287971651,68113
2004,5323,0.032874831965691194,0,0.00029020325049712104,29347
2004,5331,0.08603030514981427,0,0.013068115310030203,1321522
2004,5332,0.009115176550083969,0,0.0006109427615161049,61782
2004,5334,0.1985205322127487,0,0.0383293950457077,3876086
2004,5335,0.023489211140261552,0,0.0024474001936070117,247495
2004,5411,0.026290603842380626,0,0.0013828634326939345,139843
2004,5413,0.020265397040786476,0,0.0025380497726885907,256662
2004,5414,0.0026812445054289597,0,5.638528416310302e-05,5702
2004,5415,0.0023934198837859896,0,0.0002462282665137259,24900
2004,5416,0.06531782353998897,0,0.009308447008815262,941323
2004,5417,0.1326871702062799,0,0.26801451386880415,27103149
2004,5419,0.1288341280321941,0,0.017677439238369338,1787643
2004,5513,0.2431401675870781,0,0.007917296857754318,800642
2004,5514,0.004161516247995229,0,0.0007377552631133748,74606
2004,5530,0.1005605769518356,0,0.045660015975922806,4617400
2004,5541,1.464049401729589,1,0.06754297467423416,6830329
2004,5542,0.05619557957617891,0,0.016014112910299406,1619438
2004,5543,0.23905509387661425,0,0.004304554644244635,435301
2004,5621,0.043956744243592465,0,0.0063082396351714295,637925
2004,5622,2.868837715545578,1,0.03397527831022745,3435773
2004,5623,0.15511076025548678,0,0.009695519821511919,980466
2004,5629,0.559903720555091,0,0.04676233740375753,4728873
2004,5721,0.020471673957445105,0,0.00020279716022744942,20508
2004,5722,1.3130064901737404,1,0.012912714618935296,1305807
2004,5723,0.042552922857347165,0,0.0003374118346070217,34121
2004,5821,0.032213407997853646,0,0.0012276704039924722,124149
2004,5822,0.17301676847809142,0,0.015621423324294323,1579727
2004,5823,2.1743244253606857,1,0.85500249865325,86462706
2004,5824,0.04711037879858909,0,0.003854223911030374,389761
2004,5825,0.2729424699148037,0,0.055306853799199904,5592943
2004,5826,0.08321930067970705,0,0.00742586874800869,750946
2004,5827,0.009541248447267853,0,0.0008233319465836472,83260
2004,5828,0.0,0,0.0,0
2004,5829,0.05779255323736129,0,0.008701410278033008,879936
2004,5831,0.04563280741878465,0,0.01637884718267259,1656322
2004,5832,0.022363921438415764,0,0.005491533107807227,555335
2004,5833,0.22525893040564837,0,0.04697274885174464,4750151
2004,5834,0.6574822587902847,0,0.1898586163622437,19199581
2004,5835,0.03977070785740987,0,0.00044916386833680554,45422
2004,5836,0.06930946656521775,0,0.01033220283112984,1044851
2004,5837,0.49687287845457007,0,0.023591535650781564,2385710
2004,5838,0.006294980406040632,0,0.00010129969325970314,10244
2004,5839,0.04860531062989997,0,0.015473132598003567,1564731
2004,5841,0.17194128402299327,0,0.009191266086799692,929473
2004,5842,0.10422507246386993,0,0.001204214442218554,121777
2004,5843,0.045474687174442585,0,0.0022764149343183033,230204
2004,5849,0.13724640221527376,0,0.00688442366749895,696192
2004,5851,0.07999164602012951,0,0.0008635294527434183,87325
2004,5852,0.20336817260049253,0,0.015828393509761483,1600657
2004,5911,0.3105237064942994,0,0.011571245223334792,1170150
2004,5912,0.07547972810928219,0,0.005196652509114885,525515
2004,5913,0.04064569010353344,0,0.0029132166081610508,294601
2004,5914,0.0052164561375762294,0,0.0001249929834832729,12640
2004,5921,0.9164086312367056,0,0.017132730891676884,1732559
2004,5922,0.2363827064541667,0,0.02910981765260163,2943750
2004,5981,0.19029486018518763,0,0.007485299747275658,756956
2004,5982,0.0003068038704413901,0,2.0271805074423217e-05,2050
2004,5983,1.1052444617249266,1,0.05179564860739957,5237870
2004,5989,0.1254385717537813,0,0.06337947223856591,6409292
2004,6112,5.400956276551752,1,0.015925223517219412,1610449
2004,6113,6.118160765710139,1,0.23057062093480343,23316610
2004,6114,7.2936014835063485,1,0.929708906253605,94017442
2004,6115,11.403670249788389,1,0.2021362598272816,20441166
2004,6116,43.641427408143315,1,0.8279457995299006,83726579
2004,6118,1.1854981740182524,1,0.013098542795012642,1324599
2004,6121,5.023097798680691,1,0.05628800916480199,5692163
2004,6122,2.554931317317369,1,0.023694832858492505,2396156
2004,6123,0.25725302662595084,0,0.019872331850232253,2009603
2004,6129,4.9789394478749855,1,0.0979763335358022,9907923
2004,6130,0.13142610117967352,0,0.0023145061504874147,234056
2004,6210,0.01449216164712421,0,0.001596211820245486,161418
2004,6251,0.005880617571720126,0,0.0015100615930218886,152706
2004,6252,0.07238519565983037,0,0.011907302308041719,1204134
2004,6253,1.519635694335105,1,0.005404819225515707,546566
2004,6254,0.6359881012502853,0,0.009803286715024633,991364
2004,6259,0.21046411473373633,0,0.01578956064218721,1596730
2004,6281,0.014113366512745227,0,0.00017426830284222454,17623
2004,6282,0.007307610611580229,0,0.000326830941226713,33051
2004,6289,0.052497628201929644,0,0.004921905273901337,497731
2004,6330,0.0022054501335911584,0,5.7047826085047574e-05,5769
2004,6341,0.0,0,0.0,0
2004,6342,0.15328676092653998,0,0.016492675840336826,1667833
2004,6343,0.23346804241560423,0,0.025415820111142417,2570192
2004,6344,0.31663258866405664,0,0.010597199822536861,1071649
2004,6349,0.12576588802050134,0,0.002625623970610099,265518
2004,6351,0.14241850471931183,0,0.001723904414843548,174331
2004,6352,0.0,0,0.0,0
2004,6353,0.07662299497390403,0,0.012087849926114313,1222392
2004,6354,0.1620327401408651,0,0.002864880713915304,289713
2004,6359,0.5122503644810241,0,0.04118843154655033,4165208
2004,6411,0.011180949979019226,0,0.003666704769749258,370798
2004,6412,0.008214692161814587,0,0.0031131658269926785,314821
2004,6413,0.013243214869586892,0,0.00165828309851483,167695
2004,6415,0.015820463529916364,0,0.0016536156390050112,167223
2004,6416,0.035932656609770644,0,0.0031501495103967484,318561
2004,6417,0.05612471095604986,0,0.0014375973063948772,145378
2004,6418,0.03295578778680178,0,0.00904092840263069,914270
2004,6419,0.1715128776533387,0,0.00298443492042739,301803
2004,6421,0.05797404869821133,0,0.009271443548040386,937581
2004,6422,0.2859569599571908,0,0.004087260671217622,413327
2004,6423,0.3370619887811599,0,0.013772862141271176,1392790
2004,6424,0.06624911682660085,0,0.004887947528230328,494297
2004,6428,0.1912010854513931,0,0.026319725066382846,2661600
2004,6511,0.11139484116407469,0,0.00022804297405915793,23061
2004,6512,0.6031093157384294,0,0.0373646647865586,3778527
2004,6513,83.73987556451495,1,10.58967898285425,1070888450
2004,6514,1.1852073802444367,1,0.27279750289017596,27586832
2004,6515,0.18567867095227691,0,0.0015170232275450075,153410
2004,6516,0.8978294871341505,0,0.033003823745004886,3337534
2004,6517,0.29795064907534513,0,0.009031642927038062,913331
2004,6518,0.26852317065274334,0,0.00015511391921824516,15686
2004,6519,0.08345682375535697,0,0.003743777183773675,378592
2004,6521,80.57336094840214,1,5.772706396453829,583768839
2004,6522,32.55904381682017,1,9.668805350012967,977764481
2004,6531,17.907607531627065,1,5.401552023636205,546235602
2004,6532,2.2556001131556602,1,0.06312285096369452,6383341
2004,6534,5.8715855128139856,1,0.5599480964262801,56625130
2004,6535,2.2833843832277707,1,0.0577367609083305,5838669
2004,6536,0.8947729995253227,0,0.01025543696635289,1037088
2004,6538,0.6900333884770314,0,0.01453733663234118,1470098
2004,6539,5.196231841393855,1,0.11045391633098633,11169727
2004,6541,0.560897503931329,0,0.015460425637261794,1563446
2004,6542,0.420751723972824,0,0.017819954972385234,1802055
2004,6543,1.8382824734446817,1,0.049358374427644375,4991399
2004,6544,0.5008473861633015,0,0.009128027943652894,923078
2004,6545,11.721153500509443,1,0.03687715259623223,3729227
2004,6546,0.0,0,0.0,0
2004,6549,18.99941778677629,1,0.012402745224060624,1254236
2004,6551,2.1053979063343204,1,0.4312977826470192,43615280
2004,6552,1.75260273033848,1,0.12585110382510134,12726778
2004,6553,1.5864320960849265,1,0.0036272686923654535,366810
2004,6560,1.3459699526586932,1,0.08750836894278613,8849343
2004,6571,3.273990597251933,1,0.061283515924151585,6197337
2004,6572,0.776889246598501,0,0.0951308049792189,9620167
2004,6573,0.17418955179758874,0,0.029171552715567303,2949993
2004,6574,18.76425441193827,1,0.16111315721196995,16292677
2004,6575,0.896633750203268,0,0.02515139666348872,2543452
2004,6576,0.5372627591206677,0,0.00047274838302095154,47807
2004,6577,6.805482912103552,1,0.4732404736726191,47856763
2004,6579,0.24960348082093298,0,0.00016246121247204829,16429
2004,6581,7.776911789089611,1,0.13366581546049366,13517046
2004,6582,25.96652599627373,1,0.6416454585019715,64886831
2004,6583,8.858778334005539,1,0.22323860569994666,22575155
2004,6584,88.21931020980149,1,17.39358218028196,1758937763
2004,6589,13.011009230603385,1,0.520190607100849,52604627
2004,6591,0.07943712925582594,0,0.001106247235939378,111870
2004,6592,97.28651837385212,1,2.092046130432607,211559580
2004,6593,19.302353973075405,1,0.02606249069301652,2635587
2004,6594,1.0869215007856667,1,0.03371436534589152,3409388
2004,6595,0.26324072819313465,0,0.0186667527694282,1887688
2004,6596,0.2682642972969991,0,0.0037146747826351254,375649
2004,6597,0.20092405468617977,0,0.00044830355270681775,45335
2004,6611,0.005243979372672692,0,3.183167830954552e-05,3219
2004,6612,3.2836123369019434,1,0.26247039273202827,26542496
2004,6613,0.43123975670224035,0,0.056953122144951115,5759423
2004,6618,0.06573225867956264,0,0.002636313639529832,266599
2004,6623,0.10224293471574585,0,0.005248439554565985,530752
2004,6624,0.037466235537423495,0,0.006136235841286299,620531
2004,6631,0.009103160709105822,0,0.0003013972423723635,30479
2004,6632,0.009153074312432341,0,0.0003206900675919731,32430
2004,6633,1.423284392940195,1,0.12813660646130423,12957901
2004,6635,0.018541765947555924,0,0.000518879100422017,52472
2004,6637,0.03834888572236175,0,0.0006854243399651565,69314
2004,6638,0.1329714261223874,0,0.002011032284180598,203367
2004,6639,0.18815244229828984,0,0.012368016160928244,1250724
2004,6641,0.14550766960316536,0,0.0025867515482942173,261587
2004,6642,0.014885075908127716,0,0.0020994371316758876,212307
2004,6643,4.976711583605672,1,0.011416694959184471,1154521
2004,6644,0.0019751181288389067,0,0.0001496652535616563,15135
2004,6645,0.021254147729809134,0,0.00010772733877110562,10894
2004,6646,0.1019028075364828,0,6.715406256605271e-05,6791
2004,6647,0.0007024433178989638,0,5.2143038125577374e-05,5273
2004,6648,0.02224266283354012,0,0.0008527705630258707,86237
2004,6649,0.2047014309877916,0,0.02102128831842355,2125792
2004,6651,0.6929114403482031,0,0.058419070312393975,5907668
2004,6652,0.06701213308482938,0,0.005682582509776914,574655
2004,6658,0.08826800425218832,0,0.003850159661330087,389350
2004,6664,0.21437784521976383,0,0.009461632634380084,956814
2004,6665,0.2118008706367309,0,0.003718551147312771,376041
2004,6666,0.009150337171212138,0,0.0002828262911871114,28601
2004,6672,0.0016033617194196755,0,0.0015433765741417577,156075
2004,6673,0.190972669951352,0,0.005921453594351434,598811
2004,6674,3.89931329433037,1,0.03087752894377674,3122511
2004,6712,0.000983136590153158,0,5.381422595854202e-05,5442
2004,6713,0.00409366831309677,0,0.00012951211271205895,13097
2004,6716,0.015507164825325381,0,0.0027530792367585094,278407
2004,6724,0.0,0,0.0,0
2004,6725,0.03532805776261696,0,0.012257905648975219,1239589
2004,6727,0.00246631758103278,0,0.0013350615274599043,135009
2004,6731,0.013510915334542385,0,0.002390530363859203,241744
2004,6732,0.04718757997776021,0,0.013373161477315963,1352370
2004,6733,0.15086075921459452,0,0.02472384946144103,2500216
2004,6741,0.002134981421950134,0,3.660791335878768e-05,3702
2004,6744,0.012047502799555613,0,0.002161518298630633,218585
2004,6745,0.019685775430642333,0,0.0016944460210305203,171352
2004,6746,0.012122679363010522,0,0.003703203907568622,374489
2004,6747,0.0,0,0.0,0
2004,6749,0.0027085363507083444,0,0.0007851022888189057,79394
2004,6750,0.0017707829531235252,0,0.000309140083042253,31262
2004,6760,0.14217362392387026,0,0.0038121574433295957,385507
2004,6770,0.01588473362403824,0,0.0014743733274055015,149097
2004,6781,0.04844045353698748,0,0.0010340894985598336,104573
2004,6782,0.04944102218372975,0,0.00765442593370876,774059
2004,6783,0.5425160559566198,0,0.11618474573684039,11749261
2004,6784,0.2821025364676831,0,0.012914286919914237,1305966
2004,6785,1.0967308755143288,1,0.12343007675546189,12481950
2004,6793,0.05801652445132071,0,0.0037273224112644846,376928
2004,6794,0.049823912594264635,0,0.004900476492634862,495564
2004,6911,0.2523348897426676,0,0.07067186351101627,7146740
2004,6912,0.023024823675639076,0,0.001550783199507974,156824
2004,6921,0.006274792379164811,0,9.26174274766087e-05,9366
2004,6924,0.2354088445448359,0,0.027257993203395774,2756483
2004,6931,0.043821435192412515,0,0.0028612812324289184,289349
2004,6932,0.019459930817196668,0,4.1878582678137715e-05,4235
2004,6935,0.1634486897184523,0,0.006987839539434715,706650
2004,6940,0.07512757375830247,0,0.01910451498349632,1931957
2004,6951,0.6683580374418252,0,0.007505027674652963,758951
2004,6953,0.26829276513867134,0,0.03378215228432331,3416243
2004,6954,0.40848171476841366,0,0.09605349843672344,9713475
2004,6960,3.0119901330344594,1,0.27364468634594963,27672504
2004,6973,0.11254880527450532,0,0.0182895686421337,1849545
2004,6974,1.064911915953466,1,0.11582025868160226,11712402
2004,6975,0.8285190776519505,0,0.011126659816339186,1125191
2004,6978,0.016714008980772674,0,0.0001919789383974889,19414
2004,6991,0.01311912124931556,0,0.004108709229854901,415496
2004,6992,0.010224665974135462,0,0.00033410901368270105,33787
2004,6993,0.07181786244797805,0,0.0019581179285936526,198016
2004,6994,0.240501990092041,0,0.018356762259441363,1856340
2004,6996,0.05892050163661246,0,0.004800610658758472,485465
2004,6997,0.05738750637198776,0,0.01595986358218317,1613952
2004,6998,0.11344969148675979,0,0.020526626608551417,2075769
2004,6999,0.014819151903117103,0,0.0008481822129992695,85773
2004,7111,0.36558388583815554,0,0.004942869286953912,499851
2004,7112,0.023871788808603783,0,0.00013376424743498675,13527
2004,7119,0.07091014716056392,0,0.0016876327167884338,170663
2004,7126,0.0,0,0.0,0
2004,7129,0.2242265482975405,0,0.008927673288719778,902817
2004,7131,0.689518434376552,0,0.018860580891995892,1907289
2004,7132,0.0013214994585597933,0,0.0009064364587033803,91664
2004,7133,0.012543807715521835,0,0.0009049630445784588,91515
2004,7138,0.006714467592903311,0,0.0005079422143672306,51366
2004,7139,0.04423474725466861,0,0.022876900134138435,2313442
2004,7144,0.02164405489438181,0,0.004744324261449389,479773
2004,7148,0.25672051869465773,0,0.025933156576641695,2622508
2004,7149,0.026638880027157405,0,0.010059838769098212,1017308
2004,7161,0.1865534406553162,0,0.029593146929002893,2992627
2004,7162,0.09605880593917551,0,0.02870022830324426,2902330
2004,7163,0.0,0,0.0,0
2004,7169,0.029199192331328925,0,0.003829759303345436,387287
2004,7187,0.0002813879605497778,0,1.1035772908807955e-05,1116
2004,7188,0.0366553513668056,0,0.002405828160176341,243291
2004,7211,0.05295760285776376,0,0.0024335362566731866,246093
2004,7212,0.030426197949383962,0,0.0041552354946720535,420201
2004,7213,0.03147655176997985,0,0.0004938706150399604,49943
2004,7219,0.0536225917357356,0,0.0023865847783837418,241345
2004,7223,0.3813701902749806,0,0.006481904728204121,655487
2004,7224,0.47321490671278177,0,0.07794546628120255,7882288
2004,7233,1.4170232940826788,1,0.06571547639111762,6645522
2004,7234,0.03306928886909869,0,0.011477757591542794,1160696
2004,7239,0.5189994802043698,0,0.15551729847316997,15726792
2004,7243,0.08013144658830804,0,0.00455467905280681,460595
2004,7244,0.18873145930134183,0,0.0128957753008414,1304094
2004,7245,0.3351731699640265,0,0.02632067438018145,2661696
2004,7246,0.13666680074943438,0,0.006590442939178204,666463
2004,7247,0.22889810408931524,0,0.018208926412679106,1841390
2004,7248,0.040084678038195806,0,0.00045240735714871327,45750
2004,7251,0.008812636935889335,0,0.00021604799866634068,21848
2004,7252,0.10572914341555464,0,0.0041024101372537265,414859
2004,7259,0.02701093674924662,0,0.0013978744571344099,141361
2004,7263,0.1999067345581989,0,0.004142953747402573,418959
2004,7264,0.0002755953863487397,0,2.4711824819992005e-05,2499
2004,7267,0.0030970662071640636,0,9.815509130181699e-05,9926
2004,7268,0.312901621375645,0,0.00501078477829593,506719
2004,7269,0.043127097415467754,0,0.0009420653922073543,95267
2004,7271,0.10619707723130993,0,0.0008796677873197396,88957
2004,7272,0.27668020638093016,0,0.028747822546084843,2907143
2004,7281,0.06516859793225481,0,0.011139544773418197,1126494
2004,7283,0.031805781411829784,0,0.003791440647412075,383412
2004,7284,0.05007437969592003,0,0.04007523256477324,4052635
2004,7361,0.03510798489464329,0,0.006228151172099353,629826
2004,7362,0.006531361062317543,0,0.0005165354819817057,52235
2004,7367,0.0458139745948617,0,0.004376366277635104,442563
2004,7368,0.03403850304291288,0,0.002562890150418811,259174
2004,7369,0.06981634639799511,0,0.010678247488092945,1079845
2004,7371,0.02059093975467834,0,0.0006096868984700309,61655
2004,7372,0.09436910039274912,0,0.004151260243140386,419799
2004,7373,0.02345240163727766,0,0.0031660999599504285,320174
2004,7411,0.0,0,0.0,0
2004,7412,0.06974637497171597,0,0.0015837026332117569,160153
2004,7413,0.0363979202545384,0,0.003192621414199016,322856
2004,7414,0.056634024099276745,0,0.010026780893798798,1013965
2004,7415,0.09157723124798493,0,0.02708595974345443,2739086
2004,7416,0.01051135253915481,0,0.002097202288775,212081
2004,7421,0.010500087302061758,0,0.0010815057450631795,109368
2004,7422,0.030783003142867218,0,0.0024571207713573327,248478
2004,7423,0.004243836371576556,0,0.00029179532884686843,29508
2004,7428,0.12380479158170207,0,0.008039906668055671,813041
2004,7429,0.027877229778081457,0,0.002915421785005732,294824
2004,7431,0.06167890418245414,0,0.01847541659558185,1868339
2004,7432,0.14841795636594826,0,0.01111105547077458,1123613
2004,7433,0.0,0,0.0,0
2004,7434,0.8633598158783277,0,0.0750914136778026,7593670
2004,7435,0.01178434153442509,0,0.000725344962933667,73351
2004,7436,2.8057087587262717,1,0.8181876348863659,82739778
2004,7439,0.02060285142833469,0,0.0023358459335852707,236214
2004,7441,0.1990715822010812,0,0.04974510113635195,5030507
2004,7442,0.018987152451201736,0,0.006163103399523961,623248
2004,7449,0.033623936254329675,0,0.007066741360258531,714629
2004,7451,0.08138296033796372,0,0.010069658233702554,1018301
2004,7452,0.0652474654093271,0,0.028786180756759813,2911022
2004,7491,0.020233885151222684,0,0.004772388350620714,482611
2004,7492,0.04706980778828348,0,0.02316785492472612,2342865
2004,7493,0.04181010996134611,0,0.014719070892662035,1488476
2004,7499,0.01922886088100722,0,0.003418706428548546,345719
2004,7511,0.0,0,0.0,0
2004,7512,0.004557263875351987,0,0.00037475151068556907,37897
2004,7518,0.002374306098981428,0,0.0014681137895459358,148464
2004,7521,0.0,0,0.0,0
2004,7522,0.005348219398473585,0,0.0006577459095245172,66515
2004,7523,0.004955370059135572,0,0.004892407325346701,494748
2004,7524,0.0014587575636485649,0,0.00016036481116679088,16217
2004,7525,0.0020893103456742397,0,0.00416191035731851,420876
2004,7528,0.006647229977092191,0,0.0006977950854032557,70565
2004,7591,0.01112971974089164,0,0.003670778908134947,371210
2004,7599,0.005509106512556852,0,0.010922151913537164,1104510
2004,7611,0.0030971229162604728,0,0.0024630638712840294,249079
2004,7621,0.006408952467192417,0,0.000768874956073965,77753
2004,7622,0.0004970724870401211,0,1.7433752364003964e-05,1763
2004,7628,0.0007941096315869623,0,5.767081326538351e-05,5832
2004,7631,0.00728782275092723,0,2.738176987857458e-05,2769
2004,7638,0.005893916927126058,0,0.003602764529938907,364332
2004,7641,0.021254880671791387,0,0.020468955795286032,2069937
2004,7642,0.005837685525346496,0,0.0009741047329103453,98507
2004,7643,0.019829278103150317,0,0.01198792476012551,1212287
2004,7648,0.014990217927799632,0,0.008354465750698306,844851
2004,7649,0.06796609215263127,0,0.07471860034945585,7555969
2004,7711,0.28092612522456534,0,0.0387932139458105,3922990
2004,7712,0.008970753105477314,0,0.0035633086751842976,360342
2004,7721,0.025425693351468357,0,0.032287942254001084,3265140
2004,7722,0.0015694842559513004,0,0.0005409803122958394,54707
2004,7723,0.00452152015512309,0,0.0003713893576488355,37557
2004,7731,0.028924938267310112,0,0.015517117470672366,1569179
2004,7732,0.19462097912390766,0,0.012175038465305137,1231209
2004,7741,0.3222015605781309,0,0.05610288308538819,5673442
2004,7742,0.010388736171980715,0,0.001691103645364591,171014
2004,7751,0.0065210854306458595,0,0.0007924495820727089,80137
2004,7752,0.16638708513602868,0,0.024593269370705537,2487011
2004,7753,0.0,0,0.0,0
2004,7754,0.013186991392435246,0,0.0003547961435440149,35879
2004,7757,0.17369930285943055,0,0.04322876400557752,4371538
2004,7758,0.05299093433986221,0,0.01597031592265325,1615009
2004,7761,0.09911358099765599,0,0.011413253696664521,1154173
2004,7762,0.003961879024266331,0,0.00018631272166205257,18841
2004,7763,0.03977492347071933,0,0.02096620834073353,2120222
2004,7764,0.00885788978012817,0,0.018652344954797256,1886231
2004,7768,0.02770803726132517,0,0.00985167205269739,996257
2004,7781,0.027908485155520475,0,0.006900334562311022,697801
2004,7782,0.0792477643059307,0,0.006519550953530137,659294
2004,7783,0.023002858393663856,0,0.008463340176976062,855861
2004,7784,0.018423292450666144,0,0.0012648815271607914,127912
2004,7788,0.00886647830114469,0,0.012244585589738514,1238242
2004,7810,0.0054651266454510605,0,0.029425138164020235,2975637
2004,7821,0.011109820908976482,0,0.020106634362150978,2033297
2004,7822,0.07145611312609906,0,0.005947895939116804,601485
2004,7831,0.010955584819174342,0,0.001295220013974611,130980
2004,7832,0.08138294791874541,0,0.020101699908135297,2032798
2004,7841,0.00801009592555363,0,0.0003152512906207864,31880
2004,7842,0.0270895305320942,0,0.0019157350229600048,193730
2004,7849,0.04571217932155814,0,0.13591794378346428,13744794
2004,7851,0.093492632229498,0,0.01908224566397066,1929705
2004,7852,0.03720748614695758,0,0.002847832620281984,287989
2004,7853,0.18628524792130474,0,0.026484035463025097,2678216
2004,7861,0.04102250538861239,0,0.007768927021980345,785638
2004,7868,0.10927369552439081,0,0.009133150282691212,923596
2004,7912,0.0,0,0.0,0
2004,7913,0.007752155449612518,0,0.0004016487349794379,40617
2004,7914,0.009468259349755299,0,0.00017816444489067467,18017
2004,7915,0.036358401414620815,0,0.0007638416152042668,77244
2004,7919,0.0010512787777831325,0,0.00010433551967816553,10551
2004,7921,1.529531205935519,1,0.06724607678371979,6800305
2004,7923,0.0,0,0.0,0
2004,7924,0.08162875398465456,0,0.05772437038552159,5837416
2004,7928,0.0,0,0.0,0
2004,7929,0.35051192055847546,0,0.13982810798781464,14140212
2004,7931,0.23029415321503358,0,0.15108865071581365,15278942
2004,7932,0.007173534954245688,0,0.0010700843134236876,108213
2004,7933,0.0,0,0.0,0
2004,7938,22.338408526560507,1,2.816008457373344,284770760
2004,8121,0.00425170269599735,0,0.0004097574570092072,41437
2004,8122,2.055678068621496,1,0.08680647005294098,8778363
2004,8124,0.05610766393784811,0,0.008555443392811758,865175
2004,8211,0.015294085878572936,0,0.00733585204479285,741843
2004,8212,3.235613052001199,1,0.34530794001195925,34919499
2004,8219,0.1691954662363162,0,0.09654396734398506,9763074
2004,8310,0.24990995389613513,0,0.057081042179313424,5772359
2004,8421,0.2636846576976471,0,0.017577771178200988,1777564
2004,8422,2.3220123825251755,1,0.11646491197165432,11777593
2004,8423,12.782903567139309,1,3.7940163335214043,383672468
2004,8424,6.835209057863671,1,0.3793181550477125,38358805
2004,8429,5.4085977517966874,1,0.7507185583581422,75916922
2004,8431,0.6376038136317074,0,0.10835593283606458,10957567
2004,8432,6.3454282574276775,1,0.20360623268968317,20589818
2004,8433,3.3074283250046324,1,0.16021496791689196,16201847
2004,8434,1.9475146113207087,1,0.14600225704893283,14764577
2004,8435,2.141140733064855,1,0.21795758292698056,22041108
2004,8439,3.5111910872224525,1,1.4991946298615808,151607071
2004,8441,5.1290765605836635,1,0.7289484790036964,73715408
2004,8442,24.921012590928676,1,0.6389118896415115,64610397
2004,8443,5.606717145311823,1,0.16963714469651744,17154671
2004,8451,0.8927795752482347,0,0.37430179305084976,37851522
2004,8452,4.867110025584828,1,0.830909428656242,84026278
2004,8459,12.614624517262152,1,3.561506996258766,360159804
2004,8461,4.983815213165116,1,0.029309381212702577,2963931
2004,8462,15.203982459744811,1,4.835515809711805,488994807
2004,8463,12.226325865627443,1,2.3111011794428897,233711670
2004,8464,12.05412580728062,1,0.30253038683259675,30593590
2004,8465,0.07583598709955555,0,0.006811989046928145,688867
2004,8471,0.5378766821381548,0,0.0217305147241517,2197513
2004,8472,9.84209997531947,1,0.7617157851712525,77029024
2004,8481,34.986644983537694,1,3.7948332477111624,383755079
2004,8482,0.46648180576161286,0,0.025116865374064382,2539960
2004,8483,0.12251476381095738,0,0.004862948931533674,491769
2004,8484,0.20479906786488283,0,0.009518462909386285,962561
2004,8510,1.1503923493343438,1,0.8038443933710985,81289308
2004,8710,0.02178445310349103,0,0.01287684835698167,1302180
2004,8720,1.9984265909300363,1,1.1774548783141685,119070921
2004,8731,0.35788781926546376,0,0.010986566810246819,1111024
2004,8732,0.017337584593515882,0,0.00031942431586049695,32302
2004,8741,0.2508749211604688,0,0.0177130187284463,1791241
2004,8742,0.010796901319113634,0,0.0007151398395986402,72319
2004,8743,0.032588204394899165,0,0.005639171180861441,570265
2004,8744,0.1327294992070436,0,0.009411477222020341,951742
2004,8745,0.14038740769985578,0,0.01013669363204378,1025080
2004,8748,0.04328285877609047,0,0.02796272025726594,2827749
2004,8749,0.051705124029476565,0,0.01520086742282596,1537198
2004,8811,0.000744983124235962,0,5.204415127155579e-05,5263
2004,8812,0.0,0,0.0,0
2004,8813,0.0222484887421546,0,0.0021415925975452857,216570
2004,8821,0.038073497575036905,0,0.007403816979561879,748716
2004,8822,0.07341716585899269,0,0.013479286849051919,1363102
2004,8830,0.003088200193629377,0,2.8499191329018393e-05,2882
2004,8841,0.006895282781377134,0,0.0017049774709838182,172417
2004,8842,0.007275098795188226,0,0.0005802285046570033,58676
2004,8851,0.003966853707591374,0,0.000851158707305319,86074
2004,8852,0.053115766390304596,0,0.003116755419793662,315184
2004,8921,0.14532431664127,0,0.026712404763702523,2701310
2004,8922,0.16536078573729207,0,0.012766055525735896,1290976
2004,8924,0.05690852901563525,0,0.0009001966982146187,91033
2004,8928,0.2829352075696852,0,0.05848002416921288,5913832
2004,8931,0.18169291986683853,0,0.0636424816042071,6435889
2004,8932,0.17124435684703637,0,0.004076650111781107,412254
2004,8933,0.007579623371868526,0,7.238517714379412e-05,7320
2004,8935,0.13482232669961572,0,0.003424936300351905,346349
2004,8939,0.16512788912254633,0,0.08873267719374187,8973152
2004,8941,0.0,0,0.0,0
2004,8942,0.013761776052369229,0,0.006265896284279389,633643
2004,8946,0.5316610084205708,0,0.0070489318378492444,712828
2004,8947,12.47893289351377,1,2.10629791149659,213000801
2004,8951,0.1093025359896703,0,0.0005774003406319861,58390
2004,8952,0.2319472767042845,0,0.02712129201639634,2742659
2004,8959,0.02413272674007765,0,0.0013631651713728364,137851
2004,8960,0.017912116800642548,0,0.002120925245054776,214480
2004,8972,0.13399144131309632,0,0.0061288786593470925,619787
2004,8973,0.5598438759375884,0,0.22665343576381752,22920482
2004,8974,0.08284738994358637,0,0.001943848555558339,196573
2004,8981,0.07474178724617436,0,0.001331026943815824,134601
2004,8982,0.4787822092054605,0,0.015599005674487632,1577460
2004,8983,0.0963233614861653,0,0.13413484569780343,13564477
2004,8989,0.11422341583007414,0,0.0015812601279174237,159906
2004,8991,35.139314117259666,1,0.3114094275665087,31491489
2004,8993,4.253398423493067,1,0.1798690070368716,18189375
2004,8994,0.1042940637562768,0,0.0020154030831283517,203809
2004,8996,0.017825176054809898,0,0.004949563926971172,500528
2004,8997,0.24403998027332185,0,0.016680244425044954,1686801
2004,8998,0.13544510939678475,0,0.0059314213892368095,599819
2004,8999,0.08900540041169071,0,0.002341077048163012,236743
2005,5111,0.002076476298980053,0,0.00034953708141268684,41680
2005,5112,0.01789327347233921,0,0.0063010348579412715,751357
2005,5113,0.008817337960798267,0,0.0007756066821385258,92486
2005,5114,0.0,0,0.0,0
2005,5121,1.2822898017709536,1,0.25791973082982617,30755233
2005,5122,0.004027231282717083,0,5.434261726377665e-05,6480
2005,5123,0.0,0,0.0,0
2005,5137,0.005976858216390651,0,0.0009720954973376442,115916
2005,5138,4.547517668986855,1,0.738926086381986,88112080
2005,5139,0.0982895398741154,0,0.018729224970992463,2233337
2005,5145,0.00020197761875358862,0,1.787939197629195e-05,2132
2005,5146,0.007397472457212523,0,0.0009640363530181243,114955
2005,5147,0.0033766044014267365,0,0.00019003982250222882,22661
2005,5148,0.007363106728167062,0,0.0009695628630145485,115614
2005,5154,0.0006294377617379444,0,3.725152868606418e-05,4442
2005,5155,0.26478894828648286,0,0.05554846987741222,6623790
2005,5156,0.0027112500655811405,0,0.0012968261803141812,154638
2005,5157,0.0006497332855943723,0,3.687414939951017e-05,4397
2005,5161,0.0038281061473285334,0,0.0004910039966322313,58549
2005,5162,0.0,0,0.0,0
2005,5163,0.0,0,0.0,0
2005,5169,0.5244583312367497,0,0.04631784800415858,5523099
2005,5221,0.07369574392771767,0,0.007245531350122266,863982
2005,5222,0.4954737468548518,0,0.0343649796818317,4097798
2005,5223,0.00400490884976063,0,3.3754480630663736e-05,4025
2005,5224,0.06912687422952489,0,0.002409440951551801,287310
2005,5225,0.014213546809573986,0,0.001889454225712222,225305
2005,5231,0.1550450739811588,0,0.013873502463314822,1654324
2005,5232,0.06798329703826016,0,0.008580388976314723,1023155
2005,5233,0.1681161541603661,0,0.0061344596408563325,731494
2005,5239,0.13881961377313762,0,0.01137962079984497,1356945
2005,5241,0.0006188572632927863,0,5.5206396519666934e-05,6583
2005,5249,0.38996673220313716,0,0.047645057410143535,5681360
2005,5311,0.09474143582841947,0,0.010550635914174973,1258094
2005,5312,0.12582022084809946,0,0.0015683631562993393,187017
2005,5322,0.08323481972080171,0,0.0018077306446573603,215560
2005,5323,0.09505553123869964,0,0.0007673630412789128,91503
2005,5331,0.21684588442429947,0,0.033021232676889306,3937565
2005,5332,0.0032370164029456635,0,0.00021538293814592216,25683
2005,5334,2.3896381467657144,1,0.4596668148284861,54812247
2005,5335,0.04105275865052034,0,0.004352348856652806,518989
2005,5411,0.04223370373170518,0,0.0020577486151025725,245373
2005,5413,0.008605054323481154,0,0.0011044046752034782,131693
2005,5414,0.030833362727404508,0,0.0006761965918538332,80632
2005,5415,0.0,0,0.0,0
2005,5416,0.15061848581483106,0,0.021665076482461628,2583418
2005,5417,0.17642590037128875,0,0.36009736985039126,42939245
2005,5419,0.4195072442816493,0,0.05737029773497396,6841031
2005,5513,0.2287141734738625,0,0.0073790565279114395,879904
2005,5514,0.011335085512871296,0,0.0019116525139679654,227952
2005,5530,0.08517389325970795,0,0.03882378304211821,4629481
2005,5541,0.6398828119954646,0,0.029101301779182815,3470139
2005,5542,0.020272488230521756,0,0.005667985297850112,675870
2005,5543,0.3881580392216914,0,0.006638940271121727,791650
2005,5621,0.046035993449078966,0,0.007421323008005487,884944
2005,5622,0.993714842158258,0,0.0126036463226797,1502902
2005,5623,0.10880758432050261,0,0.008372528465280776,998369
2005,5629,0.4845090722168063,0,0.04131236462316357,4926228
2005,5721,0.3381670689267719,0,0.003098619390863092,369490
2005,5722,0.23020014035846798,0,0.002179298290198433,259867
2005,5723,0.10820819587952328,0,0.0008339243612206714,99440
2005,5821,0.09771793086195112,0,0.00395870032974514,472049
2005,5822,0.3798844453173761,0,0.03567267438559864,4253732
2005,5823,1.8879390593987009,1,0.8179217351398571,97531792
2005,5824,0.09126302574217303,0,0.008736171145804215,1041731
2005,5825,0.4992994968227086,0,0.10467394429767528,12481680
2005,5826,0.26316178671914864,0,0.024574586919729326,2930358
2005,5827,0.014251390565116276,0,0.0012436995629737451,148303
2005,5828,0.0,0,0.0,0
2005,5829,0.08885690720937373,0,0.013546172056364247,1615292
2005,5831,0.010134940240117858,0,0.004127967519074163,492233
2005,5832,0.061201161219271806,0,0.016596134677880976,1978980
2005,5833,0.3664762829570715,0,0.0787549227040814,9391007
2005,5834,0.6966963703039909,0,0.20387489936796607,24310742
2005,5835,0.10367402403500109,0,0.0012611260998061724,150381
2005,5836,0.11869696747960296,0,0.01879339622211938,2240989
2005,5837,0.9581233906850429,0,0.04689812316757675,5592293
2005,5838,0.006709046164604477,0,0.0001083330138601029,12918
2005,5839,0.08631380027549602,0,0.029025725287395603,3461127
2005,5841,0.3717308703242216,0,0.020239983275750925,2413485
2005,5842,0.21878969064928366,0,0.002629352441136371,313533
2005,5843,0.07871221987741454,0,0.00387307716272922,461839
2005,5849,0.31023433326113425,0,0.015744238676413967,1877397
2005,5851,0.12455650060472943,0,0.0013931166018300275,166120
2005,5852,0.23100074529770634,0,0.017899736912940393,2134426
2005,5911,0.555455300279926,0,0.019547827733179042,2330950
2005,5912,0.13194529490141654,0,0.008788090149427679,1047922
2005,5913,0.06779834127887,0,0.004977817286187413,593572
2005,5914,0.015773005967710346,0,0.00037176891449390163,44331
2005,5921,1.3176659802199107,1,0.024576926671305958,2930637
2005,5922,0.27773557317142505,0,0.03360135688859286,4006741
2005,5981,0.34991446215049965,0,0.01395162836183787,1663640
2005,5982,0.0036696752679766563,0,0.00025517548736145,30428
2005,5983,1.8971325724005983,1,0.09558760710498078,11398194
2005,5989,0.21054292932632437,0,0.10809383925449133,12889480
2005,6112,4.702589180951521,1,0.013963679340388493,1665077
2005,6113,7.192124076809495,1,0.24578743962225874,29308537
2005,6114,7.765413799644691,1,0.8862579705007555,105680439
2005,6115,14.562981998202448,1,0.20688273807489702,24669407
2005,6116,48.20601592490864,1,0.9061052612771247,108047098
2005,6118,2.825276193295768,1,0.026261463944419354,3131507
2005,6121,11.263783509190349,1,0.12075795851128972,14399593
2005,6122,2.498815954813504,1,0.02300521741866584,2743221
2005,6123,0.4497923988237057,0,0.03120330440528862,3720789
2005,6129,18.162089019627736,1,0.3495673220728494,41683606
2005,6130,0.10051956377917654,0,0.001658204585118296,197730
2005,6210,0.0366368897092532,0,0.003985804548726085,475281
2005,6251,0.0201469767313847,0,0.005512639211091748,657346
2005,6252,0.023983886085065916,0,0.0041880546876999275,499398
2005,6253,0.4123877508663193,0,0.0015219622764659324,181484
2005,6254,0.644369932699744,0,0.009485621250281365,1131098
2005,6259,0.12193213475770595,0,0.009708434367269217,1157667
2005,6281,0.036296656792381386,0,0.0004449217926408035,53054
2005,6282,0.07593960998508015,0,0.0033971347927336773,405086
2005,6289,0.03855091072013043,0,0.0037001452012174396,441218
2005,6330,0.02030225767943329,0,0.00046835285323262323,55848
2005,6341,0.0,0,0.0,0
2005,6342,0.07122173241904367,0,0.00800757753656395,954851
2005,6343,0.1427600246179336,0,0.014043188962962238,1674558
2005,6344,0.1360508355104799,0,0.0042794056336651004,510291
2005,6349,0.13956669938658853,0,0.0028365420556608874,338239
2005,6351,0.24568459377731935,0,0.003018422099367182,359927
2005,6352,0.011035013069635722,0,6.935392666225817e-05,8270
2005,6353,0.21673805025060328,0,0.03338615844698703,3981080
2005,6354,0.12185432683183944,0,0.0021796421246595156,259908
2005,6359,0.39084713758087236,0,0.030652615777936282,3655123
2005,6411,0.003895209563571957,0,0.0012402612183629199,147893
2005,6412,0.004505109539246406,0,0.0015691933907297582,187116
2005,6413,0.007635128399968205,0,0.000907907473797992,108262
2005,6415,0.012865163444219741,0,0.0012594572447389668,150182
2005,6416,0.15077324955012603,0,0.013569099944573995,1618026
2005,6417,0.04470874509408409,0,0.001101025034037228,131290
2005,6418,0.013737721595325615,0,0.0036136750273583654,430907
2005,6419,0.07053565877226292,0,0.0011422348521289251,136204
2005,6421,0.052968345506367163,0,0.00830230237315626,989995
2005,6422,0.2937712184887139,0,0.003956469598851287,471783
2005,6423,0.28554415398623395,0,0.0113195084726001,1349777
2005,6424,0.03030835877940963,0,0.0021435730510713205,255607
2005,6428,0.06882522010050791,0,0.009469846796103408,1129217
2005,6511,0.1319204161217604,0,0.00026084456286612793,31104
2005,6512,0.44113924586017533,0,0.024554250369287246,2927933
2005,6513,87.7800003477693,1,9.63343607086624,1148723946
2005,6514,0.9249888059366043,0,0.19363556782037267,23089769
2005,6515,0.39310723411080045,0,0.0028700617225132508,342236
2005,6516,1.5252739778114672,1,0.051341655246067375,6122155
2005,6517,0.5484077376335725,0,0.015152910493002944,1806885
2005,6518,0.3199049460155469,0,0.00017037416856958125,20316
2005,6519,0.10450501642896519,0,0.0045188234392613295,538840
2005,6521,82.8463028489049,1,5.249305957623892,625945240
2005,6522,37.787492003139214,1,10.273484238847226,1225045484
2005,6531,11.065304106425284,1,3.151764994574745,375827264
2005,6532,2.174908788410654,1,0.05661732542382231,6751244
2005,6534,3.2079226606986153,1,0.2899334279012672,34572656
2005,6535,3.796536232148381,1,0.07773674500275231,9269596
2005,6536,0.8602817448623208,0,0.010293825116571788,1227471
2005,6538,0.7360231240529004,0,0.01241400065187676,1480288
2005,6539,4.77350492366356,1,0.10429739524555168,12436779
2005,6541,0.5055844143590474,0,0.014264081638691849,1700898
2005,6542,0.4426201810677603,0,0.016868527046915657,2011461
2005,6543,1.9491718581209478,1,0.04650633637848275,5545575
2005,6544,0.5626130320077715,0,0.009190812551625377,1095944
2005,6545,25.98055322420612,1,0.08008879075792244,9550062
2005,6546,0.0,0,0.0,0
2005,6549,18.74756609949139,1,0.012069738494269462,1439237
2005,6551,2.0268165787188437,1,0.39368621451908326,46944494
2005,6552,1.8803492016910102,1,0.12808549857348336,15273354
2005,6553,1.8224620615145155,1,0.003980756052492629,474679
2005,6560,0.7911983863903962,0,0.05246649710618934,6256285
2005,6571,2.745294662718982,1,0.0505146998223384,6023546
2005,6572,0.7359116265702759,0,0.09376014371673982,11180281
2005,6573,0.32746396523438376,0,0.05278205327939943,6293913
2005,6574,22.07555422405402,1,0.17162857731808676,20465580
2005,6575,1.2167039033338733,1,0.03538806331388598,4219794
2005,6576,0.7952002025878918,0,0.0006473983591865787,77198
2005,6577,4.596612429405826,1,0.31299857315063784,37323023
2005,6579,0.15014832620384583,0,9.559436638731326e-05,11399
2005,6581,6.709798177955573,1,0.12354340341155119,14731739
2005,6582,14.853377963293582,1,0.38178262354537396,45525069
2005,6583,6.086696770884246,1,0.16946772029569127,20207912
2005,6584,93.30863450208567,1,19.795945749868167,2360536443
2005,6589,11.641983821451575,1,0.4911906903583928,58571262
2005,6591,0.026618822664164626,0,0.0003446311506874848,41095
2005,6592,107.1400753692841,1,2.105428517200174,251058515
2005,6593,46.90968282626189,1,0.05856779768706712,6983825
2005,6594,0.9610880677086403,0,0.028700516590656096,3422348
2005,6595,0.12514502064220973,0,0.009062704863149843,1080668
2005,6596,0.10691984180089747,0,0.0014866228028317418,177270
2005,6597,0.3091323518914372,0,0.0006923148804928731,82554
2005,6611,0.07085393061103364,0,0.000425499338692824,50738
2005,6612,8.64376498637503,1,0.8423578406338337,100445637
2005,6613,0.4556024189051173,0,0.06325236610898298,7542429
2005,6618,0.03128622637461409,0,0.0012869807740383055,153464
2005,6623,0.10294869866732342,0,0.005378946309175216,641404
2005,6624,0.025245745710782266,0,0.003991180107007887,475922
2005,6631,0.04558489959499988,0,0.0014807272997551316,176567
2005,6632,0.02616839068763788,0,0.0009071527152248839,108172
2005,6633,1.2225428123835214,1,0.11805250124736497,14076985
2005,6635,0.010575561786526248,0,0.0003074550978587314,36662
2005,6637,0.0225482711800175,0,0.0003916693822048495,46704
2005,6638,0.19944095355336122,0,0.003014438651342445,359452
2005,6639,0.9544125235577803,0,0.062461077220936544,7448073
2005,6641,0.24737477493930263,0,0.003921415256233604,467603
2005,6642,0.005217073593741717,0,0.0007725205581951509,92118
2005,6643,6.001327708015383,1,0.013579792357693025,1619301
2005,6644,0.03622303984567943,0,0.0027526716057758517,328238
2005,6645,0.09784082476839101,0,0.000489385458803233,58356
2005,6646,0.018732022588345745,0,1.1136882056527066e-05,1328
2005,6647,0.006157944404311074,0,0.0004611491019626257,54989
2005,6648,0.049622608096422494,0,0.001877688378178105,223902
2005,6649,0.152546592664141,0,0.01420173019434676,1693463
2005,6651,0.4009539258741797,0,0.030005024536003243,3577902
2005,6652,0.13050643370181905,0,0.01046352838863194,1247707
2005,6658,0.04748267159738166,0,0.0020938344611035027,249676
2005,6664,0.42161924817804275,0,0.018003910368442035,2146848
2005,6665,0.4189604614393961,0,0.007116970806502868,848652
2005,6666,0.017309081584661795,0,0.0005052857060767085,60252
2005,6671,0.04330590283720878,0,0.0005143428089540046,61332
2005,6672,0.0003952768322581582,0,0.00041016096724599566,48909
2005,6673,1.1470004957838436,1,0.03389500829077008,4041757
2005,6674,0.8373592739718986,0,0.005594991757624199,667166
2005,6712,0.0,0,0.0,0
2005,6713,0.0027075590316153913,0,8.05495121633603e-05,9605
2005,6716,0.0008480986681323393,0,0.00016928396174175858,20186
2005,6724,0.18414547473755652,0,0.004477663938407839,533932
2005,6725,0.01251705123655879,0,0.004348935670661084,518582
2005,6727,0.002072676022999247,0,0.0012001332208926773,143108
2005,6731,0.011500081319860243,0,0.001996026136235073,238013
2005,6732,0.02082606900744471,0,0.006459249027277445,770223
2005,6733,0.24271182079925085,0,0.03859974553900065,4602766
2005,6741,0.13121701886774467,0,0.002481436533219937,295895
2005,6744,0.005078095197165475,0,0.0009860836895592459,117584
2005,6745,0.009996737617707568,0,0.0008463359466451141,100920
2005,6746,0.006128527126886124,0,0.0019885288677422,237119
2005,6747,0.04408343192715211,0,0.0027327375932394327,325861
2005,6749,0.03294445237497674,0,0.009706589401868287,1157447
2005,6750,0.0023702112517078088,0,0.0004265895455206467,50868
2005,6760,0.7145203373502772,0,0.02105022499018874,2510101
2005,6770,0.020355770161168518,0,0.0018903767084126873,225415
2005,6781,0.416817229791341,0,0.012528707182576444,1493966
2005,6782,0.41699967188445936,0,0.09089363774572655,10838469
2005,6783,0.7619859008206976,0,0.17715080196305696,21124069
2005,6784,0.1114839504495737,0,0.006207704767273281,740228
2005,6785,1.248796987177489,1,0.15028280564308166,17920237
2005,6793,0.07814617579154355,0,0.005308292520525938,632979
2005,6794,0.06377662519632252,0,0.006458192365275093,770097
2005,6911,0.4275613194590717,0,0.1339760454021303,15975763
2005,6912,0.23945690586655125,0,0.01632457254327671,1946598
2005,6921,0.3338161516553421,0,0.00564078883059912,672627
2005,6924,0.2909895857366304,0,0.03487956569077037,4159159
2005,6931,0.06068999146929069,0,0.004370412745169191,521143
2005,6932,0.03687144906703792,0,7.371475397354888e-05,8790
2005,6935,0.06142529204372901,0,0.0025049011386372283,298693
2005,6940,0.06919031917342915,0,0.018035643773338043,2150632
2005,6951,0.07557747082902336,0,0.0008975505089336764,107027
2005,6953,0.259594360947524,0,0.03289983395350807,3923089
2005,6954,0.25282274263565213,0,0.05886577637173017,7019357
2005,6960,3.2234090920263023,1,0.28154241623715165,33572083
2005,6973,0.19096380410719327,0,0.0311661451248726,3716358
2005,6974,1.607749663030946,1,0.1747854892294129,20842021
2005,6975,0.9196696897658819,0,0.01288139747758345,1536022
2005,6978,0.012974637095738888,0,0.00015336694205554744,18288
2005,6991,0.01218095087380352,0,0.003894252333808083,464364
2005,6992,0.017617853950586234,0,0.0006139457819851581,73209
2005,6993,0.08293971788120624,0,0.0022027628956157244,262665
2005,6994,0.2111443782971761,0,0.016613972138825428,1981107
2005,6996,0.14246148053780772,0,0.012497149888014161,1490203
2005,6997,0.08828696789077609,0,0.025731153798540934,3068271
2005,6998,0.25537540133389475,0,0.04738399480591184,5650230
2005,6999,0.008146007318433377,0,0.0005858939216846438,69864
2005,7111,0.27439989259191255,0,0.004283514874785355,510781
2005,7112,0.01415739687624192,0,8.704043589208918e-05,10379
2005,7119,0.07424387965569781,0,0.002068650683380799,246673
2005,7126,0.0005832662945697926,0,8.671337384374238e-06,1034
2005,7129,0.5742706573391387,0,0.028064615720399862,3346521
2005,7131,0.06542683937448728,0,0.00180749583087906,215532
2005,7132,0.0007879514854519303,0,0.0005383525177852072,64195
2005,7133,0.03097552889575718,0,0.002491005194685673,297036
2005,7138,0.0013808668124449242,0,0.0001056074967905462,12593
2005,7139,0.008154992187927946,0,0.00442104865921837,527181
2005,7144,0.0015399695115127941,0,0.0003364545994788147,40120
2005,7148,0.23504759390315857,0,0.023945579511107477,2855353
2005,7149,0.03312265720685312,0,0.012082393279678572,1440746
2005,7161,0.018169342886233772,0,0.003034104305275093,361797
2005,7162,0.04176338635622077,0,0.013078582347911098,1559535
2005,7163,0.008975475032404315,0,1.7963254039970613e-05,2142
2005,7169,0.08260526244414569,0,0.011863421045207205,1414635
2005,7187,0.0,0,0.0,0
2005,7188,0.02305648806589339,0,0.0017696321091281416,211017
2005,7211,0.16608460731359254,0,0.007452167475026502,888622
2005,7212,0.028235537528463226,0,0.004165177116728387,496670
2005,7213,0.030194766742676658,0,0.0004450391995299536,53068
2005,7219,0.13345220273292027,0,0.006424152753627922,766038
2005,7223,0.2378742372061625,0,0.004442701844060202,529763
2005,7224,0.2869375344275426,0,0.04713031206328387,5619980
2005,7233,0.1060763395475786,0,0.006186856658242765,737742
2005,7234,0.06621022163930879,0,0.02533383211324414,3020893
2005,7239,0.3662984958246146,0,0.13222712722273078,15767216
2005,7243,0.037969491769419265,0,0.0020489850294481515,244328
2005,7244,0.18709888109744044,0,0.010720439820711539,1278342
2005,7245,0.4780375052445567,0,0.0340111404765523,4055605
2005,7246,0.2759561909705696,0,0.011609428012943623,1384348
2005,7247,0.3050467464422954,0,0.025096494086827143,2992592
2005,7248,0.04441355495775171,0,0.0004379863999745777,52227
2005,7251,0.12278988937112487,0,0.0028348228833554746,338034
2005,7252,0.03885957278712794,0,0.0014188538691730106,169189
2005,7259,0.09284504614058736,0,0.0049850461960765135,594434
2005,7263,0.13046557122122274,0,0.002775129866428999,330916
2005,7264,0.0010673704906086216,0,9.811861450404118e-05,11700
2005,7267,0.013740736784553407,0,0.00041875682877305913,49934
2005,7268,4.635253478857734,1,0.08226506162762207,9809568
2005,7269,0.003591845970792857,0,7.613836761386239e-05,9079
2005,7271,0.1666442525864223,0,0.001415289731466667,168764
2005,7272,0.21375542620874693,0,0.02200585836442626,2624054
2005,7281,0.027913182132442805,0,0.004601125668555574,548654
2005,7283,0.08540376463174931,0,0.011438877734040318,1364011
2005,7284,0.04615798677358154,0,0.035877432000276474,4278148
2005,7361,0.05023192955268134,0,0.009678487224329565,1154096
2005,7362,0.002424583376511155,0,0.00019564180835596382,23329
2005,7367,0.002646260904758377,0,0.0002701616381408279,32215
2005,7368,0.017305429504608453,0,0.0013186974065215777,157246
2005,7369,0.027038399032756066,0,0.0042416509325969645,505789
2005,7371,0.012979057422761451,0,0.00042464394564330167,50636
2005,7372,0.06835057115507971,0,0.0034557459890386982,412075
2005,7373,0.007301612060259586,0,0.0009319087964228266,111124
2005,7411,0.0,0,0.0,0
2005,7412,0.02702902478246723,0,0.0006274475742374236,74819
2005,7413,0.14488191663659614,0,0.012878227491576393,1535644
2005,7414,0.0617616512367434,0,0.010680588568051437,1273590
2005,7415,0.10878133320509857,0,0.03123098727250895,3724090
2005,7416,0.008929170926873758,0,0.0018028750311703656,214981
2005,7421,0.0070327098241412265,0,0.0007121063275210387,84914
2005,7422,0.008958231737861951,0,0.0007466574977566498,89034
2005,7423,0.0009264206960456731,0,5.987751346656872e-05,7140
2005,7428,0.24715970324267883,0,0.015577319624867945,1857493
2005,7429,0.05051949349994005,0,0.005426210968264513,647040
2005,7431,0.04655520579403644,0,0.013321144980895278,1588459
2005,7432,0.21792049198382563,0,0.016121039314728587,1922328
2005,7433,0.0468974914400369,0,1.4424274952730839e-05,1720
2005,7434,1.0513311339972269,1,0.08941308655630514,10661923
2005,7435,0.03775403679848667,0,0.0022058238609399955,263030
2005,7436,2.0516371987168824,1,0.5835588496111622,69585558
2005,7439,0.010633076606524695,0,0.0011956633728986044,142575
2005,7441,0.05756215927040216,0,0.01622693194253564,1934955
2005,7442,0.022982769332589453,0,0.007519936408685234,896703
2005,7449,0.02833423184554241,0,0.006185548410049378,737586
2005,7451,0.17368337011585902,0,0.021079576712476275,2513601
2005,7452,0.02727032311101047,0,0.01162060682603199,1385681
2005,7491,0.02576301568287645,0,0.0062206698423180025,741774
2005,7492,0.012185433007038289,0,0.0061578990876545205,734289
2005,7493,0.029171286323235835,0,0.0108911326651231,1298696
2005,7499,0.022186201968602465,0,0.0038447988748567734,458467
2005,7511,0.0,0,0.0,0
2005,7512,0.008071440422102711,0,0.0006111112442328192,72871
2005,7518,0.009081829956564522,0,0.005228044911791821,623410
2005,7521,0.0,0,0.0,0
2005,7522,0.004458697182934284,0,0.00058877877667519,70208
2005,7523,0.003592015200594343,0,0.0036095825586508457,430419
2005,7524,0.00037695849631332154,0,4.243420422140584e-05,5060
2005,7525,0.003888169523948051,0,0.007716215568725156,920108
2005,7528,0.020603275441409143,0,0.0022605941747285336,269561
2005,7591,0.011847901284900167,0,0.003668336320464121,437425
2005,7599,0.011097147904131797,0,0.020095740526223614,2396285
2005,7611,0.0029945621234605505,0,0.0024412666047178553,291105
2005,7621,0.008514240466030068,0,0.0009535200502328193,113701
2005,7622,0.002279115031638099,0,0.0001083833310983101,12924
2005,7628,0.0020856739132294197,0,0.00012132324752392852,14467
2005,7631,0.0,0,0.0,0
2005,7638,0.003655623395953437,0,0.0023528759896005395,280565
2005,7641,0.2504760512786491,0,0.2720620363658502,32441610
2005,7642,0.005047432841838768,0,0.0008784635032404117,104751
2005,7643,0.2512017017304628,0,0.17088740439929467,20377200
2005,7648,0.12779724765374434,0,0.07540576539797827,8991642
2005,7649,0.015221188299845121,0,0.017054222814519328,2033604
2005,7711,0.3608530753897967,0,0.04887852580134849,5828443
2005,7712,0.01830330092002067,0,0.00711240032403238,848107
2005,7721,0.02622763292489425,0,0.033495975819374246,3994175
2005,7722,0.0009223307770197843,0,0.00032662596561567486,38948
2005,7723,0.005717083176335467,0,0.0004216249113508696,50276
2005,7731,0.010380541433162926,0,0.005784972876681853,689820
2005,7732,0.24464701087521878,0,0.014994520213333043,1787998
2005,7741,0.352876583144158,0,0.06196022781802843,7388350
2005,7742,0.02328456323653492,0,0.003959186729714476,472107
2005,7751,0.014819603562652089,0,0.0018627357722241986,222119
2005,7752,0.23067303808777337,0,0.034678380600005256,4135169
2005,7753,0.007367142925337169,0,0.0002404073779476366,28667
2005,7754,0.02769924279154101,0,0.0006941346872747003,82771
2005,7757,0.22394628036876868,0,0.053103496569479755,6332243
2005,7758,0.05846204509076404,0,0.01761739850315342,2100759
2005,7761,0.0,0,0.0,0
2005,7762,0.0,0,0.0,0
2005,7763,0.029008976201998445,0,0.01621829414997674,1933925
2005,7764,0.017803865890041713,0,0.03288843709905414,3921730
2005,7768,0.0014027387098829568,0,0.0005060153060307129,60339
2005,7781,0.038988574615587135,0,0.008779074977582221,1046847
2005,7782,0.02039557986079704,0,0.0016654838122456043,198598
2005,7783,0.013041996941889596,0,0.0046820022427672804,558298
2005,7784,0.006962570679067205,0,0.00046184515709115866,55072
2005,7788,0.006911544170313498,0,0.00826302976873554,985312
2005,7810,0.008122078751737776,0,0.04288028331052541,5113192
2005,7821,0.010982835096949934,0,0.019966961941238655,2380929
2005,7822,0.08809078010153945,0,0.008115189336676418,967683
2005,7831,0.0011460630755763673,0,0.00013843110851437671,16507
2005,7832,0.05256259097501936,0,0.013097518401889743,1561793
2005,7841,0.0,0,0.0,0
2005,7842,0.03396546921966952,0,0.0024698467960195454,294513
2005,7849,0.04313535219521873,0,0.12845881893615532,15317870
2005,7851,0.16115782249898947,0,0.033624955673312036,4009555
2005,7852,0.020035695326199542,0,0.0014695736452858686,175237
2005,7853,0.058029578891484294,0,0.00804197775508494,958953
2005,7861,0.025500821053450567,0,0.005205947258012492,620775
2005,7868,0.18962073636303836,0,0.016122691397383055,1922525
2005,7912,0.0,0,0.0,0
2005,7913,0.009942221894408203,0,0.0004618954743293658,55078
2005,7914,0.009448927425202003,0,0.00020489179397972088,24432
2005,7915,0.04357756096360217,0,0.0008784299584149403,104747
2005,7919,0.021861952427227598,0,0.0021438497958814603,255640
2005,7921,0.5507266004264083,0,0.022623645028927903,2697721
2005,7922,0.696596713610565,0,0.0057759493186300285,688744
2005,7923,0.08325000336517414,0,0.01355208433185359,1615997
2005,7924,0.1445214340299269,0,0.10588922300726832,12626594
2005,7928,0.000937753456881926,0,1.0625323468087194e-05,1267
2005,7929,0.08570531856967362,0,0.034225668021648704,4081186
2005,7931,0.02556198726750114,0,0.01788390375531786,2132538
2005,7932,0.00313949397958959,0,0.00047600107344011774,56760
2005,7933,0.0,0,0.0,0
2005,7938,1.3679662458158144,1,0.16211594409709448,19331261
2005,8121,0.0043121403669293444,0,0.0004263966627741858,50845
2005,8122,2.094281922364976,1,0.08978536702938748,10706315
2005,8124,0.05407267782015142,0,0.008413595717864219,1003266
2005,8211,0.01162410584628333,0,0.005399861507856676,643898
2005,8212,1.8425756359815044,1,0.21208413162285172,25289639
2005,8219,0.17002978208537894,0,0.09879034124790093,11780099
2005,8310,0.22446265547042496,0,0.052008115452328106,6201626
2005,8421,0.18561787455034648,0,0.011975469148488273,1427996
2005,8422,2.524515315362296,1,0.12961511745636314,15455751
2005,8423,14.121976403897206,1,4.099416453067188,488828473
2005,8424,9.320248260923874,1,0.5419040929544114,64618502
2005,8429,5.7269110816599795,1,0.7660680097467614,91348576
2005,8431,0.6980664155293439,0,0.12079021186098055,14403439
2005,8432,10.756951008811825,1,0.31635861575260643,37723686
2005,8433,2.5726018995598223,1,0.11855514529843579,14136922
2005,8434,1.6839785520505373,1,0.1393374058365521,16615070
2005,8435,2.3623645943028184,1,0.22490776491097333,26818773
2005,8439,4.842004308018582,1,1.990564577406968,237361745
2005,8441,6.121852014172423,1,0.8206608797947614,97858417
2005,8442,21.868244583626183,1,0.5473163828201053,65263882
2005,8443,5.384786887731084,1,0.15848402068467965,18898178
2005,8451,1.096259020294581,1,0.4557698956810531,54347565
2005,8452,3.9905568705990793,1,0.5970917798476716,71199271
2005,8459,12.276240947465496,1,3.3989234615312607,405299287
2005,8461,5.562221271305013,1,0.03265156870019374,3893485
2005,8462,14.38371969969958,1,4.4955285790471295,536062241
2005,8463,12.035586886895185,1,2.3103068261600557,275488907
2005,8464,9.23023726355597,1,0.22239378989704606,26518998
2005,8465,0.21034711900398773,0,0.01772715717209606,2113847
2005,8471,0.29820054152288905,0,0.011788767036120454,1405733
2005,8472,10.532414939999041,1,0.8190330752077267,97664312
2005,8481,42.74924258706432,1,4.5504680174594885,542613408
2005,8482,1.1304221815088664,1,0.06276230136746394,7483992
2005,8483,0.05505653298863791,0,0.00247057639597355,294600
2005,8484,0.22688461409912852,0,0.010102661542416265,1204676
2005,8510,1.6604159277538004,1,1.175952676651555,140224629
2005,8710,0.004009155882148997,0,0.0027993324580066624,333802
2005,8720,2.4791395595991506,1,1.469295734793044,175203861
2005,8731,0.22885444747497932,0,0.006940030238347246,827553
2005,8732,0.008460964976710865,0,0.00015104396289164834,18011
2005,8741,0.05074125379844857,0,0.003510700799367329,418628
2005,8742,0.012312185956155828,0,0.0007983920048400199,95203
2005,8743,0.02083453897868501,0,0.0035633410167384286,424905
2005,8744,0.015595680682169289,0,0.0011256133911078132,134222
2005,8745,0.25891955899233393,0,0.017857537522497288,2129394
2005,8748,0.012291649303935514,0,0.007701959017899783,918408
2005,8749,0.027310399248884756,0,0.007887151613121384,940491
2005,8811,0.029687652278193588,0,0.0013465396116628954,160566
2005,8812,0.0,0,0.0,0
2005,8813,0.020403223469845907,0,0.0016597308746772476,197912
2005,8821,0.20509175838694713,0,0.038215791466654235,4556982
2005,8822,0.052713704608786785,0,0.00834970959775381,995648
2005,8830,0.10076953197857323,0,0.0008625129387287291,102849
2005,8841,0.0027900947087183578,0,0.0007255242577096255,86514
2005,8842,0.016241280152888178,0,0.0012743343748355626,151956
2005,8851,0.0024707378784015782,0,0.0005098981195790351,60802
2005,8852,0.22045678928618143,0,0.011333287009662508,1351420
2005,8921,0.09031922308555453,0,0.016158441795129274,1926788
2005,8922,0.08567956721477889,0,0.006096964912185601,727023
2005,8924,0.0473488510070237,0,0.0007403426843616461,88281
2005,8928,0.643808545800607,0,0.1369531738213421,16330766
2005,8931,0.46949725899830536,0,0.17052127940168635,20333542
2005,8932,0.2557010031893541,0,0.006339519158963412,755946
2005,8933,0.014012910553165732,0,0.0001382633843870194,16487
2005,8935,0.35370673548477255,0,0.009111520970417196,1086489
2005,8939,0.3567470866831717,0,0.19644868720164813,23425215
2005,8941,0.002403884608156161,0,3.4198949568160674e-05,4078
2005,8942,0.03252084063872798,0,0.015411666890483473,1837740
2005,8946,0.6788919891381865,0,0.008799990176263681,1049341
2005,8947,10.38649892998081,1,1.7405690400637899,207551420
2005,8951,0.17588280306420614,0,0.000883990013236836,105410
2005,8952,0.2628956769425399,0,0.0338711495336535,4038912
2005,8959,0.06627873690335603,0,0.0037902717610529034,451965
2005,8960,0.01723591239641141,0,0.0021166365562177328,252395
2005,8972,0.06730035308185968,0,0.0030280075332456535,361070
2005,8973,0.265401349006825,0,0.11042495303856728,13167450
2005,8974,0.37369248643077135,0,0.009207635281599317,1097950
2005,8981,0.1364745616053726,0,0.002299715827434632,274226
2005,8982,0.6163335714056877,0,0.019081990741856777,2275402
2005,8983,0.03695692654661655,0,0.041836200617726,4988692
2005,8989,0.2305231552394949,0,0.002922936753662651,348541
2005,8991,36.48262162989046,1,0.3050602405200533,36376429
2005,8993,3.4139044539521874,1,0.14668422578718543,17491130
2005,8994,0.11904325691571353,0,0.0022696512776058295,270641
2005,8996,0.031413906227720785,0,0.008958824924871078,1068281
2005,8997,0.33181395860838314,0,0.022804359389949062,2719270
2005,8998,0.03632734752283359,0,0.0015467519024893463,184440
2005,8999,0.12381680537797268,0,0.0030509941248999762,363811
2006,5111,0.0004842652737314761,0,8.87899686697406e-05,11226
2006,5112,0.04876998400791511,0,0.01808061468727421,2285990
2006,5113,0.0061114215473735585,0,0.00045620928138879725,57680
2006,5114,0.01941158990831076,0,0.00019241781202542751,24328
2006,5121,1.9603475266055677,1,0.3876032831455272,49005924
2006,5122,0.0,0,0.0,0
2006,5123,0.0017204604660276048,0,0.00010878471664739107,13754
2006,5137,0.003226891930698262,0,0.0005041634574127271,63743
2006,5138,2.6514953055611654,1,0.4539935975598941,57399864
2006,5139,0.08934443415962724,0,0.016262318565112028,2056097
2006,5145,0.001266014637520994,0,9.075938807102025e-05,11475
2006,5146,0.0014654599179190666,0,0.00016090710160495303,20344
2006,5147,0.03138773707816792,0,0.0017940540721022554,226828
2006,5148,0.007884891120084808,0,0.0010199298797317886,128953
2006,5154,0.028587051058445986,0,0.0016713252333486152,211311
2006,5155,0.2468437745533344,0,0.05310550488591401,6714299
2006,5156,0.00209611906130167,0,0.0009729090028618788,123008
2006,5157,0.001812096360164037,0,7.695763363233352e-05,9730
2006,5161,0.0004853007438105359,0,6.58529555624675e-05,8326
2006,5162,0.0,0,0.0,0
2006,5163,0.0,0,0.0,0
2006,5169,0.8318755945658057,0,0.07385866124729903,9338187
2006,5221,0.06676401805598027,0,0.006888594053358682,870947
2006,5222,0.323873500740124,0,0.02182546963346491,2759464
2006,5223,0.0,0,0.0,0
2006,5224,0.0653604833198868,0,0.002270479562284911,287064
2006,5225,0.006748413484353242,0,0.0008649389456455392,109357
2006,5231,0.14062973400259135,0,0.013093554385712521,1655460
2006,5232,0.11669754625876434,0,0.01488207984672444,1881589
2006,5233,0.08970243568531444,0,0.002845668667181539,359787
2006,5239,0.11894322724048918,0,0.009584104377836229,1211749
2006,5241,0.0008289742352522035,0,8.421838467801514e-05,10648
2006,5249,0.3676757749280556,0,0.046335748288395595,5858377
2006,5311,0.08485035698886176,0,0.00899928963674941,1137809
2006,5312,0.11166645056364946,0,0.001273842614829302,161056
2006,5322,0.09263744095868849,0,0.001981647202060291,250546
2006,5323,0.10026839537393159,0,0.0007576095429332303,95787
2006,5331,0.18764920790216014,0,0.028019878939789408,3542643
2006,5332,0.04683476029553244,0,0.002816372564923146,356083
2006,5334,0.720106703740265,0,0.1365001660580429,17258153
2006,5335,0.08145178786524002,0,0.009358277619822828,1183197
2006,5411,0.012256406311800852,0,0.0005580733475296835,70559
2006,5413,0.0030130768668857025,0,0.0003598580077085211,45498
2006,5414,0.0046856205667961705,0,9.188251078179018e-05,11617
2006,5415,0.0005742348439189014,0,6.197739127882482e-05,7836
2006,5416,0.15514422078772813,0,0.023628089493565502,2987375
2006,5417,0.1629561606872653,0,0.3428962447019899,43353470
2006,5419,0.45527294430234483,0,0.06553341133262373,8285599
2006,5513,0.28939268843572513,0,0.009086236735055705,1148802
2006,5514,0.08794064222542816,0,0.014268063915157602,1803957
2006,5530,0.09818099491287857,0,0.04436371881321063,5609047
2006,5541,0.27620215523994296,0,0.01190945085733671,1505750
2006,5542,0.013494914366209,0,0.003750676201931025,474210
2006,5543,0.33229202105395544,0,0.005841883233495436,738608
2006,5621,0.03720734780972466,0,0.005616333301502296,710091
2006,5622,0.031220646012160586,0,0.0003456845154711992,43706
2006,5623,0.023685256810661956,0,0.0015823928970113122,200067
2006,5629,0.1376542923621449,0,0.011190067033143979,1414796
2006,5721,0.008985917200287631,0,8.939898591431303e-05,11303
2006,5722,0.002943366914925752,0,3.053786469213152e-05,3861
2006,5723,0.07278761675469897,0,0.0005780285489330111,73082
2006,5821,0.06225493182642987,0,0.002583435332846491,326632
2006,5822,0.35191674304104115,0,0.03317505172879768,4194428
2006,5823,1.680006649785267,1,0.712543374138952,90089140
2006,5824,0.0815444805633556,0,0.008273435992997456,1046037
2006,5825,0.25501533589722014,0,0.05422677681700561,6856065
2006,5826,0.1704486883671368,0,0.016157725785342865,2042873
2006,5827,0.022950007819814357,0,0.0019654093786433146,248493
2006,5828,0.02048877223170175,0,6.560776680166562e-05,8295
2006,5829,0.0816365954137643,0,0.012734582221268833,1610074
2006,5831,0.014133486001773653,0,0.006000844643643703,758706
2006,5832,0.09304510768973587,0,0.02624552697101481,3318306
2006,5833,0.24620598116403972,0,0.05139710869379512,6498301
2006,5834,0.3569223299722864,0,0.10393440049052305,13140759
2006,5835,0.08618218615420774,0,0.0010748758900960046,135900
2006,5836,0.11887650075531998,0,0.018680678587419935,2361858
2006,5837,0.414986888716357,0,0.02020974688361427,2555183
2006,5838,0.026604089710913704,0,0.00041847394016990074,52909
2006,5839,0.05759796493421385,0,0.019634961153775735,2482511
2006,5841,0.3562596104523561,0,0.019406168402688117,2453584
2006,5842,0.20885890031187287,0,0.002545676263683001,321858
2006,5843,0.07967426859042477,0,0.003918559319246535,495436
2006,5849,0.29932017959714546,0,0.015174336940285419,1918540
2006,5851,0.1929226554227307,0,0.002457250123497031,310678
2006,5852,0.6484995472596589,0,0.04914182292536506,6213158
2006,5911,0.07924790269965154,0,0.00247727650873414,313210
2006,5912,0.021816578465339118,0,0.0011795319443840865,149132
2006,5913,0.011680626778548866,0,0.0008072642216530441,102065
2006,5914,0.023549385851281367,0,0.0005267445513510943,66598
2006,5921,1.0051385405996194,1,0.019739799122305703,2495766
2006,5922,0.3464136029489509,0,0.040247165614959134,5088578
2006,5981,0.35010468763862185,0,0.014585607088340636,1844105
2006,5982,0.0023945801020504253,0,0.00017126039476268422,21653
2006,5983,2.5673738682323712,1,0.13920319814095666,17599906
2006,5989,0.22410728550329287,0,0.12325091680922119,15583008
2006,6112,7.989362049861,1,0.020200840995076755,2554057
2006,6113,6.79434754083036,1,0.23226617416628492,29366156
2006,6114,6.744550124598557,1,0.7549941776962754,95456331
2006,6115,14.778977819426602,1,0.1843266461934842,23305008
2006,6116,63.22318988833576,1,1.0844919085593194,137115784
2006,6118,5.6853633654447515,1,0.04459761307238589,5638619
2006,6121,3.8791300395410158,1,0.0401582174599921,5077332
2006,6122,2.734818621421504,1,0.02469042121028629,3121689
2006,6123,0.25898299322710605,0,0.017433877920112622,2204221
2006,6129,17.920391538284683,1,0.3334841046479393,42163463
2006,6130,0.3399397850823408,0,0.005623159040230425,710954
2006,6210,0.06245391036961262,0,0.006931612816907117,876386
2006,6251,0.016536131764542692,0,0.00442622660314427,559622
2006,6252,0.021727730309617443,0,0.0038801358676344203,490578
2006,6253,0.21067011260469484,0,0.0008144063329757572,102968
2006,6254,0.9636294810234316,0,0.014417581603357564,1822861
2006,6259,0.1815789290905898,0,0.015896093558937525,2009794
2006,6281,0.002461785236761675,0,2.9652021427298903e-05,3749
2006,6282,0.008090386214699131,0,0.00035449549223033795,44820
2006,6289,0.08196869882910304,0,0.007685283521037787,971675
2006,6330,0.010142796540677528,0,0.0002207094312960192,27905
2006,6341,0.0,0,0.0,0
2006,6342,0.04713910009487819,0,0.005345375992871619,675833
2006,6343,0.16239284151650377,0,0.014498620443460019,1833107
2006,6344,0.27169897662339454,0,0.008254714644713003,1043670
2006,6349,0.2010603013876752,0,0.003941124594555173,498289
2006,6351,0.47003558187458844,0,0.005240197923802476,662535
2006,6352,0.0,0,0.0,0
2006,6353,0.0841368087787132,0,0.013550768150089121,1713267
2006,6354,0.1153675973481804,0,0.0021188500870161072,267893
2006,6359,0.4123508808662884,0,0.030843741625889303,3899673
2006,6411,0.01348576412630894,0,0.003812281855411215,481999
2006,6412,0.01780167681695837,0,0.0057846514311353575,731372
2006,6413,0.1573681481017962,0,0.018098750746258687,2288283
2006,6415,0.05012211616633055,0,0.004664731992885587,589777
2006,6416,0.2150641525744059,0,0.018773905681728705,2373645
2006,6417,0.13591101282885984,0,0.003180596514436914,402133
2006,6418,0.054013410598532416,0,0.01394469948623424,1763073
2006,6419,0.10153803680332861,0,0.0016840987768549072,212926
2006,6421,0.10088574368423822,0,0.015550567229763616,1966108
2006,6422,0.30382855441150214,0,0.00372609405133192,471102
2006,6423,0.3293411761660594,0,0.012160136591969475,1537445
2006,6424,0.04211660191729429,0,0.002848215466567933,360109
2006,6428,0.061015088117491664,0,0.008160989263567767,1031820
2006,6511,0.2557713076181706,0,0.000504242550561373,63753
2006,6512,0.3360408487566396,0,0.01741469783156602,2201796
2006,6513,99.04607155422097,1,10.86931577066804,1374242391
2006,6514,1.2450330682079924,1,0.24820466165289662,31381310
2006,6515,0.7617380060519218,0,0.005264542794955643,665613
2006,6516,3.1679933421397086,1,0.1031112622739368,13036687
2006,6517,0.9007479708809684,0,0.023009217242671815,2909129
2006,6518,0.72439929614575,0,0.00036923054582304476,46683
2006,6519,0.21980338650173523,0,0.009462111105364993,1196325
2006,6521,90.50501976112105,1,5.340821785644652,675257197
2006,6522,37.319628752087475,1,9.165826327667578,1158864767
2006,6531,9.066297105550856,1,2.306864474993145,291664261
2006,6532,2.325952708906549,1,0.05436337068471687,6873335
2006,6534,16.116624281155453,1,1.4193956007670976,179458730
2006,6535,3.9456732451060867,1,0.06838982875870622,8646745
2006,6536,1.602955914184413,1,0.016400154195257012,2073524
2006,6538,0.8514855967243821,0,0.011982619929148912,1515001
2006,6539,4.4292452915775264,1,0.09422362843513062,11912995
2006,6541,0.8489958163068828,0,0.021691264378842768,2742496
2006,6542,0.4327989323000542,0,0.015106704388878421,1909989
2006,6543,2.0690916450152765,1,0.04241357441225594,5362484
2006,6544,0.6138362952798287,0,0.009112740849166903,1152153
2006,6545,22.068889280612435,1,0.05587796493470902,7064830
2006,6546,0.0006014994771339992,0,1.3050369526551931e-05,1650
2006,6549,17.78045541924102,1,0.011031833279963254,1394790
2006,6551,1.9209435630051739,1,0.3699327347967219,46771780
2006,6552,0.9450970381818382,0,0.06088777242582124,7698236
2006,6553,0.3705516416189231,0,0.0007469556958106451,94440
2006,6560,0.49055196931593364,0,0.03231136245490074,4085229
2006,6571,2.5472916257195592,1,0.04665986410223109,5899356
2006,6572,0.7722440725461515,0,0.09823912431735742,12420687
2006,6573,0.38266818440408396,0,0.0563353843412721,7122663
2006,6574,21.461373965034568,1,0.15005793395178718,18972305
2006,6575,0.9311941881445102,0,0.027137855874036377,3431126
2006,6576,0.23652968827419402,0,0.00015137637719313783,19139
2006,6577,3.2123547334851423,1,0.21900312316302456,27689266
2006,6579,0.27009679704658696,0,0.00015747445895372664,19910
2006,6581,5.315050460787645,1,0.09609943318567316,12150159
2006,6582,19.235515728347412,1,0.4918636106829898,62187891
2006,6583,6.145647774245566,1,0.1617322408782,20448325
2006,6584,98.52683907862244,1,20.12388481675836,2544327184
2006,6589,11.210842865263515,1,0.47279801737837035,59777367
2006,6591,0.023104911920352238,0,0.00031342242013858993,39627
2006,6592,97.36689235729717,1,1.7385084170315817,219805185
2006,6593,31.453998157690574,1,0.03311235458986617,4186501
2006,6594,0.5503847344162448,0,0.016197478001852228,2047899
2006,6595,0.13364814307369466,0,0.009474180719848338,1197851
2006,6596,0.08471345467200787,0,0.0011397797278747228,144106
2006,6597,0.2980335605646159,0,0.000646230571010258,81705
2006,6611,0.03630737983100868,0,0.00022232293152839286,28109
2006,6612,9.14799136224119,1,0.9042488969956202,114327083
2006,6613,0.45495152626158725,0,0.06577515163214466,8316163
2006,6618,0.07995535014208234,0,0.003321058037116936,419892
2006,6623,0.2189241435126793,0,0.011702527361849648,1479588
2006,6624,0.03169595006971001,0,0.005124888022391808,647956
2006,6631,0.04180557852583384,0,0.001322991097397783,167270
2006,6632,0.810067655676395,0,0.027575059071805595,3486403
2006,6633,1.1354634855557995,1,0.1192177831548464,15073086
2006,6635,0.02517246160801015,0,0.0007548729199900866,95441
2006,6637,0.00999078057121283,0,0.00018187469531094646,22995
2006,6638,0.055171640865580046,0,0.0007692283264692937,97256
2006,6639,0.8784050493393791,0,0.05437612050027856,6874947
2006,6641,0.27191911135006724,0,0.004867598009847121,615426
2006,6642,0.01088228529509582,0,0.001716669335467235,217044
2006,6643,9.74156275807266,1,0.019973859477093125,2525359
2006,6644,0.13933544426596658,0,0.01011969154320592,1279465
2006,6645,0.01242759586931938,0,6.836811768940296e-05,8644
2006,6646,0.01950349174210931,0,1.1049312865813969e-05,1397
2006,6647,0.00042878348876751866,0,3.360667885958737e-05,4249
2006,6648,0.023069637517655287,0,0.0008432436949720047,106614
2006,6649,0.22245452903678378,0,0.019840112962733133,2508449
2006,6651,0.6901987380961473,0,0.059326030749921335,7500780
2006,6652,0.19682193135446696,0,0.014366930350964813,1816457
2006,6658,0.050871840417895275,0,0.0021481145520150418,271593
2006,6664,0.18702177769735157,0,0.007314233832795889,924762
2006,6665,0.18301956954952658,0,0.0028473533512476945,360000
2006,6666,0.03182693384482069,0,0.0008624633300929265,109044
2006,6671,0.01567377883897545,0,0.00016609561215611549,21000
2006,6672,0.00024594487410776214,0,0.00021619321250834577,27334
2006,6673,1.1387338523984005,1,0.03278104129950391,4144612
2006,6674,0.5986699870995539,0,0.003829389703463295,484162
2006,6712,0.0,0,0.0,0
2006,6713,0.004695869103001733,0,0.00012748233698725093,16118
2006,6716,0.0011173003474980688,0,0.00019661765821851786,24859
2006,6724,0.24115030175534574,0,0.005759966459443013,728251
2006,6725,0.0050608019079710406,0,0.001652224237950662,208896
2006,6727,0.005536649389860437,0,0.003378107925235129,427105
2006,6731,0.07211779876892199,0,0.013005033333748176,1644268
2006,6732,0.13127015388797542,0,0.04429642636234281,5600539
2006,6733,0.14668109560708528,0,0.026906998791769103,3401938
2006,6741,0.002336686745617569,0,4.5304555544296647e-05,5728
2006,6744,0.003909985473774121,0,0.000794759594852148,100484
2006,6745,0.00985486606487088,0,0.0009413508365522168,119018
2006,6746,0.013276263421129973,0,0.004426131691365895,559610
2006,6747,0.0014530916256091943,0,8.308735265238063e-05,10505
2006,6749,0.02196539063015836,0,0.006906603563305323,873224
2006,6750,0.013357563826628543,0,0.0023797151098795834,300875
2006,6760,0.5728645348008007,0,0.016707589264043116,2112394
2006,6770,0.05979638864307834,0,0.005654108189295515,714867
2006,6781,0.1055088160433762,0,0.0037295029660385525,471533
2006,6782,0.10596707535634277,0,0.027161670821093623,3434137
2006,6783,0.6857185932991695,0,0.17860231119750614,22581262
2006,6784,0.08469913158652677,0,0.005383380250795911,680638
2006,6785,0.3442850561261018,0,0.04662808447510522,5895338
2006,6793,0.09817470687478778,0,0.006995116705954805,884415
2006,6794,0.07460679394299674,0,0.007885112361091323,996940
2006,6911,0.3035642885042548,0,0.10759376365234255,13603424
2006,6912,0.0033137389708244964,0,0.0002514924847489526,31797
2006,6921,0.038575563598748065,0,0.0007371006894893822,93194
2006,6924,0.1845152314183397,0,0.02367958704264876,2993886
2006,6931,0.2040421421161467,0,0.015411663842111916,1948546
2006,6932,0.06455695215643699,0,0.00012204863767528659,15431
2006,6935,0.07085635150433214,0,0.0031343982063129204,396292
2006,6940,0.03699662883770746,0,0.00979728414138117,1238702
2006,6951,0.08058920790008746,0,0.0009331172397781923,117977
2006,6953,0.24632316061751988,0,0.0306557846674475,3875909
2006,6954,0.08838255974001454,0,0.020800461973590062,2629869
2006,6960,3.197714254764758,1,0.26772670942766563,33849545
2006,6973,0.04113919127017533,0,0.006986511371382145,883327
2006,6974,1.5806072927332095,1,0.16763787318950393,21194993
2006,6975,0.8015852635413947,0,0.011739606229934784,1484276
2006,6978,0.019536949573682367,0,0.0002474429155382892,31285
2006,6991,0.00973133903310004,0,0.0031724973760155874,401109
2006,6992,0.44848639374012267,0,0.015963836840752626,2018359
2006,6993,0.11398608677015497,0,0.002995146808807179,378686
2006,6994,0.24160097048712814,0,0.019339975346586474,2445215
2006,6996,0.07937585358535204,0,0.007178312256848135,907577
2006,6997,0.09393621087284108,0,0.028435980085499933,3595252
2006,6998,0.23122885766226664,0,0.04571064349738862,5779343
2006,6999,0.011907240252691414,0,0.0009750682458199083,123281
2006,7111,0.1148878396789086,0,0.0017246972900547804,218059
2006,7112,0.0,0,0.0,0
2006,7119,0.06492185374732595,0,0.0015701334589712178,198517
2006,7126,0.052294234019612855,0,0.0008282318153590377,104716
2006,7129,0.32026614673776443,0,0.014256294854639112,1802469
2006,7131,0.18155955900019627,0,0.00584320408907782,738775
2006,7132,0.0003743984386115169,0,0.0002479412023747576,31348
2006,7133,0.0057005319609601,0,0.00043747211447461447,55311
2006,7138,0.0011196833117861668,0,8.81018582765224e-05,11139
2006,7139,0.016323616875995536,0,0.008482732282943892,1072499
2006,7144,0.287802128558102,0,0.0777094931033602,9825060
2006,7148,0.23355584623441283,0,0.02693413565106947,3405369
2006,7149,0.04125793214659911,0,0.02145564588902702,2712706
2006,7161,0.03281244003405119,0,0.005702378737914028,720970
2006,7162,0.026706561591802996,0,0.008869703422008181,1121425
2006,7163,0.004926656775660625,0,1.0764577530689198e-05,1361
2006,7169,0.06096656215561655,0,0.00896145938375214,1133026
2006,7187,0.0,0,0.0,0
2006,7188,0.393215226210735,0,0.03130359710143067,3957814
2006,7211,0.13826657579939297,0,0.006350594546955295,802926
2006,7212,0.0708280266247869,0,0.009881091241686228,1249298
2006,7213,0.02049798931466671,0,0.0003225655881220409,40783
2006,7219,0.0726974173118668,0,0.0034213560589146357,432573
2006,7223,0.529700128265356,0,0.0111527746135575,1410081
2006,7224,0.4387370024118436,0,0.07006019696495625,8857935
2006,7233,0.1290879947792557,0,0.008752724655161088,1106635
2006,7234,0.10148018295522941,0,0.04169493406366049,5271624
2006,7239,0.20200257997285612,0,0.0753357653448331,9524942
2006,7243,0.04129051597416091,0,0.0020244286861627876,255955
2006,7244,0.3080167331245292,0,0.01612063900794286,2038184
2006,7245,0.5752336057550584,0,0.03951834597813297,4996431
2006,7246,0.3190652071347319,0,0.012337336882195458,1559849
2006,7247,0.23426266501916745,0,0.01877858008681367,2374236
2006,7248,0.6190369022755917,0,0.0054038100110911135,683221
2006,7251,0.0041718231124704755,0,9.454004057628803e-05,11953
2006,7252,0.061584683594543305,0,0.0022105190462965536,279483
2006,7259,0.03966198491924055,0,0.001896550883432308,239787
2006,7263,0.16239564949210794,0,0.003487612389535197,440950
2006,7264,0.0043578557243867605,0,0.0003885530020372062,49126
2006,7267,0.02326202094383932,0,0.000722167903025061,91306
2006,7268,2.544682882455136,1,0.04478398816785479,5662183
2006,7269,0.004214069091218637,0,8.030327382004955e-05,10153
2006,7271,0.8225547883642629,0,0.00636040209738737,804166
2006,7272,0.12883728997549168,0,0.013359386458310953,1689070
2006,7281,0.02053662893258438,0,0.0034517990118283918,436422
2006,7283,0.017737582758905635,0,0.002522936983447342,318983
2006,7284,0.038708392593858276,0,0.03061776459089348,3871102
2006,7361,0.025739869422367664,0,0.004947758915999608,625561
2006,7362,0.007679217838206207,0,0.0006156452504289389,77838
2006,7367,0.002349236180567129,0,0.0002484157612666322,31408
2006,7368,0.03427208821764195,0,0.002673648978191856,338038
2006,7369,0.0209220787759467,0,0.0033226082628303928,420088
2006,7371,0.5126238128503157,0,0.017944701020641322,2268806
2006,7372,0.08961219786385322,0,0.005188874379646236,656046
2006,7373,0.0066331191019963895,0,0.0008538579955202669,107956
2006,7411,0.0,0,0.0,0
2006,7412,0.14000470608148483,0,0.003501303413565779,442681
2006,7413,0.11176168497686115,0,0.010802281234648638,1365767
2006,7414,0.047435792830732106,0,0.00896132492539944,1133009
2006,7415,0.07329619271027077,0,0.020632017294919165,2608572
2006,7416,0.006649593483126283,0,0.0014055801632136952,177712
2006,7421,0.003980035207309356,0,0.00038488307994004247,48662
2006,7422,0.012929597703604785,0,0.001063035645743733,134403
2006,7423,0.0017325276637165645,0,0.00010840506953389138,13706
2006,7428,0.3181508342326968,0,0.019674135990299987,2487464
2006,7429,0.06259540300353743,0,0.007061823867522646,892849
2006,7431,0.03207636917162826,0,0.009267708055308558,1171746
2006,7432,0.1797632708785216,0,0.012932924110127829,1635151
2006,7433,0.03825650116250352,0,1.1737423259032162e-05,1484
2006,7434,1.1863794892895239,1,0.09898480661347488,12514966
2006,7435,0.03830796026053346,0,0.0022696332655944016,286957
2006,7436,1.5312150133475273,1,0.4558565496737817,57635403
2006,7439,0.020554159958032295,0,0.002390376866317033,302223
2006,7441,0.03358537924905734,0,0.01008022406203168,1274475
2006,7442,0.07576753172643526,0,0.026623291667576734,3366068
2006,7449,0.02649950433653277,0,0.005947512133511861,751963
2006,7451,0.20558343446477215,0,0.024817262892769507,3137726
2006,7452,0.020105654792442914,0,0.00850113725863376,1074826
2006,7491,0.017891393926960215,0,0.00424460500590899,536659
2006,7492,0.011275374026594806,0,0.006184032285222169,781867
2006,7493,0.018451720462686408,0,0.006921615442918291,875122
2006,7499,0.015187547896246174,0,0.0026937465472627454,340579
2006,7511,0.008419909744488962,0,2.6251016035530823e-05,3319
2006,7512,0.0028021783305128794,0,0.00022738489304172213,28749
2006,7518,0.00932315365689308,0,0.005046308979212237,638021
2006,7521,0.0,0,0.0,0
2006,7522,0.001112957118568766,0,0.0001481968326175779,18737
2006,7523,0.0033707255680604335,0,0.003517201136443579,444691
2006,7524,0.0019334230326968314,0,0.00021270520465306732,26893
2006,7525,0.006317470160490081,0,0.012092883687675977,1528942
2006,7528,0.011460567696867175,0,0.0013109531201738968,165748
2006,7591,0.015990538526512513,0,0.0047588686584037814,601679
2006,7599,0.013832037468372013,0,0.024098946826083493,3046907
2006,7611,0.0032405055414653212,0,0.0029852997118007805,377441
2006,7621,0.1372525166726639,0,0.014185625126324116,1793534
2006,7622,0.0005175907299351829,0,2.2074897787034205e-05,2791
2006,7628,0.0035421724937507383,0,0.00017996064111371887,22753
2006,7631,0.0,0,0.0,0
2006,7638,0.007116605329204762,0,0.0044259972330131965,559593
2006,7641,0.29835135170253885,0,0.35070215318402737,44340396
2006,7642,0.006334052785865815,0,0.001109376321535289,140262
2006,7643,0.2995315924749041,0,0.2195746660737686,27761528
2006,7648,0.15375078456740787,0,0.09292241168155503,11748478
2006,7649,0.011028631763843375,0,0.012796116690915241,1617854
2006,7711,0.03247701132692217,0,0.004888391598626094,618055
2006,7712,0.011607613481232699,0,0.004832717931294336,611016
2006,7721,0.013684793069487876,0,0.01770556288571084,2238571
2006,7722,0.005703116444396308,0,0.0020363401143488405,257461
2006,7723,0.0021167578619687277,0,0.0001574586403239975,19908
2006,7731,0.01908688519776889,0,0.0120724934739551,1526364
2006,7732,0.4543188404182367,0,0.027221488969414415,3441700
2006,7741,0.359552661938515,0,0.06215092955626849,7857941
2006,7742,0.007448651076474276,0,0.0012888940410165917,162959
2006,7751,0.03420061011245798,0,0.004120207301718924,520931
2006,7752,0.1669612301020689,0,0.02675346317161794,3382526
2006,7753,0.0007194370987951858,0,2.3443209258606014e-05,2964
2006,7754,0.012239128166495314,0,0.0002902323089556504,36695
2006,7757,0.21012636526079778,0,0.04894737241941943,6188573
2006,7758,0.03280255872197677,0,0.009876029280172898,1248658
2006,7761,0.0,0,0.0,0
2006,7762,0.018400140529765224,0,0.0004079703700297426,51581
2006,7763,0.0322074036086588,0,0.01940386679206253,2453293
2006,7764,0.019820376435853906,0,0.03699949020115575,4677964
2006,7768,0.0063023371329487795,0,0.002371236324344757,299803
2006,7781,0.061021752453120824,0,0.01352225507000232,1709662
2006,7782,0.016775428693247465,0,0.0013848340303239098,175089
2006,7783,0.015204853591457188,0,0.005291600561107361,669034
2006,7784,0.002346201629756335,0,0.00015153456349042938,19159
2006,7788,0.007948157632613284,0,0.009792435731369184,1238089
2006,7810,0.009918253220088399,0,0.05097104181135523,6444432
2006,7821,0.031846496588533335,0,0.057232490470471874,7236087
2006,7822,2.8059436702500506,1,0.2962550861294136,37456479
2006,7831,0.012762325251758562,0,0.001493468469988874,188824
2006,7832,0.10690592003751997,0,0.02713020756656233,3430159
2006,7841,0.010573485430554643,0,0.000370235028810846,46810
2006,7842,0.010450794219139517,0,0.0007363967604664349,93105
2006,7849,0.07703960900406547,0,0.22330207307136807,28232796
2006,7851,0.1442354227618758,0,0.02988302087723374,3778206
2006,7852,0.03035324645244938,0,0.00203943265646089,257852
2006,7853,0.05865641646063759,0,0.007648987675124244,967086
2006,7861,0.021486563006728895,0,0.00439304702728737,555427
2006,7868,0.13358849971619133,0,0.012067803250240405,1525771
2006,7911,0.0,0,0.0,0
2006,7912,0.0,0,0.0,0
2006,7913,0.0,0,0.0,0
2006,7914,0.0,0,0.0,0
2006,7915,0.0,0,0.0,0
2006,7919,0.0032231086920445316,0,0.0003060351200550751,38693
2006,7921,0.12886174685739493,0,0.007225910513703159,913595
2006,7922,0.07472183076733536,0,0.000886064725648824,112028
2006,7923,0.031097732283583483,0,0.005713459688039301,722371
2006,7924,0.015300139953681841,0,0.014985090763520689,1894613
2006,7928,0.043005399227309296,0,0.0006785005756577317,85785
2006,7929,0.1159398090056372,0,0.06873970521105566,8690981
2006,7931,0.027717311540430466,0,0.021966302893943565,2777270
2006,7932,0.00010617634406329299,0,1.7732683926381473e-05,2242
2006,7933,0.08659552864532247,0,0.000595753323544528,75323
2006,7938,0.2468309185203293,0,0.027801668851990594,3515054
2006,8121,0.007292225288862352,0,0.0007653764901302448,96769
2006,8122,1.3802827513273301,1,0.06366171151649593,8048954
2006,8124,0.07965893130150424,0,0.01228402810000821,1553109
2006,8211,0.01087480115951215,0,0.004977632398243115,629338
2006,8212,3.3688476780712597,1,0.3979703385111228,50316664
2006,8219,0.14309346221357436,0,0.08215365803261733,10386950
2006,8310,0.18586874114871177,0,0.0441324267186258,5579804
2006,8421,0.2069432294965398,0,0.013403654893607989,1694667
2006,8422,2.020633636279875,1,0.09628434505789209,12173538
2006,8423,14.2517799731207,1,3.973678606880804,502404908
2006,8424,8.709335578956372,1,0.48077041693830713,60785343
2006,8429,4.301982667954976,1,0.5387069946180236,68110450
2006,8431,0.6647823366111981,0,0.10678777283038268,13501520
2006,8432,5.382284510744719,1,0.1399777098897555,17697830
2006,8433,1.602346547404106,1,0.08941356278160843,11304843
2006,8434,1.4813943491305694,1,0.11580664593073679,14641805
2006,8435,1.3936117498083473,1,0.13365456066538028,16898374
2006,8439,6.717322532501997,1,2.6780635306462597,338596146
2006,8441,5.075610068311757,1,0.6263458574210035,79190912
2006,8442,25.893187945353766,1,0.5208090534668617,65847556
2006,8443,5.951208785139421,1,0.15272962141989263,19310095
2006,8451,1.2026429598232986,1,0.5145467743296842,65055796
2006,8452,3.9720120852598795,1,0.6953799552406336,87919114
2006,8459,11.281893702543115,1,3.2263924045299133,407923121
2006,8461,6.6634487023618165,1,0.04018781411621535,5081074
2006,8462,15.563799996446427,1,5.060941488537725,639871035
2006,8463,13.455648876197687,1,2.6896949769954217,340066747
2006,8464,11.19156642831267,1,0.2641333415890762,33395224
2006,8465,0.03560571859587165,0,0.0033244906797681617,420326
2006,8471,0.15181078017978208,0,0.006919772572554844,874889
2006,8472,13.189213927755219,1,1.0234487576429836,129397903
2006,8481,44.50541866597759,1,4.104750333321268,518976726
2006,8482,2.6147239504188793,1,0.14615887109368184,18479334
2006,8483,0.12222547139460334,0,0.0031820043724828085,402311
2006,8484,0.18148473187198474,0,0.008217390587867066,1038951
2006,8510,1.4045206333630513,1,0.9880178902216599,124918265
2006,8710,0.008228885678103823,0,0.006420829262952737,811806
2006,8720,2.5779304823486795,1,1.5006839085696964,189736271
2006,8731,0.23918408312223707,0,0.0071052934620183614,898345
2006,8732,0.0,0,0.0,0
2006,8741,0.10938424351208367,0,0.008851543635079112,1119129
2006,8742,0.007518556113945134,0,0.00047981858625955936,60665
2006,8743,0.014094774998245933,0,0.0023869442236658066,301789
2006,8744,0.027283990483086867,0,0.0019980194838299654,252616
2006,8745,0.18102416974628924,0,0.012760018577873311,1613290
2006,8748,0.007601077300858029,0,0.004734080865618198,598545
2006,8749,0.025383158566481004,0,0.007336530191399131,927581
2006,8811,0.022438741814861794,0,0.0007989436224155093,101013
2006,8812,0.0,0,0.0,0
2006,8813,0.034270770448184225,0,0.0026435144885578175,334228
2006,8821,0.17972504473924894,0,0.032981993262268215,4170019
2006,8822,0.04568050562503472,0,0.006313286308739085,798209
2006,8830,0.031120191138199683,0,0.0002585159563486969,32685
2006,8841,0.005651403070923411,0,0.0015160258359826473,191676
2006,8842,0.006152171783498005,0,0.0005092570561855147,64387
2006,8851,0.0022256499023779936,0,0.0004451916057824415,56287
2006,8852,0.24706846675635977,0,0.011627017132837533,1470041
2006,8921,0.13498731383522888,0,0.022450922434325924,2838542
2006,8922,0.06993623344040938,0,0.004597771733242079,581311
2006,8924,0.02515612598537463,0,0.0003881496269791128,49075
2006,8928,0.2509920050750883,0,0.051580446612356015,6521481
2006,8931,0.19648689204112618,0,0.07114081501764391,8994561
2006,8932,0.16017687405187536,0,0.0039668852330690995,501546
2006,8933,0.022398627439942507,0,0.00023670206595219375,29927
2006,8935,0.3215753974403058,0,0.008077387805449188,1021250
2006,8939,0.2634292587423672,0,0.1437557048652288,18175494
2006,8941,0.0,0,0.0,0
2006,8942,0.03461462193503175,0,0.016290309630417766,2059636
2006,8946,0.9040689855044327,0,0.011225761771127815,1419309
2006,8947,11.35387492928058,1,1.8759676587007883,237184597
2006,8951,0.005118981388686568,0,2.5499631123396018e-05,3224
2006,8952,0.2744681299257642,0,0.03636150904554924,4597302
2006,8959,0.07055028315894803,0,0.004071984208989598,514834
2006,8960,0.10726288457171747,0,0.013450130027752244,1700543
2006,8972,0.08388113724654678,0,0.003570502009315963,451430
2006,8973,0.3204680701057444,0,0.14159305299249264,17902063
2006,8974,0.018307947677850756,0,0.0005679046259063526,71802
2006,8981,0.060185914703192664,0,0.0009125213838708339,115373
2006,8982,0.6758753416265452,0,0.019361820874242437,2447977
2006,8983,0.07553384202220487,0,0.07925754375522952,10020785
2006,8989,1.0658746367333767,1,0.012945666016374664,1636762
2006,8991,21.87754836564507,1,0.17084600202898445,21600607
2006,8993,4.187828994162645,1,0.1737704870187915,21970359
2006,8994,0.12721125352360899,0,0.0024962034992050725,315603
2006,8996,0.056531600010930036,0,0.016570307285938654,2095037
2006,8997,0.34793911935427735,0,0.023129438828613385,2924329
2006,8998,0.04620512141800076,0,0.001921394041421944,242928
2006,8999,0.12418664866292176,0,0.002905296991945585,367326
2007,5111,0.0028753449279534816,0,0.0005531907069134168,75448
2007,5112,0.14196005662111752,0,0.05585749459086823,7618234
2007,5113,0.005706491398768047,0,0.0004050020554259411,55237
2007,5114,0.004774523115917565,0,4.882431498961459e-05,6659
2007,5121,3.373329821976756,1,0.7077835702573264,96532451
2007,5122,0.02097374460127299,0,0.00030603365120161036,41739
2007,5123,0.001866983094572002,0,0.00012092798124699107,16493
2007,5137,0.0021473073797134805,0,0.00033337497431262895,45468
2007,5138,0.5598182190434381,0,0.09181851258733521,12522848
2007,5139,0.021551945946674804,0,0.0037164182854934583,506871
2007,5145,0.0008070381103707047,0,5.501992186245201e-05,7504
2007,5146,0.0033389438556002053,0,0.0004336704848612005,59147
2007,5147,0.020880126038673417,0,0.0010969670242117764,149612
2007,5148,0.009667358614130104,0,0.001294991817610111,176620
2007,5154,0.0,0,0.0,0
2007,5155,0.0916190830529551,0,0.02019333781459941,2754108
2007,5156,0.0006677428939281819,0,0.0003044572541866281,41524
2007,5157,0.0008926473611159462,0,4.06930392239617e-05,5550
2007,5161,0.0005107157092518189,0,6.456628890201924e-05,8806
2007,5162,0.0005124075679592538,0,3.167458188243506e-05,4320
2007,5163,0.0045949949670292985,0,7.158308863847534e-05,9763
2007,5169,1.4386702946377603,1,0.12444091234012729,16972118
2007,5221,0.03536477749922735,0,0.0040301946122663305,549666
2007,5222,0.33363842899829016,0,0.022252376271015315,3034934
2007,5223,0.011330729850651654,0,8.39523061467318e-05,11450
2007,5224,0.4470038367970904,0,0.01670273290244281,2278035
2007,5225,0.014447143644654752,0,0.0018317293389345961,249824
2007,5231,0.0857790937685386,0,0.008280908836730836,1129408
2007,5232,0.2878852506199092,0,0.03578323707357267,4880367
2007,5233,0.002996074311043793,0,9.503107772644462e-05,12961
2007,5239,0.02713284622515406,0,0.0023300907580431868,317794
2007,5241,0.0,0,0.0,0
2007,5249,0.349868427478931,0,0.044903690968008246,6124278
2007,5311,0.1421556339389945,0,0.014127288780156122,1926778
2007,5312,0.18688432617695183,0,0.0019567999448953776,266882
2007,5322,0.04345787788119427,0,0.000930396850321693,126894
2007,5323,0.22260633965027182,0,0.0015100343666911151,205949
2007,5331,0.0920797121988591,0,0.012953048973893657,1766627
2007,5332,0.02297307330890353,0,0.001285526103441078,175329
2007,5334,0.3946874608699648,0,0.07421831120198598,10122410
2007,5335,0.04809687933927123,0,0.0053800597101561045,733770
2007,5411,0.0049744007111691985,0,0.0002411814112131525,32894
2007,5413,0.00688386245891883,0,0.0007393521962641172,100838
2007,5414,0.0005147039385339329,0,1.0602186435648401e-05,1446
2007,5415,0.00038668438191262727,0,4.207880218131824e-05,5739
2007,5416,0.1495256449748221,0,0.025543849245823518,3483848
2007,5417,0.19501268274726732,0,0.413935196694601,56455364
2007,5419,0.4272427613234622,0,0.06642557219435989,9059582
2007,5513,0.13473612363141818,0,0.00418677849436848,571022
2007,5514,0.023363018621145565,0,0.0035709498353667193,487031
2007,5530,0.13144292017154544,0,0.060817103554851565,8294660
2007,5541,0.4852515418876432,0,0.02126212032659913,2899876
2007,5542,0.0333301352529155,0,0.009209032742519298,1255992
2007,5543,0.20670952884288782,0,0.00355874925567867,485367
2007,5621,0.0130538420786584,0,0.0023894292745187764,325887
2007,5622,0.0054608384735283155,0,9.126972112790546e-05,12448
2007,5623,0.0001969923040375495,0,1.5265388768340227e-05,2082
2007,5629,0.026437854688882573,0,0.0026541173314530136,361987
2007,5721,0.17105183863885776,0,0.001526025631294261,208130
2007,5722,0.11269569172492072,0,0.0011308632260734655,154235
2007,5723,0.031109585302539915,0,0.00023961234627730964,32680
2007,5821,0.05830997203332063,0,0.002500165665761928,340990
2007,5822,0.16826654667614632,0,0.01564802798239084,2134187
2007,5823,1.6943763556799971,1,0.7033959294549326,95934034
2007,5824,0.04178682872182265,0,0.004237245195085331,577905
2007,5825,0.2584753705959857,0,0.055658597280052305,7591107
2007,5826,0.08461412419622409,0,0.008029359865614497,1095100
2007,5827,0.008985703632160686,0,0.0007674780518430572,104674
2007,5828,0.007665028580148112,0,2.4379163138679762e-05,3325
2007,5829,0.07333825082994005,0,0.01141128870076613,1556351
2007,5831,0.02830777143429492,0,0.012311213430184258,1679089
2007,5832,0.0474896996177767,0,0.013664568597744411,1863669
2007,5833,0.3553381081489318,0,0.07452007758312842,10163567
2007,5834,0.1263028443101212,0,0.03716183658960996,5068390
2007,5835,0.07017187287794684,0,0.0008606027889932441,117375
2007,5836,0.08000447418224994,0,0.012269985149183116,1673466
2007,5837,0.4686761014819077,0,0.022660164516514248,3090551
2007,5838,0.009782743714510442,0,0.00015278586510791243,20838
2007,5839,0.052579470319990676,0,0.01794096709543442,2446914
2007,5841,0.17316300379993926,0,0.009254403648234232,1262180
2007,5842,0.11965279096938732,0,0.0014646561288970434,199760
2007,5843,0.06111154369436283,0,0.0029667205255635735,404622
2007,5849,0.14897291951643785,0,0.007432491963267362,1013695
2007,5851,0.09356948647358027,0,0.0011020334908971381,150303
2007,5852,0.7965045529563899,0,0.060795569238419,8291723
2007,5911,0.08820531138621161,0,0.0028766752616519566,392341
2007,5912,0.035118007595493994,0,0.0018594959226357032,253611
2007,5913,0.028385794009827655,0,0.0020664511884258907,281837
2007,5914,0.10371073194760712,0,0.0017737325929415265,241914
2007,5921,1.7950817547216886,1,0.03848553349705102,5248925
2007,5922,0.30800036421501353,0,0.036877366583157475,5029592
2007,5981,0.3200388189835979,0,0.013125675445152928,1790171
2007,5982,0.002141930970698316,0,0.00015521278330307123,21169
2007,5983,4.135260616851406,1,0.2271867670767082,30985313
2007,5989,0.15345328752849663,0,0.08671693257497465,11827059
2007,6112,6.050310299236599,1,0.012005121122349532,1637342
2007,6113,7.597015246948643,1,0.2419468582790739,32998397
2007,6114,7.947337262244006,1,0.8352325120568889,113914825
2007,6115,19.54499652037874,1,0.23632331488485486,32231419
2007,6116,73.56701993462603,1,1.3505361004443002,184195516
2007,6118,3.379012523229761,1,0.030317472690355507,4134908
2007,6121,2.1058339852244377,1,0.018730712671623993,2554625
2007,6122,2.569226458136945,1,0.023487736288984255,3203421
2007,6123,0.27597516829838586,0,0.01665695140029607,2271791
2007,6129,2.462474271362609,1,0.03996638618876712,5450894
2007,6130,0.306345250077604,0,0.004028918830496066,549492
2007,6210,0.09290485088289253,0,0.01042487476581902,1421817
2007,6251,0.015639826693204285,0,0.00435914101077873,594530
2007,6252,0.007978569925145196,0,0.0014705951129999999,200570
2007,6253,0.16946782049065545,0,0.000769369728261036,104932
2007,6254,0.3356870677270485,0,0.005044426455468524,687994
2007,6259,0.22206434359688787,0,0.020697916836818254,2822926
2007,6281,0.025252163580024998,0,0.0002954021364494042,40289
2007,6282,0.019036453492114986,0,0.0008372207886175299,114186
2007,6289,0.03415304263135148,0,0.0033421376416618237,455824
2007,6330,0.0045989273450978245,0,9.79712414613651e-05,13362
2007,6341,0.0,0,0.0,0
2007,6342,0.06131406201559217,0,0.00697218403489253,950915
2007,6343,0.08070025901594693,0,0.0063296592757440245,863283
2007,6344,0.19696025885121524,0,0.005199947186095452,709205
2007,6349,0.136166815806163,0,0.002540741391719659,346524
2007,6351,0.5869555350068568,0,0.006982969523306666,952386
2007,6352,0.005430948489853259,0,3.608116144524604e-05,4921
2007,6353,0.031028983728266738,0,0.0047479611675439,647560
2007,6354,0.09390680380476454,0,0.001791608201883512,244352
2007,6359,0.4244629169988866,0,0.030278172746168036,4129548
2007,6411,0.02975736198106257,0,0.007703485608261528,1050655
2007,6412,0.02143587113245079,0,0.006775911608408526,924146
2007,6413,0.028152190606679447,0,0.0032167297600606266,438720
2007,6415,0.04026838196792254,0,0.003707458484785047,505649
2007,6416,0.08684382792226451,0,0.007774680096705613,1060365
2007,6417,0.15243622563757375,0,0.0035607435812046017,485639
2007,6418,0.09227414617752529,0,0.02280058849619304,3109703
2007,6419,0.11219534344365989,0,0.001939591555155083,264535
2007,6421,0.15187874213101119,0,0.023418521461907826,3193981
2007,6422,0.04143780459037139,0,0.0004881844932630303,66582
2007,6423,0.08273312508228754,0,0.0031632349106591813,431424
2007,6424,0.06548273540197619,0,0.004355636276950072,594052
2007,6428,0.15632714626167582,0,0.02045105306427203,2789257
2007,6511,0.18419399185100604,0,0.00034005449840867025,46379
2007,6512,0.13951598764236764,0,0.006618110601169227,902624
2007,6513,101.54208353334934,1,10.017584170527519,1366267873
2007,6514,1.4849728142348446,1,0.27960418944484894,38134366
2007,6515,0.8193552559887254,0,0.005359258601637477,730933
2007,6516,3.2933449462633906,1,0.10531817539315418,14364026
2007,6517,1.07434103951467,1,0.025908979454889118,3533647
2007,6518,0.9403215681108846,0,0.00044648695919696367,60895
2007,6519,0.19941508975090574,0,0.008041281826295247,1096726
2007,6521,94.93470462004994,1,4.994568500622226,681194025
2007,6522,38.83254522808495,1,8.335553356141348,1136860800
2007,6531,9.7103732317717,1,2.386988183414641,325554067
2007,6532,10.415048169377323,1,0.24214844646293404,33025891
2007,6534,26.949511055844162,1,2.1532189982980143,293670998
2007,6535,3.2393723665052376,1,0.04995522954024203,6813242
2007,6536,1.5337506802834693,1,0.014033482159645966,1913984
2007,6538,2.2517700284777815,1,0.02753730225433702,3755729
2007,6539,4.821768036122087,1,0.11662398480342016,15905991
2007,6541,0.6911001371036706,0,0.01517953012161724,2070290
2007,6542,0.583637891216621,0,0.01880695163051602,2565023
2007,6543,2.755185113872203,1,0.05133240663292627,7001071
2007,6544,0.81211232470652,0,0.009733540355839176,1327528
2007,6545,28.26033365364275,1,0.06752558936349368,9209610
2007,6546,0.0,0,0.0,0
2007,6549,22.666024662734852,1,0.013222033629203614,1803313
2007,6551,2.2457800132802808,1,0.4219657810174318,57550631
2007,6552,1.1287911477794512,1,0.06801668469217508,9276589
2007,6553,0.4382573320684737,0,0.0008051869348572616,109817
2007,6560,0.6343206666343296,0,0.03930802413867739,5361102
2007,6571,3.1567592517241843,1,0.05391478690207888,7353274
2007,6572,0.7928507663402599,0,0.0980658912709763,13374909
2007,6573,0.43549426117639845,0,0.061416471696185256,8376406
2007,6574,20.11338044707628,1,0.12209797577943178,16652572
2007,6575,0.9160236531025652,0,0.026182370689761883,3570934
2007,6576,0.4435823624904345,0,0.00024412890702721243,33296
2007,6577,2.4115765951611916,1,0.16504219059365874,22509603
2007,6579,0.1837132344391143,0,0.00010421817288817869,14214
2007,6581,6.510724893564319,1,0.11216388106289116,15297691
2007,6582,17.433632262367418,1,0.44915432559542157,61258794
2007,6583,7.646225023071521,1,0.19565068083713827,26684202
2007,6584,95.23808858843279,1,18.779573932960393,2561289039
2007,6589,11.935287037927562,1,0.5005959508792092,68274761
2007,6591,0.13708098936492505,0,0.0017287209591044274,235775
2007,6592,107.17287922048767,1,1.5656000152039167,213527430
2007,6593,10.145450388260544,1,0.008610823069689643,1174404
2007,6594,0.5026146330312906,0,0.013384248548084862,1825437
2007,6595,0.20358504057357374,0,0.014488694293018878,1976069
2007,6596,0.1479774906439605,0,0.001993658306729406,271909
2007,6597,0.08626852303722375,0,0.00018455576401916037,25171
2007,6611,0.03196358599413239,0,0.0002215021108028618,30210
2007,6612,17.648046762406725,1,1.7311629373901385,236108054
2007,6613,0.4968722747265494,0,0.07066986351749824,9638448
2007,6618,0.07641383485231641,0,0.0032272952861005784,440161
2007,6623,0.09094227907067451,0,0.004822623729420945,657743
2007,6624,0.0571924729536578,0,0.009037403434022994,1232584
2007,6631,0.02717557782853479,0,0.000854377853803849,116526
2007,6632,0.07381642709172805,0,0.0024024143866747468,327658
2007,6633,1.0373717220717522,1,0.11064770974596033,15090905
2007,6635,0.16869512227866948,0,0.005507821189161065,751195
2007,6637,0.022569999058486796,0,0.00041213616842862837,56210
2007,6638,0.045271603561754234,0,0.0005954381469149423,81210
2007,6639,0.2999699878367695,0,0.017980831609715624,2452351
2007,6641,0.16744723339378242,0,0.002877313152537089,392428
2007,6642,0.015127352486694152,0,0.002360606871421588,321956
2007,6643,5.276110931042632,1,0.01721460734340541,2347848
2007,6644,0.23899785976190852,0,0.018197289250070543,2481873
2007,6645,0.29195932044955125,0,0.0015643430768770403,213356
2007,6646,0.0,0,0.0,0
2007,6647,0.002064717593734831,0,0.00016264017947133666,22182
2007,6648,0.020986530043207427,0,0.0007799939109341027,106381
2007,6649,0.20933817050096254,0,0.01732700811661322,2363178
2007,6651,0.8297949196621418,0,0.07187744228760781,9803146
2007,6652,0.15453911596926048,0,0.011485504005815668,1566473
2007,6658,0.0872497655939982,0,0.003385653531354474,461759
2007,6664,0.3628720540929673,0,0.013137707387020772,1791812
2007,6665,0.35910610256208403,0,0.005172224594869182,705424
2007,6666,0.03481548794964978,0,0.0008449854604262103,115245
2007,6671,0.006309299403573816,0,6.310720515326818e-05,8607
2007,6672,0.0005122843267715452,0,0.0004401960352953133,60037
2007,6673,1.753165174796808,1,0.05028563502250319,6858305
2007,6674,0.21448910078580435,0,0.001459047088355362,198995
2007,6712,0.0,0,0.0,0
2007,6713,0.17399839484147916,0,0.004461012918342284,608424
2007,6716,0.0036042441703714534,0,0.0008131569048818466,110904
2007,6724,0.2811149972694543,0,0.009247548154238843,1261245
2007,6725,0.0013347006961175513,0,0.00046153971767025966,62948
2007,6727,0.0025422705691276752,0,0.0016555688055301088,225798
2007,6731,0.006266932817178033,0,0.0012160913139904622,165859
2007,6732,0.03916088512842804,0,0.016044744788389197,2188294
2007,6733,0.14471656757792004,0,0.032745182750061365,4466016
2007,6741,0.000755731143234387,0,1.5859287178635888e-05,2163
2007,6744,0.0022458963634214312,0,0.000514895257568056,70225
2007,6745,0.003993614484003437,0,0.0004207513614174851,57385
2007,6746,0.002564566929557332,0,0.0009027989044407935,123130
2007,6747,0.0,0,0.0,0
2007,6749,0.0065798349468467595,0,0.00217655702086305,296854
2007,6750,0.001952273159614403,0,0.0003592865419914543,49002
2007,6760,0.2368278761269083,0,0.00784434951268869,1069867
2007,6770,0.06167421464461541,0,0.006340327450891928,864738
2007,6781,0.30616665213754346,0,0.01144504559312417,1560955
2007,6782,0.30634236342032134,0,0.08303861910476892,11325385
2007,6783,1.06379676466371,1,0.28873392575147505,39379543
2007,6784,0.2023356378877413,0,0.013595727706704091,1854280
2007,6785,0.09535878314913376,0,0.014596175241124115,1990728
2007,6793,0.043044760825173736,0,0.0032459041029565083,442699
2007,6794,0.03894934823645302,0,0.004136465767313556,564160
2007,6911,0.2086410049910288,0,0.08285073457682046,11299760
2007,6912,0.011080629306330837,0,0.0009748952386190306,132963
2007,6921,0.07678897870452518,0,0.0017040705090375875,232413
2007,6924,0.24715433625400657,0,0.033637108181138346,4587663
2007,6931,0.150494417522529,0,0.011976108085194719,1633385
2007,6932,0.11780712992365128,0,0.00024225922684665202,33041
2007,6935,0.05190374056345293,0,0.002508076979153398,342069
2007,6940,0.04490369919967235,0,0.012282325038374814,1675149
2007,6951,0.24018200113676696,0,0.002697317941742668,367879
2007,6953,0.39584196816223816,0,0.049580171696021615,6762089
2007,6954,0.12458035243665407,0,0.028702633584445053,3914665
2007,6960,4.734381218319458,1,0.37480456487862357,51118456
2007,6973,0.061319829656881604,0,0.009874301611158386,1346726
2007,6974,1.410821047668897,1,0.14813694566538424,20203948
2007,6975,1.247760305298124,1,0.01821767976215736,2484654
2007,6978,0.013462426563429485,0,0.00018663807449476491,25455
2007,6991,0.012002659764499228,0,0.003916650034712768,534180
2007,6992,0.0473758730214901,0,0.0016805052066833873,229199
2007,6993,0.136336192378417,0,0.003641433112134277,496644
2007,6994,0.5316312841448099,0,0.04177837757065831,5698026
2007,6996,0.12540178628447235,0,0.011884009839124056,1620824
2007,6997,0.0416945708616784,0,0.013285243483464833,1811934
2007,6998,0.18790223832559566,0,0.039215845239736195,5348530
2007,6999,0.013911208041554627,0,0.001154963770204846,157522
2007,7111,0.05544213956355551,0,0.0010165781085268184,138648
2007,7112,0.010606218479810177,0,8.543338613290121e-05,11652
2007,7119,0.09810877004151336,0,0.002916605764645415,397787
2007,7126,0.07185434207206369,0,0.0010910207080296803,148801
2007,7129,0.20876740506445055,0,0.009567072831057045,1304824
2007,7131,5.497274721395229,1,0.15573241508376337,21239871
2007,7132,0.005510662010444123,0,0.003665592312898773,499939
2007,7133,0.035356183736351625,0,0.0029609061868059875,403829
2007,7138,0.08928637998601847,0,0.0071839051521233625,979791
2007,7139,0.015449190030558668,0,0.008025334554166938,1094551
2007,7144,0.06452242500828693,0,0.012738490342035856,1737364
2007,7148,0.7470583567643181,0,0.08031929759352875,10954505
2007,7149,0.04204748675954048,0,0.022043983917713793,3006512
2007,7161,0.029218079498578332,0,0.005224333681313272,712531
2007,7162,0.07923784238026114,0,0.0271838007227866,3707516
2007,7163,0.12138964531819191,0,0.00034656538468450415,47267
2007,7169,0.06256178941427981,0,0.009788699587205279,1335051
2007,7187,0.0,0,0.0,0
2007,7188,0.1275594767302053,0,0.010502213536581966,1432365
2007,7211,0.16305061170242444,0,0.008520814466173723,1162128
2007,7212,0.023076703792409718,0,0.0033454370772745775,456274
2007,7213,0.042034247474685316,0,0.0006518438317347509,88903
2007,7219,0.15292914441366084,0,0.0077140877946971775,1052101
2007,7223,0.1381539608903744,0,0.0023923547740954177,326286
2007,7224,0.27479060409211675,0,0.046149975783894966,6294255
2007,7233,0.002645747824339506,0,0.00020639069569645008,28149
2007,7234,0.0771313463066966,0,0.034537414178671726,4710453
2007,7239,0.20084771859676134,0,0.08464067106466018,11543884
2007,7243,0.04613959524872135,0,0.002015639879989485,274907
2007,7244,0.3170165972532054,0,0.01691501858976738,2306988
2007,7245,0.36547815786486754,0,0.02227160098251896,3037556
2007,7246,0.2501420226483528,0,0.0093839321583118,1279846
2007,7247,0.7426246934632428,0,0.05878009066417058,8016838
2007,7248,0.09868708418286691,0,0.0007790554048042528,106253
2007,7251,0.013456532157237775,0,0.0003718757218738944,50719
2007,7252,0.05625552659440575,0,0.0019229257392711072,262262
2007,7259,0.04267192858779824,0,0.002014591392672543,274764
2007,7263,0.13024458287269983,0,0.002404306063092725,327916
2007,7264,0.010052056746916104,0,0.0008215594675756593,112050
2007,7267,0.010373644319158033,0,0.00028931651076365855,39459
2007,7268,1.7482482180873868,1,0.03377153452008107,4605997
2007,7269,0.0060341862758637515,0,8.735439086743779e-05,11914
2007,7271,0.36985697842888904,0,0.00293315426726316,400044
2007,7272,0.2414146092610281,0,0.026195876379536756,3572776
2007,7281,0.02648269168427895,0,0.004522037813019948,616747
2007,7283,0.009762473287955972,0,0.001595849020939268,217653
2007,7284,0.053135575862295746,0,0.04246196930506689,5791259
2007,7361,0.0651112800787994,0,0.012718847702021264,1734685
2007,7362,0.02560000738189683,0,0.002170302757357097,296001
2007,7367,0.004941203478645886,0,0.0005110312518615645,69698
2007,7368,0.023429787595082106,0,0.0016744415772350597,228372
2007,7369,0.02017959786339521,0,0.0031900189957556014,435077
2007,7371,0.05924499144266884,0,0.0019794414052780075,269970
2007,7372,0.01944185407212035,0,0.0011364062779028916,154991
2007,7373,0.006397830258708544,0,0.0008351311460627859,113901
2007,7411,0.0,0,0.0,0
2007,7412,0.025243630469309036,0,0.000627721291365952,85613
2007,7413,0.07126982352222579,0,0.007465772270481338,1018234
2007,7414,0.03489830863758987,0,0.006973298510921728,951067
2007,7415,0.04110191458881604,0,0.012684680213231414,1730025
2007,7416,0.0141039824928051,0,0.0031989494681474544,436295
2007,7421,0.01025463460272467,0,0.0010563033133043724,144066
2007,7422,0.012896706156877902,0,0.0011692173320519417,159466
2007,7423,0.0012375166615480465,0,8.242723368572568e-05,11242
2007,7428,0.35172204426459447,0,0.023309390795996213,3179097
2007,7429,0.0706221810387033,0,0.008333949097225636,1136642
2007,7431,0.027796706277940578,0,0.008303198357314771,1132448
2007,7432,0.12162338479571054,0,0.00893940286424507,1219218
2007,7433,0.023049793845456575,0,7.310082902034201e-06,997
2007,7434,1.4371889109825682,1,0.11600067742369616,15820980
2007,7435,0.07855764049218064,0,0.00447111652339645,609802
2007,7436,0.6785016047570805,0,0.21301734083773766,29052788
2007,7439,0.018365594501726246,0,0.0021602798051734654,294634
2007,7441,0.07308651036464078,0,0.024331152684474625,3318452
2007,7442,0.1125295719707173,0,0.03800618415915104,5183548
2007,7449,0.02653675123463462,0,0.006320648150481637,862054
2007,7451,0.21774297143390445,0,0.024220775565109307,3303398
2007,7452,0.04009040306253386,0,0.016923963726317513,2308208
2007,7491,0.01444222872270201,0,0.0034867848989249437,475552
2007,7492,0.0161988602147928,0,0.009572278607246057,1305534
2007,7493,0.015635303666981484,0,0.0060455778694859345,824538
2007,7499,0.038769419166075895,0,0.006275614520407119,855912
2007,7511,0.004837815118257209,0,1.1342726428733109e-05,1547
2007,7512,0.005031268505751086,0,0.00033864673921389535,46187
2007,7518,0.006983122981846963,0,0.0034750462402226797,473951
2007,7521,0.0,0,0.0,0
2007,7522,0.0004512977147342166,0,5.345818900574861e-05,7291
2007,7523,0.004448724786290929,0,0.005109264031298703,696837
2007,7524,0.007933228556439386,0,0.0008107519829241062,110576
2007,7525,0.00791180503385762,0,0.014641267527831748,1996878
2007,7528,0.017739437880863414,0,0.0024475506658572167,333814
2007,7591,0.026305928509371544,0,0.0073179868833465325,998078
2007,7599,0.012295827785061348,0,0.019206608600249305,2619531
2007,7611,0.004260750430457466,0,0.004027767694071172,549335
2007,7621,0.003613028492791534,0,0.00034287734887735946,46764
2007,7622,0.004496250012494419,0,0.00018353660501877646,25032
2007,7628,0.02681080700933697,0,0.0012610222949570274,171987
2007,7631,0.00301007433040227,0,7.64735854244902e-06,1043
2007,7638,0.004152431719442847,0,0.002309062355071237,314926
2007,7641,0.30576963422159037,0,0.25105589612628937,34240751
2007,7642,0.008677951790018528,0,0.0015111341785620331,206099
2007,7643,0.30025742537251154,0,0.15543102997073618,21198766
2007,7648,0.11983568195699125,0,0.06209972615495342,8469593
2007,7649,0.0029755594789831166,0,0.0031432329987667543,428696
2007,7711,0.05688314236178972,0,0.009808092936529131,1337696
2007,7712,0.06525664595842097,0,0.02809580871862654,3831902
2007,7721,0.02281419171421923,0,0.0290443744610558,3961274
2007,7722,0.00296089829451251,0,0.000953984148913312,130111
2007,7723,0.0013160784901253013,0,9.25308387398913e-05,12620
2007,7731,0.026891382018238787,0,0.01747312178970423,2383106
2007,7732,0.2493014135772389,0,0.015011075603388315,2047315
2007,7741,0.42428308572038703,0,0.06918925278439375,9436512
2007,7742,0.03133031781998304,0,0.0054651998131234275,745382
2007,7751,0.057555136439111844,0,0.006627092398115056,903849
2007,7752,0.22386865155664962,0,0.03565721329732376,4863179
2007,7753,0.0023845412895686815,0,7.844591471300293e-05,10699
2007,7754,0.029248585025582745,0,0.0006481851242441641,88404
2007,7757,0.23833787220349734,0,0.050474744007667945,6884097
2007,7758,0.1271123880720046,0,0.038361240091479024,5231973
2007,7761,0.0,0,0.0,0
2007,7762,0.06222273580398092,0,0.0008914121855372238,121577
2007,7763,0.0014676516052469914,0,0.0008173875145453107,111481
2007,7764,0.03615853575932414,0,0.0613808157953301,8371543
2007,7768,0.0036053341726953033,0,0.0014159784554902178,193121
2007,7781,0.05774350061859433,0,0.021178563952725927,2888480
2007,7782,0.036065689152190175,0,0.002964447581030343,404312
2007,7783,0.01516234494068217,0,0.005350804714389689,729780
2007,7784,0.006058717377736133,0,0.00037541711609824995,51202
2007,7788,0.007429071175469936,0,0.010521775523726025,1435033
2007,7810,0.00198333700343432,0,0.010140551400949329,1383039
2007,7821,0.004205224347722197,0,0.007790004142107069,1062455
2007,7822,0.4802383513817708,0,0.05864259951614756,7998086
2007,7831,0.005979442949074209,0,0.000762792853272947,104035
2007,7832,0.14957756798169347,0,0.039143023029723154,5338598
2007,7841,0.005332044777487362,0,0.00018412317134993268,25112
2007,7842,0.0042845356336865875,0,0.00033529597904716554,45730
2007,7849,0.052314027121515595,0,0.14988904129278527,20442911
2007,7851,0.05971328498623543,0,0.011712182564490983,1597389
2007,7852,0.036268519982045166,0,0.002477260250530278,337866
2007,7853,0.12562212912592505,0,0.016472468957068304,2246630
2007,7861,0.02264847822876734,0,0.005359023975105015,730901
2007,7868,0.10685831962637939,0,0.010328883185725305,1408725
2007,7911,0.0,0,0.0,0
2007,7912,0.0,0,0.0,0
2007,7913,0.0,0,0.0,0
2007,7914,0.0,0,0.0,0
2007,7915,0.0,0,0.0,0
2007,7919,0.07361634071992727,0,0.007195519165480255,981375
2007,7921,0.4966644195850844,0,0.03431638865301293,4680308
2007,7922,0.2492465416946817,0,0.002801316152256663,382063
2007,7923,0.21314392523975445,0,0.03854072205673369,5256452
2007,7924,0.19723658057706936,0,0.18783657615089983,25618460
2007,7928,0.3715982606124693,0,0.004563266094021089,622370
2007,7929,0.15209265856420753,0,0.08560410626358424,11675284
2007,7931,0.11947931523706531,0,0.09306254645492612,12692518
2007,7932,0.006521488231582383,0,0.0009609789524123496,131065
2007,7933,0.19442164991887612,0,0.0008935238243293862,121865
2007,7938,20.37440388985862,1,2.6480541419294346,361160060
2007,8121,0.01623603360410314,0,0.0016259545378858602,221759
2007,8122,1.0713453163267712,1,0.04743298698419122,6469241
2007,8124,0.03565394338852604,0,0.0056021043948152865,764054
2007,8211,0.017886179788137495,0,0.008327445543028942,1135755
2007,8212,1.256686969667619,1,0.1600025519858683,21822262
2007,8219,0.12721870895465906,0,0.07440857865565478,10148360
2007,8310,0.33941407449628114,0,0.08567291049422886,11684668
2007,8421,0.4949519843703626,0,0.029948977056964896,4084650
2007,8422,2.16488675867499,1,0.10293472176313406,14038954
2007,8423,17.72658830160345,1,4.449314659396078,606828510
2007,8424,6.845953693622801,1,0.35382769175886564,48257484
2007,8429,4.399209046107613,1,0.5313715172100394,72472147
2007,8431,0.7630308878838858,0,0.11766436284083365,16047885
2007,8432,5.52496206219519,1,0.1368463796476492,18664062
2007,8433,0.9211010895399349,0,0.06232928622073054,8500902
2007,8434,2.197559971582472,1,0.1333026024975733,18180737
2007,8435,1.283917087540429,1,0.11999479820659638,16365726
2007,8439,5.728654476310742,1,2.1260352342356232,289963487
2007,8441,6.740427879816191,1,0.8115045035345048,110678634
2007,8442,29.137650095695605,1,0.4585131673789182,62535218
2007,8443,7.140822648794666,1,0.16103572258948767,21963173
2007,8451,1.2469418110623873,1,0.5412209337445985,73815479
2007,8452,3.4409443436298615,1,0.7554760028618671,103037077
2007,8459,9.801111300456151,1,3.097021792789966,422393394
2007,8461,6.763730171471297,1,0.039847100593247364,5434625
2007,8462,14.696658648908727,1,4.709879624275353,642366174
2007,8463,12.85401490999669,1,2.505051645987193,341656384
2007,8464,14.055296066532291,1,0.3127476800620819,42654706
2007,8465,0.026387124911031862,0,0.002047006514548063,279185
2007,8471,0.32240645790896255,0,0.014327975118282078,1954149
2007,8472,12.195265909927484,1,0.9614209521391134,131125283
2007,8481,48.608137142741725,1,4.097568823523911,558854964
2007,8482,0.3833933834749442,0,0.020906199208932684,2851333
2007,8483,0.20320688423553537,0,0.003929781788451527,535971
2007,8484,0.24595531049468838,0,0.010800225893205015,1473010
2007,8510,1.0806423177546431,1,0.7548104773704581,102946308
2007,8710,0.006837216371106632,0,0.005513041629508356,751907
2007,8720,2.8588608200375707,1,1.6030556702008818,218635893
2007,8731,0.10429970319549468,0,0.0033706447653560146,459712
2007,8732,0.004565285671951919,0,7.64589212662113e-05,10428
2007,8741,0.17666991033850815,0,0.013967398130362081,1904971
2007,8742,0.033061084681907014,0,0.0019492918958565783,265858
2007,8743,0.02122167924017555,0,0.003488214654357137,475747
2007,8744,0.027034976023897594,0,0.0019376265579457096,264267
2007,8745,0.1284689842586731,0,0.008956112672603883,1221497
2007,8748,0.04100166943331909,0,0.023911640444431705,3261236
2007,8749,0.050277751926720314,0,0.014112903240884517,1924816
2007,8811,0.006154855537018635,0,0.00019990913773717403,27265
2007,8812,0.0012160834002677497,0,8.857151600458691e-06,1208
2007,8813,0.049267007840613504,0,0.004137316288493732,564276
2007,8821,0.04757727474557896,0,0.007747140807457829,1056609
2007,8822,0.038556074929929414,0,0.004677353245430972,637930
2007,8830,0.02643051465701383,0,0.0002062220578762427,28126
2007,8841,0.006973051967425709,0,0.0018412830380533027,251127
2007,8842,0.04949881519818852,0,0.004222559040569008,575902
2007,8851,0.0017323251185475143,0,0.00034767986071370093,47419
2007,8852,0.032532132384284415,0,0.0015076367768125142,205622
2007,8921,0.1097791527129772,0,0.017870205199659563,2437263
2007,8922,0.013686321100211438,0,0.0008477569863409233,115623
2007,8924,0.042495320372201745,0,0.000647811188208052,88353
2007,8928,0.25414077126631385,0,0.05296202721038186,7223330
2007,8931,0.31824851089147893,0,0.11349128067029766,15478731
2007,8932,0.10187847154743732,0,0.0026004391800730814,354666
2007,8933,0.0015669077999476563,0,1.8073575078750558e-05,2465
2007,8935,0.16517668467320276,0,0.004143922491798379,565177
2007,8939,0.21430782317476077,0,0.118107506371943,16108324
2007,8941,0.0,0,0.0,0
2007,8942,0.02204135544443919,0,0.011005590097821942,1501019
2007,8946,0.05388489042446258,0,0.0007322034191031509,99863
2007,8947,10.048477186300277,1,1.6180109780103356,220675602
2007,8951,0.05884264683502208,0,0.00029492555130533973,40224
2007,8952,0.19229744208429117,0,0.02830758116041135,3860785
2007,8959,0.05326051861719796,0,0.0028447880494744775,387992
2007,8960,0.009593409529020196,0,0.0012209744786973375,166525
2007,8972,0.08070607907524163,0,0.003427549031557306,467473
2007,8973,1.5506173481867078,1,0.7061883371310348,96314882
2007,8974,0.6425353757551212,0,0.022451024291140504,3062027
2007,8981,0.048457656412472426,0,0.0006942819057939023,94691
2007,8982,0.27261604090380076,0,0.007749926997530821,1056989
2007,8983,0.08232298810772774,0,0.08383393706110448,11433856
2007,8989,1.482374798770468,1,0.016560087302784764,2258580
2007,8991,19.560538721641336,1,0.15241844729015533,20787889
2007,8993,4.125107416990528,1,0.16933826105967992,23095531
2007,8994,0.09584275538329134,0,0.0019529652675054443,266359
2007,8996,0.021476758336871668,0,0.006108875708696828,833171
2007,8997,0.12043797779910731,0,0.00791374030966447,1079331
2007,8998,0.056569950855626695,0,0.0023535460792102956,320993
2007,8999,0.10751758422980118,0,0.0024589447168399258,335368
2008,5111,0.002513381922404144,0,0.0005446442438503324,79744
2008,5112,0.03034076182723164,0,0.011096511776662469,1624694
2008,5113,0.0006268007999869301,0,4.520716605694912e-05,6619
2008,5114,0.010697806945171778,0,0.0001355053897219928,19840
2008,5121,4.572387486373594,1,1.0918683901145774,159865736
2008,5122,0.0,0,0.0,0
2008,5123,0.0,0,0.0,0
2008,5137,0.13624512110907175,0,0.022034337453284574,3226154
2008,5138,0.48559955217124057,0,0.07170720520089782,10498999
2008,5139,0.014536080122632846,0,0.002554939097408911,374081
2008,5145,0.004361092767845231,0,0.0003386063864035906,49577
2008,5146,0.005779250422138358,0,0.0006967668015760353,102017
2008,5147,0.0014670963760738157,0,8.915762890276683e-05,13054
2008,5148,0.0033599514267204683,0,0.00046046561843079807,67419
2008,5154,0.0001207744956184203,0,8.462256948868401e-06,1239
2008,5155,0.10041212890540525,0,0.026501835409951578,3880262
2008,5156,0.0007385295335336408,0,0.00033145547193590277,48530
2008,5157,0.19921362967971337,0,0.008733165279681045,1278665
2008,5161,0.0,0,0.0,0
2008,5162,0.0012901086892606827,0,8.046315505618938e-05,11781
2008,5163,0.001678678009091122,0,3.074141931142589e-05,4501
2008,5169,2.034848616486489,1,0.192110785604816,28127870
2008,5221,0.030400862143753586,0,0.005372399397677914,786599
2008,5222,0.21885907041193933,0,0.026576800488459066,3891238
2008,5223,0.015250456326828308,0,0.00013230899242411514,19372
2008,5224,0.3949030140652124,0,0.014196621020895936,2078596
2008,5225,0.006493017736354999,0,0.001103802043807481,161613
2008,5231,0.1410542994193576,0,0.015516664805831845,2271870
2008,5232,0.23212946882534724,0,0.03786226169086039,5543597
2008,5233,0.018738173709316085,0,0.0006286179720071823,92039
2008,5239,0.018511254655252357,0,0.0018232919518152233,266957
2008,5241,0.0018921019237307084,0,0.00024151923343493495,35362
2008,5249,0.24581656257282272,0,0.033196839808348956,4860510
2008,5311,0.35196263821011536,0,0.03161115355225139,4628342
2008,5312,0.33361347059196955,0,0.003871253752163963,566809
2008,5322,0.07150575632321472,0,0.0017136172770089858,250899
2008,5323,0.1970282452352977,0,0.001322509381996879,193635
2008,5331,0.10742433517205915,0,0.01531126895980818,2241797
2008,5332,0.10016409861176251,0,0.005606351092211036,820853
2008,5334,0.41326236970460495,0,0.08078648293670547,11828340
2008,5335,0.05821874407729001,0,0.0069894076153311745,1023353
2008,5411,0.014586727075576532,0,0.0007608996447962728,111407
2008,5413,0.01155492872186034,0,0.0013600192408856483,199127
2008,5414,0.0026623450168076486,0,0.00010307698294779816,15092
2008,5415,0.001544880137867027,0,0.00013943941716553456,20416
2008,5416,0.12717149951446288,0,0.025319858230521214,3707203
2008,5417,0.18145257268190454,0,0.41408641271165875,60628396
2008,5419,0.4811444462278834,0,0.08490008917117262,12430633
2008,5513,0.2350284934252471,0,0.008892363622878117,1301974
2008,5514,0.02328892484481833,0,0.003726439196807339,545606
2008,5530,0.14805958651719908,0,0.07460833871333841,10923768
2008,5541,1.7442948588236817,1,0.08765769898101149,12834388
2008,5542,0.05218262242958859,0,0.016164249434454853,2366686
2008,5543,0.1513528046321924,0,0.002812242249979306,411754
2008,5621,0.014546030226987567,0,0.004034010477822989,590639
2008,5622,0.016592270899199946,0,0.0005912788608373166,86572
2008,5623,0.00179262023510354,0,0.00036712125546051194,53752
2008,5629,0.02195147571807471,0,0.0045005888645905405,658953
2008,5721,0.0407126341691627,0,0.0003978421850456694,58250
2008,5722,0.33104181207132527,0,0.003684373788778219,539447
2008,5723,0.0,0,0.0,0
2008,5821,0.034702518957840114,0,0.0015812536453148215,231519
2008,5822,0.17142102645816767,0,0.01693560566955679,2479624
2008,5823,3.1981659727947522,1,1.3057663660944279,191183574
2008,5824,0.042736555503934376,0,0.0044103111306517655,645735
2008,5825,0.18892947577806232,0,0.042714734284476474,6254071
2008,5826,0.08626110658446447,0,0.008239683882323023,1206412
2008,5827,0.024350646799872495,0,0.0016774597400539336,245605
2008,5828,0.022300376920156,0,5.321181911915554e-05,7791
2008,5829,0.06774465788626235,0,0.011543611263657483,1690156
2008,5831,0.06866167916862047,0,0.030750346002170175,4502307
2008,5832,0.11632351698107808,0,0.03519932807619925,5153704
2008,5833,0.21494665673330296,0,0.03970410367485731,5813270
2008,5834,0.15361054725305928,0,0.0474867232333101,6952761
2008,5835,0.06872976744675009,0,0.0008894590173132621,130230
2008,5836,0.11015669068296688,0,0.015571372374968598,2279880
2008,5837,0.3884028452423621,0,0.016752816821515977,2452861
2008,5838,0.02594344845822543,0,0.0003041016873675267,44525
2008,5839,0.055918630925903476,0,0.01948944515165596,2853544
2008,5841,0.18498085938878908,0,0.010523714648919292,1540828
2008,5842,0.11232530287185716,0,0.0014623790834140508,214114
2008,5843,0.05577447354420502,0,0.002855905856657365,418147
2008,5849,0.14657068394858566,0,0.007760968747695795,1136321
2008,5851,0.024671144456694404,0,0.00034923372442815815,51133
2008,5852,0.9870846043186574,0,0.0800838014341466,11725457
2008,5911,0.04613546795534347,0,0.0016901633703403705,247465
2008,5912,0.0312986132426373,0,0.0020585959682820633,301409
2008,5913,0.06974755581513468,0,0.006854796943656238,1003644
2008,5914,0.1469327954658541,0,0.0030587882962587664,447852
2008,5921,1.9171034274620051,1,0.04808633458282992,7040553
2008,5922,0.3223298385794315,0,0.0428451104127226,6273160
2008,5981,0.20621122342826037,0,0.00931346847714723,1363630
2008,5982,0.015252822359655997,0,0.0013003121785393952,190385
2008,5983,5.909513290843161,1,0.36271777423861634,53107265
2008,5989,0.11676038272104657,0,0.0732994754890363,10732131
2008,6112,0.8136875513489055,0,0.001623230264530112,237665
2008,6113,6.209473053898003,1,0.17528570151875122,25664428
2008,6114,7.59394442703251,1,0.693370526998409,101519735
2008,6115,24.457302173572664,1,0.26685410380490215,39071401
2008,6116,73.69665263110517,1,1.4770191499207572,216257523
2008,6118,4.843155333624505,1,0.04204556714418404,6156095
2008,6121,1.4955693988010963,1,0.011881159014203871,1739578
2008,6122,4.174650502079689,1,0.037234599906079066,5451698
2008,6123,0.2997147666597664,0,0.01925660673225009,2819453
2008,6129,1.4752757305589201,1,0.021420342315924306,3136256
2008,6130,0.21746013715777793,0,0.002709643360644438,396732
2008,6210,0.02566522071135222,0,0.0029530749685310947,432374
2008,6251,0.022391523004087442,0,0.006713089996783661,982896
2008,6252,0.015395203784556041,0,0.002890219318248257,423171
2008,6253,0.12173689687595782,0,0.000676652720289177,99072
2008,6254,0.22405444844704872,0,0.003869464316069852,566547
2008,6259,0.1345163494166024,0,0.013853971328508706,2028427
2008,6281,0.019694903350865673,0,0.00024472246064156873,35831
2008,6282,0.014014220267615753,0,0.0006508083455559097,95288
2008,6289,0.029926328998111068,0,0.003225458559635066,472255
2008,6330,1.4376686834181216,1,0.02979919241906262,4363044
2008,6341,0.06302737159337354,0,7.198723828980868e-06,1054
2008,6342,0.12860827066515967,0,0.013776643101571588,2017105
2008,6343,0.013268674045838818,0,0.0009192169297638027,134587
2008,6344,0.33683636419229485,0,0.008250400009161421,1207981
2008,6349,0.319760240552578,0,0.005819881359563273,852117
2008,6351,0.2815987164834022,0,0.003518106490018531,515103
2008,6352,0.006775776374051824,0,4.8970445781587114e-05,7170
2008,6353,0.028757590349285905,0,0.0042212729160990775,618057
2008,6354,0.08639761381978682,0,0.0016158334733472027,236582
2008,6359,0.2958597166190275,0,0.020301022719422857,2972371
2008,6411,0.0122958666387375,0,0.003338671127176989,488831
2008,6412,0.07369830502657926,0,0.023236230646647867,3402129
2008,6413,0.03328697519857556,0,0.0038594584997420937,565082
2008,6415,0.1626194474643217,0,0.015597606054500964,2283721
2008,6416,0.6238748408498597,0,0.05275739796997393,7724466
2008,6417,0.28895410645707653,0,0.00727504805933083,1065175
2008,6418,0.2956438888618762,0,0.07480540207067957,10952621
2008,6419,0.04971026493774664,0,0.0009259921992499023,135579
2008,6421,0.19807999122376563,0,0.03218851305904368,4712876
2008,6422,0.07007270765711712,0,0.0007923650344358505,116014
2008,6423,0.06645752107765326,0,0.00262740442931165,384691
2008,6424,0.11443454244552394,0,0.008277999670445018,1212022
2008,6428,0.14513145534881847,0,0.021108871157008897,3090652
2008,6511,0.37662574198715576,0,0.000697074147470062,102062
2008,6512,0.011929514526331206,0,0.0005069499774251469,74225
2008,6513,86.41667523416281,1,8.310350086491127,1216758581
2008,6514,0.8408119329362206,0,0.14923692127623003,21850500
2008,6515,0.498167090485612,0,0.0030906361607886883,452515
2008,6516,2.165166224826031,1,0.06378998180067885,9339800
2008,6517,0.9430230748806355,0,0.01534010483457664,2246019
2008,6518,0.5673512402832545,0,0.0002458767152213579,36000
2008,6519,0.39108205807582724,0,0.015795721217790576,2312728
2008,6521,82.9436024151448,1,4.661271292321055,682479292
2008,6522,45.118712020028276,1,9.738104524011538,1425803019
2008,6531,7.254179483960708,1,1.824659763982,267157268
2008,6532,7.068336026749434,1,0.17941944915414026,26269670
2008,6534,20.85318867413013,1,1.5859526840082305,232207009
2008,6535,2.728066764932194,1,0.03909818148964682,5724554
2008,6536,1.2044429253509668,1,0.012365720550726362,1810525
2008,6538,4.478164530168972,1,0.05268448869400205,7713791
2008,6539,4.697050392254261,1,0.12140480404811708,17775465
2008,6541,0.6295416343215197,0,0.014364923632464955,2103238
2008,6542,0.6597220587936404,0,0.019777571682442853,2895730
2008,6543,2.86971247179415,1,0.052601266255808375,7701606
2008,6544,0.9930157405394642,0,0.010097637621075703,1478444
2008,6545,12.63893850962752,1,0.0317291197362876,4645614
2008,6546,0.03292871475355378,0,0.0006620435454597746,96933
2008,6549,21.212350790554297,1,0.013443971905877091,1968397
2008,6551,2.2063658274789075,1,0.41911952956196624,61365319
2008,6552,1.0671892618064005,1,0.06631542935207871,9709563
2008,6553,0.40510117291447933,0,0.0007808839578167643,114333
2008,6560,0.5128235752396464,0,0.03043332895734477,4455891
2008,6571,2.9868238238936504,1,0.05685776101136291,8324820
2008,6572,0.7168021678432406,0,0.09482936954140925,13884427
2008,6573,0.2644348134405358,0,0.03871008558439617,5667731
2008,6574,20.084313612591014,1,0.11597484217944233,16980438
2008,6575,0.42188373331011664,0,0.01314425501993101,1924514
2008,6576,0.062744948579858,0,3.2865520934588175e-05,4812
2008,6577,2.5452637296148186,1,0.17924962347291862,26244805
2008,6579,0.06797637598166756,0,4.049452901520642e-05,5929
2008,6581,6.211993137165314,1,0.1319874061703319,19324915
2008,6582,12.847887743042865,1,0.3729183317547385,54600778
2008,6583,6.1389513503696005,1,0.17909147693566999,26221650
2008,6584,85.93062113465415,1,17.42202127359995,2550842463
2008,6589,10.66607348139007,1,0.4725541266449298,69188937
2008,6591,0.11558371304147219,0,0.0015073472026645347,220698
2008,6592,83.26815887265184,1,1.3040337343514419,190929891
2008,6593,10.936626739487114,1,0.010592765026443957,1550938
2008,6594,0.5088323191464671,0,0.015925428014978597,2331719
2008,6595,0.1771877721002,0,0.011490904857786284,1682439
2008,6596,0.09265247250118709,0,0.001079166562924052,158006
2008,6597,0.0694956537846974,0,0.00016587799396058667,24287
2008,6611,0.0020305069141722345,0,1.4711623460744582e-05,2154
2008,6612,36.29699934344993,1,3.8790825487355156,567955252
2008,6613,0.5223892353884966,0,0.08549247447722842,12517367
2008,6618,0.053701803147114056,0,0.0025262534806330854,369881
2008,6623,0.04701324153829395,0,0.0029373798382094645,430076
2008,6624,0.05723723617516972,0,0.009502725248780115,1391340
2008,6631,0.02923257084421521,0,0.0009587825911881729,140380
2008,6632,0.01006021141747002,0,0.00033107299704555844,48474
2008,6633,0.9751177443054838,0,0.11007380101412975,16116438
2008,6635,0.04525375364131612,0,0.0015167451571129955,222074
2008,6637,0.02816190091165529,0,0.0005412429492897702,79246
2008,6638,0.034611414772045684,0,0.00047014359913826094,68836
2008,6639,0.23836308845553825,0,0.01471350851556128,2154276
2008,6641,0.1205843283927319,0,0.00189636514559726,277656
2008,6642,0.01680985642192809,0,0.0027562028486351046,403549
2008,6643,1.8474549965793614,1,0.02131595399049533,3120972
2008,6644,0.270786498865104,0,0.02174917510289785,3184402
2008,6645,0.18701362927405205,0,0.0007712674462881068,112925
2008,6646,0.012108684506796807,0,6.7752694860996405e-06,992
2008,6647,0.001107130938788277,0,9.074899764294953e-05,13287
2008,6648,0.02553709248106631,0,0.0009644650752732888,141212
2008,6649,0.21397270345319452,0,0.020383616806010967,2984464
2008,6651,0.6992200201421996,0,0.06241426059956282,9138374
2008,6652,0.15530076103376547,0,0.01231416839943495,1802977
2008,6658,0.19303589739937907,0,0.007070191776098903,1035181
2008,6664,0.2377783231770751,0,0.00846956495123748,1240070
2008,6665,0.234621685229031,0,0.0033246288347743473,486775
2008,6666,0.04934412805853848,0,0.001153038856030558,168822
2008,6671,0.013214683988511583,0,0.00012795834054644834,18735
2008,6672,0.00011127520569454142,0,0.00010003084364255577,14646
2008,6673,0.8591527161581848,0,0.029636080538148278,4339162
2008,6674,0.4609908477408075,0,0.0029294708038698444,428918
2008,6712,0.0289311532411453,0,0.0023392847284335115,342506
2008,6713,3.491617729126639,1,0.12484160047439366,18278663
2008,6716,0.0067103922410524965,0,0.001867269734296066,273396
2008,6724,0.14116253766985448,0,0.0055761287459650775,816428
2008,6725,0.00012441816270829923,0,5.808154406228966e-05,8504
2008,6727,0.01645099787922863,0,0.012184379643341854,1783974
2008,6731,0.006517058827354826,0,0.0016436175421672163,240650
2008,6732,0.004072582886155748,0,0.0021029562256532496,307904
2008,6733,0.19804515695572175,0,0.050768494390639615,7433261
2008,6741,0.0036042359301620666,0,9.030505357379984e-05,13222
2008,6744,0.0005294742966692718,0,0.00014127666262093855,20685
2008,6745,0.005433341252099383,0,0.0005269957596244438,77160
2008,6746,0.0009863491739290533,0,0.0003717997429584739,54437
2008,6747,0.1488522605981826,0,0.009199723176722328,1346976
2008,6749,0.0069954752563978016,0,0.0025617621762563034,375080
2008,6750,0.004314218115169267,0,0.0009164166671737817,134177
2008,6760,0.3553998922627547,0,0.015439664414515024,2260596
2008,6770,0.030221857675185374,0,0.0036632762006304745,536358
2008,6781,0.1820389534261059,0,0.008404578369422724,1230555
2008,6782,0.18242141860442868,0,0.06107059899014814,8941642
2008,6783,1.1756840585766044,1,0.36357833591198235,53233264
2008,6784,0.1978326862759899,0,0.017366279225993268,2542681
2008,6785,0.10851298087393409,0,0.01896292065573569,2776453
2008,6793,0.023161670884754033,0,0.0019462166496083903,284955
2008,6794,0.07912859575932828,0,0.00935113542393739,1369145
2008,6911,0.41078600642480484,0,0.2027116782226798,29679998
2008,6912,0.020425955226736518,0,0.0020249859872930546,296488
2008,6921,0.11129310037349326,0,0.0029560186592049948,432805
2008,6924,0.3435226197035088,0,0.0514801435633953,7537457
2008,6931,0.1057110608443457,0,0.00995955735575264,1458227
2008,6932,0.1938937681343784,0,0.00048659001942306734,71244
2008,6935,0.029127310276550765,0,0.0015725728312857559,230248
2008,6940,0.026382313401303842,0,0.007918958197043031,1159453
2008,6951,0.549614766643666,0,0.0066829222898077524,978479
2008,6953,0.38266695809832457,0,0.05053658483882459,7399306
2008,6954,0.06617526419406632,0,0.01687443700673672,2470668
2008,6960,4.116573450052055,1,0.3419699935276363,50069482
2008,6973,0.06272391272532715,0,0.010382233089035669,1520113
2008,6974,1.8356940395730161,1,0.20079873688853134,29399915
2008,6975,0.9729019892019231,0,0.01417068102744008,2074798
2008,6978,5.099736646111938,1,0.06924128713421655,10137952
2008,6991,0.011014455458627012,0,0.0035764339107960427,523643
2008,6992,0.02199514853776548,0,0.0008650489234187863,126656
2008,6993,0.11079642306483253,0,0.0029274969602393177,428629
2008,6994,0.1376809343283493,0,0.011023076597716357,1613942
2008,6996,0.11529949470138674,0,0.01235352233368788,1808739
2008,6997,0.030506818838683107,0,0.010734690530396728,1571718
2008,6998,0.07524991098410913,0,0.016220404944247906,2374908
2008,6999,0.01116991210055216,0,0.000994209327906317,145567
2008,7111,0.7961096000071636,0,0.01877848579968465,2749449
2008,7112,0.16993281972477228,0,0.0021211306128533615,310565
2008,7119,0.23996101957701763,0,0.011807798964254077,1728837
2008,7126,0.43890254207756224,0,0.007964766395070521,1166160
2008,7129,0.2279599665776995,0,0.01357318694963467,1987316
2008,7131,0.42504861801850957,0,0.013605929532211649,1992110
2008,7132,0.016499948186121622,0,0.01017631134003778,1489963
2008,7133,0.012437809204144223,0,0.0012000900974516674,175711
2008,7138,0.23278580261731516,0,0.020901767833796197,3060329
2008,7139,0.01607370918042148,0,0.008509014504212997,1245846
2008,7144,0.005305679188157612,0,0.0011435794324032918,167437
2008,7148,0.8934945777057595,0,0.10493437663403284,15363950
2008,7149,0.13801556748508345,0,0.07995032452732519,11705914
2008,7161,0.2515747239837034,0,0.05222626328564326,7646700
2008,7162,0.12944043025247753,0,0.05177977166052755,7581327
2008,7163,0.043639947264858286,0,0.00011235199903864827,16450
2008,7169,0.007736170557712728,0,0.0013927549935538696,203920
2008,7187,0.0,0,0.0,0
2008,7188,0.026136143110296006,0,0.002753108899968569,403096
2008,7211,0.19370093546059042,0,0.013117167601804126,1920548
2008,7212,0.05277777761389612,0,0.00967227773365151,1416165
2008,7213,0.01579629629095266,0,0.00027646104663139236,40478
2008,7219,0.0571026396010432,0,0.0031652255943145895,463436
2008,7223,0.002493220207216287,0,4.3472369232887314e-05,6365
2008,7224,0.6285794110972966,0,0.1301564920403448,19056842
2008,7233,0.03901772922308792,0,0.0037211665072475917,544834
2008,7234,0.06046501914463944,0,0.02889754884452839,4231030
2008,7239,0.1717447763112054,0,0.08156466225065478,11942277
2008,7243,0.02804640774538599,0,0.0010515190922791619,153958
2008,7244,0.47333585614586765,0,0.01925119744451522,2818661
2008,7245,1.0692981325618234,1,0.054143275245410356,7927379
2008,7246,0.39783958670278763,0,0.010770827577625512,1577009
2008,7247,0.32296198551142774,0,0.025598928302297454,3748063
2008,7248,0.2637762265830294,0,0.001990959381869921,291506
2008,7251,0.011397222587219109,0,0.00027260214818416827,39913
2008,7252,0.0823573467652891,0,0.002909390872126767,425978
2008,7259,0.056732516826145475,0,0.0027246691599079652,398932
2008,7263,0.08173903327144572,0,0.0017478897591473406,255917
2008,7264,0.02651032696134746,0,0.0020092703672451562,294187
2008,7267,0.07164418691293584,0,0.0021029015863832006,307896
2008,7268,0.8509478100655894,0,0.01533748214961428,2245635
2008,7269,0.01517044846607184,0,0.0002599736468940491,38064
2008,7271,0.3467214820714259,0,0.0030982378492342816,453628
2008,7272,1.291472398595199,1,0.15121847587374274,22140629
2008,7281,1.0968423857474479,1,0.19613969414079818,28717762
2008,7283,0.04842993327663348,0,0.009801567906405406,1435095
2008,7284,0.10290305002045591,0,0.08626357800570639,12630268
2008,7361,0.09831839117186482,0,0.02124875451824358,3111133
2008,7362,0.0658883856389059,0,0.005632516472655842,824684
2008,7367,0.013490002421625907,0,0.0015138629356179006,221652
2008,7368,0.011093759913034164,0,0.0008257496284359059,120902
2008,7369,0.023032387715611054,0,0.003936889175310553,576419
2008,7371,0.2733492980953003,0,0.010371960906266419,1518609
2008,7372,0.07656872964023649,0,0.005799951685812831,849199
2008,7373,0.03070985965469144,0,0.003990913753571691,584329
2008,7411,0.059569190715551126,0,4.134143770096887e-05,6053
2008,7412,0.1194154009724864,0,0.0033721923193521675,493739
2008,7413,0.33736844722577225,0,0.03813733626601429,5583872
2008,7414,0.02314969638031578,0,0.004800585776795622,702877
2008,7415,0.10237315136578011,0,0.03268930928867953,4786200
2008,7416,0.1279473308708016,0,0.034515783977975126,5053623
2008,7421,0.0032819022596660605,0,0.0003808152225165904,55757
2008,7422,0.013245974261356912,0,0.0014560819075408815,213192
2008,7423,0.004540375339729631,0,0.0003146060870344836,46063
2008,7428,0.2180942988304881,0,0.015657347266390998,2292468
2008,7429,0.040995227718208904,0,0.005171121986634208,757129
2008,7431,0.0617070539333267,0,0.019351146329252705,2833295
2008,7432,0.19367870631141124,0,0.015290376268923121,2238738
2008,7433,0.03523492182770786,0,1.1836231874405925e-05,1733
2008,7434,1.5535976649626526,1,0.12652828742117714,18525619
2008,7435,0.15569015497395114,0,0.010251624743891833,1500990
2008,7436,0.7429294594714284,0,0.25161513625918663,36840190
2008,7439,0.014147773062583977,0,0.0018795703999658897,275197
2008,7441,0.038106382606520904,0,0.014893701998274753,2180659
2008,7442,0.34864772969183777,0,0.13095552989563541,19173833
2008,7449,0.028517607432041896,0,0.007490873176025135,1096775
2008,7451,0.04588497194723377,0,0.004981284672757051,729334
2008,7452,0.12675539387357068,0,0.057313582291839534,8391559
2008,7491,0.015817571458061064,0,0.004368696496600551,639642
2008,7492,0.01306580883090367,0,0.00842462415162202,1233490
2008,7493,0.016378855792210954,0,0.007267309772710114,1064042
2008,7499,0.13397083873779794,0,0.023810885509572718,3486267
2008,7511,0.0,0,0.0,0
2008,7512,0.011879232182559837,0,0.0008603021368332629,125961
2008,7518,0.009568553378999648,0,0.0045865842457392106,671544
2008,7521,0.0,0,0.0,0
2008,7522,0.015443115202845945,0,0.0018430098983942254,269844
2008,7523,0.007525175160504041,0,0.008580591947977436,1256326
2008,7524,0.0025340227394631564,0,0.00025764464800820234,37723
2008,7525,0.004760195703878035,0,0.008799224157170516,1288337
2008,7528,0.009036435020115249,0,0.0013104682528597884,191872
2008,7591,0.055700151913473134,0,0.014806224526926,2167851
2008,7599,0.021284012971343566,0,0.030812081547417006,4511346
2008,7611,0.005031689422520937,0,0.004820624729086163,705811
2008,7621,0.031592602128362346,0,0.002603329000946225,381166
2008,7622,0.04318736494712154,0,0.0015685431851196283,229658
2008,7628,0.00062559881904193,0,2.7852367907574936e-05,4078
2008,7631,0.0,0,0.0,0
2008,7638,0.008896560615911897,0,0.0046951934547794895,687446
2008,7641,0.2593538803523392,0,0.21090209797314471,30879197
2008,7642,0.0022968467278011127,0,0.00041467791012957626,60715
2008,7643,0.26005124763714504,0,0.13641125418013836,19972632
2008,7648,0.09897487809866784,0,0.05274862836713104,7723182
2008,7649,0.07498806283824873,0,0.08234793667653621,12056960
2008,7711,0.20891701646106567,0,0.04335717599180611,6348134
2008,7712,0.017913439585427935,0,0.008314676280465538,1217392
2008,7721,0.02376914201784443,0,0.03194051907210792,4676566
2008,7722,0.0017645700696844063,0,0.0005380328921743803,78776
2008,7723,0.015588387896029066,0,0.0010570171688278616,154763
2008,7731,0.02990429072087242,0,0.02054237120513889,3007708
2008,7732,0.1522941609647904,0,0.009608110740887492,1406770
2008,7741,0.4136388686243067,0,0.0726428890406727,10635997
2008,7742,0.01877839764074484,0,0.003393870449744184,496913
2008,7751,0.10224699065109483,0,0.011172487681665868,1635818
2008,7752,0.21285508165312772,0,0.03394716675439071,4970369
2008,7753,0.0024643011277692586,0,8.366638226282317e-05,12250
2008,7754,0.04153339005861802,0,0.0009115606020481599,133466
2008,7757,0.2609344301331575,0,0.057811755836513025,8464499
2008,7758,0.03945045119997306,0,0.012560229522192726,1839004
2008,7761,0.03751831008459859,0,0.0007052085687986352,103253
2008,7762,0.035430566618932936,0,0.000437011711762183,63985
2008,7763,0.021517327044146776,0,0.014883634712768191,2179185
2008,7764,0.039373106686530046,0,0.06281848874929548,9197559
2008,7768,0.009249713306174802,0,0.003680371462247115,538861
2008,7781,0.06940321009488142,0,0.025090728451569934,3673655
2008,7782,0.02524028996657115,0,0.002090081847647909,306019
2008,7783,0.00928375047284617,0,0.0033785714541304107,494673
2008,7784,0.0035449484307579207,0,0.00021865952882810482,32015
2008,7788,0.009701790084736183,0,0.01233428248072181,1805922
2008,7810,0.0685129635333521,0,0.3422499105080983,50110466
2008,7821,0.032473297197603945,0,0.059371263052348265,8692834
2008,7822,0.12238746302431809,0,0.019139214260549403,2802265
2008,7831,0.012814330801788898,0,0.0020377442568495405,298356
2008,7832,0.05578459397289483,0,0.016561080793004612,2424788
2008,7841,0.0076918402100899065,0,0.00032254244100912856,47225
2008,7842,0.011362115588505785,0,0.001041711343305332,152522
2008,7849,0.03880758634507757,0,0.11083354640434623,16227676
2008,7851,0.1395926813958546,0,0.02898417257728262,4243713
2008,7852,0.024831530845549076,0,0.0018733005437277452,274279
2008,7853,0.05889017282690366,0,0.008729784474846751,1278170
2008,7861,0.012104336150613161,0,0.0029101558219074555,426090
2008,7868,0.033035128551945285,0,0.003353328111367684,490977
2008,7912,0.0,0,0.0,0
2008,7913,0.0011954220750994273,0,6.476802473455937e-05,9483
2008,7914,0.0004180535676451523,0,6.9323573874910635e-06,1015
2008,7915,0.0009109214114221186,0,2.972376290675971e-05,4352
2008,7919,0.004766796437393727,0,0.0005167987058515137,75667
2008,7921,0.0,0,0.0,0
2008,7922,0.8302906338191863,0,0.012104497030529938,1772278
2008,7923,0.001489025404524838,0,0.00027355150550127297,40052
2008,7924,0.047016559031839454,0,0.044737445912153735,6550226
2008,7928,0.06460309902127513,0,0.0010612858618004545,155388
2008,7929,0.1306915326153413,0,0.08080026569257537,11830358
2008,7931,0.03701146771837107,0,0.03827784114894578,5604444
2008,7932,0.0,0,0.0,0
2008,7933,0.0,0,0.0,0
2008,7938,0.1628418600347631,0,0.03083308351684216,4514421
2008,8121,0.13368096636330407,0,0.01468334080858537,2149859
2008,8122,1.4943502464960512,1,0.0656188606178566,9607575
2008,8124,0.03835649104749007,0,0.006490783296679773,950347
2008,8211,0.029579736091341135,0,0.014107415582631877,2065535
2008,8212,2.2684771463435047,1,0.3000850590074881,43936906
2008,8219,0.10706651735032471,0,0.0647486892628707,9480169
2008,8310,0.27200288622690255,0,0.07768136053944498,11373704
2008,8421,0.5509704027732831,0,0.035627993639461425,5216467
2008,8422,2.337789881743274,1,0.12023878153554109,17604742
2008,8423,17.361734888386607,1,4.605567055089244,674323365
2008,8424,7.487495264133643,1,0.3933948558095593,57598845
2008,8429,4.31146083071525,1,0.5426015615694522,79444921
2008,8431,0.5700649711988859,0,0.09329406069229704,13659635
2008,8432,4.695858337919334,1,0.10896393401134681,15953937
2008,8433,0.6794603849526559,0,0.053684633212617454,7860227
2008,8434,2.650793094151979,1,0.1298447545149879,19011199
2008,8435,1.0934641669108343,1,0.10564449590722713,15467922
2008,8439,5.794733743571272,1,2.1093081978843693,308834023
2008,8441,1.4458163975160625,1,0.17041711034047063,24951594
2008,8442,26.521748598608966,1,0.44123340130271616,64603118
2008,8443,7.273102086044189,1,0.1593441754088344,23330352
2008,8451,1.0582465732938955,1,0.4618645271721412,67623821
2008,8452,3.584570376322903,1,0.738940463658941,108191850
2008,8459,10.871885322822541,1,3.313212929144612,485103542
2008,8461,6.801050176207698,1,0.0419994857498063,6149348
2008,8462,13.299559448663961,1,4.411716923941135,645940829
2008,8463,12.194748277016457,1,2.495326048756686,365352765
2008,8464,14.330363015026965,1,0.3463977414153425,50717770
2008,8465,0.03533508046176948,0,0.0032084725765585244,469768
2008,8471,0.317292826730131,0,0.014850400376760772,2174319
2008,8472,12.721727898063927,1,1.1048925206993052,161772662
2008,8481,52.26735037910333,1,4.325705779363056,633347521
2008,8482,0.45372611451451056,0,0.028155991501329528,4122455
2008,8483,0.17330387298978944,0,0.003213683796939466,470531
2008,8484,0.268777955430805,0,0.01261711583222269,1847333
2008,8510,1.1282859059534944,1,0.8432589259512531,123465621
2008,8710,0.03587364147017029,0,0.031371130068834054,4593199
2008,8720,2.7533566351113965,1,1.743991233569513,255346198
2008,8731,0.02158562181992903,0,0.0007720119063425269,113034
2008,8732,0.016033571925176012,0,0.0002769254804268105,40546
2008,8741,0.19122088166200088,0,0.015926493480744555,2331875
2008,8742,0.02778121567589521,0,0.0016711420744544962,244680
2008,8743,0.01630302652525969,0,0.002668745867012619,390744
2008,8744,0.047303387098426755,0,0.003623560281213469,530543
2008,8745,0.06062853412272016,0,0.004655142869833433,681582
2008,8748,0.039302132514529936,0,0.02303598455182634,3372810
2008,8749,0.03752800870715905,0,0.010896081274304525,1595348
2008,8811,0.0053959590103753495,0,0.00016073507266720657,23534
2008,8812,0.01886303902910849,0,0.0001336886339928572,19574
2008,8813,0.3455136612155773,0,0.028460864968386502,4167093
2008,8821,0.03015695903183489,0,0.0053222405477727575,779255
2008,8822,0.02840395301828026,0,0.00313809036682641,459463
2008,8830,0.005079252778047128,0,3.7646457063892354e-05,5512
2008,8841,0.008409466612658434,0,0.0023306995331270324,341249
2008,8842,0.017523381730390652,0,0.0015200030235896784,222551
2008,8851,0.002289928920977695,0,0.0005240520689505436,76729
2008,8852,0.026979187253854175,0,0.001253172148304456,183483
2008,8921,0.09052831327205663,0,0.015021755957543787,2199408
2008,8922,0.012169254238475976,0,0.0007524920271174537,110176
2008,8924,0.039035175553726466,0,0.0006526319311938015,95555
2008,8928,0.1736398897973112,0,0.03855182293869869,5644559
2008,8931,0.5141855484350769,0,0.19140329584649282,28024283
2008,8932,0.06870730829235722,0,0.0018874043053091927,276344
2008,8933,0.008391469945858009,0,9.49562214367372e-05,13903
2008,8935,0.17057488119976807,0,0.004658585143846532,682086
2008,8939,0.20190711416116047,0,0.11998801460565033,17568026
2008,8941,0.0,0,0.0,0
2008,8942,0.03604062170720821,0,0.020040072395576678,2934164
2008,8946,0.8463822742856998,0,0.012160488622512846,1780476
2008,8947,10.156069281708392,1,1.7030027245736095,249344872
2008,8951,0.23913395513848382,0,0.0012875265893478847,188513
2008,8952,0.17182844389481386,0,0.029141438056301705,4266739
2008,8959,0.04865682262453545,0,0.002689454150361262,393776
2008,8960,4.55139420867407,1,0.5811561506211971,85089885
2008,8972,0.14304638813449078,0,0.006292968649375435,921384
2008,8973,3.007730298424522,1,1.4890192791155843,218014520
2008,8974,0.29379302582667877,0,0.011022175049760545,1613810
2008,8981,0.1821301659606316,0,0.002692425160670187,394211
2008,8982,0.24951377194653665,0,0.007747547976989963,1134356
2008,8983,0.011963734112645594,0,0.01089524119552752,1595225
2008,8989,1.4891350558913887,1,0.01790501559876953,2621560
2008,8991,27.482265064772857,1,0.2225699179574415,32587539
2008,8993,3.5261743281660567,1,0.16046197876559198,23494015
2008,8994,0.12137670216073733,0,0.0027380694408875297,400894
2008,8996,0.01902920293637812,0,0.006199241811514804,907661
2008,8997,0.10681700910333183,0,0.00781838779060874,1144728
2008,8998,0.0801408014131011,0,0.0034603527815765364,506647
2008,8999,0.09434630640930607,0,0.0022855811558839135,334643
2009,5111,0.003705331574926446,0,0.0006342326448907928,84786
2009,5112,0.3151574010666303,0,0.10625533950349121,14204512
2009,5113,1.2687822353344216,1,0.08869246017824797,11856657
2009,5114,0.007723480519267481,0,9.074465377739494e-05,12131
2009,5121,3.2040590854067346,1,0.63101018860798,84355213
2009,5122,0.040080429125538324,0,0.0006089040324359036,81400
2009,5123,0.00013957454666647167,0,7.428030764236516e-06,993
2009,5137,0.14118120342082113,0,0.022045318131587263,2947080
2009,5138,2.179313676791777,1,0.3065355451855494,40978532
2009,5139,0.0165291215919989,0,0.003010978077640912,402516
2009,5145,0.009410188042938406,0,0.0007165020128113096,95784
2009,5146,0.007295471548172173,0,0.0009439732993265846,126193
2009,5147,0.02497745386200975,0,0.0018689463991152433,249846
2009,5148,0.013513906041513653,0,0.001742984052651015,233007
2009,5154,0.0006580064347098665,0,5.1278097571844226e-05,6855
2009,5155,0.10344920822608557,0,0.025409931812832683,3396871
2009,5156,0.003250886707733151,0,0.0017259137946409567,230725
2009,5157,0.0003011526654777867,0,1.9905327153709332e-05,2661
2009,5161,0.0005297415237471379,0,7.157240518853471e-05,9568
2009,5162,0.0,0,0.0,0
2009,5163,0.0006745209490950439,0,1.1534766806095374e-05,1542
2009,5169,1.1608765363287121,1,0.1162732321118304,15543732
2009,5221,0.010874847871175647,0,0.0016649785090362532,222579
2009,5222,0.32160357150510505,0,0.02698771137461949,3607793
2009,5223,0.007264940191598057,0,6.071087379913752e-05,8116
2009,5224,0.34371691743555643,0,0.010706672282769582,1431298
2009,5225,0.050065528179273004,0,0.005400657110785155,721975
2009,5231,0.22547454072024983,0,0.024950583288019523,3335464
2009,5232,0.5408453098692418,0,0.0821109780681483,10976826
2009,5233,1.2126799550721878,1,0.03530032111364277,4719046
2009,5239,0.09194143572952847,0,0.007272266529993116,972177
2009,5241,0.014404444380359104,0,0.002023109829145606,270455
2009,5249,0.22473908934088777,0,0.0335013388351095,4478553
2009,5311,0.4643281824252345,0,0.04400363928655008,5882530
2009,5312,0.3589998272317041,0,0.0040558693659305525,542200
2009,5322,0.06023310990417137,0,0.0014921140952087186,199470
2009,5323,0.27980257715695817,0,0.0019158110645109549,256111
2009,5331,0.07526394140804644,0,0.01097955703833791,1467778
2009,5332,0.026576662802852764,0,0.001618629990793343,216383
2009,5334,0.39374577956591295,0,0.07761342138650262,10375580
2009,5335,0.1518552672837634,0,0.017966753251720462,2401846
2009,5411,0.004908895696512613,0,0.00030202088832431955,40375
2009,5413,0.019902366904493627,0,0.0026807336645699007,358368
2009,5414,0.005196966819981027,0,0.00016717183435967537,22348
2009,5415,0.000502320314847921,0,6.17880504658546e-05,8260
2009,5416,0.13478020932806617,0,0.035134533152084084,4696883
2009,5417,0.21405607207636604,0,0.6124521401701669,81874321
2009,5419,0.7438245241199326,0,0.1624926612037851,21722475
2009,5513,0.15009377054910397,0,0.0062083900029525855,829955
2009,5514,0.014610923107492419,0,0.002675130849824268,357619
2009,5530,0.15622113195355378,0,0.08653147173576257,11567770
2009,5541,2.0699104147585246,1,0.12157332281214789,16252263
2009,5542,0.0874463472468814,0,0.030069723269115573,4019805
2009,5543,0.11705613777045773,0,0.0022236367382059163,297262
2009,5621,0.01851781304052834,0,0.003935794089165673,526148
2009,5622,0.023537489542472187,0,0.00035599192756295646,47590
2009,5623,0.027937881813948403,0,0.0037296494045726933,498590
2009,5629,0.03240689188504949,0,0.004351771292356438,581757
2009,5721,0.010554577874778119,0,0.0001235985421122658,16523
2009,5722,0.0,0,0.0,0
2009,5723,0.0,0,0.0,0
2009,5821,0.0800726806752041,0,0.0034667883763196505,463450
2009,5822,0.27358257538379355,0,0.028813922285561434,3851926
2009,5823,2.867498830121096,1,1.1843968423374196,158333494
2009,5824,0.06440422513414805,0,0.007394122140415484,988467
2009,5825,0.38722216620129224,0,0.09205096237798847,12305631
2009,5826,0.1473476971182172,0,0.013736882452147506,1836385
2009,5827,0.024366231263728784,0,0.0018950230509220192,253332
2009,5828,0.0071012452201376424,0,1.9591150625916853e-05,2619
2009,5829,0.0861615923204756,0,0.01507054685183955,2014673
2009,5831,0.051833041516277316,0,0.021781746465949926,2911845
2009,5832,0.0795844403070386,0,0.023030822575730605,3078825
2009,5833,0.5485969541710475,0,0.09507468704618555,12709851
2009,5834,0.37004404281631165,0,0.11405501865892566,15247195
2009,5835,0.09956421574067018,0,0.0012500710021186878,167113
2009,5836,0.14930477857708055,0,0.02271634683219737,3036785
2009,5837,0.8689724550785554,0,0.041400903685201426,5534589
2009,5838,0.019058235362612395,0,0.00025832042938708923,34533
2009,5839,0.09184804361974978,0,0.03347051213341825,4474432
2009,5841,0.27016007550078586,0,0.016896503429401855,2258772
2009,5842,0.18827151964281819,0,0.0025940433840797327,346779
2009,5843,0.07962277223655041,0,0.004361959588329137,583119
2009,5849,0.23136576003648363,0,0.013124402791609584,1754507
2009,5851,0.04884666987682181,0,0.0006548112074612003,87537
2009,5852,0.6752906508822675,0,0.06180729751837865,8262573
2009,5911,0.04286857490500295,0,0.001776167078300716,237443
2009,5912,0.010058760018164139,0,0.0007550784021881149,100941
2009,5913,0.01654009286012219,0,0.0015893218089864164,212465
2009,5914,0.0789305303855981,0,0.001945642873864203,260099
2009,5921,0.7066269046009841,0,0.021924898756720514,2930982
2009,5922,0.3369348060853008,0,0.04956340436748157,6625775
2009,5981,0.1903845462318102,0,0.009341837083284413,1248843
2009,5982,0.012979077970894131,0,0.0011527585628317261,154104
2009,5983,3.309052357104938,1,0.1826031830321105,24410906
2009,5989,0.1092512059533854,0,0.06960013211374336,9304341
2009,6112,2.127952776745936,1,0.0045982352980161205,614705
2009,6113,6.202220330251885,1,0.14895934270046657,19913303
2009,6114,7.3575776161703335,1,0.5724921323257506,76532355
2009,6115,22.68883889326145,1,0.23754377103551502,31755518
2009,6116,62.31531761036893,1,1.0657003367451519,142465812
2009,6118,6.399310002401145,1,0.04635713565624356,6197152
2009,6121,2.2567937944502927,1,0.016509946613920804,2207096
2009,6122,4.791314817605178,1,0.046123702496093745,6165946
2009,6123,0.27649977740444187,0,0.018018584898412703,2408775
2009,6129,2.2196153694951857,1,0.02969724455423703,3970011
2009,6130,0.35901871325486573,0,0.0040748695654684785,544740
2009,6210,0.030887384307931295,0,0.0033900245780290215,453188
2009,6251,0.008491511784088947,0,0.002822950906150631,377380
2009,6252,0.02791574343974584,0,0.00510574259630376,682550
2009,6253,0.15143181974333628,0,0.0008076880098063177,107974
2009,6254,0.135730213239185,0,0.0025105995943767536,335624
2009,6259,0.14199046016564432,0,0.013743442757263552,1837262
2009,6281,0.033464688672592,0,0.000492247295509148,65805
2009,6282,0.017973131917578322,0,0.0008136947658019692,108777
2009,6289,0.07237869703704605,0,0.007851623008029489,1049627
2009,6330,0.0018768336090638678,0,3.6205104631324e-05,4840
2009,6341,0.0,0,0.0,0
2009,6342,0.19508546976914248,0,0.017876412539193084,2389769
2009,6343,0.028204850068154715,0,0.0017312772367939855,231442
2009,6344,0.3040734829916946,0,0.007727418554042194,1033023
2009,6349,0.5481483487530655,0,0.00950622621125507,1270819
2009,6351,0.40162004919849326,0,0.004366859246083996,583774
2009,6353,0.30606210645948123,0,0.04225852332174619,5649238
2009,6354,0.10219092044014495,0,0.0017747532839256497,237254
2009,6359,0.4363410874431212,0,0.030240261280558744,4042603
2009,6411,0.011682272876864972,0,0.003082827257389645,412121
2009,6412,0.0778170759142337,0,0.023806509462063204,3182521
2009,6413,0.032208259631917015,0,0.0036674125304957065,490270
2009,6415,0.15723039329685387,0,0.01556099885290417,2080238
2009,6416,0.9239035915346683,0,0.0766494155933325,10246709
2009,6417,0.3722449884956876,0,0.009627640478459827,1287050
2009,6418,0.04118014908090175,0,0.011038607264775858,1475672
2009,6419,0.05949077172496165,0,0.0010783810100736158,144161
2009,6421,0.22020537350961042,0,0.039010760867659006,5215068
2009,6422,0.24215051746216223,0,0.0028379116931883676,379380
2009,6423,0.07041058429492203,0,0.0029239212578683186,390878
2009,6424,0.1906901545429826,0,0.01511624457584632,2020782
2009,6428,0.22481135945361735,0,0.03726638546181348,4981875
2009,6511,0.11310506873885308,0,0.00018421965118917691,24627
2009,6512,0.13229626396991992,0,0.0052456035139260455,701247
2009,6513,95.86619388840332,1,9.633503229399846,1287833749
2009,6514,0.818461592114071,0,0.1421168921016741,18998585
2009,6515,0.7683626750009926,0,0.0046521240529260495,621909
2009,6516,1.2135149027535437,1,0.03843073863459946,5137529
2009,6517,0.6753825697056917,0,0.011395638967037937,1523401
2009,6518,0.40856514569344515,0,0.00017799596378147823,23795
2009,6519,0.12130672893199182,0,0.004305841676150585,575617
2009,6521,85.19084275182774,1,4.395171630425297,587558879
2009,6522,37.49261796102323,1,7.747954814987251,1035768345
2009,6531,7.408998219547003,1,2.0131612723047936,269125049
2009,6532,10.668105176971684,1,0.281376311281108,37615175
2009,6534,23.742265723066666,1,1.8471581970696864,246933292
2009,6535,2.519885660217246,1,0.03520190157611502,4705889
2009,6536,1.2388587254646501,1,0.013627077755684034,1821706
2009,6538,5.592126655528726,1,0.058534961971581985,7825118
2009,6539,4.552773071423492,1,0.11112994542045544,14856163
2009,6541,0.5025864422000599,0,0.011111301728992225,1485390
2009,6542,0.7162475166838305,0,0.017960955946743337,2401071
2009,6543,2.7920150722897574,1,0.048477333512870556,6480586
2009,6544,1.0065247349201711,1,0.009136432957649801,1221384
2009,6545,16.35251563925361,1,0.04054144387185101,5419694
2009,6546,0.002007930176214552,0,3.7768506876767536e-05,5049
2009,6549,15.470300386712983,1,0.012345402090948126,1650368
2009,6551,2.1253574804460778,1,0.43385958508398487,57999567
2009,6552,1.242156575122082,1,0.0818186442894309,10937746
2009,6553,0.7484852477698802,0,0.0015195895806035232,203143
2009,6560,0.8455002982424459,0,0.04738308658814342,6334304
2009,6571,3.2403477076531657,1,0.06401245768459296,8557365
2009,6572,0.8061125585287419,0,0.10395566456516599,13897085
2009,6573,0.6327341244026132,0,0.09541391541187272,12755200
2009,6574,17.654985612673794,1,0.09664990083299536,12920430
2009,6575,0.27436388833689035,0,0.009042703626858379,1208854
2009,6576,1.106017999051157,1,0.0006406209009559065,85640
2009,6577,2.03747328129145,1,0.15147832033558445,20250047
2009,6579,0.20225482536769168,0,0.00012368830683449225,16535
2009,6581,3.1444812985352866,1,0.07049808603214185,9424382
2009,6582,11.570938563246187,1,0.36662062422368535,49010874
2009,6583,5.790271800552236,1,0.18797936429530193,25129609
2009,6584,81.96747841971431,1,18.288965756819245,2444920272
2009,6589,10.305862316475872,1,0.4751580372995519,63520460
2009,6591,0.03242698581587569,0,0.0005022485816438753,67142
2009,6592,63.86993290720253,1,1.0086229219703278,134835543
2009,6593,15.066401892695346,1,0.013662699389620886,1826468
2009,6594,0.47567336640501473,0,0.015067120831607907,2014215
2009,6595,0.14217527865756954,0,0.00930443511569007,1243843
2009,6596,0.10533582606768843,0,0.001206961494269448,161350
2009,6597,0.05758819239071992,0,0.0001438255261872865,19227
2009,6611,0.020587747375871674,0,0.00016037963704454268,21440
2009,6612,36.22635783269036,1,4.008580143320284,535878244
2009,6613,0.5116201652170499,0,0.07854935326279643,10500698
2009,6618,0.09973800508751439,0,0.00458898205123328,613468
2009,6623,0.05722021251115825,0,0.003387698175644653,452877
2009,6624,0.049711486135984424,0,0.008202535748393133,1096538
2009,6631,0.043452350194839055,0,0.0012255502721638366,163835
2009,6632,0.03006154498332833,0,0.0009342413073585367,124892
2009,6633,1.0272414845553486,1,0.10805823402783483,14445528
2009,6635,0.04470021962219189,0,0.0014261071027982224,190646
2009,6637,0.009112181580089055,0,0.00014359363398820158,19196
2009,6638,0.023193652764324526,0,0.0003317629329553411,44351
2009,6639,0.2818057578636927,0,0.017450045069404615,2332771
2009,6641,0.016450198972683197,0,0.00028572111084670487,38196
2009,6642,0.012124204345618004,0,0.0020134227195386712,269160
2009,6643,0.9293624656072987,0,0.011655335788832499,1558118
2009,6644,0.6205575937063744,0,0.047971195126596866,6412924
2009,6645,0.014456770433777513,0,5.8459275349958075e-05,7815
2009,6646,0.0,0,0.0,0
2009,6647,0.001215565495916009,0,9.800063549069748e-05,13101
2009,6648,0.04099475955264175,0,0.0015674416579437255,209540
2009,6649,0.11286255861022775,0,0.010831707060437472,1448013
2009,6651,0.6913543292966615,0,0.06338021482437818,8472845
2009,6652,0.19445899851447437,0,0.01610514511864723,2152981
2009,6658,0.09863042935779817,0,0.003950380856527468,528098
2009,6664,0.22310396244117398,0,0.00837716553509112,1119883
2009,6665,0.2196042271968123,0,0.003280174999204436,438503
2009,6666,0.04495278957613689,0,0.0012635207496656134,168911
2009,6671,0.0,0,0.0,0
2009,6672,0.04887787007318401,0,0.04131621815017431,5523268
2009,6673,0.6949400706402239,0,0.02356237185878789,3149884
2009,6674,0.14254017353549336,0,0.0008701118937212761,116319
2009,6712,0.0,0,0.0,0
2009,6713,0.6128810483505125,0,0.015273661977057389,2041826
2009,6716,0.0014649984773595845,0,0.00022830161019586954,30520
2009,6724,0.04779464205509517,0,0.0006954521854492133,92970
2009,6725,0.002553121270504564,0,0.0006567112274149929,87791
2009,6727,0.051239827433925085,0,0.02381332410055889,3183432
2009,6731,0.0042452843300888644,0,0.000605814629912611,80987
2009,6732,0.016309855762196238,0,0.004491534964862979,600441
2009,6733,0.19359808962311603,0,0.028021890739390112,3746045
2009,6741,0.001494367118605747,0,2.621129889011556e-05,3504
2009,6744,0.001852072125952827,0,0.0003244396277003687,43372
2009,6745,0.0023158102010565843,0,0.00015517328315541016,20744
2009,6746,0.002174831487498928,0,0.0005966586282455159,79763
2009,6747,0.02038414463594254,0,0.0013013565800840507,173969
2009,6749,0.03348897589109905,0,0.009261976402076972,1238167
2009,6750,0.009712431639368862,0,0.0014433643706462521,192953
2009,6760,1.2946418311033585,1,0.05664228028383138,7572099
2009,6770,0.0282427610806385,0,0.002526876930673812,337800
2009,6781,0.36102657385690823,0,0.012833497768054302,1715618
2009,6782,0.36146014429046985,0,0.09317388165107343,12455746
2009,6783,1.3585357966174205,1,0.31886621838165885,42626931
2009,6784,0.20349194089846398,0,0.018608451329343086,2487630
2009,6785,0.08657082738046862,0,0.012736065642471038,1702593
2009,6793,0.09582494284016045,0,0.006915489161110677,924482
2009,6794,0.07535617442256966,0,0.007854076577103677,1049955
2009,6911,0.7453365013363032,0,0.36267518042688035,48483436
2009,6912,0.028660660538723105,0,0.0026251169387571127,350933
2009,6921,0.0974305129883038,0,0.002396897612889951,320424
2009,6924,0.433034441589933,0,0.06632722805703925,8866810
2009,6931,0.054820504101419934,0,0.0043721254431212785,584478
2009,6932,0.1761413401650427,0,0.00043248643168690675,57816
2009,6935,0.043913671603015056,0,0.0018452784340215428,246682
2009,6940,0.09293973061789801,0,0.023582269705548078,3152544
2009,6951,1.114712244998339,1,0.014213824862517049,1900144
2009,6953,0.3944320653936179,0,0.04638504500446245,6200883
2009,6954,0.18143715058875418,0,0.040852792810893365,5461316
2009,6960,4.667650455473096,1,0.3914688682479733,52332657
2009,6973,0.10173497852902891,0,0.016853461245094285,2253018
2009,6974,2.2925634590843518,1,0.265760069722067,35527552
2009,6975,1.3021166848159502,1,0.017506005893319267,2340252
2009,6978,0.0116965807889222,0,0.00013618804440452165,18206
2009,6991,0.01013043644115964,0,0.003107931458038968,415477
2009,6992,0.12629721165323846,0,0.00466626947707023,623800
2009,6993,0.0816435688887494,0,0.0021462520672532208,286917
2009,6994,0.10204270389113711,0,0.00702939311322249,939709
2009,6996,0.04266277458486247,0,0.004503196898358894,602000
2009,6997,0.07220658490609516,0,0.022455019284615695,3001850
2009,6998,0.07500427791594645,0,0.014777756769117514,1975532
2009,6999,0.013720600968081613,0,0.0008853868572868058,118361
2009,7111,0.3942453409071501,0,0.010555321480702314,1411065
2009,7112,0.012141530697619722,0,0.00018785512243934706,25113
2009,7119,0.1035265045605561,0,0.0063184265916151425,844665
2009,7126,2.1217318749884404,1,0.04909813137100146,6563576
2009,7129,0.09799904364139787,0,0.008234267577700172,1100780
2009,7131,6.694296254668287,1,0.1886723404704964,25222248
2009,7132,0.009634499854265628,0,0.004847811147379652,648069
2009,7133,0.01269843510647619,0,0.0011848419706341536,158393
2009,7138,0.05735137089088229,0,0.004043287344031816,540518
2009,7139,0.016956356839577046,0,0.007861699098099403,1050974
2009,7144,0.00672220072770912,0,0.0014383824285626858,192287
2009,7148,1.194761293643931,1,0.15830482273539467,21162633
2009,7149,0.06946865881084263,0,0.03554341894221896,4751544
2009,7161,0.11362481280286775,0,0.022878087900862345,3058407
2009,7162,0.06223264061290013,0,0.023934618681467346,3199647
2009,7163,2.490535340198539,1,0.006705574358184187,896420
2009,7169,0.018247960771171884,0,0.0037296494045726933,498590
2009,7187,0.0,0,0.0,0
2009,7188,0.0597724412032129,0,0.006021612057179955,804986
2009,7211,0.361163471231644,0,0.022034396757049712,2945620
2009,7212,0.16106928107134352,0,0.02717235740823924,3632477
2009,7213,0.00340722577274831,0,5.04028915301366e-05,6738
2009,7219,0.39498599284431607,0,0.019470948182462155,2602931
2009,7223,0.019981221713865016,0,0.0002827065122586008,37793
2009,7224,0.9590676992493213,0,0.15883568382224822,21233600
2009,7233,0.21115327795168418,0,0.013702517524321825,1831791
2009,7234,0.4685681757062758,0,0.1313982736304549,17565690
2009,7239,0.4961367459589995,0,0.201642340459483,26956114
2009,7243,0.0686008896224623,0,0.002224422179525398,297367
2009,7244,0.41769536725168704,0,0.01301500203639613,1739882
2009,7245,0.549367937915585,0,0.023088541292122195,3086541
2009,7246,0.3871524946421311,0,0.008605175409939754,1150364
2009,7247,0.19570645553539345,0,0.015081827285266006,2016181
2009,7248,1.7122448146613158,1,0.010738643484669227,1435572
2009,7251,0.0017409050442339408,0,4.198744882140943e-05,5613
2009,7252,0.09970301716205739,0,0.003063984146115615,409602
2009,7259,0.01718075491007268,0,0.0007680120025822387,102670
2009,7263,0.16264226508387555,0,0.0035892274574364923,479818
2009,7264,0.0193673548106736,0,0.0010590965555819724,141583
2009,7267,0.11458071798862586,0,0.002717679328159593,363307
2009,7268,0.1890614560779791,0,0.002496858111482592,333787
2009,7269,0.01046095646928056,0,0.0001606863331788163,21481
2009,7271,0.35257131895766525,0,0.003670262560426395,490651
2009,7272,1.1312930975554398,1,0.12369776205190007,16536264
2009,7281,0.02965903979789394,0,0.004325814326845963,578287
2009,7283,0.05815622477424086,0,0.010162443732697818,1358544
2009,7284,0.07106168475123638,0,0.05227259344899724,6987947
2009,7361,0.1066919499317581,0,0.017021328756051217,2275459
2009,7362,0.033664147196132324,0,0.0023227818739050008,310516
2009,7367,0.01860972536359867,0,0.0015102316083114185,201892
2009,7368,0.09541855565540609,0,0.0068074049551565445,910033
2009,7369,0.33438856212507484,0,0.052479351525858774,7015587
2009,7371,0.027051989529249407,0,0.0009098926264546193,121637
2009,7372,0.01896495866700173,0,0.0016536157912810919,221060
2009,7373,0.016324647159597163,0,0.0019295151454375222,257943
2009,7411,0.11736786011378528,0,8.190282863809225e-05,10949
2009,7412,0.05153662606116796,0,0.0014575397163645082,194848
2009,7413,0.12005478926361929,0,0.012205324241913795,1631642
2009,7414,0.039297487604972654,0,0.00718390064135472,960364
2009,7415,0.10690599429139445,0,0.031877285559014985,4261445
2009,7416,0.11894171210285247,0,0.03089245435028834,4129790
2009,7421,0.013684485157562968,0,0.0013897748314770776,185789
2009,7422,0.04432895894718024,0,0.005409117435854994,723106
2009,7423,0.012041011896139289,0,0.0007790680242031265,104148
2009,7428,0.3512240702887361,0,0.024860437065723637,3323413
2009,7429,0.042584264643061864,0,0.005092120799705901,680729
2009,7431,0.09296056668494587,0,0.02891338159778831,3865222
2009,7432,0.18202766120795608,0,0.014905043145234581,1992548
2009,7433,0.09005805883174595,0,3.0362917293087627e-05,4059
2009,7434,2.103776108728251,1,0.16815678525469832,22479671
2009,7435,0.07854181325383146,0,0.005209316124966014,696396
2009,7436,0.7875431737829797,0,0.269542560626457,36033206
2009,7439,0.044003290975980824,0,0.0058750262657842065,785390
2009,7441,0.2537889866162298,0,0.07300661355751388,9759729
2009,7442,0.08698806521282415,0,0.03122432948914646,4174156
2009,7449,0.06193504873149,0,0.01412865310191121,1888758
2009,7451,0.15099072375426328,0,0.01482485332671231,1981828
2009,7452,0.05884009244492915,0,0.024916315605309585,3330883
2009,7491,0.027611840271031113,0,0.006539524582852341,874222
2009,7492,0.032585099589661964,0,0.02047288705116645,2736873
2009,7493,0.0225650824730413,0,0.009209718372954156,1231181
2009,7499,0.01664783688002434,0,0.002851533489786228,381201
2009,7511,0.0,0,0.0,0
2009,7512,0.012955156365491648,0,0.0009099898715703646,121650
2009,7518,0.010880071566462202,0,0.005148283594245566,688237
2009,7521,0.0,0,0.0,0
2009,7522,0.001950019905530999,0,0.00024126513216406883,32253
2009,7523,0.004191958433513017,0,0.005139441769106263,687055
2009,7524,0.0024410729770220755,0,0.0002743658734850624,36678
2009,7525,0.005264775793163674,0,0.010055683556396524,1344272
2009,7528,0.014105735989659297,0,0.002049762471253335,274018
2009,7591,0.056009088833412,0,0.014991471611951591,2004102
2009,7599,0.024180396062548435,0,0.03463242669791707,4629760
2009,7611,0.007247777730582847,0,0.007282798924067682,973585
2009,7621,0.019621091448140508,0,0.0013555595115217725,181215
2009,7622,0.0,0,0.0,0
2009,7628,0.0020256350049057967,0,9.06548890551685e-05,12119
2009,7631,0.0,0,0.0,0
2009,7638,0.02478936643339338,0,0.013129953243600582,1755249
2009,7641,0.03914989847851663,0,0.03362928348585623,4495657
2009,7642,0.0033840835637084146,0,0.0006212242405614803,83047
2009,7643,0.05296074479097168,0,0.02925549739537377,3910957
2009,7648,0.020070365668788833,0,0.011729144831683176,1567985
2009,7649,0.08336770004213084,0,0.08860594194680874,11845091
2009,7711,0.25702747223650557,0,0.05940143091365958,7940950
2009,7712,0.04065032883514634,0,0.01936703055569803,2589039
2009,7721,0.057727073634173835,0,0.07596909624397197,10155762
2009,7722,0.0022165156614368958,0,0.0006735047108648529,90036
2009,7723,0.0476483867037636,0,0.003021734883521045,403954
2009,7731,0.02793881006045437,0,0.016767264670576362,2241495
2009,7732,0.08273787405663273,0,0.0049103547175909125,656430
2009,7741,0.37747593161843646,0,0.07581822418708992,10135593
2009,7742,0.08285562925522177,0,0.01647196117563199,2202018
2009,7751,0.1216115993310246,0,0.013967435660792555,1867206
2009,7752,0.2765256985166868,0,0.04693365706513628,6274223
2009,7753,0.00040965340559775444,0,1.4773777199765476e-05,1975
2009,7754,0.01647302445201162,0,0.00040908776075988573,54688
2009,7757,0.3389204253649663,0,0.0724220582059819,9681584
2009,7758,0.054406026860304824,0,0.017963731172738837,2401442
2009,7761,0.0,0,0.0,0
2009,7762,0.0,0,0.0,0
2009,7763,0.0005918825682050445,0,0.00042339027316796253,56600
2009,7764,0.026047979327622386,0,0.04347360104298361,5811673
2009,7768,0.013458383662680791,0,0.005181900482719361,692731
2009,7781,0.05284205596835808,0,0.022114309801011783,2956303
2009,7782,0.006909132080764551,0,0.0006041165805838278,80760
2009,7783,0.005951767036374181,0,0.0021746850430184404,290718
2009,7784,0.0016054068600157123,0,8.686232954110213e-05,11612
2009,7788,0.01125592741401305,0,0.01409342792883086,1884049
2009,7810,0.024392444646887543,0,0.10081370479700967,13477059
2009,7821,0.021363219507336335,0,0.029131891372867983,3894433
2009,7822,0.2266859837102519,0,0.031029218384993815,4148073
2009,7831,0.047333325914711094,0,0.006655650211839258,889746
2009,7832,0.06039177073656346,0,0.008628753610311226,1153516
2009,7841,0.017956821205675308,0,0.0005866498617172697,78425
2009,7842,0.021765210945913036,0,0.001175304468897596,157118
2009,7849,0.030116089596499203,0,0.07797865160006139,10424405
2009,7851,0.25697768394332116,0,0.04424453787943172,5914734
2009,7852,0.019330809523179518,0,0.0015647636770639707,209182
2009,7853,0.035206742536468265,0,0.005127398335540885,685445
2009,7861,0.13991488391947735,0,0.016764841023076252,2241171
2009,7868,0.017171406432393795,0,0.001270604682327982,169858
2009,7912,0.0,0,0.0,0
2009,7913,0.0,0,0.0,0
2009,7914,0.0,0,0.0,0
2009,7915,0.0,0,0.0,0
2009,7919,0.0,0,0.0,0
2009,7921,0.09646426574186497,0,0.007264322352076077,971115
2009,7922,0.0,0,0.0,0
2009,7923,0.10103857158621476,0,0.01515960093668168,2026578
2009,7924,0.0014568632865171376,0,0.001284555616240672,171723
2009,7928,0.095726076595045,0,0.0011616677115126985,155295
2009,7929,0.06089260798011541,0,0.031567806718352354,4220073
2009,7931,0.07224550133257635,0,0.09417074881297194,12589010
2009,7932,0.000661337434834585,0,7.917996539722408e-05,10585
2009,7933,0.003743394144922003,0,6.299987421591132e-05,8422
2009,7938,0.22110911361033053,0,0.05927697212629264,7924312
2009,8121,0.04835774859275565,0,0.005251011838440188,701970
2009,8122,1.210800221528527,1,0.05077161508746867,6787292
2009,8124,0.07751219244512846,0,0.013140979343647398,1756723
2009,8211,0.027107633383779424,0,0.012682887524945402,1695484
2009,8212,3.677148607429431,1,0.538414526415128,71976765
2009,8219,0.0857383028285504,0,0.051581711783988064,6895588
2009,8310,0.3024027260058972,0,0.09295969554344767,12427113
2009,8421,0.4750112773289546,0,0.034049344983908304,4551812
2009,8422,3.254409176282155,1,0.16623106266877488,22222235
2009,8423,15.676849342073671,1,4.532305046962734,605891259
2009,8424,6.005327925266566,1,0.3160218959912248,42246694
2009,8429,4.510536847882051,1,0.5957106230140826,79636268
2009,8431,0.5093226250585362,0,0.0863594226848286,11544770
2009,8432,5.031084201954925,1,0.10796333775565446,14432842
2009,8433,0.6600506710571663,0,0.06539308399479646,8741931
2009,8434,2.7715555779837056,1,0.13828806015943473,18486736
2009,8435,0.8543976169220538,0,0.09070889001598123,12126219
2009,8439,5.652102973299509,1,2.12501577612188,284078073
2009,8441,0.7508850632611649,0,0.0938986120967555,12552630
2009,8442,27.604711974113332,1,0.4514317400971915,60348662
2009,8443,6.157642122483869,1,0.14405396992495922,19257539
2009,8451,0.7933416830967739,0,0.3787399463813127,50631019
2009,8452,3.0984321237806105,1,0.7949700915985234,106273833
2009,8459,9.959563143076597,1,3.1760870588406758,424588232
2009,8461,7.009266553731817,1,0.04538184942964699,6066773
2009,8462,12.508032903869163,1,4.233477508710045,565943155
2009,8463,11.818313589901923,1,2.520000309637425,336880714
2009,8464,13.066267744443628,1,0.33128177908342044,44286678
2009,8465,0.06602013932182871,0,0.005437288597847054,726872
2009,8471,0.323704743368735,0,0.014932802885583104,1996259
2009,8472,12.63326081302255,1,1.2026335255892684,160771425
2009,8481,43.20814007347053,1,3.5320055813020312,472168419
2009,8482,0.3888305417190777,0,0.028363288419197753,3791684
2009,8483,0.4433815806834769,0,0.009855485784651046,1317509
2009,8484,0.23452765778408183,0,0.01194054823291992,1596246
2009,8510,1.0043705665921225,1,0.8222855264935981,109925437
2009,8710,0.005216336832430732,0,0.004767135103278654,637284
2009,8720,2.37176958725047,1,1.7713674109660238,236801367
2009,8731,0.02919006900267933,0,0.001175139900240181,157096
2009,8732,0.007992783074354477,0,0.00013362226942754973,17863
2009,8741,0.19682075054274595,0,0.01604106058737108,2144414
2009,8742,0.03646436290044275,0,0.0019741431731710923,263909
2009,8743,0.055020570493398493,0,0.008800555808259083,1176483
2009,8744,0.04220618716372435,0,0.0037236052466094473,497782
2009,8745,0.15710706421371567,0,0.012723453698998227,1700907
2009,8748,0.04009021167061289,0,0.02320281926390995,3101818
2009,8749,0.052785290721076725,0,0.015333190948680546,2049784
2009,8811,0.003318891402756446,0,0.00010622158796793406,14200
2009,8812,0.0,0,0.0,0
2009,8813,0.021485069958554606,0,0.0014479573322668375,193567
2009,8821,0.03370604322271905,0,0.005954423162593478,796004
2009,8822,0.1337850437065202,0,0.015467950237922962,2067799
2009,8830,0.0030904818049259926,0,2.5822318427134393e-05,3452
2009,8841,0.006018152881116174,0,0.0017387127479517408,232436
2009,8842,0.024412471139313004,0,0.0023491577414525315,314042
2009,8851,0.00216673952626309,0,0.0005032808759494791,67280
2009,8852,0.01594522283466262,0,0.0007161653951029605,95739
2009,8921,0.11157893148344934,0,0.019763349284721208,2642020
2009,8922,0.009220136677094757,0,0.0005991645600743367,80098
2009,8924,0.07418880632605765,0,0.0013446231761971867,179753
2009,8928,0.3946730466004644,0,0.09345198024092442,12492923
2009,8931,0.5665040367974231,0,0.21920881037361528,29304449
2009,8932,0.1415738404265849,0,0.003938703962244514,526537
2009,8933,0.0031333808611471417,0,3.0340476112531027e-05,4056
2009,8935,0.21238352819534873,0,0.006872798555298495,918775
2009,8939,0.30726006172683196,0,0.2012643561749746,26905584
2009,8941,0.003458121384340711,0,6.12868641000904e-05,8193
2009,8942,0.01846056909016287,0,0.010282257195689537,1374561
2009,8946,1.5785078250724895,1,0.027715082399213716,3705030
2009,8947,8.81415626202502,1,1.5528059987298926,207583464
2009,8951,0.00502307744129831,0,2.4595533890039946e-05,3288
2009,8952,0.1879745809167181,0,0.0304152351653586,4065994
2009,8959,0.03780186146526596,0,0.0023398371711280215,312796
2009,8960,0.008974808040120642,0,0.001018305969723582,136130
2009,8972,0.05840592282945986,0,0.0027059799926960823,361743
2009,8973,5.396719040500302,1,3.277502127433454,438145683
2009,8974,0.7367950855217269,0,0.025224455455532337,3372076
2009,8981,0.14399775644264326,0,0.0020809856338010924,278192
2009,8982,0.17566897638003026,0,0.00545701439555631,729509
2009,8983,0.0066577675038274635,0,0.006685646589849921,893756
2009,8989,1.6382028683618384,1,0.020284096879537247,2711635
2009,8991,13.634485544764914,1,0.12031591354398719,16084169
2009,8993,2.728418504057842,1,0.13436606739631138,17962433
2009,8994,0.1532922016632371,0,0.0045676778904915425,610620
2009,8996,0.016962719449231615,0,0.006752356739251191,902674
2009,8997,0.10365716627654667,0,0.007932845120857363,1060485
2009,8998,0.0438992872154286,0,0.0019981402755796227,267117
2009,8999,0.07068415047793056,0,0.0017606452617490637,235368
2010,5111,0.005760129481678956,0,0.00126304774589659,195914
2010,5112,0.17357412804569064,0,0.0673548444916515,10447552
2010,5113,1.407289044218321,1,0.11664607027019819,18093218
2010,5114,0.00532779065529515,0,6.145877355182473e-05,9533
2010,5121,3.1883260199240446,1,0.7421893011896648,115122548
2010,5122,0.0006335468728061431,0,1.0379589365198555e-05,1610
2010,5123,0.0019330377553242084,0,0.00013713307166903012,21271
2010,5137,0.019043810680269422,0,0.0031780819837757238,492959
2010,5138,0.9159449007270767,0,0.14316043474390175,22205917
2010,5139,0.015008552870891916,0,0.0027635624450091574,428662
2010,5145,0.0024124273405092406,0,0.0001837703073633446,28505
2010,5146,0.006679938447269718,0,0.000730220229216509,113266
2010,5147,0.004501211575989461,0,0.0003121935496954907,48425
2010,5148,0.037895702349085354,0,0.0052692017647180045,817317
2010,5154,0.0007757647807482455,0,5.45089615420831e-05,8455
2010,5155,0.08250801921082375,0,0.021467202111051895,3329823
2010,5156,0.0022336651978580556,0,0.0009347948439596646,144998
2010,5157,0.0009018375296791684,0,3.68056370719991e-05,5709
2010,5161,0.0004501203195471477,0,6.605544884212696e-05,10246
2010,5162,0.0,0,0.0,0
2010,5163,0.0,0,0.0,0
2010,5169,1.395465071962041,1,0.13547024855882547,21013076
2010,5221,0.021936039100161463,0,0.00392835222723184,609335
2010,5222,0.4062624777781934,0,0.0353846648409535,5488590
2010,5223,0.020258898440414355,0,0.0001597167372257323,24774
2010,5224,0.11064360941551378,0,0.00408831394855439,634147
2010,5225,0.011836811277107723,0,0.0015233046670665902,236283
2010,5231,0.25580842332791903,0,0.029654493263322187,4599771
2010,5232,0.7338596662860285,0,0.10934052201102655,16960039
2010,5233,0.00250347560750826,0,8.571219913684148e-05,13295
2010,5239,0.16925185778378998,0,0.015384388819950396,2386305
2010,5241,0.016182725086798203,0,0.002053604979379492,318539
2010,5249,0.24922511714886741,0,0.034582883467666366,5364224
2010,5311,0.3559826766498607,0,0.035815482269108405,5555415
2010,5312,0.18114404133607895,0,0.0024379463455879873,378155
2010,5322,0.04857105593528366,0,0.0012962173032158113,201059
2010,5323,0.11968202963888033,0,0.0009311136355574731,144427
2010,5331,0.11564648225113203,0,0.01750878130941056,2715824
2010,5332,0.07766185575860476,0,0.004396935887996266,682018
2010,5334,0.5970146249900429,0,0.11568137447252684,17943582
2010,5335,0.04918794487235821,0,0.00611961248122358,949226
2010,5411,0.00015939484555747193,0,9.444781627339058e-06,1465
2010,5413,0.008215174006224889,0,0.0009376508427725733,145441
2010,5414,0.002518369939031083,0,5.1098525036375e-05,7926
2010,5415,0.001394320299997118,0,0.00010705805030961938,16606
2010,5416,0.08201933172975466,0,0.019603885305401098,3040800
2010,5417,0.17845788382045152,0,0.41200651768920316,63907200
2010,5419,0.5268969629343897,0,0.1059108478067683,16428055
2010,5513,0.14352206883882074,0,0.005919267065625499,918150
2010,5514,0.02535373691103881,0,0.004495690266813727,697336
2010,5530,0.09496957642488948,0,0.05066135736255257,7858190
2010,5541,1.3573932419448431,1,0.0704910857704706,10934021
2010,5542,0.05036943794852838,0,0.01617348904275222,2508704
2010,5543,0.06628857621576557,0,0.0012782045251497462,198265
2010,5621,0.014872135186331225,0,0.0032884537663423067,510079
2010,5622,0.02064576015830894,0,0.0004044816377469301,62740
2010,5623,0.013322113036336918,0,0.0020684265172370023,320838
2010,5629,0.023821903462996993,0,0.003843368533435537,596153
2010,5721,3.8282315064555412,1,0.045576828478186185,7069518
2010,5722,0.0,0,0.0,0
2010,5723,0.020213643241668383,0,0.0001825324929794203,28313
2010,5821,0.04029970003417151,0,0.0018963380831219436,294145
2010,5822,0.21074459896723874,0,0.02236348287621175,3468847
2010,5823,3.0455466426597204,1,1.320522310847108,204829001
2010,5824,0.0428664311524033,0,0.005895522949083868,914467
2010,5825,0.2460304118301493,0,0.055811342129418864,8657015
2010,5826,0.11036009415285844,0,0.01107379048523285,1717679
2010,5827,0.015811915030214802,0,0.0012310644273619625,190953
2010,5828,0.003585475582413661,0,9.709106573906226e-06,1506
2010,5829,0.07289672208814704,0,0.01274050755318692,1976207
2010,5831,0.548387053142058,0,0.24468804643124586,37954079
2010,5832,0.06225675597120854,0,0.02026535526071048,3143402
2010,5833,0.7141647945171186,0,0.14743859202664059,22869511
2010,5834,0.37013264089820586,0,0.11552892344785676,17919935
2010,5835,0.14001738926401067,0,0.0016868831272921696,261656
2010,5836,0.17091403512665063,0,0.027206657296562638,4220082
2010,5837,0.5117757736521654,0,0.023659861353175465,3669931
2010,5838,0.008348284037872819,0,0.00011104226535787571,17224
2010,5839,0.11527908941177809,0,0.04273316912741726,6628432
2010,5841,0.2232177583072894,0,0.013399701735175854,2078456
2010,5842,0.1442455809727846,0,0.0020089276164597246,311609
2010,5843,0.061032950395143094,0,0.0032247579011695352,500199
2010,5849,0.18281973834423382,0,0.01018514935572378,1579840
2010,5851,0.030196100140213487,0,0.0005128226310898876,79545
2010,5852,0.7716562729146927,0,0.06857337604837621,10636561
2010,5911,0.38634725887655263,0,0.014891126234906477,2309794
2010,5912,0.10057574374642546,0,0.006917061504166978,1072920
2010,5913,0.15885716310527792,0,0.01308898453701119,2030260
2010,5914,0.0704156622569315,0,0.0016960958187225228,263085
2010,5921,0.8054479428874685,0,0.027411908841047005,4251919
2010,5922,0.32711504200120395,0,0.04625864500743132,7175276
2010,5981,0.2042630662282787,0,0.009677368239468416,1501077
2010,5982,0.016138734110459237,0,0.0014450967176322896,224152
2010,5983,4.2184806407700535,1,0.2655891612109996,41196095
2010,5989,0.10928417635467418,0,0.069112463553425,10720180
2010,6112,2.831342585318758,1,0.005249138856578565,814205
2010,6113,7.674534369166225,1,0.21302400664427196,33042603
2010,6114,9.860062929346947,1,0.8910015835166649,138205135
2010,6115,25.995578467821456,1,0.321430030371035,49857690
2010,6116,43.25378780152555,1,1.2896830422568228,200045457
2010,6118,11.083722459377771,1,0.06947418901932721,10776288
2010,6121,2.0289067599292494,1,0.014921020741668234,2314431
2010,6122,4.489712126733434,1,0.04099594176822892,6358967
2010,6123,0.2815742259951039,0,0.018737079995258442,2906348
2010,6129,1.9960206177077986,1,0.02687632202980276,4168843
2010,6130,0.4892008120931909,0,0.005791075913490339,898266
2010,6210,0.03834136169855145,0,0.004662298793499954,723179
2010,6251,0.002404721922718851,0,0.0008250613094347922,127977
2010,6252,0.017439362366901013,0,0.0035377637665544768,548750
2010,6253,0.147535488208763,0,0.0007352037215017876,114039
2010,6254,0.33958644319215314,0,0.0063851172196254255,990409
2010,6259,0.16930302290583116,0,0.017590109582604336,2728439
2010,6281,0.038189316852557983,0,0.0004487915245214702,69613
2010,6282,0.020782222948699906,0,0.0009830889457824613,152489
2010,6289,0.042634158906718234,0,0.004614720303117863,715799
2010,6330,0.0010322152741855768,0,1.836091336154378e-05,2848
2010,6341,0.0,0,0.0,0
2010,6342,0.16988019176377447,0,0.016455929918584113,2552514
2010,6343,0.03551264201668652,0,0.0021672131308040445,336161
2010,6344,0.3855748523630607,0,0.009244874604335283,1433992
2010,6349,0.6746035780178206,0,0.011664015197017505,1809230
2010,6351,0.2812925107307512,0,0.0029764213903947226,461679
2010,6352,0.0055176764241485965,0,3.0629459052210145e-05,4751
2010,6353,0.11939731039063045,0,0.015131868238679923,2347136
2010,6354,0.08154949197155133,0,0.0013324104800457647,206673
2010,6359,0.27086822584464426,0,0.017759619236752885,2754732
2010,6411,0.016289095899404065,0,0.0038010056255357106,589582
2010,6412,0.17886780741220654,0,0.05449625460379812,8453029
2010,6413,0.038815575356141954,0,0.004445049475221407,689481
2010,6415,0.12756684391877735,0,0.012405021173443937,1924169
2010,6416,2.3788869159765906,1,0.18820524157414736,29192912
2010,6417,0.06215355131896061,0,0.0015778136286086733,244738
2010,6418,0.04440605652627889,0,0.011429765271809748,1772895
2010,6419,0.02272748347864557,0,0.0004079243090022195,63274
2010,6421,0.18564945418031942,0,0.03101772661091765,4811225
2010,6422,0.06473249997269011,0,0.0006699219066496133,103913
2010,6423,0.051350239889473695,0,0.0019741334277616025,306212
2010,6424,0.1355601079194131,0,0.010115251524731554,1568998
2010,6428,0.07303931951852265,0,0.011216583978928368,1739828
2010,6511,0.08170068149932279,0,0.0001605806285145128,24908
2010,6512,0.05183718783688274,0,0.002279957390939816,353649
2010,6513,87.90648119056135,1,11.446927761651354,1775557110
2010,6514,0.8564981669249953,0,0.16394136548331636,25429291
2010,6515,0.8093030111001082,0,0.005366911737649029,832473
2010,6516,2.2629945229729236,1,0.07684601192363813,11919747
2010,6517,0.9812462747532309,0,0.01846025441280362,2863409
2010,6518,0.9740246744142409,0,0.0004457550111109059,69142
2010,6519,0.09245898301323884,0,0.00396987703164255,615776
2010,6521,90.25776124647793,1,5.009018912555593,776959489
2010,6522,37.649183516751364,1,7.783117040481321,1207255701
2010,6531,7.711570552271853,1,1.989368795334238,308575190
2010,6532,12.71969303295987,1,0.32085811499701256,49768979
2010,6534,33.602923742954594,1,2.6902720549033416,417293773
2010,6535,2.7977791103701715,1,0.0383151581601447,5943145
2010,6536,1.4574231644825502,1,0.017554445055667518,2722907
2010,6538,5.449888717413664,1,0.054174603378575464,8403137
2010,6539,5.360392207204976,1,0.1188831167624953,18440211
2010,6541,0.7024382219649976,0,0.015175449620113924,2353896
2010,6542,0.8254933409607286,0,0.019166143853036118,2972901
2010,6543,3.4763120420571143,1,0.05217865991924711,8093542
2010,6544,1.2312076754781158,1,0.0109334403855556,1695909
2010,6545,15.991044091114874,1,0.043099710464906925,6685287
2010,6546,0.008930418308385228,0,0.00017724599404807695,27493
2010,6549,18.626709868360138,1,0.013368853079826493,2073671
2010,6551,2.34193662771258,1,0.48973652249146077,75964065
2010,6552,1.1598637656629482,1,0.07844588701486029,12167907
2010,6553,0.4808139305781862,0,0.00101363459448576,157227
2010,6560,0.5865180617103444,0,0.032720153334457956,5075292
2010,6571,2.9877759067109273,1,0.05606497158607494,8696356
2010,6572,0.6421803809453831,0,0.08745996725914293,13566100
2010,6573,0.5929576009128729,0,0.09578054910093216,14856723
2010,6574,18.26557701148983,1,0.10086206081273773,15644927
2010,6575,0.7305497473789918,0,0.024233556085374794,3758918
2010,6576,0.3913223891158446,0,0.00023238030973203846,36045
2010,6577,2.1468976841107996,1,0.15888378484959997,24644799
2010,6579,0.34024473616981055,0,0.0002217170545705239,34391
2010,6581,5.292478750038276,1,0.12085909401793295,18746709
2010,6582,9.347799845544095,1,0.29067076842921064,45086556
2010,6583,5.387809938472696,1,0.1720196451594524,26682330
2010,6584,75.12532335152328,1,16.55198662278471,2567413558
2010,6589,10.161788598751127,1,0.46539291052406523,72188076
2010,6591,0.03858522738523004,0,0.0005685113844666486,88183
2010,6592,41.611672965467584,1,0.8329737800060317,129204320
2010,6593,8.241428160486327,1,0.006666410538372223,1034041
2010,6594,0.4926247938629887,0,0.01682706148441417,2610081
2010,6595,0.06791107380076983,0,0.004471907468572598,693647
2010,6596,0.07332773362578775,0,0.0008330684212308025,129219
2010,6597,0.06131827249467053,0,0.00014833787062351153,23009
2010,6611,0.01038474184947841,0,7.927169617048536e-05,12296
2010,6612,28.899353075489135,1,2.914775655295326,452117000
2010,6613,0.515180458003639,0,0.07307143234580922,11334264
2010,6618,0.03996638382459591,0,0.0017931482027620873,278139
2010,6623,0.0516920391964823,0,0.0029311122263831605,454651
2010,6624,0.07464147970919988,0,0.011797737832180827,1829972
2010,6631,0.013675175346802624,0,0.0004400430134850886,68256
2010,6632,0.02490852431998561,0,0.0008164159495970709,126636
2010,6633,0.6247848900116234,0,0.06371606991380886,9883134
2010,6635,0.01633932231933663,0,0.0005084967276960689,78874
2010,6637,0.01339589232551859,0,0.00024216677970493995,37563
2010,6638,1.3194139883707119,1,0.019771667176972086,3066825
2010,6639,0.1647600235319139,0,0.011187359954957904,1735295
2010,6641,0.013318980139546981,0,0.0002317871903397414,35953
2010,6642,0.013484136254366353,0,0.0024006056116729377,372363
2010,6643,0.2608627434353503,0,0.004363779224576877,676875
2010,6644,0.3454012156901742,0,0.028048306608131998,4350632
2010,6645,0.0,0,0.0,0
2010,6646,0.013803280848309896,0,6.4340560164398494e-06,998
2010,6647,0.010286698428774265,0,0.0008051466811434268,124888
2010,6648,0.022102077307499742,0,0.0008834964634758853,137041
2010,6649,0.05776788517395714,0,0.004956073407284654,768747
2010,6651,0.4411407948540022,0,0.04066177056626886,6307133
2010,6652,0.21618006437109585,0,0.01820334990559008,2823560
2010,6658,0.07454817948202772,0,0.0030843110972435415,478414
2010,6664,0.20375602582370056,0,0.007452919087307706,1156038
2010,6665,0.2021295512526404,0,0.002941279066401122,456228
2010,6666,0.014620715675214632,0,0.00045048707234944985,69876
2010,6671,0.0,0,0.0,0
2010,6672,0.0017401412507768179,0,0.001801438980354414,279425
2010,6673,0.5833981428927134,0,0.023110168615514414,3584667
2010,6674,0.0738671112501098,0,0.0006058456714317821,93974
2010,6712,0.0,0,0.0,0
2010,6713,1.6996483419233854,1,0.07579430808989678,11756615
2010,6716,0.0,0,0.0,0
2010,6724,0.13383554375919873,0,0.004235220596296489,656934
2010,6725,0.013864467938923304,0,0.0042583264647964095,660518
2010,6727,0.009609650826441043,0,0.005315452183417343,824491
2010,6731,0.002999476296666427,0,0.0005242788610911037,81322
2010,6732,0.009391153772410489,0,0.002946771867729786,457080
2010,6733,0.2069819787492275,0,0.03395230729635577,5266414
2010,6741,0.0,0,0.0,0
2010,6744,0.0,0,0.0,0
2010,6745,0.003529559045941355,0,0.00029630181815187926,45960
2010,6746,0.0042889927668908635,0,0.0013249578059425537,205517
2010,6747,0.06670500913521753,0,0.004098409872123273,635713
2010,6749,0.0017386783857112405,0,0.0005844998202590041,90663
2010,6750,0.0011516104215341875,0,0.00020406530569977012,31653
2010,6760,0.8296858516782815,0,0.0312981689322755,4854725
2010,6770,0.007503909275702348,0,0.000799402448768028,123997
2010,6781,0.08617573697618393,0,0.002658612547322159,412383
2010,6782,0.08697357966046684,0,0.01945756533010138,3018104
2010,6783,1.8539075421542348,1,0.436042184646898,67635423
2010,6784,0.055584788778477924,0,0.003705455380826638,574761
2010,6785,0.070015938873197,0,0.009609133721554591,1490493
2010,6793,0.05307171651945737,0,0.003703979029295811,574532
2010,6794,0.04276727177469268,0,0.004428397003587675,686898
2010,6911,0.7366026442985321,0,0.28984947213852696,44959163
2010,6912,0.03197921405870087,0,0.002554668373822099,396260
2010,6921,0.08622828024865686,0,0.0017946438951426625,278371
2010,6924,0.3532733558342365,0,0.049652248526908034,7701665
2010,6931,0.057920672431546354,0,0.0047549672515964534,737553
2010,6932,0.5160181060046223,0,0.0010165099341484173,157673
2010,6935,0.1228478499512012,0,0.005114030127183244,793248
2010,6940,0.03766831952125608,0,0.01078624362506727,1673077
2010,6951,0.18706783896534981,0,0.002358861610965074,365888
2010,6953,0.4394612354897691,0,0.053131067830378034,8241272
2010,6954,0.12765204302620556,0,0.031012801141181615,4810461
2010,6960,5.76623814977619,1,0.5073772599717575,78700357
2010,6973,0.06507046730685202,0,0.011225371171664247,1741191
2010,6974,1.7892930874848423,1,0.21421055488246207,33226651
2010,6975,1.5054379189967586,1,0.019479775072562936,3021549
2010,6978,0.007831342881916663,0,8.527380654253496e-05,13227
2010,6991,0.012739488373954964,0,0.003939808457233056,611112
2010,6992,0.05224271818714607,0,0.0019960659513767612,309614
2010,6993,0.1254018322182871,0,0.003349873858194634,519606
2010,6994,0.3305297720648449,0,0.025911987261326732,4019263
2010,6996,0.057806205632077105,0,0.005797903233451671,899325
2010,6997,0.05179394603894104,0,0.015583625360162879,2417209
2010,6998,0.07509737705117363,0,0.015447846147976266,2396148
2010,6999,0.03434055134849795,0,0.002383224634698667,369667
2010,7111,0.20565429194258414,0,0.003853980212997721,597799
2010,7112,0.007572498276572007,0,0.00011047493376524374,17136
2010,7119,0.01929053895565597,0,0.0008716663103795255,135206
2010,7126,0.602020012738809,0,0.012730559909466112,1974664
2010,7129,0.5323439957784546,0,0.03779372885091659,5862265
2010,7131,3.2577803076933356,1,0.07247341327157579,11241504
2010,7132,0.004354627939552915,0,0.0025197516930755676,390844
2010,7133,0.022685857805346706,0,0.001931873671060437,299657
2010,7138,0.028497057659329268,0,0.002659676294058344,412548
2010,7139,0.024970569184050086,0,0.012952554182883035,2009098
2010,7144,0.013042446904827625,0,0.0026752650189558903,414966
2010,7148,0.7944340231924855,0,0.09240642826410242,14333356
2010,7149,0.3198236665894161,0,0.14229753628540837,22072071
2010,7161,1.0161971479285175,1,0.2084184796917347,32328230
2010,7162,0.5148615884483753,0,0.194088463742791,30105471
2010,7163,0.07993650554532183,0,0.00018436342675564167,28597
2010,7169,0.08483844314760132,0,0.014558115483931345,2258140
2010,7187,0.003955992811166567,0,0.00015255417586875367,23663
2010,7188,0.021114351911503074,0,0.0023342793909343273,362075
2010,7211,0.4141423472032617,0,0.022908127652088352,3553328
2010,7212,0.07329047830899169,0,0.010972792567844527,1702013
2010,7213,0.02897437749373333,0,0.00040823376259820055,63322
2010,7219,0.21462914778316347,0,0.01193567677258939,1851368
2010,7223,0.04617724873533991,0,0.0006214730780288262,96398
2010,7224,1.0569971966961165,1,0.15934695307243474,24716642
2010,7233,0.17174576747522632,0,0.011218853305298896,1740180
2010,7234,0.31755010509282366,0,0.11213482351323649,17393469
2010,7239,0.47854017049822534,0,0.1864311892370373,28917735
2010,7243,0.043389761855518655,0,0.0017446542454918866,270617
2010,7244,0.31406237696638345,0,0.01366545145767452,2119677
2010,7245,0.691320116468945,0,0.034980821451248284,5425949
2010,7246,0.38523494349444753,0,0.011376855153846899,1764688
2010,7247,0.19430632883635998,0,0.015991027466221882,2480402
2010,7248,0.15920086237481698,0,0.0013245774358974936,205458
2010,7251,0.05494163810992256,0,0.0012973906481005728,201241
2010,7252,0.06610982307965821,0,0.0019632058476535207,304517
2010,7259,0.03562807048431394,0,0.001416536729503203,219722
2010,7263,0.11596911972021093,0,0.0023433438025166065,363481
2010,7264,0.028452864857609686,0,0.001487865783376841,230786
2010,7267,0.0552508105016928,0,0.00142498223389352,221032
2010,7268,0.16565350266777867,0,0.001974687865454402,306298
2010,7269,0.006713345579872323,0,8.062555565290256e-05,12506
2010,7271,0.07660486027545407,0,0.0007411349154247582,114959
2010,7272,0.4176090310629603,0,0.041778865813010956,6480408
2010,7281,0.09127372082824577,0,0.013810752814887467,2142215
2010,7283,0.029875866942895193,0,0.004482003392141481,695213
2010,7284,0.06486656678401975,0,0.051697685220743604,8018937
2010,7361,0.11230612731202338,0,0.018064469710493743,2802018
2010,7362,0.03431956118749426,0,0.0026706296619660908,414247
2010,7367,0.03097202906293968,0,0.0027889827685290192,432605
2010,7368,0.03405015889191023,0,0.0027108263946940487,420482
2010,7369,0.03971025251303302,0,0.006713473272761011,1041341
2010,7371,0.007384030594873191,0,0.00020714694775974833,32131
2010,7372,0.028158508901565182,0,0.0018109675723306643,280903
2010,7373,0.018191715650720332,0,0.0024400544982106083,378482
2010,7411,0.00997023558867022,0,5.157559933017915e-06,800
2010,7412,0.017027149219755986,0,0.00039330907354203,61007
2010,7413,0.06770643107056008,0,0.0068740539012755245,1066249
2010,7414,0.04256505895390608,0,0.007477907465183177,1159914
2010,7415,0.07982626483112573,0,0.025744927448146368,3993350
2010,7416,0.025852710995907326,0,0.005621534024592207,871968
2010,7421,0.05636807211833641,0,0.006539418518921489,1014343
2010,7422,0.14134360421497316,0,0.015645541867158757,2426813
2010,7423,0.0023977431790109137,0,0.00016253405433914333,25211
2010,7428,0.07477417661384787,0,0.005118916915219779,794006
2010,7429,0.03382601017880591,0,0.0041009241825906186,636103
2010,7431,0.04593419229031573,0,0.015223337564091995,2361324
2010,7432,0.208262170198701,0,0.017796508684173797,2760454
2010,7433,0.051462769869427875,0,1.8425382860706504e-05,2858
2010,7434,1.8521533838321593,1,0.15366267733125738,23834942
2010,7435,0.0442930100562023,0,0.002667960624700754,413833
2010,7436,0.659004605098702,0,0.22115609901135913,34303989
2010,7439,0.033211200216678505,0,0.004320391251640364,670145
2010,7441,0.1348646708969312,0,0.03447880390821807,5348080
2010,7442,0.12943852735022687,0,0.04789258578201106,7428720
2010,7449,0.04358799627208323,0,0.009734797669322571,1509985
2010,7451,0.16963149992880244,0,0.018665151375042592,2895191
2010,7452,0.04712361062144402,0,0.0194370511354678,3014922
2010,7491,0.02748209052833388,0,0.007396682343188063,1147315
2010,7492,0.025214245707347357,0,0.015570183469587452,2415124
2010,7493,0.020922212063675456,0,0.008854698748452561,1373471
2010,7499,0.021868488645919667,0,0.0038172841740742986,592107
2010,7511,0.0,0,0.0,0
2010,7512,0.007865315798770091,0,0.0005816051397465978,90214
2010,7518,0.01773495703707857,0,0.008472691178113757,1314217
2010,7521,0.0,0,0.0,0
2010,7522,0.0037894419371009617,0,0.0004952417986682128,76818
2010,7523,0.009817339298130912,0,0.012692690525657928,1968790
2010,7524,0.0030067109519087017,0,0.0003529705079159136,54750
2010,7525,0.013990704512522215,0,0.02763064095780629,4285847
2010,7528,0.027197558532390812,0,0.00421754305962607,654192
2010,7591,0.05646458492499817,0,0.014606009874859334,2265569
2010,7599,0.021941413120249293,0,0.030850615222137955,4785304
2010,7611,0.003702550119402032,0,0.0037334931660125063,579110
2010,7621,0.0042128094584119105,0,0.0003427843270482032,53170
2010,7622,0.031126685123815917,0,0.0007868180025314644,122045
2010,7628,0.0053353320487233985,0,0.00021257527958924965,32973
2010,7631,0.0,0,0.0,0
2010,7638,0.02892268272342033,0,0.015348588907065336,2380752
2010,7641,0.029407603091602435,0,0.025092438094070354,3892141
2010,7642,0.005379801140805003,0,0.001014137456579229,157305
2010,7643,0.04504632819364008,0,0.02469919349002749,3831144
2010,7648,0.024107921566552254,0,0.012867016051393933,1995830
2010,7649,0.09088919420835963,0,0.09662145056631123,14987157
2010,7711,0.13976953793850055,0,0.02907507363959721,4509896
2010,7712,0.008477477114998895,0,0.004656767310471792,722321
2010,7721,0.037963601447209,0,0.05373352885310377,8334721
2010,7722,0.0006306266864496528,0,0.00021543772535207462,33417
2010,7723,0.007715041241130597,0,0.0005632184385853889,87362
2010,7731,0.02810739920440021,0,0.018509934608858414,2871115
2010,7732,0.2234364049585307,0,0.013473300115420021,2089872
2010,7741,0.3527950623459734,0,0.06697215999157147,10388193
2010,7742,0.056519181017248774,0,0.010676909801437207,1656118
2010,7751,0.13100521969537665,0,0.013745890051779851,2132154
2010,7752,0.44393577297660375,0,0.07462202050492148,11574779
2010,7753,0.0030449889787070392,0,9.900580986419516e-05,15357
2010,7754,0.005892557896405613,0,0.00014370896058362795,22291
2010,7757,0.28858117811150086,0,0.06944452660276244,10771687
2010,7758,0.050704123219668835,0,0.016588943389256646,2573146
2010,7761,0.0019311533644699307,0,2.0778519580145926e-05,3223
2010,7762,0.02241964281409624,0,0.0002455901101104806,38094
2010,7763,0.0012543857045732587,0,0.00128397454532481,199160
2010,7764,0.03234455166545042,0,0.05793587000482727,8986555
2010,7768,0.001324004744822625,0,0.0005260775601177436,81601
2010,7781,0.041899452036998706,0,0.01884449907476337,2923010
2010,7782,0.011150085766171788,0,0.0009274130863055328,143853
2010,7783,0.006817453064008783,0,0.002650863313522799,411181
2010,7784,0.0024403128609041284,0,0.00014076270447189147,21834
2010,7788,0.00975184249697022,0,0.013254600233410314,2055949
2010,7810,0.022179874690479006,0,0.10172094282143328,15778150
2010,7821,0.018470533964566906,0,0.02876328624774644,4461534
2010,7822,0.36371596142954643,0,0.04062432668115515,6301325
2010,7831,0.14172427356319897,0,0.01775781409077633,2754452
2010,7832,0.09914456740063889,0,0.018243727152915695,2829823
2010,7841,0.146992838054143,0,0.005197015266505503,806120
2010,7842,0.019706823762754584,0,0.0012619711052605724,195747
2010,7849,0.03667960067478665,0,0.10760381040783151,16690654
2010,7851,0.22040330945659195,0,0.034178060141573874,5301431
2010,7852,0.02199362669449108,0,0.0017781397033570054,275811
2010,7853,0.036340952761867336,0,0.005262825731250811,816328
2010,7861,0.029261944543496603,0,0.0050512303880488356,783507
2010,7868,0.0251971425900101,0,0.0018917285139318086,293430
2010,7912,0.0,0,0.0,0
2010,7913,0.015771731360049956,0,0.0010599946113336745,164418
2010,7914,0.046670130810480576,0,0.0006168054862894451,95674
2010,7915,0.07022407435393178,0,0.002015864534569634,312685
2010,7919,0.05685416916097377,0,0.006075399298697784,942368
2010,7921,0.0,0,0.0,0
2010,7922,0.0,0,0.0,0
2010,7923,0.3754233297190707,0,0.040865842318918544,6338787
2010,7924,0.0053642825438485475,0,0.004785815906945817,742338
2010,7928,0.2851846100382241,0,0.0028545289083277605,442772
2010,7929,0.05785011635975971,0,0.02712028750853434,4206685
2010,7931,0.042578328963027934,0,0.055428283706243704,8597598
2010,7932,0.009161233329751559,0,0.001105445608243395,171468
2010,7933,0.024883291994888722,0,0.00034663960309813414,53768
2010,7938,1.5433797211126474,1,0.43136830713134844,66910448
2010,8121,0.022262614287104944,0,0.0021170171787559472,328375
2010,8122,0.8567950524114959,0,0.032723821648960316,5075861
2010,8124,0.06160905327237259,0,0.010599430357343443,1644100
2010,8211,0.05238913795298407,0,0.024984870734717352,3875456
2010,8212,3.8604415771314615,1,0.552821700333413,85749340
2010,8219,0.0709054547697576,0,0.04032374408825886,6254701
2010,8310,0.24690094282526362,0,0.08059453292990545,12501188
2010,8421,0.3791194438406275,0,0.025601895417303948,3971164
2010,8422,5.24133159822793,1,0.22284728870119538,34566313
2010,8423,16.011732405784286,1,4.277419719433692,663479595
2010,8424,6.141003887627472,1,0.2994484454670135,46448080
2010,8429,4.881935941491436,1,0.5749054049241084,89174790
2010,8431,0.5554137356844544,0,0.08620175472568355,13370936
2010,8432,7.1201642170234685,1,0.12983232638754608,20138566
2010,8433,0.4824415629492519,0,0.045987582998201645,7133231
2010,8434,3.5889302216172325,1,0.14352811074457666,22262948
2010,8435,0.6385419470041509,0,0.06156340110201592,9549229
2010,8439,6.9236898592895955,1,2.3367907744864116,362464546
2010,8441,0.8572004385193572,0,0.09970184191800568,15464963
2010,8442,26.762928723969377,1,0.3731908570192586,57886421
2010,8443,6.997885051379431,1,0.14117815881839588,21898442
2010,8451,1.103049322593256,1,0.48680410798119444,75509212
2010,8452,3.3284484959974354,1,0.9036577585179971,140168261
2010,8459,9.698832126974002,1,2.8515183309967096,442305023
2010,8461,6.870966315146567,1,0.04218861460883948,6543965
2010,8462,12.8313921796579,1,4.175737606591605,647707468
2010,8463,11.844250631057813,1,2.3999160910385426,372256047
2010,8464,12.634606419634363,1,0.3354939291213348,52039171
2010,8465,0.16295427906301446,0,0.012903918392714677,2001554
2010,8471,0.8353087008556784,0,0.03623989142904653,5621246
2010,8472,12.501235666273953,1,1.1245634193129088,174433404
2010,8481,39.62843018135128,1,3.0420131745988717,471853080
2010,8482,0.4408680737420274,0,0.03351566182547656,5198685
2010,8483,0.5351046143004106,0,0.014860103511909377,2304982
2010,8484,0.1983064621775118,0,0.009871389197198634,1531172
2010,8510,0.6923313401481441,0,0.547881215651026,84983011
2010,8710,0.0052796020027590426,0,0.00567234243688235,879849
2010,8720,2.099408067459478,1,1.4149343529954135,219473452
2010,8731,0.07091950723080419,0,0.0026869404452542598,416777
2010,8732,0.004815713279903448,0,9.104382671759875e-05,14122
2010,8741,0.7309014218050037,0,0.05624016100309972,8723530
2010,8742,0.07277658945918171,0,0.0045866502831824136,711445
2010,8743,0.04553133723090326,0,0.008089729459187345,1254815
2010,8744,0.06993448267365016,0,0.005934907366122376,920576
2010,8745,0.031009107626835394,0,0.0024415953192405975,378721
2010,8748,0.06872702580566886,0,0.04353769690136872,6753224
2010,8749,0.0732969621605101,0,0.022441162175752913,3480896
2010,8811,0.0015264974730881608,0,4.523180061256712e-05,7016
2010,8812,0.0,0,0.0,0
2010,8813,0.024744303589840005,0,0.0021505800000200617,333581
2010,8821,0.027403720660693017,0,0.00472308063731057,732607
2010,8822,0.10545791373026195,0,0.01064627389543508,1651366
2010,8830,0.0011245434467045431,0,6.969152859490459e-06,1081
2010,8841,0.006094988896543052,0,0.0019420276171785659,301232
2010,8842,0.022742451836141226,0,0.0022193238269772745,344244
2010,8851,0.002079022372748029,0,0.0005242014976921084,81310
2010,8852,0.034056411185727574,0,0.0015918228507767335,246911
2010,8921,0.10158517052681582,0,0.015484529292999856,2401838
2010,8922,0.014620791291808656,0,0.0008057075657861425,124975
2010,8924,0.04407187809476034,0,0.000732940842081176,113688
2010,8928,0.27373432298727557,0,0.06184641575639036,9593128
2010,8931,0.6564955759494182,0,0.24803596041666595,38473381
2010,8932,0.11192459351966547,0,0.0028552058380689692,442877
2010,8933,0.0059053247214521706,0,5.353547210472596e-05,8304
2010,8935,0.1743743058388291,0,0.005623951630810809,872343
2010,8939,0.24572452378924192,0,0.15893942202737743,24653429
2010,8941,0.0,0,0.0,0
2010,8942,0.02731595221249113,0,0.013536738102596141,2099712
2010,8946,0.013332187923021295,0,0.00020496787868804823,31793
2010,8947,9.268237471861472,1,1.5982589375823968,247909315
2010,8951,0.008436066593259944,0,4.0641572272181174e-05,6304
2010,8952,0.238970750203108,0,0.03277118094304525,5083207
2010,8959,0.04836459984943483,0,0.003071900718654717,476489
2010,8960,0.02091577517431611,0,0.0023396110185150846,362902
2010,8972,0.039249915620320805,0,0.0018524794828415423,287342
2010,8973,5.6410884703679836,1,3.4652776721324154,537506529
2010,8974,1.0617713916515377,1,0.04290664365576432,6655340
2010,8981,0.1656230706173037,0,0.002410179332298602,373848
2010,8982,0.22717127377762222,0,0.006513637166206317,1010344
2010,8983,0.001303155830905731,0,0.001385101401711459,214846
2010,8989,1.1779793925296747,1,0.013946699647771904,2163302
2010,8991,9.646582276913916,1,0.0853529428527572,13239275
2010,8993,2.805123192519882,1,0.12826514377934933,19895477
2010,8994,0.08880456265125933,0,0.002704953223320325,419571
2010,8996,0.013277625517708957,0,0.004847010355551074,751830
2010,8997,0.09926498320082675,0,0.007352063002817541,1140394
2010,8998,0.02886996155463321,0,0.0013520414425408141,209718
2010,8999,0.05871906509810207,0,0.0015337035972815376,237896
2011,5111,0.002367251547029148,0,0.0005899418404969773,103386
2011,5112,0.000775587095292152,0,0.00035215281318970134,61714
2011,5113,0.35108904011975295,0,0.030625517137781364,5367054
2011,5114,0.01502574546079761,0,0.0001596995946258575,27987
2011,5121,4.372260221724937,1,1.2440500731103112,218017018
2011,5122,0.005036580877126439,0,8.87258011518726e-05,15549
2011,5123,0.006281520658930234,0,0.00045152068901828894,79128
2011,5137,0.02778845978168821,0,0.0048314505473722865,846701
2011,5138,2.1529271093600286,1,0.4029389276681271,70614154
2011,5139,0.013688353743738946,0,0.002526890730959293,442832
2011,5145,0.0014851469872701729,0,0.0001141241252194644,20000
2011,5146,0.010152922909507534,0,0.0011888766620612484,208348
2011,5147,0.0,0,0.0,0
2011,5148,0.0008393815336014015,0,0.00011169898755855078,19575
2011,5154,0.0005530221646577784,0,4.416603645993272e-05,7740
2011,5155,0.07727768215713306,0,0.020729888420682997,3632867
2011,5156,0.002962443223235956,0,0.0012320269938067279,215910
2011,5157,0.00674020382130678,0,0.00035199303941439405,61686
2011,5161,0.0017772711769957013,0,0.00027291643304982717,47828
2011,5162,0.0,0,0.0,0
2011,5163,0.0009177917462129553,0,1.6508054712995526e-05,2893
2011,5169,2.064577549792606,1,0.20409275521359577,35766803
2011,5221,0.1002021761488274,0,0.020048202195922092,3513403
2011,5222,0.3433790355509308,0,0.033229367472582406,5823373
2011,5223,0.005920272477239584,0,4.38521951155792e-05,7685
2011,5224,0.21320676754797313,0,0.007858889691544151,1377253
2011,5225,0.14834611103950382,0,0.02373220884489406,4159017
2011,5231,0.17075462017930776,0,0.02037359860795409,3570428
2011,5232,0.5942244857641047,0,0.09371200971924874,16422822
2011,5233,0.013056389398343016,0,0.0005014271689767607,87874
2011,5239,0.353274526752949,0,0.03223964311523538,5649926
2011,5241,0.008086269756011559,0,0.0010575768559962547,185338
2011,5249,0.2343163047562698,0,0.03539320083018727,6202580
2011,5311,0.3706739722387714,0,0.03311926622277693,5804078
2011,5312,0.1953921055676276,0,0.0021775453712499903,381610
2011,5322,0.056059274780991326,0,0.001612357053513115,282562
2011,5323,0.21546864773106952,0,0.0014296100917991867,250536
2011,5331,0.10823530502523929,0,0.017274900359995193,3027388
2011,5332,0.0650798403521044,0,0.0035536483669400313,622769
2011,5334,0.7337197694452262,0,0.14075770599360665,24667476
2011,5335,0.04925317324188024,0,0.006692712317989053,1172883
2011,5411,0.003281254997041466,0,0.00017164839053633544,30081
2011,5413,0.3151352978131739,0,0.038649544438518084,6773247
2011,5414,0.010794616842321077,0,0.00014947977921245446,26196
2011,5415,0.0005761293341198554,0,5.134444393623703e-05,8998
2011,5416,0.07849712901745731,0,0.01845595381327265,3234365
2011,5417,0.19531362864090712,0,0.4258794631625801,74634432
2011,5419,0.41882357798886555,0,0.08263512212544753,14481622
2011,5513,0.1123466722145955,0,0.0049456545594794045,866715
2011,5514,0.03973675946819423,0,0.006781352526047011,1188417
2011,5530,0.09253457857370893,0,0.04967325018996702,8705127
2011,5541,1.3592902771287005,1,0.06794461393690346,11907143
2011,5542,0.051697456491745085,0,0.016723760722072836,2930802
2011,5543,0.05807360943987393,0,0.0011405450950308055,199878
2011,5621,0.012371463364916312,0,0.0034538867628794365,605286
2011,5622,0.007531987267408121,0,0.00018324910786489398,32114
2011,5623,0.002629452156309095,0,0.000469626481484357,82301
2011,5629,0.021675360655424133,0,0.0042135540024028015,738416
2011,5721,3.395198774218944,1,0.034754676349584374,6090680
2011,5722,0.10652184762286483,0,0.0013627048233892756,238811
2011,5723,0.016645547891125472,0,0.0001567209549576295,27465
2011,5821,0.04923681718015172,0,0.0024008976967170043,420752
2011,5822,0.18254827723310074,0,0.019391760227659736,3398363
2011,5823,3.2751932193111406,1,1.4672275318864576,257128373
2011,5824,0.03937704278418448,0,0.00560570855630496,982388
2011,5825,0.2734074663256757,0,0.06271315262443068,10990341
2011,5826,0.0996128218972761,0,0.009532457219618725,1670542
2011,5827,0.03431794087712098,0,0.002649979306214746,464403
2011,5828,0.02761604906316687,0,7.379265936690568e-05,12932
2011,5829,0.07463894724869718,0,0.013334433976830049,2336830
2011,5831,0.3540345341357979,0,0.16622453306736143,29130481
2011,5832,0.037805003727414334,0,0.013099520877478303,2295662
2011,5833,1.7927419662314175,1,0.3542127707685314,62075003
2011,5834,0.344302693601105,0,0.10643804798453384,18653032
2011,5835,0.11932283890497143,0,0.0014141006231818615,247818
2011,5836,0.12542519075070077,0,0.01991905933582375,3490771
2011,5837,0.643762280854506,0,0.029693031735438163,5203638
2011,5838,0.034589001851615,0,0.0004539230018541587,79549
2011,5839,0.1338894510505634,0,0.051733584378410365,9066196
2011,5841,0.18779779212909367,0,0.011224056359477975,1966991
2011,5842,0.16474509026957082,0,0.00231937312786648,406465
2011,5843,0.06351419793396855,0,0.0033686132165154526,590342
2011,5849,0.16529255795252537,0,0.009240225278375503,1619329
2011,5851,0.039789742790184275,0,0.0007062742675394384,123773
2011,5852,1.2825894104212936,1,0.11805673415660818,20689181
2011,5911,0.09101630470969438,0,0.0036615413149225133,641677
2011,5912,0.04060814900366897,0,0.0029599290178982897,518721
2011,5913,0.019325283203516456,0,0.0016593248372471856,290793
2011,5914,0.01620313558411241,0,0.00036629279230439293,64192
2011,5921,0.8292137347951425,0,0.031383991780196185,5499975
2011,5922,0.2829064228291128,0,0.040473071067131036,7092816
2011,5981,0.21177902449608943,0,0.009922185401036935,1738841
2011,5982,0.02842281503324356,0,0.0026163469265125705,458509
2011,5983,4.213825632009605,1,0.30667844063963384,53744717
2011,5989,0.11407290313920995,0,0.07123724901705404,12484170
2011,6112,2.3877939164395454,1,0.004486704389909329,786285
2011,6113,6.9419223103178425,1,0.19329801669457464,33875049
2011,6114,9.778036411043036,1,0.8685652900890668,152214142
2011,6115,24.681154878732947,1,0.3120420177456669,54684672
2011,6116,65.29130463688549,1,1.2612245100028758,221026800
2011,6118,6.689328167266787,1,0.043731109418721346,7663780
2011,6121,1.8513507620972816,1,0.01289480502165963,2259786
2011,6122,5.280211453178372,1,0.050292824359577236,8813706
2011,6123,0.3714957026057759,0,0.025201254528162832,4416464
2011,6129,1.8133914952944314,1,0.02325254514659665,4074957
2011,6130,0.444365397258352,0,0.006047933835324123,1059887
2011,6210,0.04247105219954842,0,0.005540960233861697,971041
2011,6251,0.006708780898581335,0,0.002492579312712061,436819
2011,6252,0.013845643810706888,0,0.0032695705944437406,572985
2011,6253,0.1525248945878326,0,0.0007478040367068015,131051
2011,6254,0.7139656704227872,0,0.014283501614567639,2503152
2011,6259,0.15667107941682754,0,0.019696386048901792,3451748
2011,6281,0.00281488165512642,0,3.083063242803831e-05,5403
2011,6282,0.015432622614770559,0,0.0007670339518062811,134421
2011,6289,0.01841346265027621,0,0.0021323350990442996,373687
2011,6330,0.0008734896506257612,0,1.5098621766535141e-05,2646
2011,6341,0.0,0,0.0,0
2011,6342,0.16881694709083175,0,0.01679571598302371,2943412
2011,6343,0.036362480968708026,0,0.0021562098660402114,377871
2011,6344,0.503352657018998,0,0.011316331420924173,1983162
2011,6349,0.9785521902624078,0,0.01668891292043707,2924695
2011,6351,0.21770716463388332,0,0.0023912998577860474,419070
2011,6352,0.0,0,0.0,0
2011,6353,0.2461837847661192,0,0.03193852661084382,5597156
2011,6354,0.08927192411838296,0,0.0014313162474712177,250835
2011,6359,0.3086111967083694,0,0.020171233709114937,3534964
2011,6411,0.013215607704294124,0,0.0029299257853780923,513463
2011,6412,0.012245146925863948,0,0.0035305382315830897,618719
2011,6413,0.004299038595965672,0,0.000499892199492559,87605
2011,6415,0.05607574536573894,0,0.005426174188715959,950925
2011,6416,2.2257129180030137,1,0.16915719212553854,29644423
2011,6417,0.047689166815303996,0,0.0011909308963151987,208708
2011,6418,0.06590465949073804,0,0.01696258827891961,2972656
2011,6419,0.030571150469739235,0,0.0005669058858214284,99349
2011,6421,0.6138415182296555,0,0.10505835578510563,18411244
2011,6422,0.05648903073284734,0,0.0005287998404106493,92671
2011,6423,0.0762444403209408,0,0.002849034605422536,499287
2011,6424,0.10943608648255632,0,0.007944944988165888,1392334
2011,6428,0.06776904158232927,0,0.010076030428039034,1765802
2011,6511,0.03841792978956452,0,7.210362231365761e-05,12636
2011,6512,0.07630638422900077,0,0.003586573177065847,628539
2011,6513,89.68695072692343,1,11.172060706164617,1957878877
2011,6514,0.8211856800134686,0,0.16428859988161357,28791213
2011,6515,0.6693133796973382,0,0.004610357879584618,807955
2011,6516,2.1424768980635926,1,0.07933737999069336,13903700
2011,6517,0.9073793532167984,0,0.017810787308581974,3121301
2011,6518,0.7052168550923849,0,0.00033590724396471056,58867
2011,6519,0.03908214334091269,0,0.00160065933067812,280512
2011,6521,97.26926829542468,1,5.7406125905491905,1006029633
2011,6522,40.80790099541096,1,8.550316370449092,1498423993
2011,6531,6.848207767586561,1,1.8420704751212613,322818768
2011,6532,7.833615886433941,1,0.20706295540276382,36287324
2011,6534,34.02051797641193,1,2.9154748066097653,510930498
2011,6535,2.88748161003135,1,0.03866512238161054,6775977
2011,6536,0.9781714415290046,0,0.012768309841266375,2237618
2011,6538,6.617364873560321,1,0.06524160685590548,11433447
2011,6539,5.627782097368161,1,0.1198670337991082,21006432
2011,6541,0.6678003850113069,0,0.012895033269910068,2259826
2011,6542,0.8074050881667583,0,0.019604590308781512,3435661
2011,6543,3.5903905065525246,1,0.052971608594997374,9283157
2011,6544,1.1468792534387082,1,0.010178953270368208,1783839
2011,6545,14.948894752121564,1,0.03853588251600575,6753328
2011,6546,0.0034586679979380056,0,6.805792207462759e-05,11927
2011,6549,19.020491181647262,1,0.013552525180124446,2375050
2011,6551,1.4077821960152834,1,0.2942670882372289,51569655
2011,6552,0.6618397807961178,0,0.04720145288045743,8271950
2011,6553,0.2835129326984321,0,0.0006512550267711346,114131
2011,6560,0.5247190394564106,0,0.027986419566906295,4904558
2011,6571,2.920912951152547,1,0.0525020734128132,9200872
2011,6572,0.655444612015819,0,0.09135748636081467,16010197
2011,6573,0.367197980362698,0,0.06080895165170008,10656634
2011,6574,20.31500826202508,1,0.11336296295390066,19866608
2011,6575,0.26485514547976424,0,0.009125376464960895,1599202
2011,6576,0.04966425007771897,0,2.8799222999131842e-05,5047
2011,6577,2.0785225447403746,1,0.1485135587186964,26026672
2011,6579,0.3490234201800838,0,0.00023424547321921165,41051
2011,6581,5.684387461897444,1,0.140939762504363,24699381
2011,6582,12.687459888284652,1,0.3957126736523246,69347769
2011,6583,4.957660192743115,1,0.15780426109765647,27654847
2011,6584,73.92397710464674,1,15.981388457343094,2800702906
2011,6589,9.74180913370553,1,0.4514417950105248,79114174
2011,6591,0.8696852492474882,0,0.012413463698721493,2175432
2011,6592,43.36480145920739,1,0.7442484653483514,130427894
2011,6593,7.986793491066734,1,0.008177250351256368,1433045
2011,6594,0.5519671548484258,0,0.019129599993411843,3352420
2011,6595,0.2143554382114516,0,0.013438640715567943,2355092
2011,6596,0.18913301110066988,0,0.0020505822819433363,359360
2011,6597,0.043218948138257635,0,0.00010161041488915012,17807
2011,6611,0.5327052513559921,0,0.004470515882746947,783448
2011,6612,28.026964813157246,1,2.556743639181751,448063656
2011,6613,0.4967837897957086,0,0.06970904709347776,12216356
2011,6618,0.11428136355196868,0,0.005156647242185151,903691
2011,6623,0.025062973921820383,0,0.001428851166366477,250403
2011,6624,0.12227112151835397,0,0.018780294577146365,3291205
2011,6631,0.014161206191952283,0,0.0004719089639887463,82701
2011,6632,0.015165647015381757,0,0.0004935868415741836,86500
2011,6633,0.7296340475885906,0,0.08036501067623203,14083790
2011,6635,0.011564261089394255,0,0.0003679190610887703,64477
2011,6637,0.039642175368148076,0,0.0007323173929145202,128337
2011,6638,0.014500451983507332,0,0.00020123506999948157,35266
2011,6639,0.11458717562191098,0,0.0080885530811358,1417501
2011,6641,0.010116831802176705,0,0.00017087234648484307,29945
2011,6642,0.007542638648885185,0,0.0013251865172233767,232236
2011,6643,0.27176649376107415,0,0.003949544957326353,692149
2011,6644,0.4475231594034131,0,0.03652334351120433,6400635
2011,6645,0.0,0,0.0,0
2011,6646,0.0,0,0.0,0
2011,6647,0.001426672765699442,0,0.00011151638895819964,19543
2011,6648,0.03359152537483244,0,0.0013953443232020426,244531
2011,6649,0.046671564266254455,0,0.00387658540407355,679363
2011,6651,0.32425790691476497,0,0.02946472642293663,5163628
2011,6652,0.17734219771704943,0,0.0139475544271591,2444278
2011,6658,0.0640407443806268,0,0.002442832606528897,428101
2011,6664,0.22118448315939693,0,0.007710060419845447,1351171
2011,6665,0.2181021839917692,0,0.0030245746286288555,530050
2011,6666,0.013176611873256873,0,0.00047197173225761697,82712
2011,6671,0.0009925538800792603,0,8.131343921886838e-06,1425
2011,6672,0.00030533181134753467,0,0.0003511314022689871,61535
2011,6673,0.5194972057460666,0,0.02241352169660193,3927920
2011,6674,0.08154085109347738,0,0.0008218534753554509,144028
2011,6712,0.0,0,0.0,0
2011,6713,2.81930313900335,1,0.12085442431809448,21179470
2011,6716,0.005068098384899151,0,0.0011147016868748576,195349
2011,6724,0.42152938145603935,0,0.01401327851087299,2455796
2011,6725,0.0008288448343658755,0,0.00027155264975345454,47589
2011,6727,0.020534904105654738,0,0.01154497910580137,2023232
2011,6731,0.02078366029368245,0,0.004108234553444019,719959
2011,6732,0.012462632480612626,0,0.00463974484182863,813105
2011,6733,0.2482115700687949,0,0.04498830078213896,7884100
2011,6741,0.020453883525343657,0,0.000413140745706983,72402
2011,6744,0.002960883979951372,0,0.0007387654059894199,129467
2011,6745,0.0003826128174252584,0,3.2548200512591246e-05,5704
2011,6746,0.005217930716913945,0,0.0016112956991485739,282376
2011,6747,0.06570730873304653,0,0.003759785068117689,658894
2011,6749,0.02446324136553743,0,0.008548039634094408,1498025
2011,6750,0.009045111765716728,0,0.0016662692902667902,292010
2011,6760,0.13116563492934025,0,0.004857596384460066,851283
2011,6770,0.009169950049008195,0,0.0010473342157578077,183543
2011,6781,0.16101251513543025,0,0.005571186008426072,976338
2011,6782,0.1613461745389796,0,0.040481949924073106,7094372
2011,6783,2.22001355342886,1,0.5676435499296094,99478274
2011,6784,0.021990199001852784,0,0.0014560583578187975,255171
2011,6785,0.017767207096020136,0,0.0026779625417185588,469307
2011,6793,0.054373172912702925,0,0.00403412805273276,706972
2011,6794,0.04533246545514126,0,0.004993677991371755,875131
2011,6911,0.7939688134598664,0,0.33092566313061206,57993989
2011,6912,0.018522982198408533,0,0.0014648059720168696,256704
2011,6921,0.07450607447830478,0,0.0015926763481190185,279113
2011,6924,0.3010071990478252,0,0.042148030909533285,7386349
2011,6931,0.09811135606574092,0,0.008412574297458904,1474285
2011,6932,0.8565243512077519,0,0.0016749198989584255,293526
2011,6935,0.03527891846005022,0,0.0015732581282129263,275710
2011,6940,0.024991496438990037,0,0.00766451918767662,1343190
2011,6951,0.21929980637261942,0,0.0027938612970851862,489618
2011,6953,0.33508555787604877,0,0.04153864231809891,7279555
2011,6954,0.08482304022822511,0,0.02219095682759893,3888916
2011,6960,5.196670718055045,1,0.4737960976985503,83031716
2011,6973,0.0663063873316922,0,0.01145127749278993,2006811
2011,6974,1.577757619252892,1,0.1879919467352396,32945172
2011,6975,1.4353424720833863,1,0.018448849586477738,3233120
2011,6978,0.01578685302792723,0,0.00017107206370397713,29980
2011,6991,0.019444201472140408,0,0.006017862128328794,1054617
2011,6992,0.023747742204603788,0,0.0009731991840152437,170551
2011,6993,0.1293052348599219,0,0.003598710277782937,630666
2011,6994,0.12703218775322647,0,0.01035022505129132,1813854
2011,6996,0.044285087339651544,0,0.00438293702905353,768100
2011,6997,0.0566567197809068,0,0.017999965164752017,3154454
2011,6998,0.050568543661816574,0,0.010607786083292867,1858991
2011,6999,0.00497504369873903,0,0.00038084361826987465,66742
2011,7111,0.336603781906585,0,0.006175142291499999,1082180
2011,7112,0.03448488762987369,0,0.0005108652341324104,89528
2011,7119,0.00267170683251926,0,0.00013256087764866887,23231
2011,7126,0.714230834984248,0,0.013213856132329426,2315699
2011,7129,0.023717106810070197,0,0.001692900154886752,296677
2011,7131,9.142171986497313,1,0.20337197006353464,35640487
2011,7132,0.0041125693926120635,0,0.0025197294421017715,441577
2011,7133,0.10062270753711508,0,0.007599217363226042,1331746
2011,7138,0.029500740070908256,0,0.003159246802594084,553651
2011,7139,0.016770542623056075,0,0.009248099843015648,1620709
2011,7144,0.2637838938431784,0,0.05124232566899065,8980104
2011,7148,0.7268627183997489,0,0.07461005629517131,13075247
2011,7149,0.03550802187974924,0,0.015689002984914213,2749463
2011,7161,0.28152351293290223,0,0.057986798983973,10162058
2011,7162,0.15595224761857843,0,0.059999149683967815,10514718
2011,7163,0.1917996345192159,0,0.0004727820135466752,82854
2011,7169,0.01849932364997392,0,0.0032342605901008385,566797
2011,7187,0.007517359383683262,0,0.0002727680716870419,47802
2011,7188,0.017370660557476804,0,0.0020269072321665586,355211
2011,7211,0.3691863041909704,0,0.023903046954141336,4188956
2011,7212,0.06551585028632122,0,0.010833084225094873,1898474
2011,7213,0.01949689882477802,0,0.00030460299641701146,53381
2011,7219,0.09548786622825618,0,0.005979042807135394,1047814
2011,7223,0.08992480854495924,0,0.0017670066555980114,309664
2011,7224,0.7392220374682337,0,0.12620547059517848,22117229
2011,7233,0.44082305305606917,0,0.03408583479511692,5973467
2011,7234,0.09193039010196563,0,0.03977073408191167,6969733
2011,7239,0.1386101708792592,0,0.055786229070459985,9776413
2011,7243,0.07187784121163464,0,0.0029277688394114447,513085
2011,7244,0.45484269583863196,0,0.022934543977878873,4019228
2011,7245,0.9239345910558728,0,0.04977740557284857,8723380
2011,7246,0.6288282628961641,0,0.020008498412758244,3506445
2011,7247,0.18230097522537095,0,0.014320318057363437,2509604
2011,7248,0.28600232121868385,0,0.0024822853166172653,435015
2011,7251,0.06607334598434664,0,0.0014307798640826861,250741
2011,7252,0.08129072625234587,0,0.002405656672738656,421586
2011,7259,0.011490109221692874,0,0.0004866252699357962,85280
2011,7263,0.27496562965613297,0,0.005289310831546517,926940
2011,7264,0.027393371345979488,0,0.0012136130662025674,212683
2011,7267,0.028367850802404507,0,0.0006965908355145668,122076
2011,7268,0.1628861065874494,0,0.0018317835090725793,321016
2011,7269,0.03380524226451508,0,0.0003749491072022893,65709
2011,7271,0.1487589929686309,0,0.0015162816586971088,265725
2011,7272,0.44605211701924125,0,0.04902737611569999,8591939
2011,7281,0.06021929640056891,0,0.00946383438312426,1658516
2011,7283,0.04917063547070079,0,0.00775012369400374,1358192
2011,7284,0.05333384730752836,0,0.045081020927673514,7900349
2011,7361,0.14927000549418476,0,0.028474477094613596,4990089
2011,7362,0.021266374000674326,0,0.001883818403966394,330135
2011,7367,0.0022235581340445685,0,0.0002602600675629886,45610
2011,7368,0.026894935318628462,0,0.002155274048213412,377707
2011,7369,0.011828068784810823,0,0.0020254064999199227,354948
2011,7371,0.01673118837385213,0,0.0005023572805972993,88037
2011,7372,0.7352064100437891,0,0.039333878342984074,6893175
2011,7373,0.0140117247661851,0,0.0019401786032060264,340012
2011,7411,0.17192324709436546,0,8.84690218701288e-05,15504
2011,7412,0.040377372372544476,0,0.0009900039614538097,173496
2011,7413,0.04911655068407412,0,0.005158593058520142,904032
2011,7414,0.06271293251629705,0,0.011152865730166073,1954515
2011,7415,0.04006923403047208,0,0.013163738522739298,2306916
2011,7416,0.10806777345695678,0,0.02385872685011236,4181189
2011,7421,0.003797677063455822,0,0.0004713497557751709,82603
2011,7422,0.06426918387976649,0,0.006905257088797785,1210131
2011,7423,0.0018313594574205316,0,0.0001295708255679189,22707
2011,7428,0.09675423829045518,0,0.006680501036590571,1170743
2011,7429,0.037722195327583745,0,0.004908598456020644,860221
2011,7431,0.04439228978043018,0,0.014791422446269386,2592164
2011,7432,0.3571694090816823,0,0.03064983698886563,5371316
2011,7433,0.11561169170392385,0,4.1683836736409374e-05,7305
2011,7434,1.6770503154808627,1,0.13988503304529096,24514542
2011,7435,0.017582057832685207,0,0.0010694115277815133,187412
2011,7436,0.8101430335513375,0,0.2883152640339584,50526611
2011,7439,0.02467924546932292,0,0.003241387641720794,568046
2011,7441,0.04477584023576722,0,0.012531211264916678,2196067
2011,7442,0.044521631592549404,0,0.0173921914296895,3047943
2011,7449,0.0196198498248752,0,0.004586905371852018,803845
2011,7451,0.05702701793977821,0,0.006382443058754895,1118509
2011,7452,0.07733356519812579,0,0.03308225006276199,5797591
2011,7491,0.013182453453296166,0,0.0037385408622080856,655171
2011,7492,0.017115080377734522,0,0.010844804772754912,1900528
2011,7493,0.014558791566603963,0,0.0065887737709454264,1154668
2011,7499,0.019309190729829406,0,0.003504221208307481,614107
2011,7511,0.0,0,0.0,0
2011,7512,0.02118236786573601,0,0.0015727845130932658,275627
2011,7518,0.012536401666727376,0,0.005341790810528687,936137
2011,7521,0.0,0,0.0,0
2011,7522,0.0024029529922482613,0,0.0002895329056817812,50740
2011,7523,0.0036722851014069444,0,0.004442412816911654,778523
2011,7524,0.001189201019349535,0,0.00012941105179261166,22679
2011,7525,0.0069521823524160776,0,0.012764515214102828,2236953
2011,7528,0.009852446142593797,0,0.0014569656446142922,255330
2011,7591,0.08296002714868987,0,0.019488668728589842,3415346
2011,7599,0.018921589530059072,0,0.022411262038922585,3927524
2011,7611,0.004373106482980739,0,0.0036820779512557553,645276
2011,7621,0.0003968751985769953,0,2.9421199481577925e-05,5156
2011,7622,0.0071772140675825475,0,0.00016384800657758504,28714
2011,7628,0.005327832159870506,0,0.00018157148322416787,31820
2011,7631,0.025536168098158,0,2.8970409186961037e-05,5077
2011,7638,0.012507547727657062,0,0.005692499953534363,997598
2011,7641,0.05500046332415998,0,0.04870530071571187,8535496
2011,7642,0.003720855748008435,0,0.0006912384140417739,121138
2011,7643,0.0790620333069464,0,0.04548322287597822,7970834
2011,7648,0.03138920396018707,0,0.015961291735275333,2797181
2011,7649,0.12354823328827659,0,0.12145084270269767,21283991
2011,7711,0.07621268780045935,0,0.013961386271135698,2446702
2011,7712,0.013721158507044903,0,0.0072988883152985,1279114
2011,7721,0.01783736763212741,0,0.025052111415119774,4390327
2011,7722,0.0012737175853573112,0,0.0004185673478611686,73353
2011,7723,0.0022119955324138687,0,0.00015185356101701935,26612
2011,7731,0.015640843070702785,0,0.010773186177973437,1887977
2011,7732,0.09312441066691027,0,0.005220214379932392,914831
2011,7741,0.34823872317944554,0,0.06457056270582129,11315848
2011,7742,0.01834603822565281,0,0.003344715624694497,586154
2011,7751,0.20365855052114987,0,0.01983580578647615,3476181
2011,7752,0.5040134281989546,0,0.08034510172258749,14080301
2011,7753,0.0,0,0.0,0
2011,7754,0.02165758270400557,0,0.0005242177567830878,91868
2011,7757,0.2821722427610238,0,0.06835501570360517,11979065
2011,7758,0.05093087519767473,0,0.016492214284415066,2890224
2011,7761,0.0,0,0.0,0
2011,7762,0.04462416586219038,0,0.0004324619601066384,75788
2011,7763,0.009181959695498275,0,0.008216845716501261,1439984
2011,7764,0.0580462503264777,0,0.09739303772855248,17067914
2011,7768,0.04203144001125109,0,0.013736407676884308,2407275
2011,7781,0.03561942248455061,0,0.01565469156666698,2743450
2011,7782,0.006516924912053071,0,0.0004975983045756477,87203
2011,7783,0.005815936105026162,0,0.002294203052049327,402054
2011,7784,0.0021433612463824954,0,0.00012506862882801103,21918
2011,7788,0.010408996316700668,0,0.013154956671303659,2305377
2011,7810,0.0028945450295754654,0,0.013199590616676991,2313199
2011,7821,0.0060071788042697725,0,0.009697446467448504,1699456
2011,7822,0.28073858121728945,0,0.03236977885522314,5672732
2011,7831,0.0676218900773071,0,0.008284144713143178,1451778
2011,7832,0.08243998651982921,0,0.02101660246047186,3683113
2011,7841,0.027253514078593808,0,0.0009781807020810733,171424
2011,7842,0.007722108699861392,0,0.0005670827782155186,99380
2011,7849,0.05090324734444586,0,0.15325781272819475,26858092
2011,7851,0.3914692562123524,0,0.06333645865293556,11099574
2011,7852,0.01362176273862566,0,0.0010505810471203015,184112
2011,7853,0.029072697320810366,0,0.004277303738750394,749588
2011,7861,0.0477188862661983,0,0.010516275653485641,1842954
2011,7868,0.06215709687824105,0,0.005252796817682549,920541
2011,7912,0.0,0,0.0,0
2011,7913,0.050628627466742036,0,0.003000169184450673,525773
2011,7914,0.07820755632826817,0,0.0013308527800405233,233229
2011,7915,0.16120886368527448,0,0.005705647052759645,999902
2011,7919,0.00022222258526114193,0,2.457092415975069e-05,4306
2011,7921,0.008471681028969905,0,0.00045772333522396685,80215
2011,7922,0.0,0,0.0,0
2011,7923,0.0,0,0.0,0
2011,7924,0.009641722507030173,0,0.008234283882834797,1443040
2011,7928,0.05239461834556603,0,0.0006532122555186484,114474
2011,7929,0.11290547157098656,0,0.053753826761664104,9420239
2011,7931,0.04236373938482318,0,0.04731081802965524,8291116
2011,7932,0.002663142743423777,0,0.000290211944226837,50859
2011,7933,0.29219248821816907,0,0.006026113302582162,1056063
2011,7938,0.008025258616123862,0,0.0029791132833476815,522083
2011,8121,0.03550806916394005,0,0.0033801112221313137,592357
2011,8122,0.8733266673286423,0,0.03111459607640938,5452764
2011,8124,0.04952993161247173,0,0.008991508866078465,1575742
2011,8211,0.01446909247747337,0,0.006856925521767341,1201661
2011,8212,3.5768183354569576,1,0.5101465945159035,89402060
2011,8219,0.05547545500540332,0,0.030582994488724594,5359602
2011,8310,0.23185418069280678,0,0.08589219612817973,15052417
2011,8421,0.3445925393946036,0,0.026551034794371004,4653010
2011,8422,7.205831315945461,1,0.3166192168606691,55486816
2011,8423,14.816020531102172,1,4.067721909836468,712859249
2011,8424,7.010473060821283,1,0.3713175405888557,65072576
2011,8429,5.3795112094602935,1,0.6618285299672115,115983983
2011,8431,0.5328522540049859,0,0.0876962018251739,15368565
2011,8432,5.6524430714183955,1,0.09317246509244868,16328268
2011,8433,0.5557577137959079,0,0.05538446650003739,9706005
2011,8434,5.693073660949553,1,0.21106621858583094,36988887
2011,8435,0.6771852139473682,0,0.0619611202888845,10858549
2011,8439,8.908629736535195,1,2.9804221044653483,522312368
2011,8441,0.9473560984461904,0,0.11539930254501661,20223472
2011,8442,27.417797818447035,1,0.36876466950079023,64625191
2011,8443,6.770011505018871,1,0.12777016370779368,22391438
2011,8451,1.4027720306737046,1,0.6216092937793937,108935651
2011,8452,2.6966771975161756,1,0.795865032554968,139473583
2011,8459,10.922854956824558,1,3.3326120650578086,584032878
2011,8461,6.611949939042827,1,0.039948225627659234,7000838
2011,8462,12.732785617525833,1,4.052127726880992,710126403
2011,8463,11.35812397519706,1,2.27122075283125,398026403
2011,8464,13.693561297140644,1,0.3901602439438783,68374718
2011,8465,0.09575280761589237,0,0.007163930831020222,1255463
2011,8471,0.25747177257426795,0,0.011314448372858051,1982832
2011,8472,11.422866895991792,1,1.01609568088141,178068516
2011,8481,38.5951458965201,1,2.9507689990551182,517115727
2011,8482,0.4803585164573371,0,0.03762414487962745,6593548
2011,8483,0.2618312392859217,0,0.00815785495617532,1429646
2011,8484,0.16076406483393874,0,0.008420916771012447,1475747
2011,8510,0.7322433936084796,0,0.595624114928892,104381806
2011,8710,0.004008330598720759,0,0.003989779417672475,699200
2011,8720,2.417831658185568,1,1.5990611592533714,280231924
2011,8731,0.024270163758006127,0,0.0009320460244611048,163339
2011,8732,0.0,0,0.0,0
2011,8741,0.38932835950760963,0,0.030338797391786243,5316807
2011,8742,0.020458037128145246,0,0.0013782199982128617,241530
2011,8743,0.047827137700509725,0,0.008732521282511672,1530355
2011,8744,0.03564284152307193,0,0.003101751068308518,543575
2011,8745,0.04171426705760898,0,0.00323919645851658,567662
2011,8748,0.02425193221206686,0,0.01586214640149092,2779806
2011,8749,0.04968854794819155,0,0.015613372927131275,2736209
2011,8811,0.00905786232166396,0,0.0002600603503438545,45575
2011,8812,0.0007863529929792147,0,6.5678434063801765e-06,1151
2011,8813,0.016356917369667122,0,0.0014490454303240615,253942
2011,8821,0.02564758817297788,0,0.004141416142851578,725774
2011,8822,0.21435549694180392,0,0.019528018726965513,3422242
2011,8830,0.0,0,0.0,0
2011,8841,0.008713597814619624,0,0.0027337064706820066,479076
2011,8842,0.027525435518539556,0,0.002654310316766825,465162
2011,8851,0.005778414933791793,0,0.0016717928979274122,292978
2011,8852,0.015370036334361374,0,0.0007883523383972772,138157
2011,8921,0.0801468078037297,0,0.011371550378911612,1992839
2011,8922,0.016716124064335546,0,0.0008486498199569813,148724
2011,8924,0.0859095783814715,0,0.0012292309527388511,215420
2011,8928,0.338971230199506,0,0.07587852882836688,13297544
2011,8931,0.5381716174287623,0,0.2015878048457099,35327816
2011,8932,0.1274980251157542,0,0.0033037279451219263,578971
2011,8933,0.00804451816467181,0,7.248593813314282e-05,12703
2011,8935,0.14156136483844933,0,0.004598255016105094,805834
2011,8939,0.29052243292234625,0,0.1913642689858247,33536164
2011,8941,0.002356625265549066,0,3.5960511856653235e-05,6302
2011,8942,0.07624273786658368,0,0.03645129124474702,6388008
2011,8946,0.027327092518384236,0,0.0003924842790422601,68782
2011,8947,8.534481524212469,1,1.4080341327637766,246754861
2011,8951,0.035851073604054186,0,0.00016556557466213798,29015
2011,8952,0.24541047361044094,0,0.0322310723934314,5648424
2011,8959,0.042816675721925525,0,0.0029344793379743493,514261
2011,8960,0.6363767453305634,0,0.07138076010451752,12509320
2011,8972,0.09220213084399308,0,0.004109387207108735,720161
2011,8973,3.2060152410987555,1,2.4127437752085785,422827999
2011,8974,0.8565489331210006,0,0.06811201690998162,11936480
2011,8981,0.1531744144051316,0,0.002276958896728666,399032
2011,8982,0.40670753171219304,0,0.011107997830336041,1946652
2011,8983,0.01359282690205608,0,0.01297243795784017,2273391
2011,8989,0.6775012039309778,0,0.007891922919588925,1383042
2011,8991,6.9542192717672116,1,0.06303082853939158,11046013
2011,8993,2.3991279047538345,1,0.11117839894894967,19483768
2011,8994,0.10274496758916175,0,0.0031364676272002795,549659
2011,8996,0.014685165576928593,0,0.005088589320110522,891764
2011,8997,0.06542121937894739,0,0.004711152306978449,825619
2011,8998,0.10861701607981934,0,0.004871479584293013,853716
2011,8999,0.044434954173259864,0,0.00142294524288637,249368
2012,5111,0.0002106976394804169,0,4.868989861503931e-05,9075
2012,5112,0.3533886260204122,0,0.15503841809223284,28896623
2012,5113,0.6911261701706836,0,0.04651903735351569,8670387
2012,5114,0.016754576723476165,0,0.00015573256167494557,29026
2012,5121,3.7904812929038876,1,0.9432907221189856,175813948
2012,5122,0.004936393065167144,0,8.531328681848376e-05,15901
2012,5123,0.0,0,0.0,0
2012,5137,0.011157164748065383,0,0.0017415692661643812,324600
2012,5138,0.7495969473614673,0,0.11452423752761438,21345443
2012,5139,0.009731800473456134,0,0.001586067411447061,295617
2012,5145,0.001983013966770521,0,0.00013258675201926738,24712
2012,5146,0.031461856514582276,0,0.003597102404117418,670441
2012,5147,0.015337172974747411,0,0.0008711387414357546,162366
2012,5148,0.0003955658245776891,0,4.8384077764234115e-05,9018
2012,5154,0.0002664935199602204,0,1.9567169173448857e-05,3647
2012,5155,0.06594417067351939,0,0.015827441582016443,2949976
2012,5156,0.0018090695147575293,0,0.0007336266641350981,136736
2012,5157,0.0,0,0.0,0
2012,5161,0.0,0,0.0,0
2012,5162,0.00018760531635330922,0,1.0998820072818798e-05,2050
2012,5163,0.0,0,0.0,0
2012,5169,1.0894177838203671,1,0.10022689277606957,18680652
2012,5221,0.012541322343913813,0,0.0019606925884053535,365441
2012,5222,0.27885913635419673,0,0.02373811489507278,4424396
2012,5223,0.0,0,0.0,0
2012,5224,0.10805648445062314,0,0.0034205311023630443,637531
2012,5225,0.33010752520714126,0,0.04823716035445167,8990617
2012,5231,0.26066320291851963,0,0.028757155488760382,5359863
2012,5232,0.4750785427538405,0,0.06945807992238107,12945849
2012,5233,0.0022467727337626875,0,7.011345400565661e-05,13068
2012,5239,0.2610643487579988,0,0.019558198428491904,3645328
2012,5241,0.0012122720127745478,0,0.00012786530730508175,23832
2012,5249,0.2833834805489336,0,0.03623478111179846,6753570
2012,5311,0.471816899492325,0,0.038348904557580596,7147608
2012,5312,0.31599722675559383,0,0.0029329238995055235,546649
2012,5322,0.046152662352450344,0,0.0011875023636766133,221331
2012,5323,0.2138761282179949,0,0.0012767323034966374,237962
2012,5331,0.06609591425552024,0,0.009335675076412657,1740017
2012,5332,0.14091097086968904,0,0.007331046225774955,1366387
2012,5334,0.8960628088069607,0,0.16009810066740904,29839665
2012,5335,0.05051730780039881,0,0.006061084903220707,1129687
2012,5411,0.01015198894607119,0,0.0004246027423135643,79139
2012,5413,0.04050555075843209,0,0.0034960956789023517,651615
2012,5414,0.00413519052282498,0,7.230248746405176e-05,13476
2012,5415,0.0007655099522852206,0,7.838671281165007e-05,14610
2012,5416,0.13942857106128478,0,0.03360684644499508,6263766
2012,5417,0.22649485852645634,0,0.4634154697962547,86373057
2012,5419,0.38557270374945923,0,0.07515028586147175,14006783
2012,5513,0.09103847663174498,0,0.0037182879402075444,693028
2012,5514,0.09753866127116957,0,0.016060423417549163,2993400
2012,5530,0.11214921234862188,0,0.05750750780490986,10718458
2012,5541,1.8005279817830642,1,0.08595543012600343,16020685
2012,5542,0.12090684381822213,0,0.03703801152852121,6903279
2012,5543,0.15868956630415212,0,0.0028343798369311513,528282
2012,5621,0.010060237837549287,0,0.0026612423131507305,496012
2012,5622,0.018268115295372245,0,0.0003452771058371614,64354
2012,5623,0.011626317513277442,0,0.0018431017886317096,343524
2012,5629,0.01841483593727535,0,0.002992070725106867,557673
2012,5721,0.0019457348277423785,0,2.062412895605632e-05,3844
2012,5722,0.060098460807125456,0,0.0007334871669049064,136710
2012,5723,0.0,0,0.0,0
2012,5821,0.06062860865328785,0,0.0028349539216861717,528389
2012,5822,0.21244880899378807,0,0.02104244895773317,3921968
2012,5823,3.7791914694108546,1,1.5192890250291624,283170602
2012,5824,0.047134052284515664,0,0.005959777722432919,1110805
2012,5825,0.3673472450709233,0,0.07878149533837107,14683581
2012,5826,0.12163536686584986,0,0.01040486769305233,1939297
2012,5827,0.05019444414770875,0,0.0035833726574996897,667882
2012,5828,0.04336198881461088,0,0.0001056959782607465,19700
2012,5829,0.09079312739774797,0,0.01488403254478514,2774140
2012,5831,0.0687171857394462,0,0.029080349110002558,5420101
2012,5832,0.05752396392603594,0,0.017833604902186256,3323892
2012,5833,1.895830622122233,1,0.33051264387976304,61602146
2012,5834,0.3836951111240096,0,0.10708993652510704,19959811
2012,5835,0.1450879803707756,0,0.0015385900656790738,286768
2012,5836,0.18359099673468476,0,0.027172429396834397,5064496
2012,5837,0.8804541261916478,0,0.0381992723170875,7119719
2012,5838,0.05110859654374341,0,0.0006118724085680361,114043
2012,5839,0.21115905854592246,0,0.07374318803108275,13744523
2012,5841,0.20768268789641664,0,0.011482794982413246,2140205
2012,5842,0.2088557088086319,0,0.002765586241334233,515460
2012,5843,0.08414175978889152,0,0.004238821854668426,790047
2012,5849,0.1932567317365823,0,0.010116838104374668,1885613
2012,5851,0.08839076117564895,0,0.0011809245327452592,220105
2012,5852,2.851705898485465,1,0.2728511043063309,50854979
2012,5911,0.07744762443989539,0,0.0031444929102037987,586082
2012,5912,0.026010210220514265,0,0.0018344046728570563,341903
2012,5913,0.06382483623097272,0,0.005334417004760948,994248
2012,5914,0.043960152409686745,0,0.0009609427660107991,179104
2012,5921,1.1963168396581705,1,0.04215585371813123,7857161
2012,5922,0.2965576195562096,0,0.0406750101404735,7581156
2012,5981,0.25271633016625294,0,0.010431034154269471,1944174
2012,5982,0.0021510526601170527,0,0.00017740291985744074,33065
2012,5983,2.915956053575309,1,0.1983798587697646,36974758
2012,5989,0.13163881221026635,0,0.07329327727204554,13660667
2012,6112,5.864697600588505,1,0.009820165052703198,1830318
2012,6113,8.095542047400022,1,0.20699686557734118,38580827
2012,6114,9.558309059741239,1,0.7685955883620768,143253635
2012,6115,34.68757583363604,1,0.3692318277390536,68818768
2012,6116,55.127706503377105,1,0.9780022846868165,182283615
2012,6118,6.800948401673371,1,0.041762648583167,7783874
2012,6121,1.7045570741430798,1,0.011969254015760728,2230873
2012,6122,4.02582585235606,1,0.037397689040736634,6970317
2012,6123,0.25607563017890433,0,0.015296815579478991,2851076
2012,6129,1.6615142573418629,1,0.021553711671664373,4017259
2012,6130,0.5768102918670448,0,0.008168818302804437,1522534
2012,6210,0.08830247275024616,0,0.01024224611431714,1908987
2012,6251,0.0022027606265953544,0,0.0007598467781330813,141623
2012,6252,0.015240726852838584,0,0.00338878475193823,631614
2012,6253,0.05983226514872306,0,0.00030531114938719695,56905
2012,6254,0.8490539978586839,0,0.015989682226007645,2980215
2012,6259,0.12540199730054963,0,0.01581714024809458,2948056
2012,6281,0.1428513261110269,0,0.0014833437972450176,276471
2012,6282,0.015330335836842526,0,0.0007056950264282227,131530
2012,6289,0.03735925108863077,0,0.005203160841706588,969784
2012,6330,0.0,0,0.0,0
2012,6341,0.10125385374757775,0,8.069378238789986e-06,1504
2012,6342,0.25378562802836996,0,0.023700472104033317,4417380
2012,6343,0.04228667051850894,0,0.002409814651564177,449150
2012,6344,0.4271678746229605,0,0.009285896026346505,1730739
2012,6349,0.929976928469286,0,0.014930898248851517,2782875
2012,6351,0.17068221934773067,0,0.001706888108627454,318136
2012,6352,0.0035899902519532017,0,1.8585323284021615e-05,3464
2012,6353,0.1611083191749612,0,0.019329326395971756,3602670
2012,6354,0.08650538068444359,0,0.0014360488709318966,267656
2012,6359,0.3573229542628825,0,0.021514872423612115,4010020
2012,6411,0.04406599293708345,0,0.008228560674273138,1533669
2012,6412,0.02307525880439689,0,0.005677011471555959,1058102
2012,6413,0.016045214368998265,0,0.0015954995703192634,297375
2012,6415,0.0855774399582341,0,0.007355769427187419,1370995
2012,6416,2.009836368233851,1,0.14181485327008977,26431967
2012,6417,0.04398197459570569,0,0.0010186302359732125,189856
2012,6418,0.5381655199570431,0,0.11864706207010021,22113870
2012,6419,0.017547726745686696,0,0.00031461990686346066,58640
2012,6421,0.26938143107727053,0,0.043059801135052485,8025642
2012,6422,0.06366177431881828,0,0.0005173040170541317,96417
2012,6423,0.0739316790689083,0,0.002532266393282198,471973
2012,6424,0.1599652735539827,0,0.010568894974645606,1969869
2012,6428,0.17736941952445676,0,0.024803653757337046,4622995
2012,6511,0.1010083865063568,0,0.00016922087077888043,31540
2012,6512,0.12022556288369705,0,0.004634017507801931,863705
2012,6513,109.28197915971332,1,12.779872838897246,2381959078
2012,6514,0.7252658762282074,0,0.12635802900230267,23551068
2012,6515,0.7957369010616981,0,0.004780790055076093,891061
2012,6516,2.6132721058572077,1,0.08299275039424236,15468490
2012,6517,1.2909334047461432,1,0.020804938827497295,3877700
2012,6518,1.0975679796770976,1,0.0004490576798218122,83697
2012,6519,0.11984473031475727,0,0.004370641371921638,814616
2012,6521,107.48868944431075,1,5.501800503868191,1025445544
2012,6522,45.066019768442764,1,8.30208602664872,1547372922
2012,6531,6.638711218101619,1,1.7128644489633333,319249892
2012,6532,10.014032252005782,1,0.24487099667724194,45639945
2012,6534,26.07246333322321,1,1.9523547799387277,363886969
2012,6535,3.320524751322912,1,0.03903594987738778,7275662
2012,6536,1.0312865824877369,1,0.014620082324149828,2724944
2012,6538,7.798441075848799,1,0.07062565564325257,13163466
2012,6539,5.639694614311909,1,0.11075706117350267,20643303
2012,6541,0.8051836776154015,0,0.013524159892094163,2520682
2012,6542,0.8623420452693522,0,0.018211706779343174,3394364
2012,6543,3.700463491907613,1,0.04867433930859484,9072100
2012,6544,1.3032028772490531,1,0.009626671663870935,1794254
2012,6545,19.094500507135546,1,0.04147696362101218,7730627
2012,6546,0.003960917051757022,0,7.410522090037718e-05,13812
2012,6549,18.353565297999573,1,0.012486590224483363,2327296
2012,6551,1.0388954258170324,1,0.20373982522876297,37973768
2012,6552,0.4898540386614219,0,0.031850157825189136,5936348
2012,6553,0.22386192088492576,0,0.0004613173402444419,85982
2012,6560,0.5456626428519512,0,0.02738442226450133,5104008
2012,6571,3.176080318021604,1,0.05183736388930182,9661636
2012,6572,0.6297032345533757,0,0.07982894784821316,14878809
2012,6573,0.5591646141551702,0,0.08218420298693807,15317790
2012,6574,20.661205453311325,1,0.1014340105964224,18905639
2012,6575,0.3229826071621125,0,0.01052209365391624,1961146
2012,6576,0.31116884128067906,0,0.0001679439345948166,31302
2012,6577,0.8674557533913048,0,0.058990170211838173,10994802
2012,6579,0.3310218927610485,0,0.00019571997923724727,36479
2012,6581,9.440850583395267,1,0.21471446399325583,40019261
2012,6582,17.958775867527812,1,0.5040467260939507,93946058
2012,6583,5.139435770892287,1,0.1657915137940687,30900824
2012,6584,69.17555981573169,1,13.604020747251145,2535566756
2012,6589,10.22336313128527,1,0.45807347165356066,85377396
2012,6591,0.046834961699689696,0,0.0006056272248779088,112879
2012,6592,53.58751820774448,1,0.6702898460749314,124931054
2012,6593,12.480461357162849,1,0.009788273839770108,1824374
2012,6594,0.6142803488984043,0,0.020003065826129877,3728244
2012,6595,0.16795261873350445,0,0.009552362562403355,1780404
2012,6596,0.19900414267059607,0,0.0020172587152481477,375984
2012,6597,0.09345840974321648,0,0.0002102223258991152,39182
2012,6611,0.029257320478179697,0,0.0002278633602402997,42470
2012,6612,32.77608894971771,1,2.8710325463793267,535113465
2012,6613,0.6303077186315414,0,0.08983857160062922,16744439
2012,6618,0.08149549715154562,0,0.003599205593126465,670833
2012,6623,0.045684682340162645,0,0.0023966375285891317,446694
2012,6624,0.09323829156382892,0,0.014551626741072219,2712185
2012,6631,0.0225407463593587,0,0.0006918848006392296,128956
2012,6632,0.026918575298751257,0,0.0008124265033592394,151423
2012,6633,0.816991778937164,0,0.08498288762877437,15839419
2012,6635,0.017671442314820044,0,0.0005288930177162237,98577
2012,6637,0.046513043878286885,0,0.0007232877732666484,134809
2012,6638,1.1520725036462547,1,0.01584285066067456,2952848
2012,6639,0.12484228493865775,0,0.008340534027892517,1554539
2012,6641,0.036136961724098256,0,0.0005263981634070233,98112
2012,6642,0.012433256849539462,0,0.0021199715988940225,395128
2012,6643,0.008722667254533533,0,0.0001172849789228385,21860
2012,6644,0.4896310627676103,0,0.035991455020119204,6708218
2012,6645,0.009990543031575155,0,4.571753455633608e-05,8521
2012,6646,0.03401635497372564,0,1.3767303564318553e-05,2566
2012,6647,0.000593985267175137,0,4.057223287349061e-05,7562
2012,6648,0.019808751402355523,0,0.0007991152484320865,148942
2012,6649,0.04058727020211568,0,0.0030209627475908324,563058
2012,6651,0.24058281920554617,0,0.02039002577740398,3800367
2012,6652,0.20885106655062816,0,0.01766521564951044,3292507
2012,6658,0.04187211765293955,0,0.0014960541410267286,278840
2012,6664,0.1821006816762347,0,0.0059083729931072235,1101224
2012,6665,0.18036532817765438,0,0.0023281443885649344,433928
2012,6666,0.006944243455470341,0,0.0002798153479305945,52153
2012,6671,0.0038689870054821277,0,2.8655950248256197e-05,5341
2012,6672,0.007154240355680643,0,0.006944526227303766,1294346
2012,6673,0.6855270337944374,0,0.02686045993734458,5006350
2012,6674,0.056335932372187064,0,0.000478792050965013,89239
2012,6712,0.0,0,0.0,0
2012,6713,1.134132456360901,1,0.040692892612328474,7584489
2012,6716,0.0006593531611484006,0,0.00011996225268690512,22359
2012,6724,0.6405281527182518,0,0.016324169757617274,3042558
2012,6725,0.003347627750085998,0,0.0009163358440179134,170790
2012,6727,0.006949290491221522,0,0.003074594067321514,573054
2012,6731,0.03711297585599241,0,0.006463153477580204,1204626
2012,6732,0.014411527209444679,0,0.0047634602068637975,887831
2012,6733,0.2308983736132913,0,0.03685260897904007,6868723
2012,6741,0.04042715201379341,0,0.0007039030235480658,131196
2012,6744,0.019059537576191454,0,0.003902950081313046,727446
2012,6745,0.004544374486033989,0,0.00031900870433641956,59458
2012,6746,0.018564211047378897,0,0.004588385817694944,855200
2012,6747,0.04271533662538913,0,0.0020062277035068233,373928
2012,6749,0.034296518810605,0,0.01034830693148762,1928755
2012,6750,0.028196673626211536,0,0.004348831516508951,810551
2012,6760,0.03255584747140449,0,0.0011011535781878595,205237
2012,6770,0.010424605944786846,0,0.0009883217800749913,184207
2012,6781,0.05313707884005196,0,0.0017820449240323545,332144
2012,6782,0.05347780373848757,0,0.013005037045769451,2423926
2012,6783,3.3663785040150667,1,0.8011580780626846,149322750
2012,6784,0.518975491303535,0,0.03385266739098353,6309583
2012,6785,0.02207689358103429,0,0.00333556655862004,621695
2012,6793,0.056397681680206875,0,0.00400904309015203,747220
2012,6794,0.04630156368404041,0,0.004793736471093514,893474
2012,6911,0.8750203023017465,0,0.35778107956263794,66684536
2012,6912,0.01659838239991227,0,0.001255324843940273,233972
2012,6921,0.6395998107564788,0,0.01307628793872898,2437206
2012,6924,0.8218394260889914,0,0.1074026410276944,20018094
2012,6931,0.15275794805511167,0,0.012193452891069448,2272660
2012,6932,0.10551261086847086,0,0.00019879964885763656,37053
2012,6935,0.018118963440568552,0,0.000736824369873342,137332
2012,6940,0.026553481143797554,0,0.0074611005665384325,1390627
2012,6951,0.18169678515338047,0,0.002033247243939367,378964
2012,6953,0.3694054633695512,0,0.04236367776472666,7895896
2012,6954,0.0682055413533792,0,0.017159345040053956,3198221
2012,6960,5.039648199984528,1,0.4371212183857027,81472239
2012,6973,0.07710792212613785,0,0.01248839295791969,2327632
2012,6974,0.9777506103137664,0,0.11735200734194569,21872493
2012,6975,1.6552230258914202,1,0.02099897410941607,3913865
2012,6978,0.016389787684055798,0,0.00019694862791855243,36708
2012,6991,0.01449815160597067,0,0.004273841024724664,796574
2012,6992,0.016952328552411307,0,0.0006522729525428291,121573
2012,6993,0.038203662442525495,0,0.0009729287972511293,181338
2012,6994,0.09622115652926222,0,0.00713646368549158,1330120
2012,6996,0.046055174331360305,0,0.00419986457049831,782786
2012,6997,0.058255005132487624,0,0.017704929437890444,3299909
2012,6998,0.03429584322608974,0,0.006642187441975271,1237995
2012,6999,0.01696163099893695,0,0.001151893013031102,214694
2012,7111,0.07606417340489192,0,0.001480795290154974,275996
2012,7112,0.023159205135309325,0,0.00025562867432656175,47645
2012,7119,0.0016531745690731678,0,6.522032039277332e-05,12156
2012,7126,0.00250019584520984,0,4.353386637602523e-05,8114
2012,7129,0.031360325167630466,0,0.0018278000155352808,340672
2012,7131,4.935035556501719,1,0.13777437501564183,25678888
2012,7132,0.002775156402946435,0,0.0015048371012507309,280477
2012,7133,0.10223329236043786,0,0.006129529755742145,1142444
2012,7138,0.01900992386433039,0,0.0017597629241482488,327991
2012,7139,0.024314118593441524,0,0.012183044251585904,2270720
2012,7144,0.026455718895136378,0,0.005236420200551175,975983
2012,7148,0.503445405367564,0,0.054016353547123155,10067764
2012,7149,0.01993182993256276,0,0.008623997764920437,1607372
2012,7161,0.07929516658059682,0,0.016595808421747394,3093187
2012,7162,0.06347378062172669,0,0.023865432944013262,4448126
2012,7163,0.0,0,0.0,0
2012,7169,0.006083447225802322,0,0.0009613076049205315,179172
2012,7187,0.002871274236022283,0,9.840993062226458e-05,18342
2012,7188,0.08792308904889716,0,0.00952903433329281,1776056
2012,7211,0.29366311623510044,0,0.018630278949089984,3472379
2012,7212,0.054931277294922136,0,0.008917167290002859,1662014
2012,7213,0.04744862528560324,0,0.0006764488955906933,126079
2012,7219,0.03265581427404838,0,0.0018913141774972461,352510
2012,7223,0.294317213146846,0,0.006303252094833756,1174823
2012,7224,0.8341163033127146,0,0.13729703695503767,25589920
2012,7233,0.10097750833115424,0,0.007908028230960776,1473927
2012,7234,0.05437100148471078,0,0.022276001503207344,4151882
2012,7239,0.1005400058599731,0,0.03904908944341624,7278111
2012,7243,0.04022537968172431,0,0.0014312898692711209,266769
2012,7244,0.4479583814302749,0,0.017880486702086883,3332630
2012,7245,1.01928845748649,1,0.04129790283022669,7697253
2012,7246,0.41251276422037625,0,0.010529406527945144,1962509
2012,7247,0.1286775259121642,0,0.00961116064492922,1791363
2012,7248,0.31681133473370227,0,0.0021260289978511995,396257
2012,7251,0.007605259164920239,0,0.00015311967124789056,28539
2012,7252,0.07250081591885357,0,0.0021173211515203775,394634
2012,7259,0.0174967449335752,0,0.0005870579974281401,109418
2012,7263,0.11016895009141073,0,0.001912485564817901,356456
2012,7264,0.06624161574337975,0,0.002424993023264667,451979
2012,7267,0.1331315276408336,0,0.00289913337813059,540351
2012,7268,0.2041439210735724,0,0.0019338608327057597,360440
2012,7269,0.03912874914390516,0,0.00037620256871507727,70118
2012,7271,0.06057688327458976,0,0.0006218786521952591,115908
2012,7272,0.43967439708215494,0,0.04512654381007215,8410849
2012,7281,0.030151337981485154,0,0.004107619344394908,765593
2012,7283,0.07232918037607254,0,0.011131819951250557,2074789
2012,7284,0.05851742481361243,0,0.04428812253439447,8254581
2012,7361,0.09831827811221851,0,0.01798162219397597,3351480
2012,7362,0.030236989060705148,0,0.002333627702767091,434950
2012,7367,0.00831986281485674,0,0.0010295485768747668,191891
2012,7368,0.022525538897647565,0,0.0017184932051237992,320299
2012,7369,0.015514130390172746,0,0.002424815969087885,451946
2012,7371,0.08275845418886113,0,0.0022342842137581575,416434
2012,7372,0.16135826350450758,0,0.007558212099864296,1408727
2012,7373,0.0162309474013145,0,0.001982046395180875,369421
2012,7411,0.0164293347618762,0,8.208875468981835e-06,1530
2012,7412,0.16636263577695373,0,0.0037177299512867767,692924
2012,7413,0.06190728665875767,0,0.005714697184820095,1065126
2012,7414,0.059062309356632016,0,0.009587220774117066,1786901
2012,7415,0.07060150451124468,0,0.021523730497729297,4011671
2012,7416,0.06489411943759338,0,0.013511851944168773,2518388
2012,7421,0.0071564762681101115,0,0.0008189614120659191,152641
2012,7422,0.06909281156801896,0,0.00745696930241352,1389857
2012,7423,0.0031031581693529986,0,0.00020539894090132783,38283
2012,7428,0.1363148172507898,0,0.00868096092234147,1617989
2012,7429,0.06529168430705484,0,0.007829287409795563,1459251
2012,7431,0.10115385599284794,0,0.03141074155008481,5854448
2012,7432,0.33781423544435496,0,0.026819941357251933,4998798
2012,7433,0.1637506073346203,0,5.488142952432365e-05,10229
2012,7434,1.7259695854381087,1,0.1348765239389734,25138776
2012,7435,0.028017365094657146,0,0.0015554263083076127,289906
2012,7436,0.838463855485696,0,0.2760383531175885,51449030
2012,7439,0.008537941003420665,0,0.0010517286364752705,196025
2012,7441,0.09441709858002309,0,0.0260846514569107,4861752
2012,7442,0.025379842120447745,0,0.009008800874404652,1679093
2012,7449,0.025523601374216897,0,0.005528865413092216,1030490
2012,7451,0.026937668930146298,0,0.0026530441682379173,494484
2012,7452,0.05646707056636009,0,0.02225984665089551,4148871
2012,7491,0.015088139437880418,0,0.003683724818788472,686586
2012,7492,0.01769842228405622,0,0.010974295386695455,2045429
2012,7493,0.01565457976407975,0,0.006605521131547153,1231161
2012,7499,0.018739183604921206,0,0.003075881734061746,573294
2012,7511,0.0067841973397397655,0,6.765615664304636e-06,1261
2012,7512,0.014226462729772711,0,0.0009491713458938407,176910
2012,7518,0.014273907922423255,0,0.005580227220193238,1040063
2012,7521,0.0,0,0.0,0
2012,7522,0.017645053978122778,0,0.0019867946662854817,370306
2012,7523,0.00577945722177179,0,0.006786695841897858,1264929
2012,7524,0.004931817517636868,0,0.0005595126597433344,104284
2012,7525,0.005821995044056435,0,0.01039138474922648,1936784
2012,7528,0.009994868292096903,0,0.0013665309627935976,254699
2012,7591,0.06692552930677907,0,0.014091918984253068,2626503
2012,7599,0.01570599527274288,0,0.016370600874158824,3051212
2012,7611,0.010850209446749368,0,0.00812813876436926,1514952
2012,7621,0.0,0,0.0,0
2012,7622,0.000459886139485393,0,8.412756036185305e-06,1568
2012,7628,0.038864603753338806,0,0.0011739657670699199,218808
2012,7631,0.0,0,0.0,0
2012,7638,0.031015441695749033,0,0.013314082428703322,2481527
2012,7641,0.05943179541273069,0,0.05402952530482012,10070219
2012,7642,0.012109037370750446,0,0.0023648965434424018,440778
2012,7643,0.11385558323130224,0,0.0674326928108352,12568350
2012,7648,0.04752622045242569,0,0.022792329039650134,4248117
2012,7649,0.10347511306144648,0,0.09306791638373627,17346336
2012,7711,0.1340205002774862,0,0.02307836811015852,4301430
2012,7712,0.007892202608009482,0,0.003871461264236278,721577
2012,7721,0.01821251632618979,0,0.0244606944516323,4559073
2012,7722,0.006517044341833795,0,0.0020791418326724853,387518
2012,7723,0.0009524743491313145,0,5.855127973398611e-05,10913
2012,7731,0.023003375568269948,0,0.014976540669514675,2791382
2012,7732,0.06495277449959132,0,0.003367532885446311,627653
2012,7741,0.418129453487243,0,0.07382559333717954,13759882
2012,7742,0.03378326223329618,0,0.005840899255919043,1088648
2012,7751,0.20183297937433994,0,0.018201319600971964,3392428
2012,7752,0.4832836448654698,0,0.07303869482694542,13613217
2012,7753,0.0018747655625410678,0,5.204856269581227e-05,9701
2012,7754,0.021438002449132,0,0.0004907995433176805,91477
2012,7757,0.30391812789922995,0,0.06560293983407722,12227314
2012,7758,0.07522759701022799,0,0.023006934797744124,4288116
2012,7761,0.008180407654844585,0,4.761147772009464e-05,8874
2012,7762,0.001908437865280367,0,1.4700861950987075e-05,2740
2012,7763,0.0005202291776551085,0,0.0003394504138376096,63268
2012,7764,0.06656276643619873,0,0.10932712335430882,20376786
2012,7768,0.0011675068792862612,0,0.0003321482703648748,61907
2012,7781,0.02837533811654148,0,0.011610976841125303,2164096
2012,7782,0.01336156100538778,0,0.0009184283024707911,171180
2012,7783,0.005360057988342578,0,0.002013073798342392,375204
2012,7784,0.001565678771298335,0,8.190096995686778e-05,15265
2012,7788,0.013808901026978165,0,0.017432094316747523,3249057
2012,7810,0.0019794420523473735,0,0.008554045269257309,1594334
2012,7821,0.0036497703993789874,0,0.005837782029352064,1088067
2012,7822,0.020492370831056005,0,0.0022998318161140735,428651
2012,7831,0.11254806393249386,0,0.013882683869521463,2587505
2012,7832,0.0977955256787479,0,0.02259878199803703,4212043
2012,7841,0.19715095975727714,0,0.006768534375582497,1261544
2012,7842,0.005081002789734741,0,0.0003801997008878822,70863
2012,7849,0.04523979927489512,0,0.1285935257689079,23967728
2012,7851,0.33987663833179227,0,0.05015831084337572,9348688
2012,7852,0.032489181831774454,0,0.0024612783989488005,458742
2012,7853,0.03042130269847297,0,0.004382584480937294,816842
2012,7861,0.050383011332032906,0,0.009101722125546675,1696412
2012,7868,0.010815141967836828,0,0.0008418604189297193,156909
2012,7911,0.0,0,0.0,0
2012,7912,0.0,0,0.0,0
2012,7913,0.015095750909259215,0,0.0010621801981834907,197973
2012,7914,0.02003807039865869,0,0.00047117335608530444,87819
2012,7915,0.053004886493908505,0,0.002020032564017732,376501
2012,7919,0.003954411251172427,0,0.0003987903894499881,74328
2012,7921,0.03527745667018268,0,0.0019656018178524893,366356
2012,7922,0.0,0,0.0,0
2012,7923,0.0,0,0.0,0
2012,7924,0.00029195348879219673,0,0.0002676200708449764,49880
2012,7928,0.11575638612873351,0,0.0014533036052510114,270872
2012,7929,0.054121749283826875,0,0.026623046382114227,4962100
2012,7931,0.048854076016194514,0,0.04478659979065079,8347489
2012,7932,0.0010246785854779047,0,9.850650562778202e-05,18360
2012,7933,0.028581058520249114,0,0.0006498210204583031,121116
2012,7938,0.00044466791776430096,0,0.00012379842651718094,23074
2012,8121,0.02545498001316293,0,0.0021453332683985175,399855
2012,8122,1.163567422310986,1,0.03962765957091502,7385947
2012,8124,0.03503462013053291,0,0.00688490189195292,1283233
2012,8211,0.0201590368990429,0,0.009629102134843125,1794707
2012,8212,3.270652061847406,1,0.4488884374899209,83665456
2012,8219,0.06536713099784915,0,0.03584087312540519,6680152
2012,8310,0.3783304860993273,0,0.13777756735610197,25679483
2012,8421,0.20037011281494527,0,0.013986958049089872,2606940
2012,8422,8.696492386227794,1,0.34322667897279613,63971834
2012,8423,14.810074460594619,1,3.7357338930375836,696279640
2012,8424,6.261950227371431,1,0.30322127163307777,56515481
2012,8429,5.422721517108601,1,0.6058052716311364,112912185
2012,8431,0.5751172192037686,0,0.08324865806302931,15516187
2012,8432,6.668077667954206,1,0.09134107480591329,17024481
2012,8433,0.32488364059945246,0,0.029103092523801912,5424340
2012,8434,6.924511364205196,1,0.21340690280188682,39775553
2012,8435,0.5698282643604541,0,0.04795188851870934,8937447
2012,8439,9.402927831231068,1,2.9190994503643286,544072349
2012,8441,0.7628644781558673,0,0.08392354029741939,15641974
2012,8442,25.606180367529795,1,0.29296205514418,54603331
2012,8443,5.1833898561771745,1,0.08190117383743499,15265038
2012,8451,1.3780312986691228,1,0.5419911101450873,101018270
2012,8452,2.33176722485027,1,0.7490650103851629,139613455
2012,8459,9.57788356624984,1,2.787102229735687,519470228
2012,8461,6.256711032469018,1,0.03436665030090348,6405381
2012,8462,11.536743751725918,1,3.3367470324694266,621915021
2012,8463,10.582036717048773,1,1.9354430317517082,360734896
2012,8464,14.087531321029399,1,0.36547363822573314,68118303
2012,8465,0.10788407659413927,0,0.0074707956240367655,1392434
2012,8471,0.2158238348717208,0,0.009323833907680603,1737810
2012,8472,11.440769148099413,1,0.9153124547802794,170599257
2012,8481,39.91386215672979,1,2.7802690491244664,518196635
2012,8482,0.6311402249007495,0,0.047970822585068844,8940976
2012,8483,0.2287488726142344,0,0.007485737923501547,1395219
2012,8484,0.13694397035611136,0,0.006893293186876767,1284797
2012,8510,0.6574425758023027,0,0.5168851068718656,96338922
2012,8710,0.0030403389019985697,0,0.0029279985742241346,545731
2012,8720,2.5020792845569084,1,1.6067185438477156,299466033
2012,8731,0.03928232817116593,0,0.0015197847659935957,283263
2012,8732,0.006411206464079623,0,0.00012702295864584637,23675
2012,8741,0.10914227383085875,0,0.00838093457186731,1562069
2012,8742,0.03399108748987006,0,0.002208042638647837,411543
2012,8743,0.04857178718391961,0,0.00836722628636192,1559514
2012,8744,0.026405749685536772,0,0.002142698916859125,399364
2012,8745,0.03464073208039193,0,0.0027122553771762726,505520
2012,8748,0.021107168108525722,0,0.013281842472694753,2475518
2012,8749,0.03227590264801548,0,0.009677631075115635,1803752
2012,8811,0.00025014237593040873,0,9.072685240554432e-06,1691
2012,8812,0.016478210927122032,0,0.00011390485372972834,21230
2012,8813,0.015169685472594216,0,0.0010981704835729875,204681
2012,8821,0.018872236485330925,0,0.0027283029239264195,508511
2012,8822,0.19458403984599415,0,0.015380369055085821,2866649
2012,8830,0.0,0,0.0,0
2012,8841,0.006982130771147269,0,0.002119697969711723,395077
2012,8842,0.03263477299233177,0,0.0029877087540243295,556860
2012,8851,0.0022280285532337166,0,0.0006648223379820111,123912
2012,8852,0.011593919825184287,0,0.000596849629931991,111243
2012,8921,0.11730566619892309,0,0.015042259960769286,2803631
2012,8922,0.023501086038116802,0,0.0009990630667997638,186209
2012,8924,0.10914444224980588,0,0.0014222440104209879,265083
2012,8928,0.5056128192713284,0,0.09158506619207499,17069957
2012,8931,0.5017835002988204,0,0.18111567619594338,33756997
2012,8932,0.1785858842348401,0,0.004452928641900575,829953
2012,8933,0.0019416662121228272,0,1.9266713600727955e-05,3591
2012,8935,0.16352312188523838,0,0.005285287153342996,985091
2012,8939,0.3447970107715354,0,0.22008395382085386,41020046
2012,8941,0.0017697956402167897,0,2.6654701522811602e-05,4968
2012,8942,0.013164201180701619,0,0.005706536596853872,1063605
2012,8946,0.05488741271763314,0,0.0008220303511301398,153213
2012,8947,9.048841236356907,1,1.4048186602587924,261835200
2012,8951,0.014793244383240084,0,6.501643982556985e-05,12118
2012,8952,0.3319363086800029,0,0.03657955924677378,6817831
2012,8959,0.034207286416939604,0,0.0023465794840625952,437364
2012,8960,0.009104641763325216,0,0.0011171152804886572,208212
2012,8972,0.04216082952998695,0,0.0018105077242695758,337449
2012,8973,9.439123505530647,1,8.552186806677522,1593987613
2012,8974,0.37209775688675145,0,0.06048691647373778,11273771
2012,8981,0.26115994911839086,0,0.003658352418727808,681857
2012,8982,0.3273232315013559,0,0.008500971938447396,1584442
2012,8983,0.0009388378769375409,0,0.0008809840267204485,164201
2012,8989,0.578555060978119,0,0.006070238067632526,1131393
2012,8991,4.566025062328682,1,0.03858351743765095,7191336
2012,8993,3.10460036648454,1,0.1365601857587739,25452583
2012,8994,0.04702176084290501,0,0.0012796832064430033,238512
2012,8996,0.03193034416058858,0,0.010747193895943126,2003101
2012,8997,0.12087010408611984,0,0.008366083482129964,1559301
2012,8998,0.0404671792311213,0,0.0017298300377159288,322412
2012,8999,0.04154549462233298,0,0.0014111539806207361,263016
2013,5111,0.0021469056144326902,0,0.00047656757541762897,86606
2013,5112,0.00024289501920658177,0,0.00012163737217521521,22105
2013,5113,1.2367129367590235,1,0.07850939878517924,14267410
2013,5114,0.02624127333873087,0,0.00035107830726762747,63801
2013,5121,5.953534896507949,1,1.4370275191520832,261149125
2013,5122,0.010539338143061912,0,0.00018315215089255204,33284
2013,5123,0.007704910459916789,0,0.0004202693643918598,76375
2013,5137,0.031791814189561465,0,0.005089345070229044,924880
2013,5138,0.9231164390048371,0,0.11992327846643532,21793500
2013,5139,0.011715743749751711,0,0.0019721542309649675,358397
2013,5145,0.01674941111337268,0,0.0011636302604402572,211465
2013,5146,0.010756379090881979,0,0.0010895693062621878,198006
2013,5147,0.0014037951584216545,0,8.217744926779751e-05,14934
2013,5148,0.0,0,0.0,0
2013,5154,0.00031162077617298816,0,1.9364031336104152e-05,3519
2013,5155,0.06091004217820566,0,0.015867945997925955,2883661
2013,5156,0.002026232131757629,0,0.0008571238923094423,155764
2013,5157,0.0,0,0.0,0
2013,5161,0.00040073537927824514,0,7.050620446419509e-05,12813
2013,5162,0.0,0,0.0,0
2013,5163,0.001747644581793898,0,3.151951449082256e-05,5728
2013,5169,2.41017487813895,1,0.2053881228512056,37324914
2013,5221,0.022865291035416173,0,0.003281501716131389,596343
2013,5222,0.3490381934278516,0,0.02811131291066338,5108632
2013,5223,0.01508908103558714,0,8.988124121737007e-05,16334
2013,5224,0.21333954192518126,0,0.007126436764620374,1295078
2013,5225,0.12595642188802073,0,0.01876575485330035,3410276
2013,5231,0.25884133521357594,0,0.029299980494939745,5324647
2013,5232,0.5088544299312155,0,0.07776130005708186,14131459
2013,5233,0.0022211932429410225,0,6.931761942054674e-05,12597
2013,5239,0.2725173357452564,0,0.01931731334063853,3510510
2013,5241,0.009441184751910534,0,0.0008721738001537859,158499
2013,5249,0.2569760190535201,0,0.03324934594601372,6042360
2013,5311,0.41109719858435395,0,0.035808628172289754,6507455
2013,5312,0.2913928040659009,0,0.0028948208846396655,526072
2013,5322,0.04056282969512352,0,0.0010891070787452134,197922
2013,5323,0.0862462182799699,0,0.0005429192349375903,98664
2013,5331,0.08423880760667156,0,0.011852971752984299,2154025
2013,5332,0.1597846990688621,0,0.008593321292447019,1561653
2013,5334,0.9545379976806831,0,0.17441939096581777,31697007
2013,5335,0.04868676899115993,0,0.005831093672676568,1059677
2013,5411,0.008913920011159135,0,0.0003590627373525059,65252
2013,5413,0.009033981417154975,0,0.0008184343485969818,148733
2013,5414,0.002921422173265326,0,4.988205287348228e-05,9065
2013,5415,0.01921262423868723,0,0.0015360590768252712,279146
2013,5416,0.08045855173074605,0,0.021406262560267553,3890132
2013,5417,0.24965469571126134,0,0.5318052054057004,96644262
2013,5419,0.4107496256397679,0,0.0859571937282675,15620888
2013,5513,0.15070302560658416,0,0.006660054702701786,1210323
2013,5514,0.1005709480592912,0,0.016982541622607185,3086215
2013,5530,0.15396397614724316,0,0.0857720606023022,15587244
2013,5541,2.898386559526128,1,0.1459210945746932,26518049
2013,5542,0.2043016496356348,0,0.06611024469109586,12014128
2013,5543,0.18504996138460783,0,0.0032227382916817566,585664
2013,5621,0.009821109617763082,0,0.0024116280481454046,438262
2013,5622,0.20386801918265074,0,0.003521117159305773,639888
2013,5623,0.015891583925762877,0,0.0021723427674831455,394777
2013,5629,0.01815197568162518,0,0.0027906105903960907,507134
2013,5721,0.0995623351687258,0,0.0011089003213470795,201519
2013,5722,0.18086225799538339,0,0.0022015071227208132,400077
2013,5723,0.0,0,0.0,0
2013,5821,0.05957358905765977,0,0.0030456281147610838,553478
2013,5822,0.2251616225157183,0,0.023443359757367416,4260331
2013,5823,2.8459682873718517,1,1.1925025098980309,216711916
2013,5824,0.05072208967246503,0,0.006624149529508243,1203798
2013,5825,0.3374563961310545,0,0.07778273310682728,14135354
2013,5826,0.1368993985285271,0,0.011883825439742337,2159632
2013,5827,0.06472844100056038,0,0.0047691424605535975,866690
2013,5828,0.0530940139477837,0,0.00013143219336824317,23885
2013,5829,0.10072441506184615,0,0.016945513896872415,3079486
2013,5831,0.06302744164586674,0,0.02918319100898423,5303423
2013,5832,0.058657097223985794,0,0.019340490748989674,3514722
2013,5833,1.6233279423645397,1,0.29694078427266346,53962659
2013,5834,0.27621903844526174,0,0.08003305475696569,14544302
2013,5835,0.11794735744358602,0,0.001294347101698897,235220
2013,5836,0.17496056209917898,0,0.027161413352446942,4936008
2013,5837,0.7304361529617472,0,0.034513692280777566,6272128
2013,5838,0.07383277969295256,0,0.0008976788542154064,163134
2013,5839,0.18627124895021588,0,0.06783586107154889,12327722
2013,5841,0.23089435273158287,0,0.013259095373162959,2409558
2013,5842,0.19640451880471108,0,0.0027850088331070446,506116
2013,5843,0.09521341914482036,0,0.005029723223247889,914045
2013,5849,0.20397593450341128,0,0.011190412629069847,2033619
2013,5851,0.0662046654847663,0,0.0009009749766281163,163733
2013,5852,1.8311978369963913,1,0.1732548747693033,31485381
2013,5911,0.43449681124765616,0,0.020224665956459185,3675402
2013,5912,0.1386971143856905,0,0.01082979262520182,1968084
2013,5913,0.08465919405375164,0,0.00823704292561343,1496907
2013,5914,0.02220084263307979,0,0.0005573693475515742,101290
2013,5921,1.7111746973129347,1,0.06532830980821425,11872028
2013,5922,0.20179112820758782,0,0.029392618593133354,5341482
2013,5981,0.2205325811696629,0,0.009442147100285063,1715909
2013,5982,0.005730225186000206,0,0.0004925969653812752,89519
2013,5983,5.461825150869988,1,0.3823643363325841,69486569
2013,5989,0.11700280538457833,0,0.0677678255832171,12315358
2013,6112,3.2189606701403237,1,0.005975044527962866,1085837
2013,6113,7.574270573601588,1,0.22459621843283337,40815576
2013,6114,9.053291061846405,1,0.8026698260059788,145868134
2013,6115,26.558931403809712,1,0.3110249172446659,56522150
2013,6116,67.43561654261966,1,1.3092547920411428,237929155
2013,6118,7.455557216103921,1,0.04777406978502928,8681919
2013,6121,1.5183484947504595,1,0.011483530907334012,2086887
2013,6122,4.058165112081915,1,0.04088824995653673,7430568
2013,6123,0.2275518311532568,0,0.014480828733028599,2631582
2013,6129,1.4882700436066676,1,0.020671111705353986,3756534
2013,6130,0.4159157898937509,0,0.0074012530342957685,1345020
2013,6210,0.08679556532291763,0,0.010160344110201038,1846426
2013,6251,0.0030349209358745046,0,0.0010491188958183964,190655
2013,6252,0.01128484294543851,0,0.002453360589677946,445846
2013,6253,0.15171238561746317,0,0.0008524796063055571,154920
2013,6254,1.092894971516975,1,0.02156638587593942,3919231
2013,6259,0.10469485401293076,0,0.012868678202575694,2338608
2013,6281,0.4201910583420922,0,0.003799102989097563,690406
2013,6282,0.010644789718233481,0,0.0004972852730534437,90371
2013,6289,0.02010550342268858,0,0.003163628196594394,574922
2013,6330,0.0003548357608883203,0,5.937422509706274e-06,1079
2013,6341,0.0,0,0.0,0
2013,6342,0.17340624770895033,0,0.01708308161025764,3104486
2013,6343,0.07411587418201429,0,0.004684455776193653,851300
2013,6344,0.35084404939574215,0,0.00807793210831208,1467992
2013,6349,0.9888319824130846,0,0.016672084309747946,3029796
2013,6351,1.0295619402327267,1,0.011056806865830118,2009339
2013,6352,0.0,0,0.0,0
2013,6353,0.1331895233688893,0,0.01792316361423292,3257153
2013,6354,0.07119810154383945,0,0.001219587303536831,221634
2013,6359,0.41260079766386926,0,0.026187169811669856,4758960
2013,6411,0.023987265840280287,0,0.004471093755441706,812526
2013,6412,0.007967979771852747,0,0.001985635866876719,360847
2013,6413,0.017103626283928884,0,0.001778205765925943,323151
2013,6415,0.05809731641710386,0,0.005321933554603711,967148
2013,6416,2.4471569618356837,1,0.1751773670557362,31834753
2013,6417,0.02559933127630811,0,0.0006508218466084247,118273
2013,6418,0.8829588201855293,0,0.20092901399495405,36514566
2013,6419,0.035766975826778284,0,0.0007050565419334155,128129
2013,6421,0.3431178281076594,0,0.058361495612789006,10605958
2013,6422,0.07605961879154875,0,0.0006590318877432548,119765
2013,6423,0.049588904495722126,0,0.0017021638366751263,309332
2013,6424,0.1906104633012245,0,0.01351930745438538,2456846
2013,6428,0.3110082626973195,0,0.04729934011426248,8595647
2013,6511,0.032705238627256036,0,5.684297917077462e-05,10330
2013,6512,0.04252786069054962,0,0.001703033264623721,309490
2013,6513,97.82551203418012,1,13.579577300323663,2467798760
2013,6514,0.558214730181988,0,0.09988013585914218,18151086
2013,6515,0.6168526137875298,0,0.003771534419335164,685396
2013,6516,1.9881824645924697,1,0.06279070825356772,11410873
2013,6517,0.8819747668716327,0,0.014279424097924095,2594981
2013,6518,0.5970764881766677,0,0.00024750082450562447,44978
2013,6519,0.0407823512847402,0,0.0015438564148199459,280563
2013,6521,98.2882059273215,1,5.9902550873829,1088601195
2013,6522,43.68321374070538,1,8.582465081318139,1559680115
2013,6531,6.6629634574027845,1,1.8638871914159583,338721773
2013,6532,8.425911188688081,1,0.22323245466296027,40567741
2013,6534,24.37551002392209,1,1.8783823987263901,341355968
2013,6535,3.303444091631904,1,0.040576521518005816,7373918
2013,6536,0.6888916103007228,0,0.011686800960632019,2123827
2013,6538,7.98304214822828,1,0.07207424528302815,13097958
2013,6539,5.590090468343408,1,0.12158923998365598,22096253
2013,6541,1.20941207009036,1,0.019211127574030745,3491213
2013,6542,0.9890451478130305,0,0.01993720446256942,3623162
2013,6543,4.162787929989786,1,0.05382471052285159,9781494
2013,6544,1.302325421578585,1,0.010146141619471145,1843845
2013,6545,11.658012775482886,1,0.02705203051218008,4916130
2013,6546,0.0556654608312286,0,0.0010547316585245137,191675
2013,6549,18.160237112735896,1,0.013723815617103851,2494011
2013,6551,0.8959695331966147,0,0.19157600527023405,34814856
2013,6552,0.40556524614208705,0,0.028366737635459993,5155050
2013,6553,0.16302875453922178,0,0.0003585069637904296,65151
2013,6560,0.5853548531474165,0,0.03161401800720967,5745174
2013,6571,3.275367805886278,1,0.06055734595113542,11005007
2013,6572,0.6709488006945851,0,0.09075477968924062,16492747
2013,6573,0.4983056922607994,0,0.07632788300256757,13870966
2013,6574,19.689714652862012,1,0.10370843071702009,18846797
2013,6575,2.5486755873103957,1,0.08786178570383471,15967007
2013,6576,0.8192835727932156,0,0.0004935104149981532,89685
2013,6577,0.8147094421422353,0,0.05800179456124639,10540590
2013,6579,0.41750134932031135,0,0.0002553586922941885,46406
2013,6581,8.388906947005239,1,0.21261086802061274,38637494
2013,6582,18.23949195542755,1,0.5426280866289818,98611090
2013,6583,7.677864810721494,1,0.2741369493012813,49818548
2013,6584,70.30367238074132,1,15.442400333941375,2806327145
2013,6589,9.845323853303992,1,0.48719236463634413,88536829
2013,6591,0.0663753573682258,0,0.000930893202935135,169170
2013,6592,49.575293750968044,1,0.7084811911093869,128751357
2013,6593,13.619788147318804,1,0.012729740314765151,2313359
2013,6594,0.334664431403776,0,0.012293199441234087,2234027
2013,6595,0.11323543190371205,0,0.006858779518749546,1246437
2013,6596,0.10417648937735767,0,0.0011264594642835695,204710
2013,6597,0.11406116433707468,0,0.0002717897799809197,49392
2013,6611,0.0,0,0.0,0
2013,6612,26.90781656368346,1,2.767669748987594,502964991
2013,6613,0.8330231280077292,0,0.13195049898790187,23979191
2013,6618,0.012728985776666743,0,0.0005864016377843919,106566
2013,6623,0.08666547514930183,0,0.004404742095921744,800468
2013,6624,0.0627507547499638,0,0.011398095854613252,2071361
2013,6631,0.054625547082146196,0,0.001738894416148981,316007
2013,6632,0.0223745598121086,0,0.0006991356275493154,127053
2013,6633,0.6236865816441676,0,0.07533840796456448,13691150
2013,6635,0.008111622900066938,0,0.00025944170202746195,47148
2013,6637,0.009814558751357408,0,0.0001528212214453778,27772
2013,6638,0.23342894375296616,0,0.0031911087230202264,579916
2013,6639,0.17434645917722114,0,0.012344297592693895,2243313
2013,6641,0.06986819793470024,0,0.00110520800391982,200848
2013,6642,0.03139800749848814,0,0.005456562821631027,991614
2013,6643,0.00208320619177111,0,2.05581190882879e-05,3736
2013,6644,0.6323216149935916,0,0.042833798591732995,7784130
2013,6645,0.0018431981959743163,0,1.230405628517445e-05,2236
2013,6646,0.0,0,0.0,0
2013,6647,0.009470899125103363,0,0.0007093761681337114,128914
2013,6648,0.011898833863197445,0,0.000522476672728546,94949
2013,6649,0.0033478037118941806,0,0.00024638377467293645,44775
2013,6651,0.19832526097425823,0,0.018095392888682685,3288452
2013,6652,0.26535248467643185,0,0.023296129287794013,4233575
2013,6658,0.05282077564119309,0,0.002058722841644021,374129
2013,6664,0.13658330006793484,0,0.004551532348812315,827144
2013,6665,0.13426768045246854,0,0.0017799886434914152,323475
2013,6666,0.0047472548528138345,0,0.0001858814943261149,33780
2013,6671,0.010976084886095645,0,0.0001595620394012538,28997
2013,6672,0.0009242449080405584,0,0.0010002218277727524,181769
2013,6673,0.4871609754878735,0,0.029353131156683265,5334306
2013,6674,0.15407086205105172,0,0.0013288380787988404,241488
2013,6712,0.0,0,0.0,0
2013,6713,0.4724768676769666,0,0.018490790010494498,3360307
2013,6716,0.0005243700126921781,0,8.309640159321081e-05,15101
2013,6724,0.5337870271079757,0,0.013431368669281006,2440865
2013,6725,0.0012009883895724971,0,0.00028501278859150743,51795
2013,6727,0.052825247637821454,0,0.02225520942769338,4044410
2013,6731,0.011844230230536839,0,0.0020676592403055254,375753
2013,6732,0.006325336716157414,0,0.002022581051983455,367561
2013,6733,0.08002348120615804,0,0.012110542534109722,2200833
2013,6741,0.07535010370211656,0,0.0012929769272735803,234971
2013,6744,0.036578946409608716,0,0.006606733456993674,1200633
2013,6745,0.005790149564000546,0,0.00039870424964159206,72456
2013,6746,0.06946203014653247,0,0.015962405492644785,2900827
2013,6747,0.0014240935878767904,0,6.577937783227878e-05,11954
2013,6749,0.11021820144439831,0,0.03347684442499314,6083703
2013,6750,0.11349753339901042,0,0.016948188213220625,3079972
2013,6760,3.5498949057115743,1,0.12223454811631192,22213524
2013,6770,0.009080643239095177,0,0.0008358614265286219,151900
2013,6781,0.009902461803637099,0,0.0003176713637491596,57730
2013,6782,0.01045480613268966,0,0.0024320320913947006,441970
2013,6783,1.951959778887111,1,0.44102225184875854,80146395
2013,6784,0.4644233971568564,0,0.026340799931269938,4786879
2013,6785,0.01304769134642603,0,0.001980683429194851,359947
2013,6793,0.0672804239154082,0,0.004985420916829311,905994
2013,6794,0.05095629438893903,0,0.005508855060843018,1001117
2013,6911,0.6102124545181185,0,0.2697851157479275,49027695
2013,6912,0.008931494770475232,0,0.0007362844128718613,133804
2013,6921,0.09342471646660779,0,0.0019076679896385096,346678
2013,6924,0.3395579879618598,0,0.04552386369177009,8272992
2013,6931,0.046517723279902855,0,0.0038325429488672434,696483
2013,6932,0.02393034389089402,0,4.579354043167342e-05,8322
2013,6935,0.012503562573928935,0,0.0005140795395035118,93423
2013,6940,0.05602098006801179,0,0.016444200641171053,2988383
2013,6951,0.1942731023870332,0,0.0023013207528445965,418216
2013,6953,0.359238669827624,0,0.0426546799261969,7751579
2013,6954,0.06322815968565244,0,0.016253229141449683,2953678
2013,6960,4.934163190575031,1,0.4443462950045772,80750469
2013,6973,0.09056444131559002,0,0.014984029417757606,2723028
2013,6974,1.398018289971852,1,0.1797977878127033,32674416
2013,6975,1.1091482979151113,1,0.015867637846247975,2883605
2013,6978,0.011869088797088406,0,0.00014387932007533825,26147
2013,6991,0.020180980112429605,0,0.0064723463091419155,1176211
2013,6992,0.03627871784667738,0,0.0014423204369245796,262111
2013,6993,0.057935982430210226,0,0.00151942438892273,276123
2013,6994,0.08958714730404316,0,0.006899361994198187,1253812
2013,6996,0.03505608685247058,0,0.0032924631115339243,598335
2013,6997,0.06645387245116376,0,0.021003910014866983,3817013
2013,6998,0.03076377730859746,0,0.00641791351630965,1166319
2013,6999,0.00936056985478741,0,0.0006221912540986919,113070
2013,7111,0.1354475713735075,0,0.003238162383706508,588467
2013,7112,0.0005806525603531384,0,7.868873205634822e-06,1430
2013,7119,0.12594392786916342,0,0.004189410105514121,761336
2013,7126,0.0025245437490595025,0,4.2673504692096535e-05,7755
2013,7129,0.031182885764229864,0,0.0018116292175700168,329225
2013,7131,0.6616405608362066,0,0.02911122108404961,5290344
2013,7132,0.005908193361073429,0,0.0033636901708162577,611279
2013,7133,0.08278902178444943,0,0.004488278714197788,815649
2013,7138,0.024851352094449438,0,0.002288009700897442,415797
2013,7139,0.010721291871475618,0,0.005492721119417199,998185
2013,7144,0.015077098636371154,0,0.0034709654737140553,630774
2013,7148,0.01570795193238121,0,0.0016061085564810272,291876
2013,7149,0.03287532394964047,0,0.015052879306952646,2735540
2013,7161,0.10922798634744789,0,0.022387714649226027,4068490
2013,7162,0.12318506845293596,0,0.04518511145162178,8211431
2013,7163,0.009450158436100007,0,2.0404043249296447e-05,3708
2013,7169,0.006089454449739624,0,0.0009012886310146346,163790
2013,7187,0.13108737065186757,0,0.00444652966453964,808062
2013,7188,0.03913882069274076,0,0.004368836922728201,793943
2013,7211,0.37296126366663834,0,0.025159159305793287,4572141
2013,7212,0.03432132463107377,0,0.005801703706388947,1054336
2013,7213,0.05871352290424682,0,0.0009122005020403506,165773
2013,7219,0.023959857085571457,0,0.0013009008275645692,236411
2013,7223,0.0665306850799256,0,0.0009686472861965758,176031
2013,7224,1.1704549515447236,1,0.20089688367981579,36508727
2013,7233,0.005529152763115276,0,0.0003720436267875356,67611
2013,7234,0.03942407571996663,0,0.013739718444771183,2496901
2013,7239,0.1278233169059642,0,0.0454718190744422,8263534
2013,7243,0.03516693428153505,0,0.0013674780981344822,248510
2013,7244,0.5015176306923406,0,0.02169722377678584,3943008
2013,7245,0.2792236141003438,0,0.011801064703369786,2144592
2013,7246,0.3837863994432229,0,0.010803935397793934,1963385
2013,7247,0.32925347126717536,0,0.026247518016177685,4769927
2013,7248,0.5863595743848803,0,0.004660133804467145,846880
2013,7251,0.009912750219385586,0,0.00017127730587313949,31126
2013,7252,0.07858500115756702,0,0.002417114248555207,439259
2013,7259,0.019788506168899645,0,0.0006767891281870196,122992
2013,7263,0.007306664867356729,0,0.00012008560836822987,21823
2013,7264,0.024968377788266438,0,0.0008542074567856755,155234
2013,7267,0.07390354248941974,0,0.001731922484434618,314740
2013,7268,0.20328500687583845,0,0.0018882709420511932,343153
2013,7269,0.010205604529767579,0,0.0001039021425655921,18882
2013,7271,0.23836174273585553,0,0.0024219071076895483,440130
2013,7272,0.4033366306331979,0,0.04485168583333575,8150838
2013,7281,0.04754889899257158,0,0.006580870726877251,1195933
2013,7283,0.0867269229819356,0,0.013478763497896484,2449478
2013,7284,0.06538193068679478,0,0.05096479882116056,9261766
2013,7361,0.10541452736662903,0,0.017299150963609008,3143752
2013,7362,0.024925286340567218,0,0.001893746137043925,344148
2013,7367,0.008351083475103329,0,0.0008495961870330028,154396
2013,7368,0.01697916118204199,0,0.0012653643358428981,229953
2013,7369,0.02251036603930023,0,0.0034947481800040926,635096
2013,7371,0.015667521152040963,0,0.0004180737836862316,75976
2013,7372,0.08010897528932827,0,0.003658096082877708,664781
2013,7373,0.016637363796800864,0,0.0021361349453201547,388197
2013,7411,0.05010438524921244,0,2.6154373668798815e-05,4753
2013,7412,0.02309289131385103,0,0.0005441078199812386,98880
2013,7413,0.08548538859278829,0,0.007934619567215888,1441948
2013,7414,0.04820425281641774,0,0.008244972328612954,1498348
2013,7415,0.21348349558901178,0,0.068429988512117,12435692
2013,7416,0.09344847367972439,0,0.020030260766611723,3640073
2013,7421,0.007203623094712135,0,0.0008751067438031588,159032
2013,7422,0.02946879369040135,0,0.003377122282351191,613720
2013,7423,0.0038138182918546343,0,0.00026049822206626047,47340
2013,7428,0.07885043663983196,0,0.005184894101237886,942244
2013,7429,0.16470527182070283,0,0.020737050661733793,3768517
2013,7431,0.008287316038929595,0,0.0026684119419502638,484927
2013,7432,0.3012401966441422,0,0.025047212203348927,4551797
2013,7433,0.09027618827159682,0,3.1480995531074695e-05,5721
2013,7434,1.7917027802224816,1,0.15260822260338922,27733292
2013,7435,0.019273912333487672,0,0.0010588972088858182,192432
2013,7436,0.7459374043250497,0,0.2631750366441443,47826454
2013,7439,0.011643598860577467,0,0.0015267044723150762,277446
2013,7441,0.03170204081523423,0,0.008929619324588538,1622768
2013,7442,0.01853108789379769,0,0.0069047271350202106,1254787
2013,7449,0.0183635464203707,0,0.003907000098059862,710014
2013,7451,0.031161924203391093,0,0.0031210317298217926,567181
2013,7452,0.08818213212932745,0,0.0367650869590804,6681271
2013,7491,0.009647120735925337,0,0.0023463439140813127,426398
2013,7492,0.01901140215207229,0,0.012570629497463801,2284444
2013,7493,0.02383438924960966,0,0.010229392096903347,1858974
2013,7499,0.008930869603552589,0,0.001534210166757374,278810
2013,7511,0.021695915398407144,0,1.980975072747228e-05,3600
2013,7512,0.019795804110235325,0,0.0013557903452052736,246386
2013,7518,0.009460147207942905,0,0.0035906053626909174,652516
2013,7521,0.0,0,0.0,0
2013,7522,0.007815104541728376,0,0.0009261003438007936,168299
2013,7523,0.008903465098697525,0,0.010420369099333252,1893680
2013,7524,0.0014115876839727486,0,0.00015049357573489983,27349
2013,7525,0.0049590808424550045,0,0.008535350258026484,1551118
2013,7528,0.005397188382135302,0,0.0007534693716279436,136927
2013,7591,0.023386460792654745,0,0.00513637121737265,933426
2013,7599,0.01410369147739967,0,0.014583888961188275,2650311
2013,7611,0.00765450790229573,0,0.005425356961526722,985943
2013,7621,0.0,0,0.0,0
2013,7622,0.003515670010782672,0,4.680603880218867e-05,8506
2013,7628,0.0,0,0.0,0
2013,7631,0.0,0,0.0,0
2013,7638,0.008757300768035065,0,0.003574509940224846,649591
2013,7641,0.11769360543538841,0,0.11631214249819878,21137253
2013,7642,0.003158465499696859,0,0.000653221027529863,118709
2013,7643,0.12469230801088349,0,0.08033450963866101,14599085
2013,7648,0.06887247702069679,0,0.03371409920620583,6126819
2013,7649,0.028401681701107392,0,0.027022480967344935,4910760
2013,7711,0.06003144646570219,0,0.010625108375810214,1930887
2013,7712,0.012570638843389402,0,0.006587556517747774,1197148
2013,7721,0.012469011395042145,0,0.01780090993870174,3234936
2013,7722,0.0026587740985208777,0,0.0008480279151004112,154111
2013,7723,0.0002596971959237976,0,1.7162947921940567e-05,3119
2013,7731,0.06078278508801743,0,0.04252055140564631,7727204
2013,7732,0.06264214195355598,0,0.003419548165159194,621430
2013,7741,0.3954312466966314,0,0.07095536855110637,12894626
2013,7742,0.06086270242982851,0,0.010231862813035746,1859423
2013,7751,0.2064191482685299,0,0.01838106600229844,3340367
2013,7752,0.8879772395916403,0,0.1394552139480804,25343013
2013,7753,0.0010801981734477445,0,3.2322909936992264e-05,5874
2013,7754,0.018307080339317217,0,0.0004472876633007178,81285
2013,7757,0.3156798353954946,0,0.07122321839177594,12943302
2013,7758,0.053721920194242496,0,0.017616002423786394,3201333
2013,7761,0.0,0,0.0,0
2013,7762,0.003365910761242871,0,2.4454036731357444e-05,4444
2013,7763,0.0002108613133676508,0,0.00013545467330762712,24616
2013,7764,0.06466787182968527,0,0.11867329420094888,21566342
2013,7768,0.0006337047094349871,0,0.00018757082584648543,34087
2013,7781,0.05435573226841422,0,0.02396334920583796,4354828
2013,7782,0.015051244754364623,0,0.0010672338123169627,193947
2013,7783,0.007736626144998367,0,0.003159798311453749,574226
2013,7784,0.01785841262478555,0,0.000981193461657308,178311
2013,7788,0.009801204977889232,0,0.013674417802581485,2485034
2013,7810,0.0015843883756675285,0,0.0071411455045355225,1297751
2013,7821,0.0015335991871199225,0,0.002489513384755583,452416
2013,7822,0.22621019946320609,0,0.025843234020081186,4696457
2013,7831,0.06140423051628028,0,0.007716387649410105,1402289
2013,7832,0.04265752827876219,0,0.009997177796709089,1816774
2013,7841,0.20601417931634278,0,0.006916535947537199,1256933
2013,7842,0.007073899407056997,0,0.0005303840648939286,96386
2013,7849,0.04117490347486148,0,0.12362037224470347,22465368
2013,7851,0.18264886531371322,0,0.02880253014063024,5234246
2013,7852,0.05180358743424703,0,0.004109879459051855,746883
2013,7853,0.03437063327943647,0,0.004929106197677936,895760
2013,7861,0.03042341072496515,0,0.0054031095109180645,981900
2013,7868,0.011230327685009834,0,0.000938712551763951,170591
2013,7912,0.0,0,0.0,0
2013,7913,0.0,0,0.0,0
2013,7914,0.0,0,0.0,0
2013,7915,0.0,0,0.0,0
2013,7919,0.0022165224980338345,0,0.0002235530369595247,40626
2013,7921,0.05781575718639149,0,0.003961790566946928,719971
2013,7922,0.0,0,0.0,0
2013,7923,0.0,0,0.0,0
2013,7924,0.0,0,0.0,0
2013,7928,0.08000173837381852,0,0.0012025179016599923,218532
2013,7929,0.04640060781784171,0,0.024865512767509725,4518777
2013,7931,0.029692550065266624,0,0.022117151973248504,4019321
2013,7932,0.020853468951529702,0,0.0017949780215418694,326199
2013,7933,0.012190434584890674,0,0.000327136022430063,59450
2013,7938,0.1605209053150587,0,0.05243210705754444,9528418
2013,8121,0.011034612621755986,0,0.000973506177833342,176914
2013,8122,0.8619530002512596,0,0.03787896172894349,6883694
2013,8124,0.033066809999747065,0,0.007633571885952199,1387239
2013,8211,0.017794805117978665,0,0.00907423600760762,1649049
2013,8212,3.515053727161202,1,0.5081405102029133,92343708
2013,8219,0.05965405350548,0,0.034552921089926504,6279257
2013,8310,0.4178477023610508,0,0.16673448981464725,30300440
2013,8421,0.3550369379134132,0,0.028129378302785127,5111915
2013,8422,8.216716355608765,1,0.33999244059802186,61786380
2013,8423,15.141212866461332,1,4.0868681224443115,742701180
2013,8424,5.516549560518986,1,0.28977400715177004,52660250
2013,8429,5.1106204268771185,1,0.6192571438751093,112536788
2013,8431,0.561774681544793,0,0.09280021348977163,16864461
2013,8432,7.846370477327192,1,0.11008958614031322,20006436
2013,8433,0.2637980446203776,0,0.025555161725543993,4644106
2013,8434,7.404991689464959,1,0.23060788348609937,41908068
2013,8435,0.541286849586296,0,0.05195168758615202,9441112
2013,8439,10.168323809563981,1,3.409271042568455,619562352
2013,8441,0.6686721588757646,0,0.07706653358010966,14005200
2013,8442,30.446497551530417,1,0.34201827925345824,62154533
2013,8443,5.237088525184634,1,0.09025518327860231,16401956
2013,8451,1.6042664930151025,1,0.6836651807078619,124241576
2013,8452,2.163597804979519,1,0.7923324267459425,143989532
2013,8459,9.518414287618237,1,3.076969627636203,559173652
2013,8461,6.078524962661963,1,0.03720814854222593,6761788
2013,8462,10.14351180359426,1,3.2833793723486755,596684224
2013,8463,9.631534763048226,1,1.9535719254088206,355020062
2013,8464,13.075888483911555,1,0.36761416652487283,66806040
2013,8465,0.2355769353240041,0,0.017926608309776087,3257779
2013,8471,0.6036089507117431,0,0.026429509095569265,4803000
2013,8472,11.846305257856732,1,1.0440669691662083,189736920
2013,8481,42.47469589674597,1,3.2148648402226208,584233168
2013,8482,0.22304379809811953,0,0.016741495475213596,3042410
2013,8483,0.366932546150068,0,0.013350561394438526,2426180
2013,8484,0.15385261515019663,0,0.008631988825325338,1568680
2013,8510,0.6495674553534823,0,0.5610627325042895,101961194
2013,8710,0.0036717543035680346,0,0.0034238237696912065,622207
2013,8720,2.4328432758032257,1,1.689970770021111,307116170
2013,8731,0.02197861758371096,0,0.0008457167775155394,153691
2013,8732,0.0018647785672463839,0,4.086311358394699e-05,7426
2013,8741,0.7900341073212492,0,0.06115562793664776,11113732
2013,8742,0.007170127406204532,0,0.00047115291021878654,85622
2013,8743,0.05267648650818738,0,0.009326551702081728,1694902
2013,8744,0.05158394810511773,0,0.004238950990458407,770339
2013,8745,0.023070571250813608,0,0.0018485909108023589,335942
2013,8748,0.03117817054335027,0,0.01954712845991135,3552274
2013,8749,0.2100572994545547,0,0.06480481513440664,11776894
2013,8811,0.0,0,0.0,0
2013,8812,0.0,0,0.0,0
2013,8813,0.024142051051713097,0,0.001770512979393441,321753
2013,8821,0.022798412869863345,0,0.003312338894763821,601947
2013,8822,0.029802451429291672,0,0.0022068667608343014,401051
2013,8830,0.0,0,0.0,0
2013,8841,0.01483199055110088,0,0.0045731910096076835,831080
2013,8842,0.03469670258952943,0,0.0034734471952635247,631225
2013,8851,0.024834917666147073,0,0.007732587623338348,1405233
2013,8852,0.0105956480213406,0,0.0005385115654007276,97863
2013,8921,0.12194250784861194,0,0.01590522684825335,2890436
2013,8922,0.04157454141025776,0,0.00168721297758442,306615
2013,8924,0.17551592144535383,0,0.0023191275176651796,421452
2013,8928,0.4306544367835867,0,0.08124591224796374,14764713
2013,8931,0.390470727623191,0,0.15170473839166893,27569103
2013,8932,0.1858851484387237,0,0.004787994739995909,870116
2013,8933,0.007460426390972624,0,7.506794984004912e-05,13642
2013,8935,0.22710594756650673,0,0.007614020762525891,1383686
2013,8939,0.3256155506047055,0,0.21822428004633707,39657612
2013,8941,0.03327007717683426,0,0.0005205452220326174,94598
2013,8942,0.020912488099685864,0,0.009024700625371869,1640047
2013,8946,0.045272758512986074,0,0.00075510367606296,137224
2013,8947,8.292316800806836,1,1.37420316733853,249732138
2013,8951,0.013948098187200098,0,6.208155769648396e-05,11282
2013,8952,0.32373308605596757,0,0.03328103054176061,6048118
2013,8959,0.039202697010588906,0,0.00296094143040114,538088
2013,8960,0.02065295926971582,0,0.002681706485771812,487343
2013,8972,0.06534012600642819,0,0.0031103234590118874,565235
2013,8973,2.355978364615642,1,2.10374820946686,382311401
2013,8974,0.23698893683446723,0,0.030746284892843964,5587482
2013,8981,0.1294126557187915,0,0.0017895028265491374,325204
2013,8982,0.4557182973848448,0,0.011418549422239367,2075078
2013,8983,0.0006089264797282524,0,0.0006270996701122766,113962
2013,8989,0.5963181367925361,0,0.006230315176920487,1132227
2013,8991,7.129579465530555,1,0.06828282407504603,12408948
2013,8993,3.302702291896403,1,0.14378167451237742,26129255
2013,8994,0.11848024493439271,0,0.003409786360217378,619656
2013,8996,0.025040450390509127,0,0.008979903075185104,1631906
2013,8997,0.12441529875540616,0,0.009157409447120327,1664164
2013,8998,0.07673024033135022,0,0.003596377703944561,653565
2013,8999,0.04299669285119757,0,0.0015672759423466464,284819
2014,5111,0.0007142859477906686,0,0.0001600317342018168,27587
2014,5112,3.020965649883847e-05,0,1.3725127165748306e-05,2366
2014,5113,1.3278804371522128,1,0.08451370613259912,14568858
2014,5114,0.00497993845721522,0,5.957030045015611e-05,10269
2014,5121,5.484156862858134,1,1.3101490626972654,225849469
2014,5122,0.0008763340829672461,0,1.3991972410729042e-05,2412
2014,5123,0.002073912302693053,0,0.00011091480617460169,19120
2014,5137,0.0048784661441727654,0,0.0008074969152460542,139200
2014,5138,2.306782937590183,1,0.2311407653029715,39845099
2014,5139,0.013688908801677965,0,0.0022444353555329728,386906
2014,5145,0.0008869857862473277,0,6.17224653607616e-05,10640
2014,5146,0.03531294781935149,0,0.003687401017766304,635651
2014,5147,0.0005807869438013447,0,3.570505397513982e-05,6155
2014,5148,0.00982360059602475,0,0.001191168168676074,205339
2014,5154,0.0015102827109113952,0,9.5286956392469e-05,16426
2014,5155,0.058077616439395865,0,0.01550454407501724,2672744
2014,5156,0.007896964312599812,0,0.003068262039575131,528921
2014,5157,0.0014460387476301925,0,8.218253447048024e-05,14167
2014,5161,0.0006956170854341877,0,0.00012008616122491786,20701
2014,5162,0.0016558079379569584,0,0.0001041392573455256,17952
2014,5163,0.0,0,0.0,0
2014,5169,2.77710423945097,1,0.23417321206988337,40367846
2014,5221,0.008956612880459536,0,0.0014047487823652207,242157
2014,5222,0.3277372229372443,0,0.025401445545452452,4378817
2014,5223,0.005165050768820993,0,3.0269532354553958e-05,5218
2014,5224,0.15653887350053503,0,0.0050184599056317366,865105
2014,5225,0.026649255512209265,0,0.0037903104665914836,653391
2014,5231,0.24275713735670348,0,0.02810824829775041,4845428
2014,5232,0.5723028502823511,0,0.08650510258408732,14912144
2014,5233,0.002697477895349033,0,8.194469414343219e-05,14126
2014,5239,0.26142648656481293,0,0.01940666269925565,3345409
2014,5241,0.004327900883426645,0,0.000322279444133691,55556
2014,5249,0.2544002902320227,0,0.03364999752977296,5800740
2014,5311,0.3643660165199916,0,0.03400683923411524,5862254
2014,5312,0.35374999260386114,0,0.0036451234493876175,628363
2014,5322,0.03509166374635102,0,0.0009561413186674972,164824
2014,5323,0.09889679228935522,0,0.000638206811240123,110017
2014,5331,0.060226548642806445,0,0.008287952264840276,1428715
2014,5332,0.21083210459915536,0,0.011638449558851226,2006289
2014,5334,0.9810786203457014,0,0.18247942332270875,31456635
2014,5335,0.06322326543352273,0,0.007735286757567237,1333444
2014,5411,0.021515367101209805,0,0.0008750957769799786,150853
2014,5413,0.011459631145081925,0,0.0009098088627618204,156837
2014,5414,0.0,0,0.0,0
2014,5415,0.005708500838227634,0,0.0004735516931198358,81633
2014,5416,0.12321467465967743,0,0.03541152420566101,6104400
2014,5417,0.2651898776505357,0,0.5961423013866024,102765728
2014,5419,0.6961184442816148,0,0.14920135585558666,25720010
2014,5513,0.21848402974636644,0,0.010454219366544651,1802146
2014,5514,0.0169453700689172,0,0.002977627472019065,513297
2014,5530,0.14287247123858302,0,0.0813079375780887,14016233
2014,5541,2.32963263299386,1,0.11357488780509369,19578557
2014,5542,0.23125826300864027,0,0.07715079031243532,13299605
2014,5543,0.26491921924660955,0,0.0047072313352304,811454
2014,5621,0.009513675570613932,0,0.0022509150541991357,388023
2014,5622,0.3721976855289412,0,0.006398606716606451,1103021
2014,5623,0.004838265336366745,0,0.0006503018620180543,112102
2014,5629,0.016701099202050713,0,0.0025504662446407715,439661
2014,5721,0.3343981987929297,0,0.0034815241102800795,600161
2014,5722,0.016992598077262566,0,0.00021847664383618456,37662
2014,5723,0.0,0,0.0,0
2014,5821,0.04665074508143943,0,0.0024868816635487314,428700
2014,5822,0.2509456273792204,0,0.026689118877074168,4600792
2014,5823,2.0372524383302673,1,0.8535655946270676,147141529
2014,5824,0.052133169927391,0,0.006899556455205503,1189377
2014,5825,0.2517777143665728,0,0.06133971646372185,10574020
2014,5826,0.14428495684089884,0,0.012749216095017888,2197768
2014,5827,0.0943889588051759,0,0.007162671667740096,1234734
2014,5828,0.11692414142976623,0,0.0002955949196356174,50956
2014,5829,0.10192029902247776,0,0.018064402112084616,3114024
2014,5831,0.044052604835512155,0,0.020583670666996987,3548307
2014,5832,0.021887764120752648,0,0.0075548819690095005,1302345
2014,5833,1.792168328834173,1,0.3104596152210395,53518444
2014,5834,0.5485986791475234,0,0.16107096880937785,27766148
2014,5835,0.09814109205791599,0,0.0010890650565694231,187738
2014,5836,0.23454725727415424,0,0.03758425940406438,6478946
2014,5837,0.47400551551168657,0,0.024208200624652395,4173120
2014,5838,0.12844868533058243,0,0.001594829611545303,274924
2014,5839,0.14286999881337972,0,0.05603215293908782,9659078
2014,5841,0.2721458677685022,0,0.01586963477801958,2735680
2014,5842,0.14059775979648084,0,0.0020798556501993104,358535
2014,5843,0.0751836987865538,0,0.003985119097394594,686973
2014,5849,0.21660930569100098,0,0.011992234144843404,2067276
2014,5851,0.043796009004501875,0,0.0006355905676425946,109566
2014,5852,1.6995962984282456,1,0.16385091036273486,28245367
2014,5911,0.5040641825138996,0,0.023890260316241432,4118312
2014,5912,0.12663520212788026,0,0.010754304247476249,1853876
2014,5913,0.060194672725033795,0,0.006009534747457364,1035951
2014,5914,0.02175559567609365,0,0.0005564651515222198,95926
2014,5921,1.530732362946794,1,0.061937931294116386,10677143
2014,5922,0.22442215592348552,0,0.034017077970145485,5864019
2014,5981,0.21466856484922212,0,0.009602948229154584,1655400
2014,5982,0.0687018454203098,0,0.005975065302986157,1030009
2014,5983,6.354275406757652,1,0.4234475711088145,72995823
2014,5989,0.12768483701855432,0,0.07716507813500897,13302068
2014,6112,4.7150477934852,1,0.008507890756540267,1466629
2014,6113,9.06308713484588,1,0.2800965942150049,48284328
2014,6114,10.110058588672516,1,0.9535917689782631,164384497
2014,6115,27.988995512229444,1,0.2863386961954301,49360370
2014,6116,77.18962887349886,1,1.2895331095566092,222295597
2014,6118,8.181179480671553,1,0.057592640727800834,9928082
2014,6121,1.1433574804913629,1,0.009504006653102595,1638344
2014,6122,4.808606779734146,1,0.052607060797137596,9068645
2014,6123,0.35617613517932606,0,0.023233119094574855,4005031
2014,6129,1.1207717336430048,1,0.017125901584503778,2952241
2014,6130,0.41369868174935953,0,0.006045622666349215,1042172
2014,6210,0.12057312719523901,0,0.014528424168877707,2504476
2014,6251,0.004562817099617309,0,0.0015111620252766691,260501
2014,6252,0.009721814730824285,0,0.002053849840780862,354052
2014,6253,0.047798802426389835,0,0.0002714454249648607,46793
2014,6254,1.2647543707992925,1,0.026178301665394414,4512735
2014,6259,0.10659790445366012,0,0.01167337728102577,2012310
2014,6281,0.013294928370283149,0,0.00011939584417811987,20582
2014,6282,0.016593164294209282,0,0.0007382621761407262,127265
2014,6289,0.030641169594151158,0,0.005335883926503495,919824
2014,6330,0.0017809486357087479,0,3.130210743295767e-05,5396
2014,6341,0.14905322608017343,0,1.2402502908017699e-05,2138
2014,6342,0.21349073040428374,0,0.022857580820133158,3940294
2014,6343,0.036037880287161435,0,0.00226932157511922,391196
2014,6344,0.49581294861374325,0,0.012184507745819197,2100421
2014,6349,1.2148988814916704,1,0.021781672394338,3754824
2014,6351,0.2153787278747608,0,0.0024990521271132876,430798
2014,6353,0.07322695452369667,0,0.009905138867128094,1707493
2014,6354,0.0734500822317446,0,0.0014119420020125275,243397
2014,6359,0.2333334548186291,0,0.015842051101065593,2730925
2014,6411,0.021181032943293397,0,0.0037934894055969065,653939
2014,6412,0.013095135867603473,0,0.0032289666878729858,556624
2014,6413,0.019489156478273047,0,0.0021120047012359025,364077
2014,6415,0.07201864020982213,0,0.006755651455374262,1164570
2014,6416,2.918845394571883,1,0.21687101279320112,37385214
2014,6417,0.024562778055710444,0,0.00063849686041945,110067
2014,6418,0.998256178940762,0,0.23144761993174864,39897996
2014,6419,0.03441162636938418,0,0.0006683081150706675,115206
2014,6421,0.49494924003658003,0,0.08578245665576155,14787571
2014,6422,0.04793739747482182,0,0.00039949633665409495,68867
2014,6423,0.0454872396633852,0,0.0015189585472169759,261845
2014,6424,0.16656399341876488,0,0.012352550638354023,2129389
2014,6428,0.22089712242135268,0,0.03575982686216391,6164442
2014,6511,0.04515767314094986,0,8.08715121799227e-05,13941
2014,6512,0.17335415762056516,0,0.006890773766055486,1187863
2014,6513,95.33454914657531,1,12.139066326793396,2092587601
2014,6514,0.7947825557135405,0,0.1410422782421049,24313511
2014,6515,0.738057848386419,0,0.0044804012750296,772352
2014,6516,2.7521392526178285,1,0.0852524207854596,14696201
2014,6517,1.3123840023260887,1,0.020924141995658063,3606999
2014,6518,0.8972822259045402,0,0.0003702651803615312,63828
2014,6519,0.06088600429517712,0,0.0023747022429522644,409362
2014,6521,118.19979782613575,1,5.636536897757722,971651930
2014,6522,43.35061421991964,1,8.438018808392876,1454584155
2014,6531,6.136824587823701,1,1.7740623635782327,305820959
2014,6532,10.684100732720283,1,0.29718862965733045,51230731
2014,6534,22.945504908199,1,1.8767012487279526,323514318
2014,6535,2.7440062520758435,1,0.036561360366283005,6302614
2014,6536,0.5851698645256395,0,0.011290808214477192,1946361
2014,6538,2.080821007834005,1,0.026371137961778097,4545977
2014,6539,5.289028963843166,1,0.1151888838664089,19856785
2014,6541,1.0845839379708517,1,0.016027206895180703,2762843
2014,6542,0.9064909890513682,0,0.018657593290693206,3216281
2014,6543,3.9542288582896585,1,0.05218467377925102,8995832
2014,6544,1.1736806667215895,1,0.009680611797411151,1668788
2014,6545,9.882990869989374,1,0.02195190805866854,3784170
2014,6546,0.04208132944733143,0,0.0008163550171826974,140727
2014,6549,16.095641015158087,1,0.01300767311773249,2242322
2014,6551,0.9872420700951676,0,0.2157798419795898,37197113
2014,6552,0.45270312734580104,0,0.03238489582528647,5582656
2014,6553,0.17602717903858173,0,0.00039770383272585475,68558
2014,6560,0.6532304463975929,0,0.03630098321800126,6257729
2014,6571,3.0363517112348726,1,0.05707572668237163,9838974
2014,6572,0.6775072514967452,0,0.09484775232316506,16350288
2014,6573,0.35123265659337005,0,0.055024806338301965,9485427
2014,6574,18.14812008247658,1,0.09901946585860423,17069427
2014,6575,11.03401580222361,1,0.4164534876260663,71790151
2014,6576,0.18486034895770354,0,0.00011445340616238972,19730
2014,6577,0.7670036875775937,0,0.05759217084813032,9928001
2014,6579,0.21483532544352413,0,0.00013350383626057968,23014
2014,6581,8.096986947798593,1,0.23013953293888587,39672502
2014,6582,20.02920370852993,1,0.6357950059061513,109601242
2014,6583,7.255556674225175,1,0.2817965956589741,48577382
2014,6584,71.88252906810916,1,15.79521581010165,2722851319
2014,6589,9.373349241742018,1,0.4947577861217339,85288603
2014,6591,0.08583200615506036,0,0.0012070628637031874,208079
2014,6592,47.93693445022649,1,0.6298522868876438,108576809
2014,6593,15.580038657446917,1,0.015124707271737921,2607266
2014,6594,0.29565188736021597,0,0.011203723848876088,1931349
2014,6595,0.08301270242413118,0,0.005178584455570938,892708
2014,6596,0.08200044335844354,0,0.0009267303318837509,159754
2014,6597,0.14375562419069607,0,0.0003539296105818409,61012
2014,6611,0.08690952173622818,0,0.0007493130498730805,129170
2014,6612,29.418877127632044,1,2.938551454879821,506560898
2014,6613,0.6305532108010643,0,0.10382100958498455,17897139
2014,6618,0.12091553048916819,0,0.005640934449385169,972410
2014,6623,0.07344860864641323,0,0.0037307169622069814,643118
2014,6624,0.07474536495889532,0,0.013666838882670772,2355952
2014,6631,0.037119785445951986,0,0.0013133948928444245,226409
2014,6632,0.005225746594333986,0,0.00016981219252871943,29273
2014,6633,0.5457636437321564,0,0.07125646889999018,12283515
2014,6635,0.02111752350055618,0,0.0007034794785558458,121269
2014,6637,0.013614907299556157,0,0.00022095946481122272,38090
2014,6638,0.5174254087154054,0,0.007272339262443592,1253639
2014,6639,0.17757416068845547,0,0.013219014551757233,2278754
2014,6641,0.02043482194913655,0,0.00031247578187244216,53866
2014,6642,0.02106595271644389,0,0.003773116351240986,650427
2014,6643,0.0009459471171550026,0,7.570283580431758e-06,1305
2014,6644,1.9093607121193497,1,0.11966218473752857,20627913
2014,6645,0.0,0,0.0,0
2014,6646,0.0,0,0.0,0
2014,6647,0.0006226650539103235,0,4.880947589712859e-05,8414
2014,6648,0.01836911711096328,0,0.0008501747514922124,146557
2014,6649,0.007601243685282383,0,0.000583103268151601,100518
2014,6651,0.15198943703922443,0,0.014336591442654489,2471407
2014,6652,0.23201097327653852,0,0.01790952745229123,3087326
2014,6658,0.061967395400337785,0,0.0025885380999192188,446224
2014,6664,0.15324294410531739,0,0.007188004563062506,1239101
2014,6665,0.15059534829573526,0,0.0028104141201371145,484472
2014,6666,0.040576454001808086,0,0.0012969142984750708,223568
2014,6671,0.019928127497189745,0,0.0001737568613675651,29953
2014,6672,9.406582848803336e-05,0,9.650516294564194e-05,16636
2014,6673,0.7079346096300791,0,0.04818798752058487,8306865
2014,6674,0.3324306661628476,0,0.003439159527147595,592858
2014,6712,0.005335642882093726,0,0.0002130411222155987,36725
2014,6713,0.48069276653291976,0,0.018583903396193417,3203578
2014,6716,0.0,0,0.0,0
2014,6724,0.4882344605107697,0,0.008480846571059828,1461967
2014,6725,0.015940977628573542,0,0.003533106456331573,609053
2014,6727,0.18345556367335036,0,0.07871431201556409,13569132
2014,6731,0.0056894817403229676,0,0.0010045041188284625,173161
2014,6732,0.008901073104402392,0,0.003047401702597941,525325
2014,6733,0.05562617764707608,0,0.008358173171155314,1440820
2014,6741,0.07598156368607323,0,0.0013289125239384129,229084
2014,6744,0.049956341684117535,0,0.010960030329389223,1889340
2014,6745,0.020673851501832565,0,0.001633295933707635,281555
2014,6746,0.12168269736575225,0,0.029455509332773046,5077675
2014,6747,0.0021672212905728913,0,9.916781441186274e-05,17095
2014,6749,0.10727898530663663,0,0.034057081552958245,5870915
2014,6750,0.15996335136533638,0,0.0244927272676049,4222168
2014,6760,2.8816484545344205,1,0.09375010761187115,16161071
2014,6770,0.014627141424077048,0,0.0014007112977889905,241461
2014,6781,0.024721947085882795,0,0.0007831095802482493,134996
2014,6782,0.02545570572512795,0,0.005847147813919412,1007958
2014,6783,2.423352452516724,1,0.5534359301021821,95403809
2014,6784,0.6085744701198138,0,0.029178535570450213,5029929
2014,6785,0.017127217724655905,0,0.0026627848888433154,459023
2014,6793,0.08706456238468004,0,0.006617582245031077,1140769
2014,6794,0.06804584007320998,0,0.007474880604367558,1288554
2014,6911,0.6766113065532706,0,0.29390503510702304,50664690
2014,6912,0.01085595786491186,0,0.0010052582466947124,173291
2014,6921,0.019333248055552556,0,0.0004179898723279773,72055
2014,6924,0.3918469694807835,0,0.052521386070548015,9053876
2014,6931,0.15420142817279708,0,0.0124885546985404,2152834
2014,6932,0.008657843310806048,0,1.697947895779598e-05,2927
2014,6935,0.021195566158549353,0,0.0008659418248804218,149275
2014,6940,0.031927617371776545,0,0.009929938071960543,1711768
2014,6951,0.23850030311210943,0,0.0029672553133663357,511509
2014,6953,0.24864997832132976,0,0.031772172734942,5477032
2014,6954,0.14587293032345167,0,0.038540058464700266,6643711
2014,6960,5.17577021728041,1,0.4781319583273076,82422567
2014,6973,0.13754356492997963,0,0.023624157597159773,4072440
2014,6974,1.5396410946578942,1,0.2014157074668664,34720958
2014,6975,1.1456036313447466,1,0.01609250276643077,2774099
2014,6978,0.017608808119792967,0,0.00024931467258221924,42978
2014,6991,0.01947700332309039,0,0.006617065957491876,1140680
2014,6992,0.011582404506330428,0,0.00048366860849475754,83377
2014,6993,0.057728749049470104,0,0.0016205221678500786,279353
2014,6994,0.10777084597882369,0,0.008761364734354033,1510324
2014,6996,0.07147219201809601,0,0.006832015603307445,1177734
2014,6997,0.07886412676310657,0,0.025688002532660244,4428215
2014,6998,0.0416903817521613,0,0.009384848649251525,1617803
2014,6999,0.02022953680435119,0,0.001416315943636777,244151
2014,7111,0.04110798960259227,0,0.0008471698419943858,146039
2014,7112,0.28094214976935306,0,0.0035503643825015234,612028
2014,7119,0.04397274783821133,0,0.001438290069462582,247939
2014,7126,0.26555184738041904,0,0.004065207476790334,700779
2014,7129,0.1574431400735461,0,0.009161951655922398,1579379
2014,7131,2.5456823291322292,1,0.09677783817912713,16683005
2014,7132,0.002925486488393034,0,0.0017327479963152382,298699
2014,7133,0.11251841934654332,0,0.006338572337469372,1092672
2014,7138,0.02209919302635556,0,0.0021201028743227093,365473
2014,7139,0.014182092429952468,0,0.0074484397211801185,1283996
2014,7144,0.40513859956705106,0,0.0944400940026047,16280014
2014,7148,1.1731092155764056,1,0.1260553791364488,21730001
2014,7149,0.2836878990966086,0,0.12902939259569346,22242675
2014,7161,0.12429272337351222,0,0.02677224697186925,4615122
2014,7162,0.04686163241133955,0,0.017666640269522894,3045456
2014,7163,0.02655999211527183,0,5.443062899248366e-05,9383
2014,7169,0.06424997766156908,0,0.0092574822536255,1595847
2014,7187,0.00027528245267793904,0,8.109775053979768e-06,1398
2014,7188,0.048533693827273884,0,0.0056713083994442805,977646
2014,7211,0.4295672379941395,0,0.027217211417874632,4691827
2014,7212,0.043821511460686455,0,0.007038402997349286,1213312
2014,7213,0.11112550508356395,0,0.0017456551847952844,300924
2014,7219,0.02033578561146804,0,0.0011683645021973942,201408
2014,7223,0.028982634625354792,0,0.0003599974394133594,62058
2014,7224,0.8928959778557821,0,0.14603563149077411,25174288
2014,7233,0.005463332362118509,0,0.00032691443001933463,56355
2014,7234,0.048396536320747995,0,0.016467629171037824,2838765
2014,7239,0.18102018800723074,0,0.06268540543219253,10805996
2014,7243,0.25683556932460466,0,0.010433527258091472,1798579
2014,7244,0.21020973932173204,0,0.009373206075193341,1615796
2014,7245,0.49061362776371664,0,0.0218535929888439,3767222
2014,7246,0.23535668297708612,0,0.00679715749293594,1171725
2014,7247,0.11379650502243366,0,0.009454524263109429,1629814
2014,7248,0.09619284861823059,0,0.0008366352558012333,144223
2014,7251,0.004435094416078533,0,8.1608237095413e-05,14068
2014,7252,0.18239941275177748,0,0.0055741071184682535,960890
2014,7259,0.03567039394895323,0,0.0011919048935915644,205466
2014,7263,0.008904361409125516,0,0.00014885323883055853,25660
2014,7264,0.023712922152235694,0,0.0007491854282341767,129148
2014,7267,0.10570917707913437,0,0.0024384260476503815,420347
2014,7268,0.13295380520879793,0,0.0011181627902394965,192754
2014,7269,0.0025150365922362314,0,2.3865246475016286e-05,4114
2014,7271,0.07489805105230003,0,0.000768746344887982,132520
2014,7272,0.2816350713538985,0,0.03206449009885122,5527423
2014,7281,0.037202446978645436,0,0.005535321742208663,954204
2014,7283,0.0949101498465567,0,0.014048990278401122,2421829
2014,7284,0.07136884200930275,0,0.0577398986961451,9953467
2014,7361,0.09905457093056667,0,0.01608474685137557,2772762
2014,7362,0.044947487839108305,0,0.003355004658257692,578351
2014,7367,0.00588857879486601,0,0.0006816039694510119,117498
2014,7368,0.024825493485296966,0,0.001971348252213122,339830
2014,7369,0.022216731087224773,0,0.0035790502463369524,616973
2014,7371,0.21481882474197625,0,0.005777443195143575,995942
2014,7372,0.07056562234122908,0,0.0029901866014839192,515462
2014,7373,0.04774572972239507,0,0.006476490722239307,1116447
2014,7411,0.022158140168026235,0,1.2153060613796577e-05,2095
2014,7412,0.018374450799600938,0,0.0004177114251158235,72007
2014,7413,0.033174216346409095,0,0.0031766708208403483,547609
2014,7414,0.06107857370682124,0,0.010583076614952416,1824359
2014,7415,0.29289572998968244,0,0.09459713242927587,16307085
2014,7416,0.06365506285470669,0,0.014116148265382468,2433406
2014,7421,0.00772146260544786,0,0.0010135768571578074,174725
2014,7422,0.019685579772635728,0,0.002262453210552759,390012
2014,7423,0.004562308028708607,0,0.00031863062545775875,54927
2014,7428,0.09965398651195086,0,0.006697287759510106,1154509
2014,7429,0.10511070294648313,0,0.013319911059277883,2296147
2014,7431,0.025431169522648518,0,0.008390391833994945,1446374
2014,7432,0.49416171994709474,0,0.04404693798438414,7593012
2014,7433,0.16677794347501185,0,6.059127356138675e-05,10445
2014,7434,1.7867159153649113,1,0.15665700619936485,27005249
2014,7435,0.05233001955882624,0,0.002901837621460949,500232
2014,7436,0.6897746660941989,0,0.26659993878781235,45957713
2014,7439,0.008644594741969666,0,0.0011717986844806245,202000
2014,7441,0.08371507573279115,0,0.023985396447060655,4134712
2014,7442,0.03160133510097973,0,0.011808360368100916,2035579
2014,7449,0.0586049916641036,0,0.012816745344948772,2209409
2014,7451,0.05168636369752576,0,0.005310945498064969,915525
2014,7452,0.049740819698006686,0,0.020911548060291687,3604828
2014,7491,0.0126844110736037,0,0.0032017136669834313,551926
2014,7492,0.022184113789572246,0,0.015312444503549042,2639629
2014,7493,0.017462033704369162,0,0.00801926230707902,1382397
2014,7499,0.015197956269941089,0,0.002658109296072566,458217
2014,7511,0.0,0,0.0,0
2014,7512,0.0032878519575225,0,0.00022561185364762597,38892
2014,7518,0.02311285528123769,0,0.008821242486934276,1520646
2014,7521,0.0,0,0.0,0
2014,7522,0.0014710629440445695,0,0.00020194384061455198,34812
2014,7523,0.004306359001599288,0,0.005218367601007414,899566
2014,7524,0.0011866779102165375,0,0.00012630481562968634,21773
2014,7525,0.006446613409744688,0,0.011217907253745172,1933794
2014,7528,0.010244746099470814,0,0.0014933240007480658,257426
2014,7591,0.03433218438020348,0,0.007378375441421916,1271918
2014,7599,0.04207649170930403,0,0.043316559344937514,7467106
2014,7611,0.008041402881945386,0,0.005906805129123367,1018242
2014,7621,0.0020052374397836726,0,0.0001590977758443842,27426
2014,7622,0.0005916222808932292,0,6.879966533633766e-06,1186
2014,7628,0.009878943653348366,0,0.00031425668383350925,54173
2014,7631,0.004788122654010874,0,5.679162931220452e-06,979
2014,7638,0.017434021602175886,0,0.006495187292338718,1119670
2014,7641,0.05929171566257165,0,0.06239193367254958,10755406
2014,7642,0.0007492541785497967,0,0.00016633160237679678,28673
2014,7643,0.07844054845875985,0,0.05396569175998983,9302852
2014,7648,0.04570903548539943,0,0.02285479634801162,3939814
2014,7649,0.035058197776354834,0,0.03296502318885817,5682661
2014,7711,0.1916974981344443,0,0.03261340817072736,5622048
2014,7712,0.007291645576878828,0,0.003764275652255103,648903
2014,7721,0.04405223157737715,0,0.06526190069018609,11250144
2014,7722,0.0005918556800242672,0,0.00019122942393021679,32965
2014,7723,0.006925263541799333,0,0.00047827369375927744,82447
2014,7731,0.04000942305781202,0,0.029419699861093346,5071502
2014,7732,0.06393042174578817,0,0.0035490823651288983,611807
2014,7741,0.40410211473603663,0,0.07432921509987772,12813209
2014,7742,0.02664783535085463,0,0.0043410326443630316,748327
2014,7751,0.1961842235060461,0,0.01759036313634351,3032307
2014,7752,1.0469020196910843,1,0.16432285518340123,28326723
2014,7753,0.0025634896594769864,0,7.693844530825011e-05,13263
2014,7754,0.00876942124092636,0,0.00022221247726591486,38306
2014,7757,0.3475454721107384,0,0.08351196908294144,14396174
2014,7758,0.0390056016807649,0,0.013292768257076475,2291468
2014,7761,0.003401323986631013,0,6.659529157345331e-06,1148
2014,7762,0.002769717234624299,0,2.0257034684189805e-05,3492
2014,7763,0.00303330390543358,0,0.0020713398062942733,357067
2014,7764,0.06399725276842586,0,0.11793392670250932,20329988
2014,7768,0.006273946946931866,0,0.0018427230431488206,317657
2014,7781,0.02852832403927419,0,0.01279947581681165,2206432
2014,7782,0.012337806045901767,0,0.000781346081237942,134692
2014,7783,0.007496668450759217,0,0.003180296435581934,548234
2014,7784,0.0032403269297498105,0,0.0001773244662732858,30568
2014,7788,0.008333275520975073,0,0.011410702943243756,1967029
2014,7810,0.0025893166188055705,0,0.012035225234203235,2074687
2014,7821,0.009663710725607698,0,0.01583778737812949,2730190
2014,7822,0.007009558405837946,0,0.0007515464285538976,129555
2014,7831,0.005079771252040541,0,0.0006735406022657245,116108
2014,7832,0.03240798781960746,0,0.008215248537550197,1416182
2014,7841,0.0282075468957252,0,0.0007951524221739018,137072
2014,7842,0.009914465977270876,0,0.0006577793298611015,113391
2014,7849,0.03851725302458205,0,0.1179292395077714,20329180
2014,7851,0.1718735709122915,0,0.027912830563670714,4811741
2014,7852,0.44363218649176855,0,0.03698392721466076,6375458
2014,7853,0.08299986685259962,0,0.013354142663422042,2302048
2014,7861,0.025620821895528723,0,0.004860301889128371,837841
2014,7868,0.0048346541866431635,0,0.00042616925918499547,73465
2014,7912,0.0,0,0.0,0
2014,7913,0.0,0,0.0,0
2014,7914,0.0,0,0.0,0
2014,7915,0.0,0,0.0,0
2014,7919,0.0357134527461735,0,0.0038763506551470115,668223
2014,7921,0.0,0,0.0,0
2014,7922,4.48969210579144,1,0.04267016154487321,7355677
2014,7923,0.0,0,0.0,0
2014,7924,0.0323833158042489,0,0.03346958694023163,5769640
2014,7928,0.055013083324082494,0,0.0007674121186630784,132290
2014,7929,0.1202966505748976,0,0.0784196104474008,13518330
2014,7931,0.014870484569139222,0,0.0100521183882602,1732830
2014,7932,0.00011866118779689656,0,1.1178495371258235e-05,1927
2014,7933,0.020218155488868385,0,0.0002831866157440131,48817
2014,7938,0.007301679046506587,0,0.002683546609099534,462602
2014,8121,0.011561722830677277,0,0.0009965973782000116,171798
2014,8122,0.4693662746759327,0,0.025386084540915295,4376169
2014,8124,0.029978917903702645,0,0.008151460922032628,1405186
2014,8211,0.023577786641835494,0,0.01266670870546656,2183545
2014,8212,3.010384171852803,1,0.4499842691421523,77570340
2014,8219,0.0708119945969874,0,0.041339050448155494,7126214
2014,8310,0.30576024224878656,0,0.12372074428712873,21327546
2014,8421,0.4928166866410396,0,0.041680896609926577,7185143
2014,8422,15.718590624982737,1,0.6787950461836566,117013785
2014,8423,13.319323209745251,1,3.8083922252464597,656508016
2014,8424,5.023136702608394,1,0.3098571540706596,53414589
2014,8429,7.024524690712209,1,0.8965054555008461,154543698
2014,8431,0.5421664979624441,0,0.11070989803137442,19084677
2014,8432,7.26630890058514,1,0.1072634176629406,18490557
2014,8433,0.20442805662696523,0,0.02355873990525439,4061163
2014,8434,1.999859136484381,1,0.07673473216764166,13227883
2014,8435,0.5570831924593825,0,0.056011803088666254,9655570
2014,8439,9.584799656138083,1,3.4504889873157083,594811024
2014,8441,0.7393733787434656,0,0.08780673308221824,15136525
2014,8442,29.768784356029222,1,0.355982166803282,61365829
2014,8443,4.127448514210998,1,0.07820956263271586,13482121
2014,8451,1.9594121123554884,1,0.8671738667794489,149487385
2014,8452,2.812794675508944,1,0.9538933563139438,164436486
2014,8459,11.302354661124705,1,3.5461685600782986,611304705
2014,8461,5.711607378377887,1,0.036113309797009586,6225377
2014,8462,9.551831255503096,1,3.177797569086296,547803234
2014,8463,9.179829123351265,1,1.8884267710504377,325535617
2014,8464,14.65497957724696,1,0.43516084175396486,75015010
2014,8465,0.18556745818978232,0,0.015460706042053773,2665187
2014,8471,0.6016476790307841,0,0.025293767688119136,4360255
2014,8472,12.025884282490754,1,1.0911749091057485,188101706
2014,8481,43.846226481819265,1,3.357614909439175,578800967
2014,8482,0.8085401259045385,0,0.05988298506743766,10322902
2014,8483,0.10120456348409763,0,0.00405025254110424,698201
2014,8484,0.21518338817039617,0,0.012807330348587822,2207786
2014,8510,0.7651923378641678,0,0.7215460966436605,124383406
2014,8710,0.006050238948780523,0,0.005399549721365747,930799
2014,8720,2.4866255971933526,1,1.8020178603761823,310640055
2014,8731,0.02562467882851625,0,0.001043852190495948,179944
2014,8732,0.0005722247380220626,0,1.3823743886719447e-05,2383
2014,8741,0.431096554513424,0,0.03176336684185763,5475514
2014,8742,0.023886174058593026,0,0.0016496431054544983,284373
2014,8743,0.0428565193288236,0,0.007834193527717706,1350494
2014,8744,0.02492896968339544,0,0.0021248480788964973,366291
2014,8745,0.026321558708776525,0,0.0022382225021117907,385835
2014,8748,0.058023729327797695,0,0.037958103791298804,6543391
2014,8749,0.06813928447483016,0,0.021759901302937725,3751071
2014,8811,0.0003858322986590026,0,1.3440878970007955e-05,2317
2014,8812,0.006237457923522044,0,3.961491691246626e-05,6829
2014,8813,0.02868742849211824,0,0.002262290783012336,389984
2014,8821,0.028001064770206585,0,0.004091027654734014,705230
2014,8822,0.012394996321965515,0,0.0008496352600186642,146464
2014,8830,0.0,0,0.0,0
2014,8841,0.009913361542632844,0,0.003095021976859829,533534
2014,8842,0.009251344098004833,0,0.0009839454329977728,169617
2014,8851,0.08711273427151973,0,0.028488061897095386,4910902
2014,8852,0.021999209900946375,0,0.0011524698071702806,198668
2014,8921,0.10414357071116762,0,0.013465063270580233,2321169
2014,8922,0.044971881204702704,0,0.0016660482870372272,287201
2014,8924,0.1693078797856729,0,0.002293488472740736,395362
2014,8928,0.32370439771182385,0,0.0631309731804909,10882805
2014,8931,0.27153305775454856,0,0.10790413049909012,18601006
2014,8932,0.142771102090817,0,0.0037074434160577923,639106
2014,8933,0.009319121287509021,0,0.00010964439076914992,18901
2014,8935,0.3680997435590811,0,0.01242562562859364,2141986
2014,8939,0.31422874155626607,0,0.2131992628291513,36752261
2014,8941,0.007394547867364666,0,0.00012085769204192738,20834
2014,8942,0.014388601966999955,0,0.0064523586305193096,1112287
2014,8946,0.13414031444390534,0,0.002139083692617861,368745
2014,8947,9.11075683635763,1,1.587274764382195,273621661
2014,8951,0.03804143828937261,0,0.00017401210464537274,29997
2014,8952,0.3223394889864568,0,0.033418445468932724,5760824
2014,8959,0.033817446221761784,0,0.0025689597803146536,442849
2014,8960,0.01559664018525723,0,0.002194349663246806,378272
2014,8972,0.0244510453026986,0,0.0012836358470454856,221279
2014,8973,0.5012960640766799,0,0.560872924482746,96685832
2014,8974,0.875899698620556,0,0.06840561032228773,11792071
2014,8981,0.10158956374398691,0,0.0014400419665057164,248241
2014,8982,0.41921779698177714,0,0.010545874907211948,1817946
2014,8983,0.0007918626161951873,0,0.0007779641078069905,134109
2014,8989,0.6677995726747084,0,0.007061809966120964,1217347
2014,8991,13.41011715673592,1,0.1285945276621122,22167711
2014,8993,1.9947009135038014,1,0.10155545284821299,17506592
2014,8994,0.05723408871445354,0,0.0017462642880718708,301029
2014,8996,0.02320672320174412,0,0.008763847555329073,1510752
2014,8997,0.17804693717356707,0,0.013529413581505695,2332262
2014,8998,0.02447022424185726,0,0.0012183921846476958,210032
2014,8999,0.06431878318310122,0,0.002352907947617642,405605
2015,5111,7.347860218281699e-05,0,1.2544378064784591e-05,1937
2015,5112,0.0012113744178792588,0,0.0004190936178143548,64713
2015,5113,0.21604093942173241,0,0.013511441461223428,2086326
2015,5114,0.016730530218644152,0,0.00017286243639918963,26692
2015,5121,6.681352158429535,1,1.420912194824307,219405610
2015,5122,0.0,0,0.0,0
2015,5123,0.0007724649084553578,0,3.2128373556735344e-05,4961
2015,5137,0.0029829440304097784,0,0.0004524200863333954,69859
2015,5138,0.07838327858823237,0,0.006566240393275902,1013905
2015,5139,0.01604579260453147,0,0.002674879765220534,413033
2015,5145,0.0027175947324019254,0,0.000178276530391012,27528
2015,5146,0.006026586524027378,0,0.0006631228949744727,102394
2015,5147,0.0030593260901348,0,0.00019003728958855916,29344
2015,5148,0.014786937163970008,0,0.0016374655278329352,252844
2015,5154,0.0036996870691114263,0,0.00025090698986264813,38743
2015,5155,0.06374764887658015,0,0.016165558564556662,2496153
2015,5156,0.011251002928148719,0,0.00463149188625563,715157
2015,5157,0.0008907248807256838,0,6.457408037375693e-05,9971
2015,5161,0.02575125425951065,0,0.003965636039529304,612341
2015,5162,0.0,0,0.0,0
2015,5163,0.0,0,0.0,0
2015,5169,2.9339688758156646,1,0.2562860476720593,39573590
2015,5221,0.0031905432354633013,0,0.00046619494030541227,71986
2015,5222,0.31695477447297377,0,0.026443490674865053,4083187
2015,5223,0.0,0,0.0,0
2015,5224,0.18831835024722385,0,0.006506387454672526,1004663
2015,5225,0.06773733934121902,0,0.00971234709764353,1499701
2015,5231,0.1748415351082005,0,0.020708462661680548,3197631
2015,5232,0.5127189436517461,0,0.0778998818777129,12028661
2015,5233,0.0029659442598002654,0,8.500645662279946e-05,13126
2015,5239,0.19866873014734496,0,0.014804341354086377,2285965
2015,5241,0.02194585542488489,0,0.0019216795576476678,296730
2015,5249,0.2864982808319304,0,0.039903187386094864,6161523
2015,5311,0.48067544905177045,0,0.04490547994890047,6933936
2015,5312,0.17832809300944824,0,0.0019794665919646904,305653
2015,5322,0.050900426599220235,0,0.0014068354856836792,217232
2015,5323,0.20254825022695505,0,0.001252941806822824,193469
2015,5331,0.07453706697161314,0,0.010418536649371134,1608745
2015,5332,0.3098265407994969,0,0.017580780714976478,2714680
2015,5334,0.7708810374819931,0,0.143009620794833,22082373
2015,5335,0.052165102754583546,0,0.006402930335630227,988688
2015,5411,0.01813442353483171,0,0.0007925819127932873,122384
2015,5413,0.159456405786492,0,0.013703583512232253,2115995
2015,5414,0.1189721169869772,0,0.0020749256176099793,320393
2015,5415,0.008922550537737627,0,0.0007474040184309036,115408
2015,5416,0.12469546819962245,0,0.041387918472895344,6390783
2015,5417,0.2973891716298154,0,0.7153721077091063,110461895
2015,5419,0.5985658339966877,0,0.14558831620124188,22480554
2015,5513,0.18111529629624035,0,0.010345983904167324,1597542
2015,5514,0.07125483129227486,0,0.013432283003254473,2074103
2015,5530,0.11993905270368098,0,0.07293752797238047,11262415
2015,5541,1.6055727126915713,1,0.07962367500472167,12294835
2015,5542,0.22616573580763089,0,0.07679922117869356,11858706
2015,5543,0.34823650818100294,0,0.006085053075469211,939604
2015,5621,0.009662759167387847,0,0.0023351712719896223,360578
2015,5622,0.026455121478364037,0,0.0004654501785720874,71871
2015,5623,0.005654691039975143,0,0.0008930340801463455,137895
2015,5629,0.01526627107069492,0,0.0026113030179505336,403216
2015,5721,2.484357131115992,1,0.027818450358362428,4295497
2015,5722,0.12752295662789326,0,0.001729349697158265,267032
2015,5723,0.0,0,0.0,0
2015,5821,0.048131296482118384,0,0.0025258497042877394,390021
2015,5822,0.22756851911690018,0,0.025201551913128478,3891417
2015,5823,1.8704350669331404,1,0.779517678086264,120366728
2015,5824,0.05726850447889446,0,0.007344179642773124,1134028
2015,5825,0.3163485700307317,0,0.08232456962109669,12711885
2015,5826,0.13262111505793092,0,0.01202911304053655,1857437
2015,5827,0.050543025136316796,0,0.0039452489966031595,609193
2015,5828,0.04276950642896997,0,0.00011102130777728562,17143
2015,5829,0.08082906192219685,0,0.014977773695116282,2312745
2015,5831,0.03741839646671276,0,0.017231578128692922,2660759
2015,5832,0.022122230287940043,0,0.007014561051981518,1083131
2015,5833,1.1249918632173126,1,0.17055640797763447,26335922
2015,5834,0.5235255030816502,0,0.15397371808052604,23775359
2015,5835,0.07952799787486857,0,0.0008908516044582544,137558
2015,5836,0.1723206550097339,0,0.02769408810127515,4276294
2015,5837,0.6088104467802251,0,0.03417960279884762,5277734
2015,5838,0.06436655541441087,0,0.0008207144777460102,126728
2015,5839,0.09288317652890964,0,0.03736971520737127,5770325
2015,5841,0.2474867196499541,0,0.015198527549062753,2346832
2015,5842,0.13323772603866757,0,0.0020569800979313435,317622
2015,5843,0.07023032212571853,0,0.0038449522577857515,593706
2015,5849,0.19655350526588203,0,0.011288139877768182,1743022
2015,5851,0.033560290122536376,0,0.00046311227434834597,71510
2015,5852,0.8704420645560068,0,0.08563427781161434,13222943
2015,5911,0.41199701383456405,0,0.019231392906449842,2969554
2015,5912,0.10470503797253798,0,0.009423917068799281,1455164
2015,5913,0.05693649379246457,0,0.005692777356243536,879032
2015,5914,0.07400830162962999,0,0.0020365736264382423,314471
2015,5921,1.3458339201328557,1,0.05956588800278559,9197676
2015,5922,0.27401088516963734,0,0.04330965631624387,6687522
2015,5981,0.24505952993668312,0,0.011202686564105387,1729827
2015,5982,0.018775118418633212,0,0.0016278224824336246,251355
2015,5983,7.083211500149267,1,0.43638996430909105,67383760
2015,5989,0.13054262725082277,0,0.08344355145875583,12884669
2015,6112,5.163658504095923,1,0.010546473762778372,1628500
2015,6113,9.78224106661823,1,0.29235177575102456,45142564
2015,6114,9.527512438676569,1,0.8800252362837148,135886281
2015,6115,22.450862575161356,1,0.21787143822902225,33641921
2015,6116,64.69613237748915,1,0.9456329811814367,146016891
2015,6118,7.341583752770096,1,0.052931446863304095,8173240
2015,6121,1.039717672016577,1,0.01047583796951425,1617593
2015,6122,3.994934177238202,1,0.04803871846575404,7417745
2015,6123,0.18448003191694742,0,0.012304279834338632,1899926
2015,6129,1.0247108638828506,1,0.018815394906970526,2905319
2015,6130,0.605705481039234,0,0.008775605218034494,1355057
2015,6210,0.1405328092952967,0,0.01685313554914013,2602323
2015,6251,0.008844571862614925,0,0.002921881613124966,451173
2015,6252,0.011651812686364933,0,0.002345474888665447,362169
2015,6253,0.017075377562889762,0,0.00011258854551176052,17385
2015,6254,1.4133136923000156,1,0.029743678867574112,4592775
2015,6259,0.2014413204954218,0,0.021360802701994273,3298360
2015,6281,0.010716344734896431,0,9.968150086379165e-05,15392
2015,6282,0.023006119701318807,0,0.0010148447187733633,156704
2015,6289,0.03504244388646112,0,0.007186944250395786,1109749
2015,6330,0.002604372556182648,0,4.8351226965246136e-05,7466
2015,6341,0.0,0,0.0,0
2015,6342,0.18654707100021758,0,0.02074503370088129,3203278
2015,6343,0.019158280654364594,0,0.0011906279164049835,183847
2015,6344,0.4241346957738902,0,0.01177666471769537,1818456
2015,6349,1.0452083424535785,1,0.01925004433072789,2972434
2015,6351,0.33551589923963915,0,0.003924356810936151,605967
2015,6352,0.038187277356870206,0,0.00028083993535332156,43365
2015,6353,0.05995124721637174,0,0.008388432735729342,1295273
2015,6354,0.06277321483507009,0,0.0013917848224815317,214908
2015,6359,0.22191316924050647,0,0.016561286092511573,2557258
2015,6411,0.023715804397496272,0,0.003948532424418775,609700
2015,6412,0.01803624985678574,0,0.004342841666985875,670586
2015,6413,0.02010003276812574,0,0.0022595099560728036,348895
2015,6415,0.059012544060547165,0,0.005777531241495904,892119
2015,6416,2.5956132346802483,1,0.19714923309431462,30442168
2015,6417,0.022171198777254243,0,0.0006176859530526716,95378
2015,6418,1.19289450446992,1,0.27671654582629607,42728300
2015,6419,0.029673309236124493,0,0.0005065286453066919,78214
2015,6421,0.27876361951962103,0,0.051878994915092305,8010729
2015,6422,0.047876792384260465,0,0.0004118661909066111,63597
2015,6423,0.12670983888878024,0,0.004569598948121842,705600
2015,6424,0.12211865481370884,0,0.009543163136588066,1473577
2015,6428,0.14420067005263268,0,0.025005323386869848,3861117
2015,6511,0.08993094661003526,0,0.00017635310226233827,27231
2015,6512,0.014144832457334186,0,0.0005678970121326592,87690
2015,6513,78.93895809661036,1,9.963080026974817,1538417123
2015,6514,0.6611747095321203,0,0.11771435195089633,18176485
2015,6515,0.6115187011779379,0,0.0037340799023551307,576586
2015,6516,2.5288642655005646,1,0.08001322424838447,12354986
2015,6517,1.333577412537842,1,0.02046908976440096,3160669
2015,6518,0.8144236123773573,0,0.00034387915893753073,53099
2015,6519,0.09596238783649395,0,0.004094415057504648,632226
2015,6521,102.70014224439232,1,5.308833059861952,819746470
2015,6522,43.736217764534146,1,8.69576229812786,1342728311
2015,6531,6.483913709819451,1,2.001927271746837,309121194
2015,6532,10.0238447090148,1,0.3003733388569181,46381188
2015,6534,17.003431877354696,1,1.4715191496512585,227219921
2015,6535,2.9796258247366434,1,0.041712453255333376,6440895
2015,6536,0.5939591849457989,0,0.013886037184518868,2144168
2015,6538,1.164652723816662,1,0.018734086354258408,2892764
2015,6539,5.913492265536961,1,0.13145343793114672,20297962
2015,6541,1.6234702216689174,1,0.021519398094058555,3322849
2015,6542,1.027386196618815,1,0.02126248767700641,3283179
2015,6543,4.297372620780487,1,0.057790602697153644,8923551
2015,6544,1.8579896936676108,1,0.017080747687222175,2637469
2015,6545,10.73144273195468,1,0.029191726232723588,4507547
2015,6546,0.09145404467130927,0,0.0018403515763685944,284172
2015,6549,16.479385268544853,1,0.01485019924829223,2293046
2015,6551,1.0169814199597633,1,0.2429098484654187,37508147
2015,6552,0.47716755112825193,0,0.03724997694921959,5751836
2015,6553,0.18255268240772962,0,0.00045093703905573114,69630
2015,6560,0.6502113529590007,0,0.03798983620748247,5866079
2015,6571,3.0124536895849516,1,0.05695317317563623,8794242
2015,6572,0.6830035411247621,0,0.09816085930906696,15157195
2015,6573,0.3701500026639076,0,0.059677939024611555,9214978
2015,6574,16.14590379112562,1,0.09648473740917997,14898382
2015,6575,14.433503806998376,1,0.6036563322821566,93211661
2015,6576,0.012226971145765871,0,8.652188484539087e-06,1336
2015,6577,0.5193349412905504,0,0.040893662205716046,6314464
2015,6579,0.1938879320338069,0,0.00012308644785714816,19006
2015,6581,8.303156843309301,1,0.23642221605404798,36506380
2015,6582,14.93358789671115,1,0.5323837936407972,82206340
2015,6583,8.630716480908742,1,0.3381917244372002,52220793
2015,6584,76.13756326097757,1,17.099434834158668,2640354516
2015,6589,9.621097774748,1,0.5418659186961976,83670492
2015,6591,0.07611772546184604,0,0.0010343769047534306,159720
2015,6592,43.780584187853634,1,0.6002093483137148,92679406
2015,6593,18.645246030658377,1,0.022150845948705273,3420352
2015,6594,0.5429567269284515,0,0.02079536016548709,3211049
2015,6595,0.2641592380015343,0,0.01699710123028632,2624553
2015,6596,0.23849046244577624,0,0.0028627993410108563,442050
2015,6597,0.2889906396939464,0,0.0007890264850402844,121835
2015,6611,0.019835195975914016,0,0.0001712498653418167,26443
2015,6612,22.24718875773677,1,2.1646057390617073,334240669
2015,6613,0.4824060133404481,0,0.08818920560444667,13617454
2015,6618,0.028038700832439346,0,0.0013521505458906791,208788
2015,6623,0.09434013582241965,0,0.004691908253300738,724486
2015,6624,0.071418053381504,0,0.014234728151872579,2198010
2015,6631,0.01811581023142146,0,0.0006517053737931535,100631
2015,6632,0.0013210634761059163,0,4.445903738500063e-05,6865
2015,6633,0.5605595777952316,0,0.08227961839334878,12704944
2015,6635,0.0009311821829472794,0,3.0463992987478948e-05,4704
2015,6637,0.027350133275545193,0,0.0004391633274802131,67812
2015,6638,0.12033659199257134,0,0.0017027843699400171,262930
2015,6639,0.18209613568437674,0,0.014294386804806391,2207222
2015,6641,0.024574833076729072,0,0.000390902767160763,60360
2015,6642,0.021487147767893282,0,0.0040009830790118,617799
2015,6643,0.0515717154224903,0,0.0003680482962311684,56831
2015,6644,0.7609586568972614,0,0.04919529458047362,7596334
2015,6645,0.0,0,0.0,0
2015,6646,0.0,0,0.0,0
2015,6647,0.0001972054202978624,0,1.567885353373438e-05,2421
2015,6648,0.02850756755457973,0,0.0014827882301048426,228960
2015,6649,0.004188946241723406,0,0.00032904220997190275,50808
2015,6651,0.04549087185874835,0,0.004636575694609195,715942
2015,6652,0.1196610274219982,0,0.009234682826644915,1425944
2015,6658,0.029235912545095825,0,0.001297970748838543,200422
2015,6664,0.12235001441396022,0,0.0077632603082095075,1198739
2015,6665,0.12122297047077622,0,0.003060355486011504,472555
2015,6666,0.006092482149128922,0,0.00022756032857016058,35138
2015,6671,0.026189897050940197,0,0.00024968946633338666,38555
2015,6672,0.0005807395507380825,0,0.0005955373867224891,91958
2015,6673,0.4353557762786139,0,0.031678679945964815,4891562
2015,6674,0.17948796353033472,0,0.0019397027915941288,299513
2015,6712,0.0,0,0.0,0
2015,6713,0.04691363715472028,0,0.0013832815863436577,213595
2015,6716,0.0005896961828981347,0,8.965636031434068e-05,13844
2015,6724,0.7461563592667678,0,0.010912598630880867,1685034
2015,6725,0.0008585261184775798,0,0.00015096644143943914,23311
2015,6727,0.08744384241528702,0,0.03296116612693919,5089593
2015,6731,0.02713348394423258,0,0.004265930446594867,658710
2015,6732,0.005469108219378253,0,0.001805444917737108,278782
2015,6733,0.12329665386608968,0,0.016666932163430948,2573571
2015,6741,0.038856807231905155,0,0.0006422242331184789,99167
2015,6744,0.015841352774611673,0,0.0032073066902799743,495246
2015,6745,0.025329608146780903,0,0.0019513469793899381,301311
2015,6746,0.03525464685105171,0,0.008090327280540854,1249242
2015,6747,0.0064949602885869965,0,0.00028229707787504407,43590
2015,6749,0.10637488975299075,0,0.032307543801206345,4988666
2015,6750,0.10410753806104306,0,0.014579397405866331,2251231
2015,6760,1.2396075952476675,1,0.042057206699783946,6494129
2015,6770,0.130141920275654,0,0.011911991162734987,1839352
2015,6781,0.042957881951781816,0,0.0010633513742742597,164194
2015,6782,0.043620249035110886,0,0.007830088102350197,1209058
2015,6783,2.2219065573471553,1,0.46193358204824114,71327996
2015,6784,0.12908782601712243,0,0.006787195009080921,1048023
2015,6785,0.010657699949458931,0,0.0016027207739260846,247479
2015,6793,0.0781456066937148,0,0.006113593640328017,944011
2015,6794,0.06383657771461526,0,0.007305102318435018,1127994
2015,6911,0.3378481696638032,0,0.15584729898257887,24064662
2015,6912,0.010632800231137992,0,0.0010733635624457399,165740
2015,6921,0.015039689774363306,0,0.0003043679299374013,46998
2015,6924,0.4404476500168878,0,0.0609699970129064,9414487
2015,6931,0.0374925551901964,0,0.00301517759164912,465579
2015,6932,0.004531818561702215,0,8.645712295553655e-06,1335
2015,6935,0.022906576788989375,0,0.0009228957875581791,142506
2015,6940,0.041118189090096555,0,0.013127371073442298,2027021
2015,6951,0.10541087433028228,0,0.0014096202469474155,217662
2015,6953,0.3720191623738008,0,0.04928870065421053,7610757
2015,6954,0.1395907477952754,0,0.036239380610420674,5595788
2015,6960,5.1050058474391955,1,0.5074833715631134,78361421
2015,6973,0.08613401203321665,0,0.01604455097336384,2477468
2015,6974,1.4112039618899497,1,0.20863023388006902,32214970
2015,6975,1.0926842211504897,1,0.016630380552797162,2567927
2015,6978,0.013009368723283945,0,0.0002165378549169528,33436
2015,6991,0.021296572161432267,0,0.0079656865473272,1229996
2015,6992,0.01866339816698878,0,0.0008130855271211697,125550
2015,6993,0.0634209197680235,0,0.0018089355836002567,279321
2015,6994,0.04978361077666495,0,0.004113642862602401,635195
2015,6996,0.07597667954474627,0,0.007466650852676656,1152939
2015,6997,0.07604113734388292,0,0.025601909916207977,3953237
2015,6998,0.036015747433721906,0,0.008672517241764365,1339139
2015,6999,0.010031474055253215,0,0.0006722219404990067,103799
2015,7111,0.07159933693075178,0,0.0014180004354945664,218956
2015,7112,0.0,0,0.0,0
2015,7119,2.878043797527312,1,0.09560688351601548,14762831
2015,7126,0.04340128305077804,0,0.0006755053683146214,104306
2015,7129,0.19242451124279625,0,0.010292458202202717,1589277
2015,7131,0.7717140875696731,0,0.025571556018433247,3948550
2015,7132,0.0030121918407128223,0,0.0017956205390462056,277265
2015,7133,0.06099072885669203,0,0.0034964814808575487,539898
2015,7138,0.02783621110961938,0,0.0024901853315449575,384514
2015,7139,0.017201859902506198,0,0.009323024520595212,1439585
2015,7144,0.0,0,0.0,0
2015,7148,0.12899621878256892,0,0.014436254200721295,2229128
2015,7149,0.15156047881838355,0,0.07591472271563002,11722129
2015,7161,0.15395464436861298,0,0.034974574425376534,5400487
2015,7162,0.0929286275115775,0,0.034886783207489995,5386931
2015,7163,0.07265539403056948,0,0.00011423349751406062,17639
2015,7169,0.03659437691321413,0,0.005342052865548402,824876
2015,7187,0.0002888943754021488,0,8.91771223294186e-06,1377
2015,7188,0.06074423688401558,0,0.007106639506976411,1097349
2015,7211,0.20690078760761185,0,0.011589140189433158,1789500
2015,7212,0.062461985274500344,0,0.009967638467449318,1539121
2015,7213,0.2879224431119128,0,0.004297624915489579,663604
2015,7219,0.056376205289313856,0,0.003325995805816013,513573
2015,7223,0.032849000079091514,0,0.00037670048471570745,58167
2015,7224,0.5652896143106498,0,0.08772936380553596,13546449
2015,7233,0.0072851355948500675,0,0.0004018216217902038,62046
2015,7234,0.05134064919138254,0,0.015911089670752027,2456860
2015,7239,0.16527470028781688,0,0.05140746359506291,7937919
2015,7243,0.04880168674084766,0,0.002104716086942973,324993
2015,7244,0.232498987019532,0,0.009485317816570174,1464645
2015,7245,0.6490999666049031,0,0.029375293809515698,4535892
2015,7246,0.2480979872166265,0,0.00687227270378256,1061160
2015,7247,0.1459262884909877,0,0.01318210782274718,2035473
2015,7248,0.29513198216173114,0,0.002917646185528492,450519
2015,7251,0.01074067730339771,0,0.0001990132875223699,30730
2015,7252,0.35159048534004844,0,0.011394906329382039,1759508
2015,7259,0.058078735960366945,0,0.002096659707845094,323749
2015,7263,0.012432626998760734,0,0.00019895500182150102,30721
2015,7264,0.01775651946531686,0,0.0005291305448658546,81704
2015,7267,0.07462108297768837,0,0.0017105428443445663,264128
2015,7268,0.11402053389095902,0,0.0009372081652159871,144716
2015,7269,0.007651140859525566,0,7.259807852670896e-05,11210
2015,7271,0.2619232637794866,0,0.002796573832445814,431824
2015,7272,0.48394656736147845,0,0.055337577738007106,8544775
2015,7281,0.05892145514820595,0,0.008881724050749808,1371443
2015,7283,0.03358036131160175,0,0.004566490377408834,705120
2015,7284,0.06666268755644315,0,0.0570277918251264,8805764
2015,7361,0.11997547025947543,0,0.01893598802206828,2923940
2015,7362,0.04679056050857372,0,0.0035167001428700723,543020
2015,7367,0.02687821876182277,0,0.0030348652061648377,468619
2015,7368,0.017901779110493468,0,0.0015203177452754295,234755
2015,7369,0.01693416942466426,0,0.0028875707638801396,445875
2015,7371,0.026064895199250825,0,0.0006791644150913913,104871
2015,7372,0.10276484465342234,0,0.004022671835924017,621148
2015,7373,0.040517348146917855,0,0.005960716723137874,920405
2015,7411,0.013449267413539646,0,7.62247443585517e-06,1177
2015,7412,0.035575446186101575,0,0.0007729072506555405,119346
2015,7413,0.04099022006001538,0,0.004246806260520882,655757
2015,7414,0.01756984548173966,0,0.0032019508819890207,494419
2015,7415,0.0157984857455944,0,0.005405914565133761,834737
2015,7416,0.03177086925271845,0,0.0074347167647894835,1148008
2015,7421,0.010540204790706371,0,0.0013815589200735325,213329
2015,7422,0.005895774991844748,0,0.0006818779382762879,105290
2015,7423,0.008414316841223369,0,0.0005905377688257345,91186
2015,7428,0.11537850529811927,0,0.007890698755064866,1218417
2015,7429,0.1863974030669411,0,0.023107191252373212,3568023
2015,7431,0.018484433808048213,0,0.006140385634160755,948148
2015,7432,0.465927944637559,0,0.040304620436545945,6223509
2015,7433,0.1467183655125787,0,5.285865449910782e-05,8162
2015,7434,1.3465852445127922,1,0.12734035202079708,19662853
2015,7435,0.03167559999362909,0,0.0018401119573761332,284135
2015,7436,0.6754888638964889,0,0.27729310150310227,42817327
2015,7439,0.009840432545985227,0,0.0013881452042717182,214346
2015,7441,0.0845382220744466,0,0.024965371777018706,3854948
2015,7442,0.057434035828965634,0,0.022710654200795124,3506793
2015,7449,0.0479424948033564,0,0.01057973546940756,1633636
2015,7451,0.08864042467800923,0,0.009309838999820871,1437549
2015,7452,0.06818594780485371,0,0.029198895373930462,4508654
2015,7491,0.019775605425145414,0,0.004935652578145497,762123
2015,7492,0.19284221949098604,0,0.13625516939726245,21039406
2015,7493,0.023578253553064664,0,0.011089320875915376,1712322
2015,7499,0.017596882614110628,0,0.0032498617281032575,501817
2015,7511,0.0,0,0.0,0
2015,7512,0.008626199019805445,0,0.0006800646053603666,105010
2015,7518,0.028204411625971898,0,0.01102461727176191,1702331
2015,7521,0.0,0,0.0,0
2015,7522,0.003124998933685519,0,0.00044693475426273323,69012
2015,7523,0.003437633014352212,0,0.004167952183434245,643581
2015,7524,0.002684432767419207,0,0.0002837024108848831,43807
2015,7525,0.007675468792950011,0,0.013845839479486284,2137961
2015,7528,0.007904707713013702,0,0.00132534559967997,204649
2015,7591,0.04037903655510445,0,0.009690036626588712,1496256
2015,7599,0.054921985601977946,0,0.058603979652779165,9049146
2015,7611,0.010014415452456347,0,0.00776193916565648,1198535
2015,7621,0.0,0,0.0,0
2015,7622,0.0,0,0.0,0
2015,7628,0.0004871409851467125,0,1.8139805348199092e-05,2801
2015,7631,0.00433720861038494,0,7.590093490928004e-06,1172
2015,7638,0.009720973113778161,0,0.003936324808181233,607815
2015,7641,0.06834507818986511,0,0.08136711041292326,12564042
2015,7642,0.0017995504981784768,0,0.00045547037134553454,70330
2015,7643,0.07494224312036964,0,0.05926912959490607,9151853
2015,7648,0.043698424916787576,0,0.02455060425344662,3790903
2015,7649,0.030175907520868704,0,0.03308639619335051,5108930
2015,7711,0.09932075782830789,0,0.017612326231524523,2719551
2015,7712,0.012582434834369272,0,0.006869921847180847,1060797
2015,7721,0.017159883522007823,0,0.02666089633910605,4116757
2015,7722,0.0009672121917936614,0,0.00033779801748020873,52160
2015,7723,0.01897729595492693,0,0.0014237836722585586,219849
2015,7731,0.04121024381558451,0,0.031601619773227146,4879663
2015,7732,0.029174796209589755,0,0.0018648315707335327,287952
2015,7741,0.44926509026737116,0,0.08819520255544719,13618380
2015,7742,0.03027753128349288,0,0.005337441818990774,824164
2015,7751,0.12576209936667287,0,0.011377932238051218,1756887
2015,7752,0.1723696734392812,0,0.027700182195110442,4277235
2015,7753,0.0009329586203147429,0,2.8870850497062317e-05,4458
2015,7754,0.009759339651258758,0,0.0002735283179887672,42236
2015,7757,0.29528740148442656,0,0.07422017605807947,11460471
2015,7758,0.03969529479247378,0,0.014308589087251444,2209415
2015,7761,0.0,0,0.0,0
2015,7762,0.001457412498007924,0,1.0109331006261615e-05,1561
2015,7763,0.0015332146595643178,0,0.0011696385879031938,180606
2015,7764,0.06474839768858072,0,0.13411494436611232,20708930
2015,7768,0.008316006330445392,0,0.002525545323405424,389974
2015,7781,0.027140568166536712,0,0.012282215458465261,1896519
2015,7782,0.013211505604837552,0,0.0007822070580386229,120782
2015,7783,0.020548666619871155,0,0.009129166279505248,1409651
2015,7784,0.004560722554586487,0,0.0002680170811621633,41385
2015,7788,0.007870586300276745,0,0.011785945096511496,1819889
2015,7810,0.0019125889332740889,0,0.009603903313082446,1482956
2015,7821,0.003734610949293792,0,0.006447680801519571,995598
2015,7822,0.16907969356306857,0,0.01856632715477974,2866860
2015,7831,0.008925360169466618,0,0.0012393547623313847,191371
2015,7832,0.050455509393023776,0,0.014456803148372074,2232301
2015,7841,0.016084163686039633,0,0.0004931358864848155,76146
2015,7842,0.007504339226890573,0,0.0005041195030041106,77842
2015,7849,0.0313185824155781,0,0.10158765699644125,15686333
2015,7851,0.1866571571095182,0,0.0331556266536048,5119620
2015,7852,0.02342039667341278,0,0.0022316947243803667,344600
2015,7853,0.03313460702453154,0,0.005623987276840262,868410
2015,7861,0.016095076951739857,0,0.0031286663274298562,483103
2015,7868,0.004338705894057917,0,0.0003955202899073771,61073
2015,7911,0.0,0,0.0,0
2015,7912,0.002977122133195319,0,5.311770205852515e-05,8202
2015,7913,0.1124591633370224,0,0.006306538738771035,973804
2015,7914,0.0,0,0.0,0
2015,7915,0.0,0,0.0,0
2015,7919,0.0778064803784976,0,0.008389151592706723,1295384
2015,7922,0.0,0,0.0,0
2015,7923,0.0,0,0.0,0
2015,7924,0.04055727871388224,0,0.05075551212608831,7837250
2015,7928,0.07656009748643276,0,0.0014303116707558754,220857
2015,7929,0.06217994996432751,0,0.04496192641209751,6942652
2015,7931,0.014380870681879996,0,0.011133365437205308,1719123
2015,7932,0.0189125179211,0,0.001851639573770205,285915
2015,7933,0.004591462095340212,0,8.551807555264871e-05,13205
2015,7938,0.19743821000064515,0,0.0787461190162505,12159330
2015,8121,0.005190417145693838,0,0.0004337945668112888,66983
2015,8122,0.30591245077879425,0,0.021229990160677503,3278161
2015,8124,0.03464383637807302,0,0.01105032774203408,1706301
2015,8211,0.015224744950834791,0,0.008931189182220547,1379081
2015,8212,3.0722802322490863,1,0.49686630734039383,76722021
2015,8219,0.06473477064406569,0,0.04090197763237334,6315748
2015,8310,0.43823029816438414,0,0.19831894292029667,30622785
2015,8421,0.5332205583294364,0,0.04565083101542299,7049027
2015,8422,16.226153293533123,1,0.6717665089847951,103728676
2015,8423,15.331709429514747,1,4.852320443042046,749255535
2015,8424,6.494465290841245,1,0.46590158837293916,71940703
2015,8429,7.114576262102734,1,0.9452000997572723,145950049
2015,8431,0.3907458729046883,0,0.08669876899515003,13387313
2015,8432,15.672749100848954,1,0.22734249547744653,35104364
2015,8433,0.2609160563887285,0,0.03218298078226052,4969432
2015,8434,1.945764402005269,1,0.07788706549971074,12026682
2015,8435,0.5563216223424489,0,0.060597855765236436,9357024
2015,8439,11.094705279132516,1,4.337421770328722,669749104
2015,8441,0.5433543460104299,0,0.07021719183667118,10842363
2015,8442,23.988847299367645,1,0.3097399416531963,47827502
2015,8443,3.7670355274352936,1,0.07955165330701466,12283714
2015,8451,2.20265606433122,1,0.9880982331206257,152574027
2015,8452,2.587273284086889,1,0.8670010956627002,133875200
2015,8459,11.694312812688539,1,3.955390047983072,610758898
2015,8461,6.187351587229155,1,0.042382104148805166,6544297
2015,8462,9.356525400359246,1,3.438617891510529,530963179
2015,8463,9.408984197434277,1,2.12226999147366,327703530
2015,8464,14.625915631908459,1,0.472395353735279,72943417
2015,8465,0.13675091651641633,0,0.012250106513475481,1891561
2015,8471,0.5614941841194415,0,0.023096032778751312,3566300
2015,8472,13.802267003827708,1,1.260995640778432,194712607
2015,8481,44.89492456832268,1,3.3886319837787138,523244765
2015,8482,0.43033468255789287,0,0.03517933856871797,5432105
2015,8483,0.10608103900551379,0,0.00383319797477719,591891
2015,8484,0.18096430968075897,0,0.011821972135837461,1825452
2015,8510,0.7046704172333201,0,0.7113711829157954,109844105
2015,8710,0.008352356616055127,0,0.007603117106977709,1174011
2015,8720,2.6123061245265777,1,2.081540792087229,321414461
2015,8731,0.008141296874429256,0,0.00037784677016612915,58344
2015,8732,0.0007676061269784235,0,1.8483043364427066e-05,2854
2015,8741,0.33770888186613446,0,0.024294334979104035,3751332
2015,8742,0.026972764332855875,0,0.0020068414428061174,309880
2015,8743,0.030437123450743068,0,0.0055850394762818655,862396
2015,8744,0.05899333470190581,0,0.00546416140886875,843731
2015,8745,0.04002701749785603,0,0.0036624597283652226,565527
2015,8748,0.0528419515493668,0,0.036967641014210635,5708240
2015,8749,0.051448988547263014,0,0.01698355304292879,2622461
2015,8811,0.00036864234692737515,0,1.4726853752875665e-05,2274
2015,8812,0.005901706729322669,0,3.795046745464001e-05,5860
2015,8813,0.04178581939770309,0,0.003433170257335951,530122
2015,8821,0.02827657189356135,0,0.004567811519961863,705324
2015,8822,0.06479052895361838,0,0.0044731684941287375,690710
2015,8830,0.08949416105509989,0,1.7440376937772278e-05,2693
2015,8841,0.012760494324515903,0,0.0041490611401637355,640664
2015,8842,0.014331419695364304,0,0.0016582994277990746,256061
2015,8851,0.15780175270186103,0,0.05508529131989056,8505819
2015,8852,0.008921231840713814,0,0.000516780452470633,79797
2015,8921,0.15512855000616238,0,0.020875554813693714,3223432
2015,8922,0.029037128715705015,0,0.0009549982563589729,147463
2015,8924,0.27462801399220227,0,0.0042665068274145715,658799
2015,8928,0.3952323611542806,0,0.08416219472190241,12995636
2015,8931,0.2518626051308953,0,0.10494078155791724,16204095
2015,8932,0.09292412551259494,0,0.0025236348476547214,389679
2015,8933,0.008686011375867084,0,0.00012086511503514447,18663
2015,8935,0.37714163285880603,0,0.013180210299374448,2035180
2015,8939,0.3043394598919212,0,0.21592888591427453,33341968
2015,8941,0.003695846848884338,0,6.371922342767971e-05,9839
2015,8942,0.01368588940245569,0,0.00717579225296287,1108027
2015,8946,5.364399632236526,1,0.08754775203781746,13518406
2015,8947,8.958936424652103,1,1.6665375676170189,257333066
2015,8951,0.013698020509777963,0,6.71256988340177e-05,10365
2015,8952,0.2477185797979754,0,0.02936243209819063,4533906
2015,8959,0.04100674354923633,0,0.002957565414434704,456683
2015,8960,0.005081456563864661,0,0.0008346641888206339,128882
2015,8972,0.030043916779273133,0,0.0016961527524189332,261906
2015,8973,0.03872147887980875,0,0.03655829406081936,5645032
2015,8974,0.8291361953611184,0,0.04682808560157306,7230809
2015,8981,0.1004017433875303,0,0.0015710198288423878,242584
2015,8982,0.3607672479084226,0,0.009492797814848351,1465800
2015,8983,0.011811683915475353,0,0.012836499521350539,1982107
2015,8989,2.4026684988866194,1,0.027127330898403926,4188780
2015,8991,5.264481356390584,1,0.05285034554863951,8160717
2015,8993,1.8570025260588585,1,0.08505666003981455,13133752
2015,8994,0.07434583840255407,0,0.002440875628609867,376900
2015,8996,0.016334138794805393,0,0.0068632254677699085,1059763
2015,8997,0.29795865616989875,0,0.025100413269742963,3875800
2015,8998,0.03070097102050284,0,0.0016389809560555266,253078
2015,8999,0.07031832729171346,0,0.0030466065367954287,470432
2016,5111,0.0011594051993807576,0,0.00018926486088763188,28628
2016,5112,0.0,0,0.0,0
2016,5113,0.004569273550778977,0,0.00029130842410548147,44063
2016,5114,0.0123130829136042,0,0.00015462227771552097,23388
2016,5121,6.3396588938066625,1,1.2270415388580072,185600988
2016,5122,0.0,0,0.0,0
2016,5123,0.0003086994977717296,0,1.2561241989887542e-05,1900
2016,5137,0.09815398760948095,0,0.014039805950977221,2123646
2016,5138,0.2484997109729491,0,0.01930310517951999,2919767
2016,5139,0.010844269727389262,0,0.0020123903009399203,304392
2016,5145,0.002393769629042359,0,0.00013970745564752818,21132
2016,5146,0.003987800554948075,0,0.000565203000104982,85492
2016,5147,0.0,0,0.0,0
2016,5148,0.008088459443460868,0,0.0008748574486956939,132330
2016,5154,0.0007268512201960673,0,4.7084823922094246e-05,7122
2016,5155,0.08941553735366584,0,0.022628363437342983,3422742
2016,5156,0.0037518333686329406,0,0.001747460485013203,264319
2016,5157,0.00020475317711229603,0,1.8914585964772766e-05,2861
2016,5161,0.0010836187073818178,0,0.0001423915947253673,21538
2016,5162,0.0,0,0.0,0
2016,5163,0.02591593657384587,0,0.00045496818487372677,68818
2016,5169,2.631239308432152,1,0.2219368760834492,33569934
2016,5221,0.012651186995428353,0,0.0017191844681759666,260042
2016,5222,0.29197607410164955,0,0.021940642049576634,3318718
2016,5223,0.0032006594799193107,0,2.369446910092471e-05,3584
2016,5224,0.1563983895503842,0,0.005218587818238763,789358
2016,5225,0.05971310913146269,0,0.007596774708284198,1149080
2016,5231,0.14437880601653727,0,0.016859963446026846,2550220
2016,5232,0.6127165651172388,0,0.0945221559615047,14297320
2016,5233,0.0030603603424114493,0,9.364736462460896e-05,14165
2016,5239,0.0725435804208182,0,0.005025845476673931,760204
2016,5241,0.00450210510901764,0,0.0003301689401141967,49941
2016,5249,0.28724974742781295,0,0.04051729754892145,6128603
2016,5311,0.5330832216295325,0,0.049069202653396725,7422155
2016,5312,0.277644084545327,0,0.003032482151758693,458690
2016,5322,0.05452879364830984,0,0.001592540704197921,240886
2016,5323,0.03943808267829229,0,0.0002453475007824824,37111
2016,5331,0.02899055214862933,0,0.004032119011673933,609894
2016,5332,0.2397574473982869,0,0.015412723255751949,2331312
2016,5334,0.7927816330594031,0,0.14459195409591588,21870824
2016,5335,0.029086565720163538,0,0.0035851966328537288,542293
2016,5411,0.023218501250562087,0,0.001122551918376287,169796
2016,5413,0.14120902819787834,0,0.012332151380711974,1865348
2016,5414,0.0,0,0.0,0
2016,5415,0.0026314958555229756,0,0.0002467226262213753,37319
2016,5416,0.17886888321205135,0,0.06428488630058729,9723663
2016,5417,0.3232063796955232,0,0.8177250129183085,123688209
2016,5419,0.5714547072107757,0,0.15075466469565457,22802989
2016,5513,0.1680178462236467,0,0.009517223329038135,1439565
2016,5514,0.13985969881538332,0,0.026893407542589395,4067868
2016,5530,0.16197006312553386,0,0.10481020321084229,15853479
2016,5541,1.264467332243483,1,0.06189116974873437,9361592
2016,5542,0.16902209384652023,0,0.05806468487961489,8782802
2016,5543,0.2724823080404361,0,0.004867243268601614,736214
2016,5621,0.02119408976260832,0,0.0042459972956817495,642245
2016,5622,0.0,0,0.0,0
2016,5623,0.003092493027280324,0,0.0003949915599620111,59746
2016,5629,0.028365666192569642,0,0.0042243192364792015,638966
2016,5721,1.82439620457209,1,0.019491133749748615,2948208
2016,5722,0.012655542751432842,0,0.00016838675446443984,25470
2016,5723,0.018667841136970353,0,0.0001836916361521186,27785
2016,5821,0.043069367612838076,0,0.0021976752314707563,332418
2016,5822,0.21529226268602242,0,0.023744125673864733,3591511
2016,5823,2.121897537792935,1,0.8676522277337746,131240146
2016,5824,0.05335532177844055,0,0.006453007513304991,976075
2016,5825,0.375384594824468,0,0.09701090822578114,14673766
2016,5826,0.13442326457311768,0,0.011980694441014914,1812187
2016,5827,0.04893700167191141,0,0.0037995641441811515,574718
2016,5828,0.050449106467733575,0,0.00013024024589514978,19700
2016,5829,0.09708625146879836,0,0.017796681705932738,2691907
2016,5831,0.02701309997880115,0,0.01263070565809162,1910507
2016,5832,0.0581066511451286,0,0.01750114212663066,2647204
2016,5833,0.8576979923023462,0,0.1246582216790636,18855669
2016,5834,0.1867811788832236,0,0.05509426187446623,8333499
2016,5835,0.07335613560440109,0,0.000813981703304702,123122
2016,5836,0.17322147702768667,0,0.027273510725203395,4125362
2016,5837,0.7181163742004999,0,0.0403557599769315,6104169
2016,5838,0.05887816352883645,0,0.0007466534462389049,112938
2016,5839,0.09527887642808516,0,0.038036234086978836,5753320
2016,5841,0.24347686665617044,0,0.01498077519961969,2265976
2016,5842,0.14652640745114034,0,0.002260230216580396,341880
2016,5843,0.0838482981345857,0,0.0045705401216204755,691335
2016,5849,0.1964924612470905,0,0.011279492857239417,1706124
2016,5851,0.043433214502649316,0,0.0005433332166825882,82184
2016,5852,0.6254877717434442,0,0.06123421679266324,9262222
2016,5911,0.27266287614567697,0,0.012630348654371907,1910453
2016,5912,0.1109869202828868,0,0.009315793896960297,1409097
2016,5913,0.04839962812618377,0,0.004768710241960939,721310
2016,5914,0.040580626419409016,0,0.0010756257627740648,162698
2016,5921,1.4160690195703038,1,0.0602769509853339,9117427
2016,5922,0.2649645076785225,0,0.041609431428142225,6293798
2016,5981,0.2512611364945189,0,0.01132208207876513,1712566
2016,5982,0.002630291653758343,0,0.00021354111382808818,32300
2016,5983,5.9687962857397565,1,0.3519838176867346,53240695
2016,5989,0.1361529653480833,0,0.08827357274481515,13352166
2016,6112,2.7628083334958564,1,0.0053999192631327825,816786
2016,6113,9.126089003004784,1,0.2436506026020685,36854329
2016,6114,8.247083251298411,1,0.6854135504426262,103674919
2016,6115,21.75345002486118,1,0.17227328207027098,26057872
2016,6116,66.82971215856175,1,0.8429267385014998,127500195
2016,6118,7.051231043016109,1,0.046056276372062284,6966423
2016,6121,0.6928327879929461,0,0.0072231240373450065,1092562
2016,6122,4.868429326390206,1,0.059881780923512026,9057654
2016,6123,0.30916680028896776,0,0.020944403336178658,3168028
2016,6129,0.6795944573601517,0,0.013064716402382218,1976155
2016,6130,0.6034510756519209,0,0.0056629450592210325,856571
2016,6210,0.15946556428885877,0,0.018991414487490917,2872621
2016,6251,0.0193191510943043,0,0.0063394538857164074,958899
2016,6252,0.0019001299162928862,0,0.0003586895706112361,54255
2016,6253,0.24338400495836046,0,0.001639413970360186,247976
2016,6254,1.863133766567463,1,0.0372054070970477,5627650
2016,6259,0.33307888640315414,0,0.034340286966854275,5194275
2016,6281,0.022127670533281567,0,0.00021290644054859916,32204
2016,6282,0.026822600221322913,0,0.0011333215305876169,171425
2016,6289,0.02816570278735749,0,0.005313973923201973,803786
2016,6330,0.0019927454033832363,0,3.689038437030131e-05,5580
2016,6341,0.0,0,0.0,0
2016,6342,0.07970407720919441,0,0.008766933733802159,1326077
2016,6343,0.015015932259986781,0,0.0010037027356119667,151819
2016,6344,0.32647735521336874,0,0.009275399587192817,1402987
2016,6349,0.992757788108332,0,0.018344503913831713,2774770
2016,6351,0.19965288027656872,0,0.002376157257787069,359415
2016,6352,0.0050918639291517905,0,3.6612714810524846e-05,5538
2016,6353,0.046134639390825724,0,0.006634491015338887,1003526
2016,6354,0.06101112223435794,0,0.001307936016607043,197837
2016,6359,0.15357503648221743,0,0.011590383596489133,1753149
2016,6411,0.019156499757410527,0,0.003040825460911976,459952
2016,6412,0.017869699025810426,0,0.004114983541727223,622428
2016,6413,0.0794878591850218,0,0.008847021568257684,1338191
2016,6415,0.1508493646634068,0,0.0145870000967767,2206414
2016,6416,2.7976654237238767,1,0.21099974979341415,31915596
2016,6417,0.054280482168109295,0,0.0014736584655336278,222904
2016,6418,1.9911955301528368,1,0.4663918146772102,70545926
2016,6419,0.1018546573903669,0,0.0016433211777370405,248567
2016,6421,0.2771933386455625,0,0.05052992303968076,7643102
2016,6422,0.04291134277972995,0,0.0003516684974568884,53193
2016,6423,0.06990753733383152,0,0.0024831856507209053,375604
2016,6424,0.16081907141367707,0,0.012223212356759673,1848870
2016,6428,0.12645224171481223,0,0.021357258304486287,3230476
2016,6511,0.048493514541008434,0,9.15648429262855e-05,13850
2016,6512,0.044549287863083396,0,0.0016648604021597003,251825
2016,6513,74.3190071699404,1,8.918270922789505,1348968101
2016,6514,0.5732034338274833,0,0.09966845713768166,15075744
2016,6515,0.44568646389719413,0,0.002677382451884567,404978
2016,6516,1.7240297182831472,1,0.05439776083966695,8228147
2016,6517,1.0647427207095013,1,0.016323492634178732,2469074
2016,6518,0.5952883843312725,0,0.00024473927222297203,37019
2016,6519,0.06708638242645087,0,0.00274510076857005,415221
2016,6521,95.09196424063914,1,4.777213435891213,722596184
2016,6522,46.35129555219814,1,8.784314340895126,1328705972
2016,6531,6.665513567345481,1,2.0225938044194858,305935371
2016,6532,8.132871819589463,1,0.2205901588849934,33366231
2016,6534,15.66327671215157,1,1.2638326761942285,191165976
2016,6535,2.944202078482682,1,0.04152734040614831,6281381
2016,6536,0.5638995542344359,0,0.013236038520764295,2002069
2016,6538,1.2396230637950443,1,0.018515964866993678,2800705
2016,6539,6.301921030057552,1,0.13354165101555196,20199367
2016,6541,1.8345332407579589,1,0.021758517263083255,3291170
2016,6542,1.0581426541300147,1,0.021572749716412806,3263071
2016,6543,4.371131552255689,1,0.05964739475916072,9022201
2016,6544,1.2346903037486692,1,0.011005981729679608,1664753
2016,6545,13.933810369693411,1,0.03699730698435523,5596173
2016,6546,0.0,0,0.0,0
2016,6549,17.267859324603748,1,0.014921049799547774,2256942
2016,6551,1.1375922282190947,1,0.2726733522197037,41244279
2016,6552,0.5090943024554312,0,0.039399975073920956,5959598
2016,6553,0.17555045275280975,0,0.00042814662763531955,64761
2016,6560,0.8156709878416868,0,0.04723224662479557,7144299
2016,6571,2.8300693386474163,1,0.052334471063948014,7916056
2016,6572,0.820871029394545,0,0.11787878054234141,17830218
2016,6573,0.29571108638932037,0,0.04754303158516537,7191308
2016,6574,15.51602565275303,1,0.09030439501558023,13659346
2016,6575,11.0873159523309,1,0.4568934398223369,69109212
2016,6576,0.14727065101057626,0,0.00010487314825557162,15863
2016,6577,0.5754078039071672,0,0.04532734088820911,6856165
2016,6579,0.1490860276048409,0,9.461920808382659e-05,14312
2016,6581,8.590201138966789,1,0.2352276816192894,35580287
2016,6582,19.610976525102238,1,0.6997711095376876,105846628
2016,6583,7.542275492837931,1,0.2773096405263712,41945559
2016,6584,81.29511135585827,1,18.20324116486808,2753402748
2016,6589,9.688223627191526,1,0.5238347841901255,79234688
2016,6591,0.11955703392726763,0,0.0016979096909530938,256824
2016,6592,40.3572488621275,1,0.5167263971815882,78159481
2016,6593,23.380429870284235,1,0.024955578129629452,3774754
2016,6594,0.5674443880600643,0,0.021048046804955218,3183705
2016,6595,0.19026425267166305,0,0.012313699577346827,1862557
2016,6596,0.1563271722454006,0,0.0018841929096631259,285001
2016,6597,0.10567095193918563,0,0.0002903167471062798,43913
2016,6611,0.024076286031491787,0,0.00019773378246081393,29909
2016,6612,22.580899546887547,1,1.9385496613532858,293222944
2016,6613,0.41189912248377025,0,0.06597312383520818,9979024
2016,6618,0.011976115023009699,0,0.000559398384069655,84614
2016,6623,0.11044117393224667,0,0.005038010047864138,762044
2016,6624,0.08394447198029421,0,0.01470750207453969,2224641
2016,6631,0.03111772487097187,0,0.0011320786287486173,171237
2016,6632,0.006259874016657488,0,0.00022082002300222829,33401
2016,6633,0.5045534972738606,0,0.07285924958350448,11020612
2016,6635,0.007856364514838543,0,0.00026331668800801627,39829
2016,6637,0.01721191595704989,0,0.00025990531913076256,39313
2016,6638,0.028420619235601022,0,0.0003967964121005581,60019
2016,6639,0.16283346459865733,0,0.012661110474887141,1915106
2016,6641,0.06557238139389199,0,0.0010732787938759543,162343
2016,6642,0.016969966257499552,0,0.0030939661257091953,467990
2016,6643,0.019936975934690303,0,0.00012493146835942362,18897
2016,6644,0.796648094379417,0,0.053631617634803744,8112261
2016,6645,0.0032491732057564823,0,3.451035957221735e-05,5220
2016,6646,0.0,0,0.0,0
2016,6647,0.0007558422287565178,0,6.152364103047024e-05,9306
2016,6648,0.024213148273305268,0,0.0012763610209524624,193061
2016,6649,0.008623922341215047,0,0.0006821547742108297,103182
2016,6651,0.07385485942435843,0,0.007698672825542165,1164493
2016,6652,0.13434077558623334,0,0.00998897729991835,1510922
2016,6658,0.04399784751407149,0,0.0017992260243715286,272149
2016,6664,0.2001768880832088,0,0.010767404077211676,1628666
2016,6665,0.1978984103080528,0,0.0042351615716704726,640606
2016,6666,0.004630877204184021,0,0.00013954878732765592,21108
2016,6671,0.03836921741434872,0,0.0004504196930373885,68130
2016,6672,0.00030250471160653844,0,0.0003078958747121277,46572
2016,6673,0.3096731605764404,0,0.0218483896439309,3304764
2016,6674,0.1789851260474813,0,0.0017623488623612167,266571
2016,6712,0.0016067888869449704,0,5.159364867846441e-05,7804
2016,6713,0.0060229528678796985,0,0.00016333581294850611,24706
2016,6716,0.0011621156542419924,0,0.0001612995695101454,24398
2016,6724,5.076602015635759,1,0.07052828635216103,10668033
2016,6725,0.0029040853923402556,0,0.0004954814958811114,74946
2016,6727,0.011430306383988658,0,0.0039534922479972315,598001
2016,6731,0.009795016369552675,0,0.0013907476572203752,210363
2016,6732,0.004400149410562303,0,0.0012968821236559421,196165
2016,6733,0.05773469350698993,0,0.007019684806548786,1061790
2016,6741,0.020220812452842966,0,0.0003086958274914837,46693
2016,6744,0.014718661596345047,0,0.0027107556884976994,410026
2016,6745,0.0029285861702473205,0,0.00021875733484388887,33089
2016,6746,0.03389491720746484,0,0.007147756585405681,1081162
2016,6747,0.011397933963528796,0,0.00046867977218268824,70892
2016,6749,0.4041121159973651,0,0.11879875929450077,17969373
2016,6750,0.2588249028722338,0,0.03438697511997668,5201337
2016,6760,1.952583810873117,1,0.053858599277561,8146594
2016,6770,0.019699234435393675,0,0.00169018783271931,255656
2016,6781,0.02857607800421261,0,0.0005585918201103043,84492
2016,6782,0.02922687258662548,0,0.004143272780924448,626707
2016,6783,1.9487693082720587,1,0.3597679796807879,54418119
2016,6784,0.3295258829211112,0,0.011664746149069267,1764397
2016,6785,0.034598549474638716,0,0.004654859111272594,704089
2016,6793,0.08571538330081975,0,0.006463135841056837,977607
2016,6794,0.06921150380141183,0,0.007693912775945997,1163773
2016,6911,0.37117475395345245,0,0.16461208141293865,24899047
2016,6912,0.016346754225607805,0,0.0016344159182842097,247220
2016,6921,0.01983556774316248,0,0.0003687451753831408,55776
2016,6924,0.5434483650942833,0,0.07137148947104222,10795575
2016,6931,0.05740781628777438,0,0.004219393907383167,638221
2016,6932,0.009338177588235819,0,1.5536272987492486e-05,2350
2016,6935,0.01710514619848824,0,0.0006292785566133978,95184
2016,6940,0.025468203291142126,0,0.00811694896144543,1227761
2016,6951,0.10996946879750286,0,0.0014154536368604857,214100
2016,6953,0.5491441045832838,0,0.07182136704732003,10863623
2016,6954,0.10339452408878055,0,0.025952656462886754,3925571
2016,6960,5.4721523556514295,1,0.5164924473551165,78124094
2016,6973,0.07366466404094829,0,0.013335259110124417,2017077
2016,6974,1.4331100582208969,1,0.19572112771267425,29604568
2016,6975,1.1370263041153885,1,0.01569867662406174,2374565
2016,6978,0.010734207501617151,0,0.00016816197434462078,25436
2016,6991,0.07106684651179815,0,0.02591528346237684,3919918
2016,6992,0.0244686378165141,0,0.0009628390320648641,145638
2016,6993,0.17378012913822236,0,0.004819484104320063,728990
2016,6994,0.047965834792951634,0,0.003998130935321295,604753
2016,6996,0.027991150627386722,0,0.0027130563791358474,410374
2016,6997,0.08755152542445357,0,0.028226109039456507,4269451
2016,6998,0.03457696016072914,0,0.00838617604436869,1268484
2016,6999,0.013353385250935546,0,0.0008779382585732136,132796
2016,7111,0.08780498619281266,0,0.0015281742557697398,231150
2016,7112,0.4047011401497502,0,0.004729453055152543,715372
2016,7119,0.02788660026173006,0,0.0008075291916298967,122146
2016,7126,4.025582528683947,1,0.05566749084708476,8420205
2016,7129,0.23447266124907085,0,0.01225058264193764,1853010
2016,7131,5.879714757273617,1,0.20540164057640092,31068832
2016,7132,0.004282029568778079,0,0.002607746893000627,394445
2016,7133,0.0882542268411405,0,0.004803399103393012,726557
2016,7138,0.031089227484218773,0,0.0026460057916298267,400232
2016,7139,0.017652800222408217,0,0.009402644968550379,1422234
2016,7144,0.017511148993820686,0,0.0047053817487919215,711731
2016,7148,0.38735307337506286,0,0.047281056966696274,7151682
2016,7149,0.10134558918459122,0,0.05541191585085051,8381547
2016,7161,0.09900528317083801,0,0.02207109385323161,3338450
2016,7162,0.050925445038193705,0,0.018744513359409683,2835275
2016,7163,0.0,0,0.0,0
2016,7169,0.0027942228900475867,0,0.00039656502080074436,59984
2016,7187,0.0,0,0.0,0
2016,7188,0.018703717878462832,0,0.002201952664927313,333065
2016,7211,0.1647366478781949,0,0.009355467588108358,1415098
2016,7212,0.04778239502131954,0,0.007516614150848732,1136955
2016,7213,0.04404835467742796,0,0.0005981531211984554,90476
2016,7219,0.07639216479936416,0,0.0044181127556631875,668279
2016,7223,0.014002992229047335,0,0.00013230954523348387,20013
2016,7224,0.6850289714821437,0,0.10113401029654182,15297422
2016,7233,0.008554998949707278,0,0.00042276512711965196,63947
2016,7234,0.09525919863920246,0,0.028320986083560123,4283802
2016,7239,0.1974460743487803,0,0.04985973450126031,7541730
2016,7243,0.03733961940204899,0,0.001623970253892619,245640
2016,7244,0.32125367329764165,0,0.012277681868735823,1857109
2016,7245,0.5391169866186875,0,0.025197124201914993,3811290
2016,7246,0.22860254780603484,0,0.006180997123603973,934931
2016,7247,0.0715836733630217,0,0.00649549095595079,982501
2016,7248,0.15943998690336583,0,0.001586478252142802,239969
2016,7251,0.005845255565665912,0,9.302591370510927e-05,14071
2016,7252,0.06392356244835608,0,0.002201721273627499,333030
2016,7259,0.024061813414030034,0,0.0008664215830224852,131054
2016,7263,0.020574916579068046,0,0.0003061439120135381,46307
2016,7264,0.1126416586941733,0,0.0032910850684305043,497806
2016,7267,0.03177795611492631,0,0.0007669497688225652,116008
2016,7268,0.08976840001656042,0,0.0007171477499226585,108475
2016,7269,0.03024001252898178,0,0.00027423835735922375,41481
2016,7271,0.2312832728494085,0,0.0022455666193522015,339662
2016,7272,0.4047584792089659,0,0.04687649241810197,7090488
2016,7281,0.02722439210086076,0,0.004176136956677991,631678
2016,7283,0.050823082103172594,0,0.006296130823211284,952346
2016,7284,0.045277630283529505,0,0.039490429238608134,5973280
2016,7361,0.11767349598244911,0,0.017228860678549864,2606019
2016,7362,0.03288145213062076,0,0.002470432684511172,373675
2016,7367,0.004858056704328191,0,0.0004843019905101115,73255
2016,7368,0.016637578773494442,0,0.0014195327349172018,214717
2016,7369,0.01812824970640743,0,0.003171779714246551,479760
2016,7371,0.010010494849725457,0,0.00022841626881611293,34550
2016,7372,0.11195011237111548,0,0.003877714902898236,586539
2016,7373,0.010929275346245148,0,0.0016536610632487162,250131
2016,7411,0.011660372118559793,0,6.67729179462443e-06,1010
2016,7412,0.0414674551711693,0,0.0008786192101126654,132899
2016,7413,0.04012937996536621,0,0.003999843230939917,605012
2016,7414,0.008585117712925158,0,0.0016011749052709703,242192
2016,7415,0.017937197385180594,0,0.006444657592971713,974812
2016,7416,0.037619702194838886,0,0.008860534820166806,1340235
2016,7421,0.02586851542978751,0,0.0033378327221728695,504877
2016,7422,0.030127575922437203,0,0.003432808933976409,519243
2016,7423,0.014848992984608924,0,0.0010318266953093253,156073
2016,7428,0.07891727527621817,0,0.00523578349740492,791959
2016,7429,0.19127606288538299,0,0.022480332506082154,3400351
2016,7431,0.004981943501499796,0,0.0016479490037333146,249267
2016,7432,0.42831200069996256,0,0.03538806643949075,5352761
2016,7433,0.11404053688556509,0,4.033480914752837e-05,6101
2016,7434,1.3725069986495324,1,0.13504216409422398,20426333
2016,7435,0.0237419698585598,0,0.0013631724254625748,206192
2016,7436,0.6470290381072366,0,0.2679950696977099,40536647
2016,7439,0.009566533314800877,0,0.0013652813918808768,206511
2016,7441,0.07257265851011097,0,0.020656598837470355,3124495
2016,7442,0.09843896436837841,0,0.03796977189449234,5743267
2016,7449,0.03969582332872175,0,0.008566800093003276,1295805
2016,7451,0.13141918435365843,0,0.014295321446591515,2162295
2016,7452,0.06302037815353638,0,0.02730843758911528,4130645
2016,7491,0.017554057905777173,0,0.00431881283214313,653259
2016,7492,0.012146222991158008,0,0.00830575765091343,1256320
2016,7493,0.020534809390412228,0,0.009425222148232201,1425649
2016,7499,0.018125258501357974,0,0.0032697111235077112,494573
2016,7511,0.0,0,0.0,0
2016,7512,0.023088638247682487,0,0.0017749101043511043,268471
2016,7518,0.04005250605985569,0,0.014693664874810832,2222548
2016,7521,0.0,0,0.0,0
2016,7522,0.005626655633909179,0,0.0008002304489157726,121042
2016,7523,0.012922396983867985,0,0.014851328295323905,2246396
2016,7524,0.004560970727060219,0,0.000466716251724269,70595
2016,7525,0.024060933014145153,0,0.04210214283960557,6368325
2016,7528,0.04479370278728188,0,0.0077387828545698745,1170560
2016,7591,0.030430432093413264,0,0.006977875704262444,1055466
2016,7599,0.051641692639907005,0,0.0512210029068844,7747634
2016,7611,0.008346448797283194,0,0.006092658536515091,921569
2016,7621,0.0028114128653065266,0,0.00021362705916801901,32313
2016,7622,0.0,0,0.0,0
2016,7628,0.02676494813586743,0,0.00104188230008123,157594
2016,7631,0.0,0,0.0,0
2016,7638,0.01068088095473423,0,0.004114474480867633,622351
2016,7641,0.097547328506181,0,0.11143834749338628,16856045
2016,7642,0.0013921471010458295,0,0.00035615087749327987,53871
2016,7643,0.10521911938987502,0,0.079720285903721,12058405
2016,7648,0.06149076436095149,0,0.033761623604280123,5106747
2016,7649,0.020364428626315035,0,0.021949124193509806,3320001
2016,7711,0.10949793586223924,0,0.018976757501442718,2870404
2016,7712,0.014966368744215931,0,0.007908987683532851,1196305
2016,7721,0.007360479950523473,0,0.011718640488385881,1772549
2016,7722,0.0007584268855771758,0,0.000251753734197325,38080
2016,7723,0.007957125410647022,0,0.0005849770394690629,88483
2016,7731,0.03186698685974294,0,0.02428419296762995,3673201
2016,7732,0.027486349931659885,0,0.0018454976731542775,279148
2016,7741,0.4258042310656441,0,0.0855508309869871,12940327
2016,7742,0.017675692536120623,0,0.0031079223266779594,470101
2016,7751,0.07050645461365493,0,0.006583842765399662,995865
2016,7752,0.12352582714284939,0,0.01990295076279708,3010499
2016,7753,0.0005012888558963082,0,1.6177557446976218e-05,2447
2016,7754,0.004538013510928082,0,0.00013119886699437805,19845
2016,7757,0.2746877614027216,0,0.07015101275458475,10610967
2016,7758,0.022216810638281796,0,0.008129847373615046,1229712
2016,7761,0.0,0,0.0,0
2016,7762,0.0028914985224055517,0,1.9912874143969095e-05,3012
2016,7763,0.0020405354836413917,0,0.0014837405150255113,224429
2016,7764,0.06062754471868565,0,0.12804832900145438,19368453
2016,7768,0.0037996711469852097,0,0.0012038958770308008,182100
2016,7781,0.036075413507465515,0,0.016388678868926254,2478934
2016,7782,0.058898533898531565,0,0.003127550920082158,473070
2016,7783,0.008929492780543198,0,0.004176328680897836,631707
2016,7784,0.005811607907095789,0,0.0003390411436670541,51283
2016,7788,0.010842556162225552,0,0.015708811562993582,2376098
2016,7810,0.0034046643021866177,0,0.017726094137129566,2681230
2016,7821,0.0074509760861891485,0,0.013249426160253519,2004094
2016,7822,0.09610412473124634,0,0.009528621003348961,1441289
2016,7831,0.008493603389618295,0,0.0011327728026480587,171342
2016,7832,0.019700390886650397,0,0.004648353710157832,703105
2016,7841,0.02017366320548362,0,0.0006633790230259452,100342
2016,7842,0.007843344991672262,0,0.0005545127220535882,83875
2016,7849,0.02972990223337964,0,0.09938095675325312,15032257
2016,7851,0.12079423061274161,0,0.022120823149151578,3345972
2016,7852,0.02025086819677947,0,0.001956016769125304,295865
2016,7853,0.03336183599334304,0,0.0055131555540816205,833914
2016,7861,0.027340160593293993,0,0.004553159329414468,688706
2016,7868,0.00934873090760117,0,0.0008553875236113682,129385
2016,7911,0.0,0,0.0,0
2016,7912,0.003396356442945263,0,3.089404411512868e-05,4673
2016,7913,0.0,0,0.0,0
2016,7914,0.0,0,0.0,0
2016,7915,0.0,0,0.0,0
2016,7919,0.13900391473977622,0,0.013408722542225276,2028189
2016,7921,0.0014373910357456511,0,0.00010792090223311802,16324
2016,7922,0.0,0,0.0,0
2016,7923,0.0,0,0.0,0
2016,7924,0.0,0,0.0,0
2016,7928,0.023146524343880922,0,0.00032982515875447344,49889
2016,7929,0.07054813123932376,0,0.05320661131766589,8047975
2016,7931,0.0040899801784946704,0,0.003115379737711956,471229
2016,7932,0.00047061143980589636,0,5.6333864734648285e-05,8521
2016,7933,0.010203329381509746,0,0.00011617165486647573,17572
2016,7938,0.10051175887695005,0,0.027961767618549314,4229467
2016,8121,0.0071614069493439745,0,0.0005764287837359446,87190
2016,8122,0.3014843334419593,0,0.016934702835866677,2561525
2016,8124,0.028561698153687694,0,0.008425373730557132,1274413
2016,8211,0.02134599285443367,0,0.012653758842733061,1913994
2016,8212,2.6482572120923433,1,0.426910171696815,64573975
2016,8219,0.050655421576665007,0,0.031673422902341236,4790888
2016,8310,0.44357987630638934,0,0.1947678220021617,29460372
2016,8421,0.6256288818922691,0,0.05491718141830879,8306714
2016,8422,54.86665643408921,1,2.236194597369386,338244398
2016,8423,12.769079051436925,1,3.8382592087993204,580570974
2016,8424,7.511118995919436,1,0.5205498673526301,78737815
2016,8429,17.746369046105986,1,2.3375266587850283,353571777
2016,8431,0.43691429234940904,0,0.09523556839473038,14405230
2016,8432,23.372948325381934,1,0.32469604003510266,49113175
2016,8433,0.24855064912826239,0,0.030986633690954134,4687005
2016,8434,1.7378421291264168,1,0.06697371270504265,10130372
2016,8435,0.6196207032695145,0,0.06634856613592592,10035813
2016,8439,8.752667410335256,1,3.3645340683254337,508915817
2016,8441,0.6591412671816217,0,0.08223564155629601,12438875
2016,8442,26.921522101944475,1,0.32343280220643966,48922099
2016,8443,4.491250523214625,1,0.09051424047979129,13691087
2016,8451,2.7501959738894053,1,1.209556124728584,182956163
2016,8452,3.034244816248686,1,0.9674096118535644,146329341
2016,8459,12.742999800572242,1,4.22209768166559,638629970
2016,8461,6.475251603514033,1,0.04308296428125596,6516683
2016,8462,9.804623969306055,1,3.4861300178756824,527308290
2016,8463,9.953715404453867,1,2.1430863083615432,324160938
2016,8464,14.087369357517817,1,0.44476409299914155,67274540
2016,8465,0.2926729646617225,0,0.026771272603367723,4049394
2016,8471,0.6647328210270149,0,0.02567131108703325,3883015
2016,8472,13.344274868777399,1,1.2079956151914601,182720122
2016,8481,48.04796325859465,1,3.244580679667223,490771796
2016,8482,0.3631613971736376,0,0.028172730372179475,4261377
2016,8483,0.09879659042642416,0,0.004063700618508508,614671
2016,8484,0.21060605478854322,0,0.013900237330109581,2102535
2016,8510,0.7051151632182123,0,0.6908724414313114,104500625
2016,8710,0.008411671472006969,0,0.0066763596182451805,1009859
2016,8720,2.5644705461445727,1,2.1160093083505016,320065300
2016,8731,0.008908238529544496,0,0.000436833718148326,66075
2016,8732,0.0,0,0.0,0
2016,8741,0.4474430276596192,0,0.029977833735566273,4534415
2016,8742,0.04675770958984869,0,0.0036548983035376154,552836
2016,8743,0.01674405796743278,0,0.0032446481401478882,490782
2016,8744,0.03139762442715307,0,0.003028832780401631,458138
2016,8745,0.06534322294651336,0,0.0061290200264858185,927069
2016,8748,0.050860134152581275,0,0.03669487194431871,5550427
2016,8749,0.05246448533379592,0,0.017420082448715922,2634943
2016,8811,0.06985277926766442,0,0.0026688209737914595,403683
2016,8812,0.0,0,0.0,0
2016,8813,0.06295924763465148,0,0.005541649739858681,838224
2016,8821,0.023917690404786956,0,0.003740208970188936,565740
2016,8822,0.09498900873495153,0,0.006223057450730113,941293
2016,8830,0.048538404144815056,0,7.298742714124129e-06,1104
2016,8841,0.007937660834708135,0,0.0024852351165192553,375914
2016,8842,0.016640919377700875,0,0.0020749717307695387,313858
2016,8851,0.15107894278764272,0,0.048721738866416446,7369598
2016,8852,0.01640338905341801,0,0.0008980230233970444,135834
2016,8921,0.18237776552981266,0,0.024167227971164114,3655509
2016,8922,0.017071479603261042,0,0.0005139994110462035,77747
2016,8924,0.21913465537583918,0,0.0031386973695531842,474756
2016,8928,0.4565290035370289,0,0.09576259183036609,14484947
2016,8931,0.23361025157228882,0,0.09818383072453687,14851181
2016,8932,0.09330663134947159,0,0.0025628635920167606,387656
2016,8933,0.006805061348086971,0,8.967404544780769e-05,13564
2016,8935,0.3568280016392153,0,0.012369398768801986,1870982
2016,8939,0.3103719551915889,0,0.2193551706284476,33179428
2016,8941,0.019975873454434235,0,0.0003468357248807791,52462
2016,8942,0.015254338371588863,0,0.008241034198765537,1246530
2016,8946,0.23837282567591206,0,0.003977385052497996,601615
2016,8947,9.15248847445342,1,1.6366043576972276,247551021
2016,8951,0.007273012287181274,0,3.246089377386728e-05,4910
2016,8952,0.21161917585557,0,0.02637086648699007,3988829
2016,8959,0.04155571076502156,0,0.0025735274253481755,389269
2016,8960,0.020963190439282093,0,0.003311202889154308,500849
2016,8972,0.04842567634310904,0,0.0025971491714691587,392842
2016,8973,0.05607897446687894,0,0.05168036752645459,7817117
2016,8974,0.9635681410595783,0,0.03732122174819446,5645168
2016,8981,0.09431126151022769,0,0.0014015040470717157,211990
2016,8982,0.360183849817335,0,0.009602295993209648,1452433
2016,8983,0.0012371988175627663,0,0.0013534936579503668,204728
2016,8989,0.9269376648018938,0,0.010183590605421676,1540359
2016,8991,18.45830625564224,1,0.1905064669353523,28815804
2016,8993,1.7201165348487812,1,0.07912966952771647,11969069
2016,8994,0.22276374559647139,0,0.006721877592508536,1016744
2016,8996,0.019048591404353395,0,0.00819580050524195,1239688
2016,8997,0.12359204415060847,0,0.010456447226162012,1581631
2016,8998,0.0489629519223201,0,0.0025370866012175124,383757
2016,8999,0.06830690794963062,0,0.002600362204946572,393328
2017,5111,0.34651777111840903,0,0.06481851497610873,10284576
2017,5112,0.005533023122160578,0,0.0019477868658237742,309050
2017,5113,0.014061678542969087,0,0.000991269418639362,157282
2017,5114,0.013356310707032972,0,0.00012297433206909393,19512
2017,5121,5.939884466386203,1,1.3413617937786326,212830197
2017,5122,0.005740952496750229,0,9.016983235509056e-05,14307
2017,5123,0.0,0,0.0,0
2017,5137,0.12288927207353695,0,0.018686268664274523,2964899
2017,5138,0.243702048958841,0,0.021621461517743485,3430618
2017,5139,0.009886036427194664,0,0.0017878231756717818,283669
2017,5145,0.0013485173283176637,0,8.406901473296658e-05,13339
2017,5146,0.0075545085015665875,0,0.0009826854169850924,155920
2017,5147,0.0005489301353067308,0,3.0138543253095898e-05,4782
2017,5148,0.0024937923199035974,0,0.0003118223684630223,49476
2017,5154,0.0039729365702364065,0,0.0002403646513146322,38138
2017,5155,0.11111076135178542,0,0.028266033417931883,4484894
2017,5156,0.01424135886258244,0,0.006389560244582635,1013814
2017,5157,0.004606278522038172,0,0.00033067944111322365,52468
2017,5161,7.185137548666485e-05,0,9.857106158059804e-06,1564
2017,5162,0.000679398607543818,0,3.845784001053768e-05,6102
2017,5163,0.0,0,0.0,0
2017,5169,2.822321416039604,1,0.24152046003664018,38321389
2017,5221,0.11027367175886207,0,0.015212785798111361,2413771
2017,5222,0.2343463051869925,0,0.01647887562213576,2614658
2017,5223,0.041185508322995494,0,0.00028311449215230464,44921
2017,5224,0.17717312483196945,0,0.007618251048183807,1208767
2017,5225,0.2847894166025919,0,0.035994660105595294,5711174
2017,5231,0.19910562024025438,0,0.02363945820620203,3750808
2017,5232,0.49140081091500726,0,0.07530108729288466,11947817
2017,5233,0.0037788712941640994,0,0.00013731251398059396,21787
2017,5239,0.033069561316333755,0,0.0023904679907828293,379289
2017,5241,0.0,0,0.0,0
2017,5249,0.24699722362233745,0,0.033627536565713656,5335589
2017,5311,0.8291709835493779,0,0.0733890040756449,11644432
2017,5312,0.23635842894040704,0,0.0026452338489843965,419712
2017,5322,0.10415570319846136,0,0.003046160927717655,483326
2017,5323,0.05271483998709847,0,0.000305973650742639,48548
2017,5331,0.019713030823061112,0,0.0029411361086524963,466662
2017,5332,0.29810336183074293,0,0.02111618398718222,3350447
2017,5334,0.7626089337021399,0,0.13574262486747946,21537910
2017,5335,0.046730658737782475,0,0.0056114791078502625,890358
2017,5411,0.014743668303214073,0,0.0008160599869296033,129482
2017,5413,0.13338876755627543,0,0.01086730827931989,1724286
2017,5414,0.0,0,0.0,0
2017,5415,0.00035068057745941717,0,3.069316303692535e-05,4870
2017,5416,0.0926927994752162,0,0.03533298609849167,5606188
2017,5417,0.3127701300935484,0,0.7669915204572005,121696441
2017,5419,0.4053956696143852,0,0.11390266836489732,18072624
2017,5513,0.30022425511501566,0,0.017697728227071503,2808050
2017,5514,0.1681015780736049,0,0.030846105744813865,4894267
2017,5530,0.15644875637217667,0,0.10411928882310156,16520322
2017,5541,1.2061615018748333,1,0.05742333452598015,9111203
2017,5542,0.25763516334164027,0,0.08905867052568088,14130695
2017,5543,0.26629261453133746,0,0.004708873224653091,747144
2017,5621,1.7730053680691071,1,0.32524412311421225,51605593
2017,5622,0.0,0,0.0,0
2017,5623,0.09065417456976653,0,0.011880025097099838,1884971
2017,5629,0.10824610416193584,0,0.015738590563171857,2497199
2017,5721,2.466436505079726,1,0.025481394625782444,4043063
2017,5722,0.0,0,0.0,0
2017,5723,0.0,0,0.0,0
2017,5821,0.02429191345990548,0,0.0013629087912878995,216249
2017,5822,0.1938212185438263,0,0.02105199935219905,3340263
2017,5823,2.421070994499455,1,1.0066961931365683,159729724
2017,5824,0.042060356361160976,0,0.0053452868216022995,848122
2017,5825,0.20560813267287223,0,0.05355566195095775,8497530
2017,5826,0.11723375592229732,0,0.010281755837546858,1631378
2017,5827,0.062485441343709446,0,0.004824889599434143,765552
2017,5828,0.11815860915784042,0,0.00030165013742778664,47862
2017,5829,0.0800711311463705,0,0.014298721974380079,2268739
2017,5831,0.032380923708156775,0,0.014516410239533137,2303279
2017,5832,0.012455247794270678,0,0.0038571095891394664,611997
2017,5833,0.5885479758962657,0,0.0942755691698242,14958446
2017,5834,0.15434198530516954,0,0.045334923650101486,7193168
2017,5835,0.062117423271500896,0,0.0006704912011670027,106385
2017,5836,0.13682214218055982,0,0.02170416919300705,3443741
2017,5837,0.34589510976131105,0,0.01924826237022989,3054069
2017,5838,0.1274856904402777,0,0.001598653711903134,253654
2017,5839,0.09761494510205558,0,0.03913978915223879,6210203
2017,5841,0.2226595252634346,0,0.013127995240686629,2082983
2017,5842,0.09971483292450417,0,0.0015248766756587298,241948
2017,5843,0.06163998612937733,0,0.003220759017165693,511029
2017,5849,0.1697241301188133,0,0.009425668688718383,1495545
2017,5851,0.021741877795824666,0,0.0002621649903176558,41597
2017,5852,0.7750287193897981,0,0.0760969351701922,12074092
2017,5911,0.2493492296032248,0,0.012050709335573352,1912053
2017,5912,0.06510663230841776,0,0.00542131384946974,860185
2017,5913,0.03757641760080126,0,0.003900603124687274,618898
2017,5914,0.018073708883876216,0,0.00048722717759663,77307
2017,5921,1.3771613770846454,1,0.05633993519824967,8939303
2017,5922,0.20169509829283175,0,0.031979496483059526,5074099
2017,5981,0.2171170527858287,0,0.009369822257985282,1486684
2017,5982,0.01023256502184223,0,0.0008106776540274402,128628
2017,5983,7.497919233255485,1,0.48644534017136165,77182948
2017,5989,0.11233695767803846,0,0.07041072734896847,11171877
2017,6112,6.921286419171733,1,0.012105433921743706,1920736
2017,6113,9.241538818762237,1,0.22518360489415,35729265
2017,6114,8.045399786069622,1,0.5930231261437308,94093353
2017,6115,29.298707385253984,1,0.21571317586787758,34226618
2017,6116,64.15301591732805,1,0.7374864034172182,117014945
2017,6118,9.419607727726204,1,0.0533880722387781,8470939
2017,6121,0.18268944202026544,0,0.0017088402764564327,271137
2017,6122,4.370268357526497,1,0.054238701424733894,8605906
2017,6123,0.253238844182089,0,0.016820918466319945,2668929
2017,6129,0.16483298873676758,0,0.002824451669131832,448148
2017,6130,0.1788636600084913,0,0.0020489608588898445,325103
2017,6210,0.1788025649288097,0,0.02181546499712801,3461400
2017,6251,0.06385988770586755,0,0.02039283373911775,3235675
2017,6252,0.017565225202526298,0,0.0032717966422730897,519127
2017,6253,0.6095463145925125,0,0.003741395734240504,593637
2017,6254,1.9395458237583294,1,0.037329295892902986,5922937
2017,6259,0.3714320572811393,0,0.03886281329269387,6166256
2017,6281,0.01326886138816353,0,0.00012287979460594116,19497
2017,6282,0.056281143949008544,0,0.002501669257440634,396933
2017,6289,0.1532092329929099,0,0.026114329244087634,4143489
2017,6330,0.010246321935124349,0,0.00018142369428766593,28786
2017,6341,0.0,0,0.0,0
2017,6342,0.06522161126786055,0,0.006565570093480421,1041741
2017,6343,0.008689180826384337,0,0.0005945082907823678,94329
2017,6344,0.33178654946324765,0,0.009038367609674205,1434093
2017,6349,0.9882500897874293,0,0.017314706543859377,2747277
2017,6351,0.049240348202618536,0,0.0005780776796864203,91722
2017,6352,0.0029319298874727756,0,2.2077648894938293e-05,3503
2017,6353,0.046612612695564784,0,0.005932937995057321,941363
2017,6354,0.05558141929297872,0,0.00111851684404296,177472
2017,6359,0.09812530699892628,0,0.007460612979625372,1183755
2017,6411,0.01110711840107627,0,0.0016596555856268303,263333
2017,6412,0.014348400008003854,0,0.003173862132944387,503588
2017,6413,0.10776885595614445,0,0.011984249498976971,1901508
2017,6415,0.22873093365623895,0,0.021878824004932983,3471453
2017,6416,2.7314033995318345,1,0.1979026140272845,31400665
2017,6417,0.05672106783854442,0,0.0015179187183706876,240844
2017,6418,2.0537449710287463,1,0.4614307904461201,73213958
2017,6419,0.13410456524488623,0,0.002099122436838692,333062
2017,6421,0.3281876902482516,0,0.05836159994027855,9260075
2017,6422,0.02545523062522882,0,0.00018853291151675253,29914
2017,6423,0.09342648917434009,0,0.0031561647198421923,500780
2017,6424,0.1908586136730798,0,0.013974830323121223,2217348
2017,6428,0.13174995694249403,0,0.021377964525149725,3391983
2017,6511,0.06448190955466188,0,0.0001218587900038915,19335
2017,6512,0.03309359870602416,0,0.0011535461253898247,183030
2017,6513,70.60588566383142,1,8.345887448357697,1324219072
2017,6514,0.5258613347115567,0,0.0890335172579847,14126704
2017,6515,0.4431762878010011,0,0.002560994666817755,406346
2017,6516,1.7573170818627704,1,0.05245919124332202,8323556
2017,6517,0.9934483805189478,0,0.014969175360561821,2375118
2017,6518,0.5659669154856062,0,0.0002209529588806014,35058
2017,6519,0.08458912022310822,0,0.003466272808973378,549984
2017,6521,92.9777281275969,1,4.272065113542449,677836855
2017,6522,47.28515977886471,1,8.181690629008125,1298166413
2017,6531,6.748563910337618,1,1.9640962168669844,311637760
2017,6532,10.168696066007739,1,0.24820722715788243,39382360
2017,6534,18.279104429944308,1,1.285770796968474,204009726
2017,6535,3.193121809456435,1,0.04147780145596693,6581169
2017,6536,0.5831359429528982,0,0.013473554878500093,2137812
2017,6538,1.1558960585999798,1,0.017030936591962545,2702252
2017,6539,6.770774599316123,1,0.13136729241782433,20843688
2017,6541,1.8709353361146597,1,0.018357908542257315,2912799
2017,6542,1.1598416970792227,1,0.02144310713975951,3402319
2017,6543,4.639143768246262,1,0.057800104131629115,9170984
2017,6544,1.3197431180294532,1,0.010993622935087047,1744328
2017,6545,12.80983336804814,1,0.035029785546668184,5558080
2017,6546,0.0011856744022790766,0,2.3936885670275664e-05,3798
2017,6549,17.796599384455956,1,0.01477695548798211,2344619
2017,6551,0.8721777318181164,0,0.2044574950849311,32440710
2017,6552,0.3852273205168076,0,0.029951226723605045,4752279
2017,6553,0.1330913399636483,0,0.00033228027548927685,52722
2017,6560,0.9903975855293128,0,0.05574468321275717,8844856
2017,6571,2.776891002428377,1,0.04971249348638455,7887745
2017,6572,0.816637050966375,0,0.1169060353342945,18549160
2017,6573,0.19923237647602238,0,0.03111989884309931,4937709
2017,6574,15.486864915241407,1,0.08526672245864382,13529037
2017,6575,20.668406442809655,1,0.8273058547238745,131266351
2017,6576,0.15262518288210258,0,8.982319499019714e-05,14252
2017,6577,0.8161611327394643,0,0.06206369329983767,9847476
2017,6579,0.08852970408206716,0,5.4875846111398155e-05,8707
2017,6581,7.190322528559142,1,0.1917567209427293,30425513
2017,6582,18.48950664498932,1,0.6577482318037471,104363108
2017,6583,7.082316301349445,1,0.2587673264969411,41057902
2017,6584,87.67659940676727,1,18.363485899643464,2913683944
2017,6589,9.702548260156071,1,0.5033697960673265,79868305
2017,6591,0.13913091569681607,0,0.0019123668296292112,303430
2017,6592,36.1320708465109,1,0.4151137927212952,65864967
2017,6593,23.93906072487662,1,0.028316352558319317,4492878
2017,6594,0.7319315026274649,0,0.02669398885065748,4235462
2017,6595,0.32960165750547893,0,0.020547679801264405,3260244
2017,6596,0.2527574741818709,0,0.0029021110438630423,460470
2017,6597,0.05860234530161454,0,0.00015565278183222696,24697
2017,6611,0.038438614595746795,0,0.0002990661134349449,47452
2017,6612,16.169433928200863,1,1.3187474241928883,209242037
2017,6613,0.35160571784995626,0,0.0486862641138713,7724916
2017,6618,0.011130591413441358,0,0.0005066010550453996,80381
2017,6623,0.08659610103085985,0,0.004050337861326139,642656
2017,6624,0.0932373506420015,0,0.014388702731808863,2283016
2017,6631,0.02537427285991457,0,0.0009342444208656248,148234
2017,6632,0.008402548032875748,0,0.0002896375771098442,45956
2017,6633,0.4937498984868007,0,0.07280750413979237,11552167
2017,6635,0.023438165212667783,0,0.0007885937026349583,125124
2017,6637,0.012567078375624085,0,0.00019475347659220332,30901
2017,6638,0.023576045603885005,0,0.00032635592779837135,51782
2017,6639,0.1776362403948955,0,0.013785251197012245,2187268
2017,6641,0.11681926135779654,0,0.0018901253157981416,299901
2017,6642,0.010100830867869613,0,0.0018558523341564988,294463
2017,6643,0.10620472945408338,0,0.0004646327239031233,73722
2017,6644,0.6506896579879856,0,0.04142140670794755,6572221
2017,6645,0.0,0,0.0,0
2017,6646,0.0,0,0.0,0
2017,6647,0.0004915230032876072,0,3.8275067581775695e-05,6073
2017,6648,0.025207760667686374,0,0.0012916716615535323,204946
2017,6649,0.00725306282509165,0,0.0005482101438276956,86983
2017,6651,0.12430141510481658,0,0.012350304858801953,1959589
2017,6652,0.28831289824870665,0,0.02000083729940365,3173478
2017,6658,0.03175835020910881,0,0.0011879829719675988,188494
2017,6664,0.21760116497308013,0,0.011391518512501874,1807461
2017,6665,0.21614007126677548,0,0.004501798365363313,714288
2017,6666,0.018141745998230364,0,0.0005001283900682082,79354
2017,6671,0.034789701857973095,0,0.0005883255406921781,93348
2017,6672,0.00013710018644617713,0,0.00012565919602263196,19938
2017,6673,0.26946809221140255,0,0.019149571561195965,3038410
2017,6674,0.09648667248015413,0,0.0010391683999700875,164882
2017,6712,0.00019008578347660677,0,7.071402243825512e-06,1122
2017,6713,0.004645727257319456,0,0.00017498254179819207,27764
2017,6716,6.9226111294414e-05,0,1.225835772213959e-05,1945
2017,6724,1.7575480372462498,1,0.026781965413867424,4249421
2017,6725,0.6299690229778154,0,0.13470203210306453,21372802
2017,6727,0.0050618747329321005,0,0.002104725357154878,333951
2017,6731,0.010094749627788257,0,0.0014452572241914858,229315
2017,6732,0.00884437799183197,0,0.0023725941077494166,376453
2017,6733,0.03360492501913539,0,0.0040626403365310836,644608
2017,6741,0.015972139460765696,0,0.0002776691342747064,44057
2017,6744,0.00409127308047158,0,0.000842826693996918,133729
2017,6745,0.0012389624448910243,0,0.00010293238988071145,16332
2017,6746,0.010518392519729853,0,0.002496211294567949,396067
2017,6747,0.09372346662545931,0,0.003985541884081246,632375
2017,6749,0.40163840863487715,0,0.12981247887883388,20596990
2017,6750,0.24311179492538926,0,0.03591126545809949,5697942
2017,6760,0.10739391783237962,0,0.002546398082506971,404030
2017,6770,0.003693507154696958,0,0.00032757230982427,51975
2017,6781,0.057315807030158525,0,0.0011746090721802568,186372
2017,6782,0.05778486436435275,0,0.008587984832716973,1362632
2017,6783,1.3824152001895655,1,0.28355369429861965,44990687
2017,6784,0.2007284849689132,0,0.007107490344759688,1127726
2017,6785,0.03222865987075839,0,0.0042702824205997775,677554
2017,6793,0.0726247603668395,0,0.0054276604644960605,861192
2017,6794,0.05952844026640243,0,0.006727745960270187,1067473
2017,6911,0.2670414614693836,0,0.11286844112300135,17908526
2017,6912,0.015346870986516221,0,0.0015154481393336292,240452
2017,6921,0.009104600440120897,0,0.0001596359602797294,25329
2017,6924,2.156047753924191,1,0.27063268568225723,42940546
2017,6931,0.06384068340860602,0,0.004654438553369738,738507
2017,6932,0.41004296787983485,0,0.0006388148485132888,101359
2017,6935,0.009229093114013789,0,0.0003606415144351011,57222
2017,6940,0.012570943531992564,0,0.0040373862288742126,640601
2017,6951,0.17427675580078747,0,0.0022315379102279737,354072
2017,6953,0.3499824583454991,0,0.044726253647338836,7096592
2017,6954,0.11892557567264858,0,0.030603434379398303,4855763
2017,6960,5.940314337623206,1,0.5429279197965138,86144884
2017,6973,0.04063680063434695,0,0.008344853384980738,1324055
2017,6974,1.1769988806606158,1,0.16029909016376556,25434217
2017,6975,1.1835402152125223,1,0.015791783642439133,2505639
2017,6978,0.02540180424642253,0,0.0003642087280447314,57788
2017,6991,0.015895361189000836,0,0.005797831355216959,919926
2017,6992,0.023344070347378024,0,0.0008872151841959046,140772
2017,6993,0.13227650423669354,0,0.003733706687237414,592417
2017,6994,0.012591480474988967,0,0.0010465423220960015,166052
2017,6996,0.09889293525341539,0,0.009175554073703929,1455860
2017,6997,0.06433273577167693,0,0.020304472723557645,3221655
2017,6998,0.039878379253152185,0,0.009488555009207589,1505523
2017,6999,0.0008942181174777206,0,5.989263415603729e-05,9503
2017,7111,0.0513813089079624,0,0.000777558029436261,123373
2017,7112,0.00361614041259104,0,3.2861222191895026e-05,5214
2017,7119,0.05994861419888904,0,0.00150378221638058,238601
2017,7126,0.28199162720461596,0,0.0029912661741136265,474616
2017,7129,0.21901890554911888,0,0.010478021913549506,1662519
2017,7131,1.8329771067398244,1,0.07299886057020862,11582529
2017,7132,0.004138805811215399,0,0.002415772518420048,383304
2017,7133,0.28714351409449534,0,0.015051561608450666,2388190
2017,7138,0.01802273221572402,0,0.001616893139794071,256548
2017,7139,0.01997114660086748,0,0.010357915217862711,1643462
2017,7144,9.160349037430992e-05,0,2.617427229822402e-05,4153
2017,7148,0.4619449926769776,0,0.04938735394061207,7836156
2017,7149,0.2276223147077059,0,0.12689383008141666,20133896
2017,7161,0.08171755360321957,0,0.017066217973211152,2707850
2017,7162,0.05547983804252888,0,0.019202808757946048,3046857
2017,7163,0.24027661099409908,0,0.00047105496889996665,74741
2017,7169,0.006093273650637583,0,0.000827637674917043,131319
2017,7187,0.0,0,0.0,0
2017,7188,0.05502076700522673,0,0.006370545609493847,1010797
2017,7211,0.31593905145436674,0,0.019157134558248183,3039610
2017,7212,0.02960657671610434,0,0.00486574869100876,772035
2017,7213,0.019255511958988163,0,0.0002991291384103801,47462
2017,7219,0.035519945166989475,0,0.0021038114950110683,333806
2017,7223,0.021890237051058976,0,0.00023920499176662517,37954
2017,7224,0.6347292333800172,0,0.09303000658029903,14760816
2017,7233,0.0016120460717760972,0,8.472447447749229e-05,13443
2017,7234,0.05470833538565148,0,0.01780819840401426,2825578
2017,7239,0.14876238159995606,0,0.03882324621311568,6159978
2017,7243,0.021545134390628114,0,0.000887549216565711,140825
2017,7244,0.3356965629098759,0,0.013802009537980454,2189927
2017,7245,0.8060020353691465,0,0.03759335793498123,5964835
2017,7246,0.34788275150146264,0,0.009759486773608276,1548511
2017,7247,0.0624489723689803,0,0.0056420147084486,895203
2017,7248,0.06407053867266954,0,0.0006302119393663888,99994
2017,7251,0.0005912604110232071,0,9.182738920903538e-06,1457
2017,7252,0.061774665451869576,0,0.0020585784701412503,326629
2017,7259,0.02543238157762244,0,0.0008893454283656131,141110
2017,7263,0.02425313676726835,0,0.00032663954018782957,51827
2017,7264,0.11422551739613773,0,0.003425659514802958,543540
2017,7267,0.040109232930839366,0,0.0010082357420265085,159974
2017,7268,0.024719354940870873,0,0.0001864845998151097,29589
2017,7269,0.014364191447361044,0,0.00012042182056396974,19107
2017,7271,0.05857979155768033,0,0.0005367017833132345,85157
2017,7272,0.40414406271604597,0,0.04443532405823257,7050431
2017,7281,0.01992455865262824,0,0.0031877654425253843,505794
2017,7283,0.0949905615000212,0,0.011526398262430671,1828862
2017,7284,0.05937567824441796,0,0.05487794484308015,8707333
2017,7361,0.09315563972846735,0,0.013700299832623185,2173789
2017,7362,0.017871523050037325,0,0.0014057216571010068,223042
2017,7367,0.0036625828892518533,0,0.0003811057239588992,60469
2017,7368,0.010015216914477532,0,0.0010089353192538387,160085
2017,7369,0.009151827850699608,0,0.0018025521124309797,286006
2017,7371,0.005433170236238456,0,0.00011138403908656709,17673
2017,7372,0.12752030015281565,0,0.004001235102964602,634865
2017,7373,0.03841411204633526,0,0.006309001720981408,1001032
2017,7411,0.0,0,0.0,0
2017,7412,0.20480523902142095,0,0.004399603367695193,698073
2017,7413,0.03784094208043015,0,0.003988390612970915,632827
2017,7414,0.00815247304831193,0,0.001489406219483819,236320
2017,7415,0.008145199379408522,0,0.0028363318770013605,450033
2017,7416,0.021568882295573206,0,0.004940571941845388,783907
2017,7421,0.011563374289145249,0,0.0015329249650218005,243225
2017,7422,0.19919777638475897,0,0.020918228841837912,3319038
2017,7423,0.004994515483634912,0,0.0003519314628299613,55840
2017,7428,0.10789619232202151,0,0.0066991767389054276,1062940
2017,7429,0.0977390379096507,0,0.011173029830160788,1772794
2017,7431,0.02004140009605677,0,0.006244224651229145,990754
2017,7432,0.3744103446431291,0,0.029543404712559174,4687571
2017,7433,0.08291971260330369,0,2.773729168901611e-05,4401
2017,7434,1.3030545335271266,1,0.12799733437631095,20308986
2017,7435,0.018235915598132573,0,0.0010996282589050411,174475
2017,7436,0.4314915145683151,0,0.1726181976597271,27388856
2017,7439,0.005664433995688494,0,0.0008061524607911953,127910
2017,7441,0.299596003841451,0,0.08217961420438594,13039214
2017,7442,0.07264138961375217,0,0.029501102349047095,4680859
2017,7449,0.03583947782665789,0,0.008078100176451402,1281730
2017,7451,0.08775709911927716,0,0.0096952580211423,1538320
2017,7452,0.033175170584759994,0,0.014577973035538207,2313047
2017,7491,0.017282461319934717,0,0.004335576295150609,687914
2017,7492,0.0118497639762178,0,0.007988018579061921,1267437
2017,7493,0.03554860378008868,0,0.01627064740579552,2581619
2017,7499,0.032872647703749105,0,0.0061607039537824645,977502
2017,7511,0.0,0,0.0,0
2017,7512,0.013637558230003384,0,0.0011642099512334547,184722
2017,7518,0.008263191699571995,0,0.0030452659730664756,483184
2017,7521,0.0,0,0.0,0
2017,7522,0.013196630963233655,0,0.0020604251019215006,326922
2017,7523,0.009928206019386444,0,0.011898516624892514,1887905
2017,7524,0.010958606770548029,0,0.0011407016353961383,180992
2017,7525,0.008447349452512886,0,0.014965677474425168,2374563
2017,7528,0.008107847449190742,0,0.0014347320532938134,227645
2017,7591,0.014664557927497412,0,0.003264164317747891,517916
2017,7599,0.009949889731771822,0,0.01006108018855817,1596364
2017,7611,0.0043131862760847845,0,0.0031035136553636553,492426
2017,7621,0.0005038195842483132,0,3.485911391318976e-05,5531
2017,7622,0.09576839720110547,0,0.0008710555804943283,138208
2017,7628,0.007207358488114865,0,0.000260910793306496,41398
2017,7631,0.0,0,0.0,0
2017,7638,0.004433030826681526,0,0.0016164330574733941,256475
2017,7641,0.08229594325139827,0,0.0964610421255066,15305209
2017,7642,0.0009276802396600089,0,0.00024584152167994805,39007
2017,7643,0.08069497855134762,0,0.0624875992846146,9914736
2017,7648,0.05032504466246532,0,0.02761753163069421,4381998
2017,7649,0.017535551917278253,0,0.018113875837372357,2874079
2017,7711,0.09549577588629542,0,0.015565794988021265,2469782
2017,7712,0.008088552209385343,0,0.004261269849112549,676124
2017,7721,0.0256173812425187,0,0.04091628673982487,6492075
2017,7722,0.000786013889106063,0,0.00026084776833106086,41388
2017,7723,0.008180902983457122,0,0.0005758718055461895,91372
2017,7731,0.01986905227736616,0,0.014882452994363034,2361358
2017,7732,0.025894411240068256,0,0.0017632119227643497,279764
2017,7741,0.47821573994358496,0,0.09261470980716656,14694922
2017,7742,0.05069838470671247,0,0.008669009741136421,1375488
2017,7751,0.05615749067034753,0,0.005119991441914215,812375
2017,7752,0.1162374797238954,0,0.018172810491901777,2883430
2017,7753,0.0018625357232295986,0,6.100187372369619e-05,9679
2017,7754,0.005375358475656932,0,0.00016341745880583928,25929
2017,7757,0.24349686685829772,0,0.06438069307675573,10215108
2017,7758,0.009428961841854211,0,0.0034438359177184595,546424
2017,7761,0.0,0,0.0,0
2017,7762,0.005960596704404629,0,3.608810093417547e-05,5726
2017,7763,0.0011084419341243908,0,0.0007425287480893963,117815
2017,7764,0.0521120795995841,0,0.1170166126536955,18566705
2017,7768,0.002713210379727393,0,0.0008014066801409275,127157
2017,7781,0.04876690390160955,0,0.02373333390711271,3765703
2017,7782,0.03151469384315527,0,0.0013505117786198023,214282
2017,7783,0.00749868460760149,0,0.0033656408306960497,534017
2017,7784,0.002152217379280612,0,0.00012750582780288226,20231
2017,7788,0.007082646270309251,0,0.010243632029906127,1625329
2017,7810,0.001623001125457708,0,0.008254343217758297,1309694
2017,7821,0.004484823312018239,0,0.0078089268088653565,1239021
2017,7822,0.11503798253064744,0,0.01095360837818326,1737979
2017,7831,0.004719134834692796,0,0.000620184665774654,98403
2017,7832,0.044931777205864665,0,0.010558561529658103,1675298
2017,7841,0.07105996437992369,0,0.0022062270800932114,350056
2017,7842,0.004382906851159334,0,0.0002807195430857684,44541
2017,7849,0.029431068150328133,0,0.09614921345454604,15255732
2017,7851,0.15247146938207778,0,0.029279695610343357,4645729
2017,7852,0.031621656721840516,0,0.0030495327639034364,483861
2017,7853,0.017285715030069846,0,0.0027156138390528454,430879
2017,7861,0.015137759487919096,0,0.002929451278206817,464808
2017,7868,0.06762351274745769,0,0.006319709664307843,1002731
2017,7911,0.0,0,0.0,0
2017,7912,0.0,0,0.0,0
2017,7913,0.11241088063266223,0,0.0065383370015948865,1037420
2017,7914,0.0009759835243608663,0,2.3268820930662914e-05,3692
2017,7915,0.004096237118739176,0,9.97811411089532e-05,15832
2017,7919,0.003494332524287754,0,0.00030551356842196226,48475
2017,7921,0.0,0,0.0,0
2017,7922,0.0,0,0.0,0
2017,7924,0.006336337473886849,0,0.006529091237698548,1035953
2017,7928,0.010478576787240025,0,0.00013522638729369,21456
2017,7929,0.08584155891389195,0,0.06156144727059485,9767786
2017,7931,0.01567833142402616,0,0.011003070378904778,1745827
2017,7932,0.00035460413317857245,0,5.239266207925266e-05,8313
2017,7933,0.018290907441797732,0,0.00027253259877674046,43242
2017,7938,0.6665926885162271,0,0.17726057323279856,28125449
2017,8121,0.0022626202487189087,0,0.00018087537700138,28699
2017,8122,0.16778212653452004,0,0.010619966763224586,1685041
2017,8124,0.1520969999698926,0,0.04015924333989276,6371957
2017,8211,0.014860575910437372,0,0.00849436753420558,1347778
2017,8212,2.9019878002943025,1,0.465128938442217,73800733
2017,8219,0.04064878188296217,0,0.024284443199810424,3853146
2017,8310,0.4637207336960201,0,0.2027324636922854,32167004
2017,8421,0.7411176865142945,0,0.06623488155156074,10509307
2017,8422,99.3772108522189,1,4.031612378522149,639684879
2017,8423,10.664182150252408,1,3.0451270597181193,483161959
2017,8424,10.778870969887539,1,0.698351561725551,110805527
2017,8429,30.916873725958883,1,3.9622216599806177,628674844
2017,8431,0.5527099588699933,0,0.12318273675536537,19545067
2017,8432,17.67459900119061,1,0.2247264595373286,35656731
2017,8433,0.16230764002647077,0,0.020148958596671377,3196980
2017,8434,0.9623927157000529,0,0.03426135353367493,5436155
2017,8435,0.5340780035678729,0,0.05466374185906865,8673346
2017,8439,4.333263517744185,1,1.5807825389436647,250818430
2017,8441,0.4958338313784217,0,0.05646048306876451,8958430
2017,8442,33.68941223835244,1,0.3702146111463574,58740937
2017,8443,5.287227332258712,1,0.09496731869520549,15068204
2017,8451,3.2746911808993517,1,1.3817706601387312,219241761
2017,8452,3.256356056425689,1,0.9629193099041996,152783766
2017,8459,14.19106440328528,1,4.378548721294026,694732317
2017,8461,6.800471812603664,1,0.043680209222548776,6930619
2017,8462,10.309339823342153,1,3.498907418563598,555162044
2017,8463,10.188162028882186,1,2.133682698923363,338545582
2017,8464,17.009121644166825,1,0.5254775141780449,83376076
2017,8465,0.28883072303114926,0,0.024814495848215247,3937248
2017,8471,2.1218420160956684,1,0.08190668454826396,12995909
2017,8472,13.60139161031243,1,1.1933805001913393,189350411
2017,8481,48.266282503632034,1,3.093818094822631,490887632
2017,8482,0.35347208992437273,0,0.028797441103308563,4569211
2017,8483,0.07487349629752661,0,0.0031556542175411677,500699
2017,8484,0.18612109088932685,0,0.011640145738096056,1846910
2017,8510,0.6614594506610247,0,0.6319200044356474,100265014
2017,8710,0.003580954491263028,0,0.002863130096556393,454285
2017,8720,2.723268803160957,1,2.1842102566020656,346562651
2017,8731,0.01884427487966205,0,0.0009230070677455349,146451
2017,8732,0.0015769046213239362,0,4.078976410163878e-05,6472
2017,8741,2.282440737783138,1,0.1532931897769098,24322610
2017,8742,0.03125906341428459,0,0.0026669459530218108,423157
2017,8743,0.010537050384262772,0,0.0020575448605441135,326465
2017,8744,0.018049631487190368,0,0.0017185776351611658,272682
2017,8745,0.030541608690998843,0,0.002817128166986266,446986
2017,8748,0.059269548285134914,0,0.04482842343501678,7112803
2017,8749,0.10863309390827576,0,0.0359590320869818,5705521
2017,8811,0.0022358386063842605,0,8.347657996387602e-05,13245
2017,8812,0.002133802220049738,0,1.2460037643532118e-05,1977
2017,8813,0.07272776409152842,0,0.0068766802797210255,1091104
2017,8821,0.021929388816020176,0,0.0032267589948271206,511981
2017,8822,0.04181509761439935,0,0.002509415026921616,398162
2017,8830,0.0,0,0.0,0
2017,8841,0.004927432344702431,0,0.0015690193684535195,248952
2017,8842,0.008461290638806797,0,0.0009814060099837586,155717
2017,8851,0.15825597436401306,0,0.047391271036112334,7519443
2017,8852,0.05300637767181441,0,0.0024455266093229896,388025
2017,8921,0.16963137864909592,0,0.02088184452351919,3313265
2017,8922,0.011749962085687248,0,0.00032541055316684386,51632
2017,8924,0.20114970266566645,0,0.0028123193613605623,446223
2017,8928,0.24234510135165993,0,0.047611177780400714,7554335
2017,8931,0.17722230480684953,0,0.0719532005977687,11416617
2017,8932,0.05018935894806846,0,0.0013731440472985702,217873
2017,8933,0.012335760962126054,0,0.0001496275941806252,23741
2017,8935,0.3504741344665025,0,0.012032129572815065,1909105
2017,8939,0.24369829188634537,0,0.1715395315076518,27217707
2017,8941,0.0012176842156521614,0,2.1592356584087523e-05,3426
2017,8942,0.01039134913752869,0,0.006215718454839821,986231
2017,8946,0.7332670038396407,0,0.0109871565726074,1743302
2017,8947,9.053295939703125,1,1.5865544292189928,251734240
2017,8951,0.008678906857720319,0,3.752507037409723e-05,5954
2017,8952,0.09112791236130928,0,0.011988774692213214,1902226
2017,8959,0.04892729189667118,0,0.0023839953258056375,378262
2017,8960,3.2901168571801453,1,0.46839155864806675,74318404
2017,8972,0.13302633337502381,0,0.006500017816530306,1031340
2017,8973,0.03616571577045788,0,0.03088332199280833,4900172
2017,8974,3.7236263227034354,1,0.1063786711674768,16878812
2017,8981,0.1122115362440207,0,0.0015394354449842528,244258
2017,8982,0.5097181713537421,0,0.012797656134440753,2030569
2017,8983,0.0013961467018012593,0,0.0015765004330376734,250139
2017,8989,0.8224504919966409,0,0.008409895159629827,1334375
2017,8991,18.536337762328547,1,0.17336124951511264,27506754
2017,8993,1.174576993580745,1,0.05145444708493461,8164136
2017,8994,0.11799841023563995,0,0.0031687129924513335,502771
2017,8996,0.012648654963700202,0,0.005344461194424099,847991
2017,8997,0.07895073436437464,0,0.006448078934274186,1023099
2017,8998,0.17975970196125785,0,0.00870323860529526,1380919
2017,8999,0.05820098265813052,0,0.00247638993979359,392922
2018,5111,0.07984052812733855,0,0.01702521303250404,2924230
2018,5112,0.0030595340495391575,0,0.00119814537173378,205792
2018,5113,7.436050847889037e-05,0,5.827940430655777e-06,1001
2018,5114,0.023555299488279245,0,0.00038967437864514595,66930
2018,5121,6.922625416714277,1,1.7315293905971136,297405394
2018,5122,0.03184849123696367,0,0.0005805059505688267,99707
2018,5123,0.0,0,0.0,0
2018,5137,0.11593309515973076,0,0.019408328322230765,3333551
2018,5138,0.13355956598657934,0,0.013742167093120074,2360338
2018,5139,0.007744693067819799,0,0.0017973636105584783,308713
2018,5145,0.0,0,0.0,0
2018,5146,0.022171810404790077,0,0.002935983644666859,504281
2018,5147,0.0,0,0.0,0
2018,5148,0.006930161425431501,0,0.0009674090008972972,166161
2018,5154,0.0034683296880368957,0,0.00020586428140615147,35359
2018,5155,0.09328786707149729,0,0.025644696174615744,4404702
2018,5156,0.012477386055663153,0,0.0060421303412485795,1037789
2018,5157,0.0033285305635280286,0,0.000255171801393388,43828
2018,5161,0.0012666743649068686,0,0.00018937022022728252,32526
2018,5162,0.0019562809941964287,0,0.00011688484723860676,20076
2018,5163,0.0,0,0.0,0
2018,5169,3.691965162014178,1,0.3178914325866179,54600648
2018,5221,0.02368909725671531,0,0.0031851586641985334,547079
2018,5222,0.1448955911871196,0,0.011814032883148052,2029164
2018,5223,0.002406323239398993,0,1.6622147781740503e-05,2855
2018,5224,0.36436798302990164,0,0.0200479404179065,3443410
2018,5225,0.1584901347053841,0,0.024427174793138485,4195582
2018,5231,0.21877542664027774,0,0.0280272117861563,4813920
2018,5232,0.5997137638048591,0,0.09959133935003332,17105688
2018,5233,0.0017787865187653428,0,8.266825791696441e-05,14199
2018,5239,0.03998238660891106,0,0.0030481875087823417,523553
2018,5241,0.0,0,0.0,0
2018,5249,0.16578199822443657,0,0.023144946388737844,3975348
2018,5311,1.371735625531901,1,0.12498242987308171,21466831
2018,5312,0.2881483179622926,0,0.003290387630575828,565153
2018,5322,0.08845611275307343,0,0.00263427565160291,452460
2018,5323,0.035361976656671304,0,0.0001917572887353433,32936
2018,5331,0.020826577795127903,0,0.00315645562091868,542149
2018,5332,0.24429090655024974,0,0.012440469525082955,2136760
2018,5334,0.6647139290220211,0,0.12119554945918416,20816401
2018,5335,0.08912821963890219,0,0.01083985858077181,1861841
2018,5411,0.004871829760192797,0,0.0002942556816241495,50541
2018,5413,0.07261404533727292,0,0.005761649791551434,989614
2018,5414,0.0,0,0.0,0
2018,5415,0.002019033223485358,0,0.00018821744080143853,32328
2018,5416,0.04943365423541053,0,0.020044994426040456,3442904
2018,5417,0.29391038439479333,0,0.7381562106049294,126784818
2018,5419,0.2274804137892788,0,0.06745423020389235,11585857
2018,5513,0.3192951235180497,0,0.01930346614930715,3315540
2018,5514,0.07269494624076606,0,0.013392019075697429,2300197
2018,5530,0.10060505202152722,0,0.07188431496046435,12346763
2018,5541,1.544206502065417,1,0.0720220197027879,12370415
2018,5542,0.17145009857212418,0,0.060005167506111054,10306415
2018,5543,0.2832617693717237,0,0.004948346440263556,849922
2018,5621,0.25058559093413024,0,0.04948671896677216,8499779
2018,5622,0.006743376520342016,0,9.232133007882983e-05,15857
2018,5623,0.000665286600420671,0,8.263914732540268e-05,14194
2018,5629,0.03319642258098859,0,0.0052637305892432,904092
2018,5721,0.0044436728352249535,0,4.372993064401153e-05,7511
2018,5722,0.0,0,0.0,0
2018,5723,0.0,0,0.0,0
2018,5821,0.03298012405584473,0,0.0018625771577750372,319914
2018,5822,0.15973081234571268,0,0.017840198975984184,3064211
2018,5823,2.5959846369723203,1,1.1891274868576729,204243099
2018,5824,0.0336497616328805,0,0.004548145671709693,781184
2018,5825,0.1877707404880752,0,0.049806423127539565,8554691
2018,5826,0.09473820021716858,0,0.008728479019037089,1499193
2018,5827,0.027143342213524168,0,0.002144291996554399,368301
2018,5828,0.07172468068042695,0,0.00018842703706068288,32364
2018,5829,0.0612340111480581,0,0.011330110053262689,1946046
2018,5831,0.027506075746562542,0,0.012705428307359393,2182269
2018,5832,0.01017224716337963,0,0.0033581629098498184,576794
2018,5833,0.9598952900609721,0,0.1540243670156597,26455039
2018,5834,0.18435943530895238,0,0.05435439413569988,9335845
2018,5835,0.061647158845970024,0,0.0006759421139447602,116099
2018,5836,0.1829261457146905,0,0.030508080442347277,5240031
2018,5837,0.3099168974921985,0,0.01789754684136077,3074061
2018,5838,0.08408019856033802,0,0.0010847246848910174,186311
2018,5839,0.07425135319735775,0,0.030789841858073135,5288426
2018,5841,0.17975171846349414,0,0.010908448956609527,1873622
2018,5842,0.0880498669008681,0,0.001377897452509071,236666
2018,5843,0.049986480876953635,0,0.0026621228434908486,457243
2018,5849,0.13812419807970208,0,0.007913312589889261,1359181
2018,5851,0.017362580792981645,0,0.00021267033771328093,36528
2018,5852,0.7854444329288927,0,0.0781847668691133,13428921
2018,5911,0.17443163596143926,0,0.009042052489221594,1553052
2018,5912,0.05131953733191899,0,0.004151612837692606,713076
2018,5913,0.055220466521735914,0,0.005534802595747597,950651
2018,5914,0.01448954999430457,0,0.00039842502246859816,68433
2018,5921,1.3790602030496744,1,0.062479323259887885,10731373
2018,5922,0.2365926527595038,0,0.038036626699328696,6533125
2018,5981,0.14624372198977287,0,0.006439233742860276,1105995
2018,5982,0.005971837887957997,0,0.00048117479004193537,82646
2018,5983,9.252184651220047,1,0.6297595519183727,108166739
2018,5989,0.11527238665379433,0,0.07660392783859087,13157398
2018,6112,4.503317533971939,1,0.008079813529385658,1387779
2018,6113,9.31306035783716,1,0.19791699675590968,33993984
2018,6114,8.04194056777284,1,0.5319149295716987,91361065
2018,6115,26.846475376799916,1,0.17803492848872185,30579064
2018,6116,53.708518736392264,1,0.5630503141516094,96708841
2018,6118,10.001966580244458,1,0.048886906871879604,8396756
2018,6121,0.3460101460486923,0,0.003116422735403007,535273
2018,6122,4.040442639819514,1,0.05072971793798423,8713275
2018,6123,0.251716333393259,0,0.016174782032738345,2778161
2018,6129,0.27526448642160767,0,0.0045518368947197185,781818
2018,6130,0.08473504932198542,0,0.000935905518709207,160750
2018,6210,0.18609355182013518,0,0.023068135181843096,3962155
2018,6251,0.09225773168401558,0,0.029008547294056723,4982473
2018,6252,0.046357639519715055,0,0.008472072928561484,1455153
2018,6253,0.26688144960407695,0,0.0016453015244766926,282595
2018,6254,1.8178565459382192,1,0.0339073766180738,5823890
2018,6259,0.38912126442160555,0,0.04228157391568648,7262232
2018,6281,0.006133079296793377,0,5.2841545802829003e-05,9076
2018,6282,0.045187235408179455,0,0.0019885794422907738,341556
2018,6289,0.09932594407029528,0,0.016313336804335495,2801959
2018,6330,0.006438268941495344,0,0.00012260798953964036,21059
2018,6341,0.0,0,0.0,0
2018,6342,0.08199777449126924,0,0.008873863135414618,1524164
2018,6343,0.06809524073996538,0,0.004887505303899567,839472
2018,6344,0.22086691049207685,0,0.006279486460606196,1078557
2018,6349,0.8305807572415502,0,0.015155765775120436,2603136
2018,6351,0.06988321232577013,0,0.0009199470924150735,158009
2018,6352,0.0023229632452651154,0,1.719271537635016e-05,2953
2018,6353,0.015219724604499229,0,0.0018107952375050547,311020
2018,6354,0.040103056466779155,0,0.0008711053418928245,149620
2018,6359,0.07178826852438891,0,0.00574648317334778,987009
2018,6411,0.003264917317924961,0,0.0004982801736436004,85584
2018,6412,0.017016845266933287,0,0.003955320118791948,679361
2018,6413,0.0348399765122646,0,0.004136265733821269,710440
2018,6415,0.3689222007466446,0,0.037000557457173934,6355171
2018,6416,2.3135010147697876,1,0.16524906761687744,28382980
2018,6417,0.1861544146875179,0,0.005337729712993084,916802
2018,6418,1.6264185218096057,1,0.3599442205411025,61823584
2018,6419,0.11886022961687681,0,0.0017778478699755032,305361
2018,6421,0.22272183624175085,0,0.04092616730621799,7029429
2018,6422,0.027483228607768247,0,0.0002193133747076648,37669
2018,6423,0.07512827236214194,0,0.0025691669025159733,441277
2018,6424,0.2285065500655671,0,0.016988271691812218,2917885
2018,6428,0.13982942616511973,0,0.022651335553980745,3890566
2018,6511,0.0842935501228953,0,0.00015107814808699977,25949
2018,6512,0.06555480046353361,0,0.0024743711721543975,424995
2018,6513,65.73434229543525,1,7.83204667067748,1345222864
2018,6514,0.7097418830506883,0,0.12469650564276252,21417721
2018,6515,0.523956078941244,0,0.0031184197219841403,535616
2018,6516,2.03914368815755,1,0.06143808397667176,10552531
2018,6517,1.1591365450046154,1,0.017400856106016434,2988750
2018,6518,0.7341275389081476,0,0.00028984251594339316,49783
2018,6519,0.09545427065139711,0,0.0036973478784903223,635052
2018,6521,107.9114928724295,1,4.160881912041181,714668045
2018,6522,46.32763129926523,1,7.9109136559040785,1358768962
2018,6531,7.653025714601011,1,2.214489282868442,380358001
2018,6532,11.096131375069174,1,0.2691564422478622,46229985
2018,6534,22.085766203693556,1,1.4967580879960363,257081359
2018,6535,3.7568954213315497,1,0.04708744147661036,8087682
2018,6536,0.6810514253617485,0,0.01530223280550406,2628293
2018,6538,1.7001936497240542,1,0.018028148599343256,3096493
2018,6539,7.91608447134277,1,0.148921192983116,25578524
2018,6541,1.745536274776598,1,0.01725294519029135,2963345
2018,6542,1.2787992925161076,1,0.024429579328001487,4195995
2018,6543,5.2153219448766235,1,0.06573927867804509,11291299
2018,6544,1.308915750902228,1,0.013065869829958263,2244178
2018,6545,13.14362207688163,1,0.03270103952587455,5616691
2018,6546,0.0,0,0.0,0
2018,6549,20.369177993897118,1,0.01685471229772706,2894945
2018,6551,0.7472626565131629,0,0.1746885379020996,30004292
2018,6552,0.33178410989823015,0,0.026214081879207998,4502499
2018,6553,0.13356623049588418,0,0.0003421891816896729,58774
2018,6560,1.2464441247578746,1,0.06913965776777772,11875344
2018,6571,2.9329344326272953,1,0.05115038927452429,8785529
2018,6572,0.7209845015809999,0,0.10598866548528135,18204485
2018,6573,0.3385021557278125,0,0.05224456907955455,8973464
2018,6574,14.67438205603331,1,0.08177434733764213,14045463
2018,6575,11.87562913548311,1,0.4624293506443931,79426306
2018,6576,0.3525606923031684,0,0.0001853878913016396,31842
2018,6577,0.6587057631483724,0,0.04950188558497581,8502384
2018,6579,0.16349508983748676,0,0.00010072264680354139,17300
2018,6581,5.243697374145121,1,0.14241333975382647,24460743
2018,6582,12.9619918207807,1,0.4644842381921432,79779251
2018,6583,5.8330869811516335,1,0.19720016008293903,33870861
2018,6584,89.01802530170227,1,18.18001421222047,3122577254
2018,6589,8.51138306877334,1,0.45128078588434595,77511442
2018,6591,0.12310359415358947,0,0.001613233296812305,277087
2018,6592,38.2875688769658,1,0.38634639759662737,66358390
2018,6593,24.226420736952246,1,0.02802572132386834,4813664
2018,6594,0.6741875800880338,0,0.02468164794033439,4239290
2018,6595,0.15657105961874043,0,0.009662760166737151,1659664
2018,6596,0.09040409058980788,0,0.0010290128347602032,176742
2018,6597,0.07385455125057723,0,0.00019535535785237157,33554
2018,6611,0.0,0,0.0,0
2018,6612,17.08859316164969,1,1.5163451087735096,260445602
2018,6613,0.5397601375093596,0,0.07297753411597308,12534533
2018,6618,0.009309247937753281,0,0.00042490983867144843,72982
2018,6623,0.4660808922673186,0,0.025348350352517465,4353802
2018,6624,0.06628079606818126,0,0.01014314897080692,1742175
2018,6631,0.011927169425765997,0,0.00043722944102036717,75098
2018,6632,0.042857338703086584,0,0.0014348785244319763,246453
2018,6633,0.4699160012747545,0,0.0746368553013459,12819536
2018,6635,0.0013404444610948562,0,4.681565334955355e-05,8041
2018,6637,0.010911929081082343,0,0.00017413373660387976,29909
2018,6638,0.015216554642489449,0,0.00018213332716503962,31283
2018,6639,0.14220404374730572,0,0.011331693669443647,1946318
2018,6641,0.08070986121433486,0,0.0013471683120565223,231388
2018,6642,0.025195877416019648,0,0.004682898600048882,804329
2018,6643,0.009710218518214334,0,3.536354662917402e-05,6074
2018,6644,0.6854104009542249,0,0.044516621092493686,7646121
2018,6645,0.0,0,0.0,0
2018,6646,0.0,0,0.0,0
2018,6647,0.0003207702937726942,0,2.533785889531862e-05,4352
2018,6648,0.029771517834494894,0,0.001527421095006675,262348
2018,6649,0.014708883816343023,0,0.0011341428251261884,194799
2018,6651,0.21677097458716443,0,0.021981297068004696,3775481
2018,6652,0.3104854640491286,0,0.020844580866584455,3580240
2018,6658,0.02711532098184348,0,0.0009704423245380282,166682
2018,6664,0.13911710230349011,0,0.00717983048066361,1233199
2018,6665,0.1376600202145621,0,0.002826679195470923,485507
2018,6666,0.03972340534188659,0,0.0011093231347606685,190536
2018,6671,0.07092860632194267,0,0.00042319231376930716,72687
2018,6672,0.001013489195873321,0,0.0009113536457860546,156533
2018,6673,0.3624966502534471,0,0.025601018643036544,4397200
2018,6674,0.030118749314660468,0,0.00039606124243378677,68027
2018,6712,0.03857813370005794,0,0.0014870155939190118,255408
2018,6713,0.0026808896673829667,0,0.00011775234286714594,20225
2018,6716,0.0009630956289777986,0,0.00018390907325030437,31588
2018,6724,0.2381487975738756,0,0.0033485855252260136,575149
2018,6725,4.4558109918150475,1,1.0916108884788345,187493766
2018,6727,0.001459073557250638,0,0.000641760457332992,110228
2018,6731,0.004519446658386016,0,0.0007209703769724243,123833
2018,6732,0.011512474168574266,0,0.0033896256372097228,582198
2018,6733,0.006553376325470593,0,0.0008978521534197302,154214
2018,6741,0.007697123114466298,0,0.00014508718834359836,24920
2018,6744,0.010839644979297245,0,0.002229789803971162,382986
2018,6745,0.002071696418206249,0,0.0001780985991745856,30590
2018,6746,0.029990944411528726,0,0.007207724249498047,1237990
2018,6747,0.09295067017381811,0,0.003962743319640185,680636
2018,6749,0.30847969243824913,0,0.10219099668615104,17552202
2018,6750,0.2114690550626294,0,0.031393327709620784,5392080
2018,6760,0.6744309727080433,0,0.016018760906204167,2751363
2018,6770,0.017586820254196903,0,0.0016955929824587152,291233
2018,6781,0.05423023849214061,0,0.0012077693333040836,207445
2018,6782,0.0549576466089745,0,0.008876069718254996,1524543
2018,6783,1.071666152469498,1,0.22802591858888102,39165456
2018,6784,0.05800092858273426,0,0.002153351212648405,369857
2018,6785,0.08699609140983776,0,0.012405880320189322,2130819
2018,6793,0.0774282347458519,0,0.0061426783245027506,1055059
2018,6794,0.062371358587319424,0,0.00737841129206102,1267307
2018,6911,0.22993616616169207,0,0.09637015341771801,16552421
2018,6912,0.006988365383647675,0,0.0007369229811482454,126573
2018,6921,0.08017830557436581,0,0.001400854065014641,240609
2018,6924,0.9897654591245516,0,0.12657548952994174,21740453
2018,6931,0.06310461519364413,0,0.005007208056401348,860032
2018,6932,0.1906727476140115,0,0.0003124614455868474,53668
2018,6935,0.015011719962967126,0,0.0006388843308866943,109734
2018,6940,0.016103722570242784,0,0.005479201365864717,941101
2018,6951,0.143995603876901,0,0.00183224974348604,314705
2018,6953,0.4550631116961449,0,0.05929830994392774,10185006
2018,6954,0.19513288102348642,0,0.05109148690355832,8775412
2018,6960,5.852644833842042,1,0.5082346161156677,87293763
2018,6973,0.026462138707975667,0,0.0053578800644721045,920263
2018,6974,0.9311607358571116,0,0.12625664122056626,21685688
2018,6975,0.6248958842417524,0,0.008310712919534887,1427438
2018,6978,0.014547644252569143,0,0.00023524269041023642,40405
2018,6991,0.018382894196454436,0,0.0066831979665024025,1147898
2018,6992,0.020114330294384045,0,0.0007753780726012738,133178
2018,6993,0.13608949685065141,0,0.003978893875838626,683410
2018,6994,0.01316919741904554,0,0.001101009149810642,189108
2018,6996,0.06132445987985791,0,0.005745900961516545,986909
2018,6997,0.07553561098738895,0,0.025121835017457433,4314896
2018,6998,0.025119176293240793,0,0.006320206356082727,1085551
2018,6999,0.004444807949241469,0,0.000308793511050071,53038
2018,7111,0.08789237799472985,0,0.0011377001394150303,195410
2018,7112,0.038738404072208237,0,0.0002847889172482791,48915
2018,7119,0.010797174810770126,0,0.0002769931008280512,47576
2018,7126,0.8181881184424986,0,0.008943222030869565,1536077
2018,7129,0.27071223632227176,0,0.011777481624383159,2022886
2018,7131,1.0645227781954993,1,0.05413495267438934,9298154
2018,7132,0.0063460613671932785,0,0.0037304291547410576,640734
2018,7133,0.35823527232207725,0,0.017644395315021762,3030580
2018,7138,0.04479600825728431,0,0.004362606405331932,749316
2018,7139,0.017301786311656294,0,0.008918722557011222,1531869
2018,7144,0.027652643078039666,0,0.010070349203429379,1729671
2018,7148,0.6815836443810589,0,0.06083879587242732,10449598
2018,7149,0.3395052277154289,0,0.18801944220187233,32293992
2018,7161,0.05936880687843603,0,0.012498376313817523,2146706
2018,7162,0.0878403699419593,0,0.03066836335948609,5267561
2018,7163,0.12796824531915368,0,0.00021860307627355891,37547
2018,7169,0.31034397680257747,0,0.04378367461815277,7520231
2018,7187,0.0,0,0.0,0
2018,7188,0.13761036125994625,0,0.017426741244033116,2993196
2018,7211,0.1739284341843444,0,0.010777625958131172,1851152
2018,7212,0.026754935048316393,0,0.004396421268490023,755124
2018,7213,0.2328146770912599,0,0.003610953464853458,620213
2018,7219,0.029039552705844886,0,0.0017888866062957063,307257
2018,7223,0.37903393400875635,0,0.0055286253282182014,949590
2018,7224,0.410453878137266,0,0.062097520385201034,10665795
2018,7233,0.05454512174986659,0,0.003024590463262414,519500
2018,7234,0.19350913917575255,0,0.06892369793321797,11838251
2018,7239,0.19488586783290207,0,0.054743451369803915,9402669
2018,7243,0.0784025909975852,0,0.003326409076574297,571340
2018,7244,0.36641601658709716,0,0.01553194448351757,2667748
2018,7245,1.0386653112728452,1,0.048043264462066096,8251853
2018,7246,0.264919940598105,0,0.0073975485949536925,1270594
2018,7247,0.0835449569019369,0,0.006875648087316914,1180953
2018,7248,0.30478006885339354,0,0.0028183360999293355,484074
2018,7251,0.003302549492618878,0,5.637557161842146e-05,9683
2018,7252,0.013887338578428906,0,0.000501325141520956,86107
2018,7259,0.03168011335930154,0,0.0011224927663831892,192798
2018,7263,0.023160040313249988,0,0.00022420395409003326,38509
2018,7264,0.05526903721452768,0,0.0016442942980086574,282422
2018,7267,0.218700415035747,0,0.0054431799198662485,934914
2018,7268,0.08496741141147542,0,0.0005935940725349748,101955
2018,7269,0.009970896128080371,0,7.082606926965787e-05,12165
2018,7271,0.08995602769905371,0,0.0007380582942191524,126768
2018,7272,0.7022559385185343,0,0.07932154129171666,13624172
2018,7281,0.02010749938987267,0,0.0033269039566308466,571425
2018,7283,0.07171518371388184,0,0.008992616882631485,1544561
2018,7284,0.04026362784505591,0,0.03872925500435663,6652090
2018,7361,0.03672183838499269,0,0.005843782414583663,1003721
2018,7362,0.008954834031131629,0,0.000709419294240735,121849
2018,7367,0.0033710457528693706,0,0.0003639639041778374,62514
2018,7368,0.01594454902456222,0,0.0016128839697135645,277027
2018,7369,0.014148206803946406,0,0.0027982556138700628,480625
2018,7371,0.008101709667250915,0,0.00017583379515108405,30201
2018,7372,0.08813565780588199,0,0.0029909560857720057,513723
2018,7373,0.0346955437088981,0,0.005993707783244819,1029472
2018,7411,0.19922337681391772,0,0.00010077504586835249,17309
2018,7412,0.4017675633695693,0,0.008005895915292147,1375083
2018,7413,0.01257794183134962,0,0.001381169483000608,237228
2018,7414,0.007055783009568035,0,0.0013110944669932425,225192
2018,7415,0.007479413460840838,0,0.002716827467153627,466639
2018,7416,0.10724664375660573,0,0.024541305778415352,4215185
2018,7421,0.04249840586011223,0,0.005859100407863439,1006352
2018,7422,0.21047298636361758,0,0.022699117678970145,3898773
2018,7423,0.00896625573447866,0,0.0006432509196209519,110484
2018,7428,0.035413632440939376,0,0.00223917505869066,384598
2018,7429,0.14862958907168647,0,0.017435946013084933,2994777
2018,7431,0.017150220093622125,0,0.0053493972380910205,918806
2018,7432,0.13880049356055243,0,0.010923522420920186,1876211
2018,7433,0.023139063383315357,0,7.74923947372911e-06,1331
2018,7434,1.0584619259406698,1,0.10780854904947199,18517066
2018,7435,0.026511966434259668,0,0.001622269224433062,278639
2018,7436,0.4318163662889649,0,0.17781535311869012,30541350
2018,7439,0.007828208481795858,0,0.0011530588875229924,198048
2018,7441,0.32414661440270615,0,0.09295590604216539,15965994
2018,7442,0.20915746740626473,0,0.08693831592960333,14932420
2018,7449,0.024003514345719183,0,0.005552781297096114,953739
2018,7451,0.2990494237480631,0,0.03348260651024185,5750932
2018,7452,0.03835875383776034,0,0.01736772243070089,2983059
2018,7491,0.02438681939454268,0,0.006242783826765183,1072253
2018,7492,0.020660382663576518,0,0.014287350251887914,2453978
2018,7493,0.03558004754769351,0,0.01697964913459164,2916404
2018,7499,0.026449362011587558,0,0.00498520044918069,856252
2018,7511,0.0,0,0.0,0
2018,7512,0.006598830776251634,0,0.0005635111872150962,96788
2018,7518,0.00566757365552452,0,0.002158166104492713,370684
2018,7521,0.0,0,0.0,0
2018,7522,0.002779804854220231,0,0.000513021777210454,88116
2018,7523,0.0032646428993653746,0,0.0041615104388235905,714776
2018,7524,0.003637983225064003,0,0.00036389403875808926,62502
2018,7525,0.004476002458543419,0,0.007856896263442653,1349491
2018,7528,0.0060610976280050955,0,0.0010959497289972156,188239
2018,7591,0.025659693567196367,0,0.005648368835548169,970157
2018,7599,0.010405878694138015,0,0.01135468521465909,1950267
2018,7611,0.00338778774843509,0,0.002362336149469973,405752
2018,7621,0.0001149248856730713,0,7.4872441496736555e-06,1286
2018,7622,0.10219502827216295,0,0.0007734858841497622,132853
2018,7628,0.0005331670501280746,0,1.5696430970077896e-05,2696
2018,7631,0.0,0,0.0,0
2018,7638,0.004935399925731381,0,0.0017717870448123536,304320
2018,7641,0.05722013141182429,0,0.06874984948041138,11808391
2018,7642,0.0006313554776662582,0,0.00016809619991397961,28872
2018,7643,0.056717312265329486,0,0.045294019440149345,7779646
2018,7648,0.03726322021734858,0,0.020320456309752363,3490217
2018,7649,0.03733558356482657,0,0.03627094705662599,6229854
2018,7711,0.09319507334046352,0,0.015134730461657938,2599523
2018,7712,0.012198650544344766,0,0.006627730645340707,1138371
2018,7721,0.03463521955445775,0,0.05623386708081733,9658661
2018,7722,0.011614789307664559,0,0.003820811719421877,656258
2018,7723,0.006315006594350459,0,0.000477489389150222,82013
2018,7731,0.04681022454429402,0,0.03634514413239849,6242598
2018,7732,0.035217323952705853,0,0.0023645310880737263,406129
2018,7741,0.45475686119797154,0,0.08989022306785445,15439436
2018,7742,0.06524355705805662,0,0.011299602153306009,1940806
2018,7751,0.02553202636473685,0,0.002286083865933211,392655
2018,7752,0.09642466842054843,0,0.014914741721226043,2561738
2018,7753,0.0025534809631260046,0,7.954178038323598e-05,13662
2018,7754,0.007617585058655119,0,0.00022982812037975703,39475
2018,7757,0.18206324958186837,0,0.04879675719193127,8381272
2018,7758,0.00598409746479273,0,0.0022106874337883635,379705
2018,7761,0.008861625489992276,0,6.776945715567757e-06,1164
2018,7762,0.0034775478613084344,0,2.0534611287635287e-05,3527
2018,7763,0.001174989290413096,0,0.0007759311738409465,133273
2018,7764,0.054479978807833014,0,0.13058574715712895,22429250
2018,7768,0.008143899365644944,0,0.002353201245837906,404183
2018,7781,0.040736841209256316,0,0.02052047518437292,3524572
2018,7782,0.02571568138461019,0,0.0008713964478084416,149670
2018,7783,0.00834829418426793,0,0.00367510738653717,631232
2018,7784,0.0032396387809380087,0,0.00019681670954876978,33805
2018,7788,0.009082641746507095,0,0.014338386941013918,2462744
2018,7810,0.001463439059562066,0,0.007246470446866693,1244645
2018,7821,0.003994034335657743,0,0.007003175766830485,1202857
2018,7822,0.1466003367261319,0,0.01467799692429122,2521075
2018,7831,0.01310055485925641,0,0.0017221418419630012,295793
2018,7832,0.06682673930417232,0,0.018156165336795062,3118481
2018,7841,0.02892496283064298,0,0.000880962188195622,151313
2018,7842,0.002672108249903448,0,0.00017559508830027797,30160
2018,7849,0.032586982858733224,0,0.10705082363959373,18386920
2018,7851,0.0747731120415504,0,0.01535783403538694,2637843
2018,7852,0.016063205758775956,0,0.0015013962261505,257878
2018,7853,0.02465249775760345,0,0.0039205853609405065,673395
2018,7861,0.05119685609309945,0,0.0109866865824908,1887060
2018,7868,0.014720676943824961,0,0.0014544408419614502,249813
2018,7911,0.0,0,0.0,0
2018,7912,0.0,0,0.0,0
2018,7913,0.00014930651090177099,0,6.7361908873813525e-06,1157
2018,7914,0.00014944734256205338,0,2.9867466942321814e-06,513
2018,7915,0.0008548417793163584,0,1.2808660287155554e-05,2200
2018,7919,0.0314590877776365,0,0.0029295618481683444,503178
2018,7921,0.6836915379876849,0,0.038722140375778945,6650868
2018,7922,0.07045901726218257,0,0.0007958835732973474,136700
2018,7923,0.0006426441917309328,0,5.3266560439630076e-05,9149
2018,7924,8.33197353015484e-06,0,7.842393366726605e-06,1347
2018,7928,0.3559630119274636,0,0.004811351996374115,826392
2018,7929,0.12971257018077254,0,0.09177027240268483,15762351
2018,7931,0.0035946410938994936,0,0.0022842324323098856,392337
2018,7932,0.006289556931247618,0,0.0007647235960896853,131348
2018,7933,0.038202993525985406,0,0.0007687350356068898,132037
2018,7938,0.42856330520292024,0,0.08528187669279512,14647912
2018,8121,0.0377773889514024,0,0.003107351875072376,533715
2018,8122,0.10467426924537149,0,0.0074308627559369215,1276316
2018,8124,0.0992967954571614,0,0.02532881132346124,4350446
2018,8211,0.019499478909354412,0,0.011210459699825719,1925495
2018,8212,3.0293732343798063,1,0.5009786439717152,86047486
2018,8219,0.03987885443716111,0,0.02376937439985499,4082599
2018,8310,0.42410687079534765,0,0.18669517228113827,32066537
2018,8421,0.7817126285124866,0,0.07395098065356027,12701731
2018,8422,113.13722306364198,1,4.384376365327317,753055182
2018,8423,9.543352361149834,1,2.6477095433535096,454767389
2018,8424,9.30958227327912,1,0.6623778125660823,113769212
2018,8429,33.44975257599823,1,4.260895908070099,731846328
2018,8431,0.6560865474411139,0,0.1365754202123833,23458029
2018,8432,18.02360410412359,1,0.2045517546980534,35133562
2018,8433,0.1869154480901538,0,0.022673808930666388,3894426
2018,8434,0.9717839988843759,0,0.03566170313006743,6125211
2018,8435,0.572675029440427,0,0.05582970727181109,9589243
2018,8439,2.981125604973172,1,1.073106199495626,184315423
2018,8441,0.3830807541760434,0,0.04093502274817106,7030950
2018,8442,39.01697531548662,1,0.42445904369476034,72904572
2018,8443,5.6544320717795555,1,0.09840811606753408,16902459
2018,8451,4.604652482409672,1,1.9684768612925059,338103205
2018,8452,3.381372361636889,1,0.9498026938802748,163136962
2018,8459,15.663626455506,1,4.820223641282452,827915783
2018,8461,8.265361639076765,1,0.05213734894871444,8955048
2018,8462,11.546962097437522,1,3.8285097591871673,657580206
2018,8463,11.780942257941328,1,2.422044452985456,416007426
2018,8464,15.300165876089041,1,0.4750289095523609,81590391
2018,8465,0.2515749182834545,0,0.020872160241030027,3584977
2018,8471,0.7415973044642958,0,0.029502658830988685,5067341
2018,8472,14.703045936465893,1,1.2694551251264723,218040077
2018,8481,46.08065206395594,1,2.845402743703611,488722934
2018,8482,0.263875388910701,0,0.0224617964923224,3858011
2018,8483,0.08605957675278661,0,0.003644826549194672,626031
2018,8484,0.178494775114771,0,0.011222016604675722,1927480
2018,8510,0.6902385068373768,0,0.6415582842745958,110193275
2018,8710,0.021871901758125173,0,0.015527997087301803,2667070
2018,8720,2.5531627318457977,1,2.1051171224365337,361572371
2018,8731,0.014106675666297346,0,0.0006951842149670553,119404
2018,8732,0.0013085688392461537,0,3.3896372814463466e-05,5822
2018,8741,0.6556395535274663,0,0.045570663213878655,7827162
2018,8742,0.023203691750172985,0,0.002020641847836849,347063
2018,8743,0.03814478206747153,0,0.007365363924923058,1265066
2018,8744,0.03395126526014557,0,0.0033728579364701735,579318
2018,8745,0.06770677910786192,0,0.006224525663737674,1069117
2018,8748,0.03266003960717006,0,0.02576003233838327,4424512
2018,8749,0.06964873641075599,0,0.02376596846064227,4082014
2018,8811,0.0026047842888100125,0,9.28278543720037e-05,15944
2018,8812,0.0,0,0.0,0
2018,8813,0.04137213642020129,0,0.004062202566769948,697719
2018,8821,0.01844059289130284,0,0.0026963685434040524,463125
2018,8822,0.005309482810207927,0,0.00033508619734861397,57554
2018,8830,0.9004446378172533,0,8.650503388479873e-05,14858
2018,8841,0.012236773271551721,0,0.003909971639257105,671572
2018,8842,0.08741567073677177,0,0.009776081877568604,1679128
2018,8851,0.03211505999489365,0,0.00947872882900229,1628055
2018,8852,0.01798356638660319,0,0.0008330869093132219,143090
2018,8921,0.1067407131184913,0,0.013368602515845185,2296175
2018,8922,0.04125725735100336,0,0.0010552938768221213,181256
2018,8924,0.19033835558046883,0,0.0024878086212192863,427303
2018,8928,0.2546987577757367,0,0.04990023491990635,8570804
2018,8931,0.10363162058768757,0,0.04342202791706325,7458115
2018,8932,0.040402260801116065,0,0.0011533034164921106,198090
2018,8933,0.009751237980674074,0,0.0001338621442374002,22992
2018,8935,0.3062557045476759,0,0.010886348195495874,1869826
2018,8939,0.2199998582998285,0,0.160635295027551,27590524
2018,8941,0.0021089778620194564,0,3.582931609416149e-05,6154
2018,8942,0.00993215191914679,0,0.005825757136288648,1000625
2018,8946,0.03284330874856752,0,0.00046370843510490513,79646
2018,8947,9.116415397547586,1,1.6102832818625055,276580309
2018,8951,0.004318161966554785,0,1.9096548064486462e-05,3280
2018,8952,0.1405858059778792,0,0.01788647317233069,3072159
2018,8959,0.027638408513009985,0,0.0017699705438989025,304008
2018,8960,0.01343978563836423,0,0.0020487801456404047,351896
2018,8972,0.12407313025703552,0,0.005834129342421798,1002063
2018,8973,0.03457279738659655,0,0.02828821152798034,4858749
2018,8974,1.1303234380504603,1,0.02874603380147147,4937384
2018,8981,0.27671540452278703,0,0.0038661077998919085,664038
2018,8982,0.4887051582007474,0,0.01228552549043656,2110147
2018,8983,0.002470961039149786,0,0.003019053628747375,518549
2018,8989,0.7281042860629261,0,0.007579792542366667,1301896
2018,8991,7.591516503415401,1,0.06874149474063318,11806956
2018,8993,1.129370497978198,1,0.048139143106433774,8268321
2018,8994,0.11156952146041406,0,0.0029289214151539864,503068
2018,8996,0.020621304908108443,0,0.008908836600116864,1530171
2018,8997,0.08196945148509327,0,0.006664246971395724,1144643
2018,8998,0.1769516273206391,0,0.008191825263596833,1407018
2018,8999,0.048273424561917876,0,0.002121131609907897,364323
2019,5111,0.0025014272556308486,0,0.00045474383705929034,77977
2019,5112,0.00046624513353158163,0,0.00015148602679574907,25976
2019,5113,0.0,0,0.0,0
2019,5114,0.016664028644478534,0,0.0002515358526237392,43132
2019,5121,5.3694220173234335,1,1.129885957664842,193746699
2019,5122,0.0029173657460333,0,5.179777063442576e-05,8882
2019,5123,0.0031855126681675683,0,0.0001414962068118748,24263
2019,5137,0.2256402185086256,0,0.03392600017858112,5817446
2019,5138,0.0678490387613571,0,0.006521847853115063,1118331
2019,5139,0.006634255790993221,0,0.0014728890277800576,252563
2019,5145,0.004272923000078712,0,0.000268354673892562,46016
2019,5146,0.004216110799432137,0,0.0004767529325754267,81751
2019,5147,0.0016687932061304302,0,9.616003602691355e-05,16489
2019,5148,0.0022197743653188185,0,0.00025914631093019335,44437
2019,5154,0.006583326970386045,0,0.0003895446616829247,66797
2019,5155,0.05335981250160251,0,0.015237403023354506,2612827
2019,5156,0.015259721113149844,0,0.007545731504351961,1293901
2019,5157,0.0014754332764825226,0,0.00012216389318283615,20948
2019,5161,0.0,0,0.0,0
2019,5162,0.0,0,0.0,0
2019,5163,0.0,0,0.0,0
2019,5169,2.403966183121409,1,0.2059473295385198,35314728
2019,5221,0.02672613599875987,0,0.0032496598650870977,557234
2019,5222,0.19386063035611562,0,0.015818124730403088,2712406
2019,5223,0.0,0,0.0,0
2019,5224,0.24890674302071764,0,0.009668705297492449,1657937
2019,5225,0.09514012009157355,0,0.01302212399337528,2232963
2019,5231,0.2521764549959979,0,0.03258917214907531,5588214
2019,5232,0.3785127882715589,0,0.06302107387259613,10806511
2019,5233,0.0007209924914195068,0,4.284600550001419e-05,7347
2019,5239,0.056422259433676604,0,0.004264486779350874,731251
2019,5241,0.0007995671520054153,0,4.83861858763601e-05,8297
2019,5249,0.15142226554901433,0,0.02170060077747493,3721101
2019,5311,1.6426513607591402,1,0.15029364001630782,25771536
2019,5312,0.23555532423456985,0,0.003108332779570922,533000
2019,5322,0.06278783499459818,0,0.001867828075618898,320285
2019,5323,0.03795022433549098,0,0.00018780045122049227,32203
2019,5331,0.0360615339177104,0,0.005390665487410387,924362
2019,5332,0.17501144348644274,0,0.008542258328067345,1464780
2019,5334,0.6416986625144269,0,0.11566851572838237,19834208
2019,5335,0.05621068432769087,0,0.00671460530783018,1151384
2019,5411,0.007242307732231152,0,0.00037209600938184365,63805
2019,5413,0.04098353217470382,0,0.003316293655592496,568660
2019,5414,0.0,0,0.0,0
2019,5415,0.001282422862672577,0,0.00013714570727423896,23517
2019,5416,0.03318934740039726,0,0.015171778128854485,2601574
2019,5417,0.3205814442195144,0,0.8709700774159227,149349212
2019,5419,0.20538793297084107,0,0.06765118922971057,11600458
2019,5513,0.18888761982837324,0,0.011365510920777956,1948896
2019,5514,0.28418369901468665,0,0.052878957246060516,9067396
2019,5530,0.09963606841691532,0,0.07580964135661113,12999425
2019,5541,3.650408894450194,1,0.16893320365931938,28967747
2019,5542,0.23395167735012223,0,0.08362387332907607,14339367
2019,5543,0.4028374769806745,0,0.007064692221695887,1211415
2019,5621,0.014169608316029663,0,0.0029434920021837703,504734
2019,5622,0.016940969718013756,0,0.0002300982704516891,39456
2019,5623,0.0005587658343572532,0,7.282129722045422e-05,12487
2019,5629,0.01884203487048779,0,0.0028935603975708503,496172
2019,5721,1.5583349113106533,1,0.014576307878467192,2499466
2019,5722,0.49186345727303793,0,0.006529907357620442,1119713
2019,5723,0.005126498390170544,0,5.002491291399506e-05,8578
2019,5821,0.023422439961486116,0,0.0012053274744466356,206683
2019,5822,0.1988516448845722,0,0.02133160726910384,3657828
2019,5823,3.156609028974027,1,1.3360014929113564,229090270
2019,5824,0.04424268574237765,0,0.0054704907389803055,938050
2019,5825,0.14132192137929073,0,0.0369774440533402,6340691
2019,5826,0.11614688205981603,0,0.010295853716094806,1765477
2019,5827,0.02419455099169526,0,0.0018729891910221252,321170
2019,5828,0.07761862796532962,0,0.0001993356899409262,34181
2019,5829,0.06237350442135624,0,0.011479242076251112,1968398
2019,5831,0.023278972569026165,0,0.009830367760874223,1685658
2019,5832,0.013917017000478576,0,0.0043683622455229516,749063
2019,5833,1.206783417769421,1,0.16482176582080724,28262740
2019,5834,0.17473760604995175,0,0.04967000895908633,8517143
2019,5835,0.06987649704489844,0,0.0007511726460378831,128807
2019,5836,0.13979072752196695,0,0.02258749617919565,3873181
2019,5837,0.18905024499352996,0,0.01124654283690695,1928496
2019,5838,0.08494530552037687,0,0.001071412567097129,183720
2019,5839,0.08355926747967211,0,0.033977751295065015,5826320
2019,5841,0.2194896886884942,0,0.012988690462746236,2227230
2019,5842,0.08786286644811332,0,0.0013635725213015266,233818
2019,5843,0.05337227903614931,0,0.0028203308765331917,483615
2019,5849,0.16895900038361117,0,0.009429048757949358,1616842
2019,5851,0.01565921965563114,0,0.0001811988889194148,31071
2019,5852,0.7337939820921606,0,0.07519718899542813,12894405
2019,5911,0.2125865322023075,0,0.012196689603219091,2091422
2019,5912,0.06491573026548561,0,0.005404941657474908,926810
2019,5913,0.03416294123709041,0,0.0033592154740871333,576020
2019,5914,0.1190673394831527,0,0.003174657486329008,544373
2019,5921,1.8409770684797702,1,0.08153192454604312,13980651
2019,5922,0.29249368897893924,0,0.049298787715027076,8453488
2019,5981,0.13649783804297796,0,0.00606819455682459,1040541
2019,5982,0.05260743032553437,0,0.004348983277743375,745740
2019,5983,6.602743424441508,1,0.4121859092753085,70679398
2019,5989,0.07867892667540119,0,0.0539297136880071,9247574
2019,6112,3.5438500674331905,1,0.006626878009512947,1136341
2019,6113,7.23925275053818,1,0.12521796135356297,21471695
2019,6114,5.902590989433685,1,0.33839110905442926,58025467
2019,6115,24.28275291225743,1,0.14416000718158536,24719774
2019,6116,59.07755521571156,1,0.5295152252862989,90798391
2019,6118,4.892326846564418,1,0.020876356068157447,3579764
2019,6121,0.23173583448555116,0,0.0019115255193662241,327778
2019,6122,3.5952552133267393,1,0.04678583770931119,8022581
2019,6123,0.1846022512636976,0,0.012129729233659929,2079940
2019,6129,0.20432661321255816,0,0.0031165963959849025,534417
2019,6130,0.15855032071910716,0,0.0016298977396457007,279486
2019,6210,0.23300667810345532,0,0.02781273771233717,4769177
2019,6251,0.03780588860608623,0,0.011952350153315784,2049524
2019,6252,0.007250641118533202,0,0.0013389741204305507,229600
2019,6253,0.13994516325918763,0,0.0009262015235486937,158820
2019,6254,2.368188965554936,1,0.046030028807063625,7892979
2019,6259,0.48236514392650087,0,0.051367012862511635,8808136
2019,6281,0.03186158425381488,0,0.00028142366781192115,48257
2019,6282,0.039616590973727626,0,0.0016598380407532379,284620
2019,6289,0.04673641023511764,0,0.008082516665131708,1385946
2019,6330,0.01385136180809033,0,0.00027292678064525167,46800
2019,6341,0.0,0,0.0,0
2019,6342,0.10159153484900879,0,0.009508990644895621,1630550
2019,6343,0.12793212954988317,0,0.008156247718287647,1398589
2019,6344,0.2745544033309133,0,0.007574861189593906,1298896
2019,6349,0.9499811599917254,0,0.015477776870462112,2654045
2019,6351,0.05690691446741035,0,0.0007460523530163761,127929
2019,6352,0.0010024305127964465,0,7.668775994626195e-06,1315
2019,6353,0.008719233246738758,0,0.001020116328580983,174924
2019,6354,0.047832207822345096,0,0.0011202477991724138,192094
2019,6359,0.08242047491520593,0,0.006287702335104232,1078181
2019,6411,0.005862722511859367,0,0.0008251544652529614,141493
2019,6412,0.008441035173913765,0,0.0018233958290006036,312666
2019,6413,0.01608950756631262,0,0.0017754878481672544,304451
2019,6415,0.0751978633994902,0,0.007411087625900302,1270813
2019,6416,2.4811646303644226,1,0.169283197264884,29027762
2019,6417,0.05596611046509099,0,0.0015861244829037508,271980
2019,6418,0.8505088931696394,0,0.1853905660650829,31789766
2019,6419,0.04977068937107654,0,0.0007948350991723061,136294
2019,6421,0.20810848719067593,0,0.039894623114620734,6840913
2019,6422,0.019816190676204777,0,0.00014939242179037206,25617
2019,6423,0.059556474849760475,0,0.002053330809925411,352094
2019,6424,0.08548022259618376,0,0.0065065977776580675,1115716
2019,6428,0.12267600393325367,0,0.020542825545963792,3522572
2019,6511,0.0805713282044657,0,0.00013171633050541995,22586
2019,6512,0.11402424950386277,0,0.004046442775044351,693862
2019,6513,55.02399085906703,1,6.030614626902975,1034096998
2019,6514,0.8346258680772481,0,0.14030640350601958,24058979
2019,6515,0.8619526122313904,0,0.00491506141329195,842808
2019,6516,1.5459063898365104,1,0.04363656591264348,7482561
2019,6517,0.8762743301836527,0,0.012516323020321348,2146231
2019,6518,0.4368114158996801,0,0.00017137235846242233,29386
2019,6519,0.10318063195319514,0,0.0036044413528506557,618070
2019,6521,116.12575869874195,1,3.405814088690337,584010477
2019,6522,47.49524695966429,1,8.08933391540249,1387114985
2019,6531,6.978331341126756,1,2.148514508712254,368415583
2019,6532,13.778017549344314,1,0.33923406790988114,58170013
2019,6534,21.49886478745409,1,1.4457171314795056,247903711
2019,6535,3.701018224035066,1,0.044367251554826515,7607855
2019,6536,0.6599322205066686,0,0.015811989709607385,2711354
2019,6538,2.599372824476695,1,0.029276750787977434,5020218
2019,6539,7.5526303897121485,1,0.1400942087658367,24022593
2019,6541,1.595557723473131,1,0.01510417626472543,2589982
2019,6542,1.3242727232541078,1,0.022684752587760197,3889858
2019,6543,5.053293833643474,1,0.06184875420965489,10605488
2019,6544,1.2167394872879453,1,0.013118109076337675,2249422
2019,6545,18.524867185318964,1,0.046498034086413245,7973230
2019,6546,0.0009127455528096044,0,1.799683856989843e-05,3086
2019,6549,18.51635963075718,1,0.015861956304833207,2719922
2019,6551,0.9798537575791211,0,0.2287369140025381,39222562
2019,6552,0.42954855535858183,0,0.034976430041473945,5997568
2019,6553,0.16661168039638113,0,0.00044747162134423416,76730
2019,6560,1.1480794514146595,1,0.06361992654889741,10909199
2019,6571,3.001728438270411,1,0.052321031923318405,8971726
2019,6572,0.7416730666175546,0,0.10830314917000897,18571235
2019,6573,0.3929133109834262,0,0.05883378804884743,10088498
2019,6574,14.023438928454699,1,0.07899032306012829,13544831
2019,6575,2.3620537962147226,1,0.09398674573241822,16116336
2019,6576,0.20546874540009516,0,0.00011888643910756624,20386
2019,6577,0.6560151531101278,0,0.04972066370303259,8525829
2019,6579,0.23970294328175587,0,0.00014272671003230533,24474
2019,6581,7.947086689556722,1,0.20911178142941866,35857351
2019,6582,10.797712161983316,1,0.4018733650368589,68911059
2019,6583,5.775430316126225,1,0.2001689563966039,34323884
2019,6584,89.47226622473886,1,18.19746506354936,3120402340
2019,6589,8.692541743817877,1,0.47936470190375013,82198852
2019,6591,0.09655387927180817,0,0.0011993557431778164,205659
2019,6592,46.02088637156743,1,0.3623333018027866,62130944
2019,6593,25.052877899420537,1,0.022904272029577476,3927500
2019,6594,0.3530507259132313,0,0.013274289677031278,2276203
2019,6595,0.10428215162774576,0,0.006325748794867686,1084705
2019,6596,0.10075608382163838,0,0.0011117625755433789,190639
2019,6597,0.11639549024139677,0,0.0003212488170646225,55086
2019,6611,0.0,0,0.0,0
2019,6612,16.42230729503733,1,1.4959949623753341,256525080
2019,6613,0.519738530125463,0,0.07052178995344809,12092693
2019,6618,0.0038711306983722498,0,0.00017652181032801542,30269
2019,6623,0.09339322258029537,0,0.004816072969388691,825834
2019,6624,0.10245483601017534,0,0.015574380120919135,2670610
2019,6631,0.027369854256252445,0,0.0009613670895164473,164850
2019,6632,0.03357745968645107,0,0.0010818281062046592,185506
2019,6633,0.3167699577277621,0,0.05203028908893658,8921871
2019,6635,0.0,0,0.0,0
2019,6637,0.006933425951137666,0,0.00010678551881186332,18311
2019,6638,0.045766196367403,0,0.000506285009865759,86815
2019,6639,0.15499594500357486,0,0.012874317812703187,2207618
2019,6641,0.2701469764053876,0,0.0033948825721731675,582136
2019,6642,0.01357276340064604,0,0.0025401435437105184,435570
2019,6643,0.03372202929481479,0,0.00011176001761294021,19164
2019,6644,0.7083801132346041,0,0.04459648089172444,7647162
2019,6645,0.004747094513537566,0,4.555777800001508e-05,7812
2019,6646,0.0,0,0.0,0
2019,6647,7.365825268745824e-05,0,5.84926412365785e-06,1003
2019,6648,0.025330810929113844,0,0.0013416567340864655,230060
2019,6649,0.00997329715977516,0,0.0007916159627852083,135742
2019,6651,0.40837890697948964,0,0.04378055811650912,7507252
2019,6652,0.3460905186294636,0,0.024064945650190763,4126526
2019,6658,0.02179713373563127,0,0.0008450291333820003,144901
2019,6664,0.13756249087049843,0,0.0076890238959595346,1318472
2019,6665,0.13479019463146447,0,0.0029975408355816377,514002
2019,6666,0.004890802823271479,0,0.00014633074316133877,25092
2019,6671,0.5749029812642985,0,0.002629917792882591,450964
2019,6672,5.6778191605368525e-05,0,4.386073327420807e-05,7521
2019,6673,0.25957084441974865,0,0.01938881763710857,3324689
2019,6674,0.027230496508402036,0,0.00042599904855928077,73048
2019,6712,0.06302665595817494,0,0.0020588768220705742,353045
2019,6713,2.802099950220002,1,0.10996983370735361,18857029
2019,6716,0.00027501005827224945,0,4.942424072582281e-05,8475
2019,6724,0.2490888530323697,0,0.002936581356135381,503549
2019,6725,3.96206122460651,1,0.8307531149434685,142453026
2019,6727,0.00025502952959529263,0,0.00010178186116670036,17453
2019,6731,0.00024759843149041336,0,3.455906201076413e-05,5926
2019,6732,0.00992630139976222,0,0.002560578061646009,439074
2019,6733,0.002131433931880342,0,0.000261683130365678,44872
2019,6741,0.008706989124367667,0,0.00014308244793015488,24535
2019,6744,0.058494463758284716,0,0.01067686649999816,1830811
2019,6745,0.007461042957831131,0,0.0005710526343496514,97921
2019,6746,0.1578848968767725,0,0.033363666038613196,5721020
2019,6747,0.4504321200019044,0,0.018444514303151267,3162765
2019,6749,0.43735367065548286,0,0.13291792564782356,22792043
2019,6750,0.41443941611545443,0,0.05567496381485715,9546840
2019,6760,0.6795157555589326,0,0.017255929836978833,2958953
2019,6770,0.1368616413735797,0,0.012541393794466518,2150530
2019,6781,0.11314208415484987,0,0.0024225225984362856,415401
2019,6782,0.11383263100085629,0,0.017675117379559617,3030833
2019,6783,0.6101988557255524,0,0.11693011394014624,20050540
2019,6784,0.0016411984967800335,0,5.493526225808271e-05,9420
2019,6785,0.018108895469743442,0,0.002548080581070736,436931
2019,6793,0.06658678549957625,0,0.005322550427625418,912682
2019,6794,0.05813036591913817,0,0.006932340228389391,1188720
2019,6911,0.17005836428551768,0,0.0742362359614977,12729626
2019,6912,0.024650936163040607,0,0.0026764494762750797,458943
2019,6921,0.08568696100193672,0,0.0015978813288392386,273996
2019,6924,1.0020529405091854,1,0.13066976710525294,22406541
2019,6931,0.02788604524520485,0,0.0021259538270060802,364547
2019,6932,0.23519404619172513,0,0.0004450572690539108,76316
2019,6935,0.32923709264581674,0,0.013729430074370136,2354248
2019,6940,0.04143178969762959,0,0.013722087877429274,2352989
2019,6951,0.09661262667199359,0,0.0012456658193552511,213600
2019,6953,0.5421378193839583,0,0.07151000650659894,12262147
2019,6954,0.15470835577373804,0,0.03835908922620625,6577608
2019,6960,6.2045630994823995,1,0.5416336000660718,92876384
2019,6973,0.03790851353307459,0,0.006968252260765748,1194878
2019,6974,0.9780875661534923,0,0.14500291938288673,24864312
2019,6975,0.8592717580319511,0,0.011791854043697453,2022003
2019,6978,0.03946222802036954,0,0.0007223462127744326,123864
2019,6991,0.031193034407906436,0,0.01137635801077796,1950756
2019,6992,0.0062215810097320376,0,0.00024187844346244564,41476
2019,6993,0.2170369994668898,0,0.006687703358276408,1146771
2019,6994,0.04006634024772263,0,0.0032127972543935365,550913
2019,6996,0.08781966946268639,0,0.009246619365809512,1585560
2019,6997,0.06758956438286057,0,0.022776521301867757,3905594
2019,6998,0.03007657703946803,0,0.007582419161981005,1300192
2019,6999,0.008803174795050848,0,0.000605681677586222,103859
2019,7111,0.03148052159209874,0,0.0004583653654947754,78598
2019,7112,0.009557787258826894,0,8.084581111293e-05,13863
2019,7119,0.3965302442808078,0,0.008342088695185558,1430456
2019,7126,0.015907872732673363,0,0.00015237828742478162,26129
2019,7129,0.04543862548040769,0,0.0018704990257371785,320743
2019,7131,2.5452976934155207,1,0.14141396720801458,24248898
2019,7132,0.008458502928339063,0,0.004904284304517753,840960
2019,7133,0.1402746817430089,0,0.007361307647276631,1262277
2019,7138,0.03197618310386107,0,0.002871428834909553,492377
2019,7139,0.010339274616778802,0,0.005105678608851152,875494
2019,7144,0.39141966497302805,0,0.15365080853954013,26347205
2019,7148,0.5322820503624343,0,0.05374337701075973,9215622
2019,7149,0.5181390279737436,0,0.31667001544133067,54300852
2019,7161,0.028217496441006303,0,0.006167445430324622,1057560
2019,7162,0.057894959587995225,0,0.020539688054340133,3522034
2019,7163,0.006469304444933975,0,1.0380548494627091e-05,1780
2019,7169,0.05462631108013332,0,0.007974337353572532,1367396
2019,7187,0.0,0,0.0,0
2019,7188,0.043314209115130696,0,0.00583866196794817,1001182
2019,7211,0.21928700471378987,0,0.013226055117144165,2267932
2019,7212,0.0325838048763624,0,0.00512946056208772,879572
2019,7213,0.14027648851692334,0,0.002271328160081397,389475
2019,7219,0.02394954851684289,0,0.0014618028352585484,250662
2019,7223,0.4431774266563281,0,0.006090600212620295,1044383
2019,7224,0.5816063620298586,0,0.08682998737640509,14889134
2019,7233,0.34596074147668604,0,0.019272893736560145,3304811
2019,7234,0.3897022503015548,0,0.13187906601426408,22613905
2019,7239,0.1019290886440144,0,0.028499871704993306,4887003
2019,7243,0.12663724541241914,0,0.004878472895732798,836534
2019,7244,0.2545170071052124,0,0.009428424758685917,1616735
2019,7245,0.48850903734972534,0,0.019565386101587125,3354966
2019,7246,0.2342786197262417,0,0.005586461293679269,957936
2019,7247,0.10842331126882977,0,0.008857996123599707,1518921
2019,7248,0.038033518416934406,0,0.0003994645004409925,68498
2019,7251,0.02682010143741406,0,0.0004496293758066005,77100
2019,7252,0.07480979065208875,0,0.0027253022036568164,467320
2019,7259,0.028610034240395432,0,0.0010539405877207791,180724
2019,7263,0.14276030493309758,0,0.0012010527879036234,205950
2019,7264,0.04440120210466165,0,0.0012383469494896572,212345
2019,7267,0.029225302432698306,0,0.0006656730834088225,114146
2019,7268,0.008291836570715999,0,5.389137563980278e-05,9241
2019,7269,0.052753666847758826,0,0.0003605432753549581,61824
2019,7271,0.2685666553553489,0,0.0020747567285598267,355768
2019,7272,0.38403531351873627,0,0.043062410777283074,7384108
2019,7281,0.027632960233268573,0,0.004595427996189693,787999
2019,7283,0.10417477431959404,0,0.013285807420445259,2278178
2019,7284,0.04907794019641937,0,0.04728803464923609,8108695
2019,7361,0.05187256922296025,0,0.007726708786056321,1324934
2019,7362,0.0717975679952397,0,0.005566650775007219,954539
2019,7367,0.006371587584689676,0,0.0005780215980862129,99116
2019,7368,0.018320140496666984,0,0.0016585900422263556,284406
2019,7369,0.01572217529758591,0,0.0028145865842482435,482630
2019,7371,0.04203543039887848,0,0.0008994337046777172,154230
2019,7372,0.05349071330701274,0,0.0021395360165813535,366876
2019,7373,0.01776449365929154,0,0.003120661138850495,535114
2019,7411,0.023397252778875874,0,1.4182861763445555e-05,2432
2019,7412,0.629204021152752,0,0.01172754712895012,2010976
2019,7413,0.022974409361164533,0,0.0025103373732857774,430459
2019,7414,0.02221213542289024,0,0.004194412245243324,719235
2019,7415,0.015339935206347716,0,0.00569949263689436,977318
2019,7416,0.025139078412567545,0,0.00630352975567413,1080895
2019,7421,0.024715159573546773,0,0.0033096454391408807,567520
2019,7422,0.23227985574793972,0,0.02600447532341721,4459106
2019,7423,0.004635912739800477,0,0.000339840496053876,58274
2019,7428,0.0633399128650331,0,0.0039926272123991715,684634
2019,7429,0.07357615116929003,0,0.008474405697879151,1453145
2019,7431,0.06914824897035177,0,0.02126609900998016,3646595
2019,7432,0.12098495121893024,0,0.009381286571336439,1608652
2019,7433,0.07276133613622432,0,2.399189691398644e-05,4114
2019,7434,1.121358503943852,1,0.11909996932280825,20422615
2019,7435,0.053058711983736025,0,0.003237780552006448,555197
2019,7436,0.39736115813976036,0,0.18004343473189294,30872869
2019,7439,0.007295325597027982,0,0.0011050677049412262,189491
2019,7441,0.1753322673052924,0,0.0502091734815435,8609596
2019,7442,0.2639502219387491,0,0.1103586552297032,18923702
2019,7449,0.02210440966836553,0,0.005001657348458645,857657
2019,7451,0.4138749631900553,0,0.044512824168041615,7632817
2019,7452,0.06794729493148503,0,0.030387026262472423,5210602
2019,7491,0.021222084833732086,0,0.005134487546808152,880434
2019,7492,0.03442465533420548,0,0.023908304339760603,4099666
2019,7493,0.029795284243338428,0,0.013811926276058336,2368394
2019,7499,0.03815784214616606,0,0.007273393732357247,1247202
2019,7511,0.0,0,0.0,0
2019,7512,0.03373890927456866,0,0.0030736045962644586,527045
2019,7518,0.006512054591109188,0,0.0024113664246889705,413488
2019,7521,0.0,0,0.0,0
2019,7522,0.0018190017347923155,0,0.00034308295951624264,58830
2019,7523,0.00778958773278791,0,0.010145878117422714,1739760
2019,7524,0.0058107753640254415,0,0.0005281249840861964,90560
2019,7525,0.010247219306283492,0,0.017490629373027297,2999198
2019,7528,0.02679182383828803,0,0.005005068933216711,858242
2019,7591,0.010214185349436385,0,0.002181029051715776,373991
2019,7599,0.008603861491850846,0,0.008712400183309335,1493955
2019,7611,0.0028245917040223886,0,0.0019213345545167652,329460
2019,7621,0.0,0,0.0,0
2019,7622,0.004134978472740405,0,2.761342534947151e-05,4735
2019,7628,0.0003707972132956299,0,1.072462285484226e-05,1839
2019,7631,0.0,0,0.0,0
2019,7638,0.009852534236823841,0,0.0034110540671032797,584909
2019,7641,0.009318174923721289,0,0.0109458918273047,1876942
2019,7642,0.006110764496507264,0,0.0017252821504199262,295842
2019,7643,0.018628933447448915,0,0.014278117875305803,2448334
2019,7648,0.011052036763907442,0,0.005972571043528859,1024144
2019,7649,0.011285947510212833,0,0.011319480769503749,1941003
2019,7711,0.08836616617707706,0,0.01413599183746167,2423963
2019,7712,0.0073737943607021525,0,0.00412822750093685,707886
2019,7721,0.007528562752948518,0,0.012108093371348095,2076230
2019,7722,0.0007513512853621825,0,0.0002415402008710477,41418
2019,7723,0.009854425827952656,0,0.0006709158435754909,115045
2019,7731,0.02606199855416481,0,0.019913752643651753,3414702
2019,7732,0.027286325233938195,0,0.00174182687855434,298679
2019,7741,0.4693889568913628,0,0.10011941632528584,17167933
2019,7742,0.03255799585218062,0,0.005762464076582553,988116
2019,7751,0.02573862093999406,0,0.002297909362350223,394033
2019,7752,0.08819777417102251,0,0.01389860968775729,2383258
2019,7753,0.0,0,0.0,0
2019,7754,0.004692968854056452,0,0.00014511190347854267,24883
2019,7757,0.19524517907322717,0,0.05199277915190431,8915439
2019,7758,0.0026078613401068883,0,0.000998515456882051,171220
2019,7761,0.0,0,0.0,0
2019,7762,0.0,0,0.0,0
2019,7763,0.0011809979585605155,0,0.0008143015434841405,139632
2019,7764,0.06550967169307674,0,0.15953768174030014,27356654
2019,7768,0.0017148965231033825,0,0.0005023835565270481,86146
2019,7781,0.03523862797799609,0,0.017891726768737105,3067976
2019,7782,0.0452839890531798,0,0.0013697541962477654,234878
2019,7783,0.007896084993301248,0,0.0033890158127430573,581130
2019,7784,0.0008132294665883989,0,4.883523207528499e-05,8374
2019,7788,0.005157554165310574,0,0.008147564214518826,1397100
2019,7810,0.002544691761034934,0,0.012620070187579447,2164021
2019,7821,0.012482514996823155,0,0.02199912902322771,3772291
2019,7822,0.258475106103871,0,0.027299623701186458,4681191
2019,7831,0.0093594270721543,0,0.0013202658060649532,226392
2019,7832,0.20805035979324252,0,0.05493800902119561,9420471
2019,7841,0.034691840578716146,0,0.0008736981088873861,149817
2019,7842,0.006474480799131168,0,0.0004013889841506705,68828
2019,7849,0.031466218584681,0,0.09963477300950073,17084829
2019,7851,0.02484498037092318,0,0.005413193610351254,928225
2019,7852,0.015253532995790124,0,0.0015354639071886802,263293
2019,7853,0.017668979881584668,0,0.0030412674381730498,521500
2019,7861,0.052175199441409754,0,0.00933273126416438,1600326
2019,7868,0.02769888481764473,0,0.0027636460836299474,473895
2019,7911,0.0,0,0.0,0
2019,7912,0.0,0,0.0,0
2019,7913,0.0008779122346020394,0,5.3862216795716755e-05,9236
2019,7914,0.001296888571841543,0,2.389275684409393e-05,4097
2019,7915,0.0031345412258033797,0,0.00010243501927422747,17565
2019,7919,0.04016517558484675,0,0.004069256654657261,697774
2019,7921,1.83152695293876,1,0.10428693245274422,17882556
2019,7922,0.07536247963951886,0,0.0007033638052744264,120609
2019,7923,0.0,0,0.0,0
2019,7924,0.6928856045821723,0,0.6576048079231425,112762496
2019,7928,0.012340288714446307,0,0.0001790236391505969,30698
2019,7929,0.36905681442610255,0,0.266002010052787,45612578
2019,7931,0.3724802925211455,0,0.22284342174417054,38211978
2019,7932,0.000233190823300788,0,3.160818698925778e-05,5420
2019,7933,0.008159348829765649,0,0.00014883257198392024,25521
2019,7938,1.4626097498334978,1,0.29412496870735544,50434950
2019,8121,0.04875896673458655,0,0.0038651330825174085,662772
2019,8122,0.12805868420231756,0,0.011357119005449997,1947457
2019,8124,0.05519250757077338,0,0.014917116448144724,2557906
2019,8211,0.010656450197556932,0,0.006247340663120347,1071260
2019,8212,2.8556853555498187,1,0.4980220641051918,85398115
2019,8219,0.03510026901228045,0,0.021436462472437204,3675808
2019,8310,0.37206126367006814,0,0.17856165225666665,30618781
2019,8421,0.8885555148662421,0,0.0851022442195443,14592870
2019,8422,119.23721457558284,1,4.690218937010235,804253235
2019,8423,10.66921720968244,1,2.9341636739050627,503134429
2019,8424,9.946695850591661,1,0.7288283871042843,124975528
2019,8429,35.46467179688975,1,4.5723031491681425,784033677
2019,8431,0.9052737091510091,0,0.18194301678872155,31198599
2019,8432,23.19008070247683,1,0.2669248116551152,45770815
2019,8433,0.261120788692493,0,0.03571589832749569,6124368
2019,8434,1.2590750155403325,1,0.05141972038908153,8817174
2019,8435,0.39532542315125885,0,0.03598844604316783,6171103
2019,8439,3.4870628058880473,1,1.2827331542931397,219956105
2019,8441,0.5492451239730108,0,0.0566789378073521,9718996
2019,8442,35.9829450307127,1,0.3825161439232019,65591788
2019,8443,5.44148264425932,1,0.0953872800044832,16356492
2019,8451,4.854516191018562,1,2.221640865759537,380954893
2019,8452,3.771571234330539,1,1.054072035789919,180746540
2019,8459,15.646440740050906,1,4.825149820132463,827390449
2019,8461,8.974119156687763,1,0.05718527530313722,9805820
2019,8462,11.93335858405484,1,3.97831776626178,682180294
2019,8463,12.80396582916584,1,2.617436658755313,448823803
2019,8464,18.487031444512827,1,0.5812142932334935,99663466
2019,8465,0.2865314583103666,0,0.023749306994728294,4072402
2019,8471,1.1712672457072903,1,0.05264694615543679,9027612
2019,8472,14.86114759898938,1,1.3079277718809115,224276341
2019,8481,44.70981568437825,1,2.8951167858645555,496438881
2019,8482,0.35781415751674017,0,0.02975770842587007,5102690
2019,8483,0.06848849240848617,0,0.0032404748291999974,555659
2019,8484,0.23295489475362274,0,0.015533621888655681,2663621
2019,8510,0.769985109048039,0,0.7484983134936887,128348420
2019,8710,0.010650956028310076,0,0.006555345533201095,1124075
2019,8720,2.5292951829722234,1,2.241033969746726,384280317
2019,8731,0.06265628378897636,0,0.0033749379228183215,578716
2019,8732,0.002427281719076089,0,6.430691474733311e-05,11027
2019,8741,1.0311802063892972,1,0.08130359330154305,13941498
2019,8742,0.05913379888840405,0,0.005065153647340387,868545
2019,8743,0.008377300905740128,0,0.001576560382043533,270340
2019,8744,0.030614981289150456,0,0.0031684174936945976,543303
2019,8745,0.07596438763411574,0,0.007261893484249716,1245230
2019,8748,0.05514089804003128,0,0.04395282273560057,7536791
2019,8749,0.07311138389670621,0,0.025355090370314845,4347753
2019,8811,0.00588604449859574,0,0.00014556678144628476,24961
2019,8812,0.034587669712397004,0,0.00018552606138178186,31813
2019,8813,0.027130793833174575,0,0.0026410039854041,452865
2019,8821,0.017347970029139962,0,0.00264691156721593,453878
2019,8822,0.03973624101523981,0,0.0025189917182105114,431943
2019,8830,0.0,0,0.0,0
2019,8841,0.006628782956039834,0,0.0021830585072641637,374339
2019,8842,0.023158617119854712,0,0.0026120375896890365,447898
2019,8851,0.007987376709467517,0,0.0024274096207051047,416239
2019,8852,0.015045274322272189,0,0.0006944761895970041,119085
2019,8921,0.25870429612860213,0,0.03248268988224194,5569955
2019,8922,0.02234874590202801,0,0.0005071422798818884,86962
2019,8924,0.1310560564761988,0,0.0017668743256242408,302974
2019,8928,0.16755569529670647,0,0.0333568545326347,5719852
2019,8931,0.3220085956509034,0,0.13597565033759879,23316365
2019,8932,0.032534526748233754,0,0.000957115730048704,164121
2019,8933,0.026460222826881333,0,0.0004117112149571256,70598
2019,8935,0.4692781012365201,0,0.01701007412718305,2916795
2019,8939,0.297698876160831,0,0.22193701324398746,38056552
2019,8941,0.0,0,0.0,0
2019,8942,0.006278983257148298,0,0.00391199134496366,670807
2019,8946,0.4800244094975315,0,0.008146998532943556,1397003
2019,8947,7.830128849687238,1,1.4502335215129156,248678157
2019,8951,0.004942051670972228,0,2.1898291908609402e-05,3755
2019,8952,0.0887147651703482,0,0.010701319106648705,1835004
2019,8959,0.029697018615802286,0,0.001868055514602769,320324
2019,8960,0.05032869821686053,0,0.008859920607309385,1519251
2019,8972,0.02909225498445947,0,0.0014072233108983153,241303
2019,8973,0.03032076484965197,0,0.02683449348386372,4601433
2019,8974,1.3337865681636463,1,0.03594686553150115,6163973
2019,8981,0.27264558756629165,0,0.003988696600216374,683960
2019,8982,0.4985479620292803,0,0.013252461366348474,2272460
2019,8983,0.0008821573267480387,0,0.0010812740881670248,185411
2019,8989,0.49202245457686766,0,0.005356205565469515,918453
2019,8991,5.685469573612167,1,0.05129315351044172,8795471
2019,8993,1.1192702679330488,1,0.04844911649366657,8307791
2019,8994,0.11042889768089993,0,0.0030509773332536984,523165
2019,8996,0.08353469295172007,0,0.037582974104937175,6444524
2019,8997,0.13012849207733634,0,0.011031163950949888,1891564
2019,8998,0.0349904005048938,0,0.0016848271701349663,288905
2019,8999,0.05116486537557654,0,0.0027874222050976974,477972
2020,5111,0.01567970570685044,0,0.0023005103750365383,365996
2020,5112,0.0018768925665534851,0,0.00044438049184781576,70698
2020,5113,4.744784289585056e-05,0,3.501088205596105e-06,557
2020,5114,0.09137484015965759,0,0.0013251210293130334,210818
2020,5121,6.396827177016883,1,1.3309301957755324,211742200
2020,5122,0.014030894437669446,0,0.0002525434863993542,40178
2020,5123,0.002401216871467779,0,0.00010870344601001622,17294
2020,5137,0.06893798151524307,0,0.01037701801605331,1650915
2020,5138,0.22239262963405215,0,0.01769568777253847,2815267
2020,5139,0.011965632643307439,0,0.0031565170128805336,502181
2020,5145,0.0003450810962423862,0,2.1144812789273422e-05,3364
2020,5146,0.00906737859454609,0,0.0010010158028405881,159255
2020,5147,0.000880633780672169,0,5.3999728499598085e-05,8591
2020,5148,0.00689013660812003,0,0.0008132078773558378,129376
2020,5154,0.016032987796659667,0,0.001059151466778754,168504
2020,5155,0.08944692684341748,0,0.030704801273340725,4884931
2020,5156,0.02627957503865986,0,0.014431818721124048,2296007
2020,5157,0.011935994168244203,0,0.0009754836299660255,155193
2020,5161,0.006346961833562679,0,0.0007182322170568124,114266
2020,5162,0.0,0,0.0,0
2020,5163,0.011931489936828153,0,0.0002273821648787057,36175
2020,5169,2.4126189511795717,1,0.23638054612939133,37606583
2020,5221,0.0008680285814110322,0,0.00010100985182034003,16070
2020,5222,0.1563020004053229,0,0.012446745707864233,1980195
2020,5223,0.0027192491519258746,0,2.003225872753103e-05,3187
2020,5224,0.34591796154179333,0,0.014998982439198283,2386239
2020,5225,0.016954641037712485,0,0.0021073408189604534,335264
2020,5231,0.22509773286417578,0,0.031199560978775354,4963644
2020,5232,0.4533527078396453,0,0.07884103672989952,12543088
2020,5233,0.0015463505601076993,0,0.00010266296887253353,16333
2020,5239,0.06268276066486803,0,0.005438069969554276,865161
2020,5241,0.0,0,0.0,0
2020,5249,0.17422075666972975,0,0.02748799891579256,4373159
2020,5311,1.172159815488475,1,0.10305634787479391,16395584
2020,5312,0.29963809842683836,0,0.0038387075068298275,610713
2020,5322,0.07866564095140939,0,0.002702387530356094,429932
2020,5323,0.05731222958793077,0,0.00024280706695506627,38629
2020,5331,0.05372229391425536,0,0.008940233015515114,1422332
2020,5332,0.06659341910692462,0,0.003168252258266257,504048
2020,5334,0.6852951046269159,0,0.12776770727643735,20326998
2020,5335,0.08664845286384526,0,0.011280003349137206,1794574
2020,5411,0.0598599132594019,0,0.0037497157531227723,596555
2020,5413,0.06205187259425626,0,0.005001948777351259,795777
2020,5414,0.003379997012467058,0,4.259762077078061e-05,6777
2020,5415,0.01422930254994958,0,0.0015894877597244636,252877
2020,5416,0.041834221906500144,0,0.023872336498685493,3797931
2020,5417,0.3238495447517084,0,1.0329373736917373,164333511
2020,5419,0.18002341918675227,0,0.07311936604445962,11632808
2020,5513,0.14647772015920774,0,0.009113885733389449,1449959
2020,5514,0.16135366553137961,0,0.032764371409424106,5212595
2020,5530,0.2087491592649198,0,0.15963498926074318,25396872
2020,5541,3.6996155737291407,1,0.22576020562585716,35916957
2020,5542,0.31297932298509773,0,0.12763373565343183,20305684
2020,5543,0.29386324694424204,0,0.005863511899887799,932846
2020,5621,0.026950176572065807,0,0.005764739727423279,917132
2020,5622,0.004472212838311017,0,4.927923075740298e-05,7840
2020,5623,0.0052796971350991505,0,0.0006442945140722038,102503
2020,5629,0.039579315582160865,0,0.006393716194893979,1017198
2020,5721,0.0,0,0.0,0
2020,5722,0.11486732312413468,0,0.0013596353476917195,216309
2020,5723,0.06292207483414902,0,0.0005502554105822157,87542
2020,5821,0.027535838723583075,0,0.001454271584717671,231365
2020,5822,0.2088367623450169,0,0.02418474419346922,3847633
2020,5823,2.6353842880912266,1,1.1184397870098144,177936380
2020,5824,0.07211024294181097,0,0.008648083861640964,1375853
2020,5825,0.167793742517516,0,0.04784546285262544,7611897
2020,5826,0.12960334890258526,0,0.012095480333929704,1924311
2020,5827,0.02983979708656209,0,0.0024024819261305877,382219
2020,5828,0.07682175384288233,0,0.0002020448461053522,32144
2020,5829,0.07437978368669838,0,0.014603629753461148,2323341
2020,5831,0.32624482945297134,0,0.13263740668961313,21101735
2020,5832,0.02564550372375496,0,0.008080913857950563,1285620
2020,5833,2.2200682106589027,1,0.28867975774527277,45927042
2020,5834,0.18033371052050895,0,0.05489137458111484,8732855
2020,5835,0.06873949096053007,0,0.0008025097586378402,127674
2020,5836,0.15340952546850745,0,0.026212892534328586,4170298
2020,5837,0.22110788652697352,0,0.014712685193976576,2340691
2020,5838,0.08331335617654102,0,0.0010762797708366524,171229
2020,5839,0.1148258170652758,0,0.049731279700975795,7911918
2020,5841,0.23176497664712545,0,0.015015513609720218,2388869
2020,5842,0.09594704139320721,0,0.0016192501522801143,257612
2020,5843,0.07078459810794713,0,0.004123156780898133,655967
2020,5849,0.1815182083392352,0,0.01107675795034376,1762239
2020,5851,0.02762798152111241,0,0.0003231560984310717,51412
2020,5852,0.7603005688937583,0,0.08750436949636414,13921367
2020,5911,0.15884514784615025,0,0.011738853329403841,1867574
2020,5912,0.052903385126842596,0,0.004926603096345011,783790
2020,5913,0.02712409735263204,0,0.0029646548649674004,471657
2020,5914,0.05082917013717184,0,0.0028828349993080746,458640
2020,5921,1.453123813021432,1,0.06794535481012455,10809657
2020,5922,0.32854859783843493,0,0.06348372388419384,10099841
2020,5981,0.16020084152349262,0,0.007744664821041473,1232125
2020,5982,0.024289261469735958,0,0.0018905687741733923,300777
2020,5983,7.112902260426907,1,0.47533165784686265,75622126
2020,5989,0.10285025168561984,0,0.08122935087718736,12923053
2020,6112,5.770202337667775,1,0.006829491678207753,1086527
2020,6113,7.3268059585535035,1,0.10693792328388974,17013117
2020,6114,5.508348956779165,1,0.24836248937847782,39512831
2020,6115,21.054860838602806,1,0.10427184775813637,16588962
2020,6116,53.8632903290445,1,0.3319500965864375,52811067
2020,6118,3.868303470180503,1,0.013090612800037012,2082630
2020,6121,0.33948223084331397,0,0.0024316597563826116,386861
2020,6122,2.9796864555490314,1,0.04797625395384994,7632705
2020,6123,0.12634756125892518,0,0.007533813826684702,1198580
2020,6129,0.10521687383750587,0,0.0013923645510786834,221516
2020,6130,0.1637136129527352,0,0.0011035216313089208,175563
2020,6210,0.2232052530031829,0,0.02611149297430583,4154166
2020,6251,0.025430797926061136,0,0.0075310418699545975,1198139
2020,6252,0.016151097902720634,0,0.0028584845222731025,454766
2020,6253,0.8671158541146239,0,0.003786744317968673,602446
2020,6254,2.347321135837492,1,0.050687969338599405,8064121
2020,6259,0.49161615103200995,0,0.05136572218753406,8171947
2020,6281,0.008865328709794982,0,8.889746946453448e-05,14143
2020,6282,0.010907510844232606,0,0.00045676944131501496,72669
2020,6289,0.062381003500525695,0,0.01229620520063977,1956245
2020,6330,0.025186654711348785,0,0.0004333115217759042,68937
2020,6341,0.0,0,0.0,0
2020,6342,0.11684117571779576,0,0.011467905558864478,1824468
2020,6343,0.10442324799611197,0,0.007577247434405831,1205490
2020,6344,0.2599660837176395,0,0.007728586214883636,1229567
2020,6349,0.9968020859191005,0,0.016699071901015508,2656712
2020,6351,0.08463672486737311,0,0.001139770779749985,181330
2020,6352,0.0,0,0.0,0
2020,6353,0.010649658231331231,0,0.001319671400095346,209951
2020,6354,0.04864481665255675,0,0.0008552900776008394,136071
2020,6359,0.08658921993377845,0,0.007211506286436315,1147303
2020,6411,0.01343113661633799,0,0.0016875873712590026,268484
2020,6412,0.022293299853757373,0,0.004462429199184049,709943
2020,6413,0.01664661138464062,0,0.0019414194089728044,308867
2020,6415,0.04345904968676994,0,0.004589675212889772,730187
2020,6416,2.328449909032063,1,0.17202221018349612,27367597
2020,6417,0.08563445318283999,0,0.002555762962004316,406605
2020,6418,0.887878312309908,0,0.20019287730006674,31849364
2020,6419,0.1285726427709453,0,0.002010234334780464,319815
2020,6421,0.18942071839399194,0,0.03962718942455479,6304424
2020,6422,0.024429424745679537,0,0.00019419411151147515,30895
2020,6423,0.03346336297087678,0,0.0010491824795362489,166918
2020,6424,0.06947026739959333,0,0.005658977949779904,900306
2020,6428,0.12283871434771879,0,0.02169329565609625,3451260
2020,6511,0.11230417376545429,0,0.00017523040753251025,27878
2020,6512,0.20071826851230293,0,0.005514534490238435,877326
2020,6513,55.66151415480258,1,5.51896407709314,878030718
2020,6514,0.7718566343624835,0,0.11266112765967463,17923641
2020,6515,0.9801593408475475,0,0.004857788170537352,772842
2020,6516,1.0938634381130934,1,0.026562083654927668,4225852
2020,6517,0.893466748020391,0,0.010580502268261141,1683288
2020,6518,0.4509625590742821,0,0.00016211232658981892,25791
2020,6519,0.12874263626546611,0,0.004261459193443431,677970
2020,6521,94.16852897156905,1,3.2270622933918593,513404288
2020,6522,49.1338237422582,1,7.140347957208888,1135982180
2020,6531,3.288714546581012,1,2.103256054723109,334614141
2020,6532,11.14945518595483,1,0.3875066464985347,61649747
2020,6534,19.579589517997384,1,1.4684599426677585,233622274
2020,6535,2.5536622692857014,1,0.04485006503898018,7135349
2020,6536,0.8179126528678455,0,0.019189646737741123,3052946
2020,6538,4.165309368673505,1,0.054924751202967116,8738165
2020,6539,3.184574999831841,1,0.13826955762958787,21997773
2020,6541,1.7599417938740627,1,0.015024288329890795,2390265
2020,6542,1.445070066332846,1,0.022439398295242136,3569960
2020,6543,2.9159353161561237,1,0.061167920605020465,9731412
2020,6544,1.0875575948221086,1,0.011906063290705938,1894176
2020,6545,8.476731966120688,1,0.05065367501678659,8058665
2020,6546,0.0,0,0.0,0
2020,6549,4.175556662344178,1,0.01565200138851172,2490130
2020,6551,1.0921715757885944,1,0.24057009787387243,38273113
2020,6552,0.5076720918321884,0,0.039752920604764014,6324427
2020,6553,0.25106047166642936,0,0.0006542383588500369,104085
2020,6560,1.3835960445850581,1,0.06936800974551699,11035992
2020,6571,2.6197777685381913,1,0.05834014760334439,9281532
2020,6572,1.192119483166612,1,0.21012838106524487,33430037
2020,6573,0.5863155304968041,0,0.08032443585993987,12779087
2020,6574,15.777066672513502,1,0.07483317700637168,11905464
2020,6575,0.36973930544816525,0,0.016032507448859954,2550666
2020,6576,0.05794571451057919,0,3.0944088395241695e-05,4923
2020,6577,0.5218781044670855,0,0.042205423464359834,6714604
2020,6579,0.3889720674594049,0,0.00021151098405441457,33650
2020,6581,6.270727825469534,1,0.16907658816428553,26898968
2020,6582,16.14179712975152,1,0.6999276982166218,111353872
2020,6583,6.737904986684514,1,0.22497195164468842,35791551
2020,6584,91.13513519238951,1,19.2940945198958,3069562952
2020,6589,9.515169498625125,1,0.5092267864624518,81014617
2020,6591,0.16298963752009973,0,0.0019861918529377257,315990
2020,6592,42.72449888179242,1,0.3077556159735239,48961885
2020,6593,18.374423338381842,1,0.018876434484087885,3003116
2020,6594,0.4762889214118649,0,0.01871290160824409,2977099
2020,6595,0.1981797952476339,0,0.012289328736551938,1955151
2020,6596,0.1397849739588283,0,0.0015407805200383518,245128
2020,6597,0.14038717320164046,0,0.0004467313122946613,71072
2020,6611,0.021434074913709456,0,0.00017716637731226537,28186
2020,6612,16.424923360874246,1,1.6235009007836074,258288266
2020,6613,0.39472994833388725,0,0.060441743369127256,9615882
2020,6618,0.004408920432693937,0,0.00020903445128420836,33256
2020,6623,0.076090903514403,0,0.0036463425096232506,580109
2020,6624,0.0732472455716604,0,0.012149794343237706,1932952
2020,6631,0.016177662181373002,0,0.000583198324918893,92783
2020,6632,0.013835329571028246,0,0.0004932197294734563,78468
2020,6633,0.2536840081065576,0,0.042538422837710047,6767582
2020,6635,0.004131926400732345,0,0.00014263320208507505,22692
2020,6637,0.0056567920925264395,0,8.333469915582255e-05,13258
2020,6638,0.026824508362573534,0,0.00027603911963547314,43916
2020,6639,0.14165656091889328,0,0.013503307500781755,2148287
2020,6641,0.8550621751635747,0,0.010291571349865025,1637321
2020,6642,0.015286024280933602,0,0.002895016523441728,460578
2020,6643,0.05651797861291978,0,0.00019143472601370728,30456
2020,6644,0.9398610270373433,0,0.06480277300828854,10309693
2020,6645,0.0011180203242186647,0,1.240780631570325e-05,1974
2020,6646,0.0,0,0.0,0
2020,6647,0.0017702167566391697,0,0.00014170293089220572,22544
2020,6648,0.037067604435416006,0,0.002096680413939464,333568
2020,6649,0.0029417844716035117,0,0.00023762143361643652,37804
2020,6651,0.2054622088516917,0,0.024337874374554917,3871995
2020,6652,0.3557184318735693,0,0.02405502164699329,3826995
2020,6658,0.03837247234531975,0,0.001273182982916551,202555
2020,6664,0.11408846120546118,0,0.00617306592493124,982094
2020,6665,0.11306258412683567,0,0.0024339414350516087,387224
2020,6666,0.004956568875874242,0,0.0001594975102639159,25375
2020,6671,1.0576621542642306,1,0.0023182798119435765,368823
2020,6672,0.000252675383482369,0,0.00014422974859175621,22946
2020,6673,0.7068596927766723,0,0.02635223835915778,4192467
2020,6674,0.02394429156245544,0,0.00046473331699991666,73936
2020,6712,0.0,0,0.0,0
2020,6713,4.126198059435504,1,0.17958494413016995,28570778
2020,6716,0.007513542690753915,0,0.0013228393506440363,210455
2020,6724,0.033250122016212094,0,0.00036975137108472326,58825
2020,6725,1.3437428951791746,1,0.30569464414503505,48633998
2020,6727,0.13238906281673196,0,0.04794048251223765,7627014
2020,6731,0.0009056356076203377,0,0.00011833929559561555,18827
2020,6732,0.0016540698771315148,0,0.00038918021066012285,61916
2020,6733,0.0017698133265070313,0,0.00020507451309834563,32626
2020,6741,0.015329609090278777,0,0.00024410818950184977,38836
2020,6744,0.1625878934971581,0,0.02567600034371962,4084882
2020,6745,0.03484789733571546,0,0.002447776076237456,389425
2020,6746,0.41121619777613017,0,0.08064455600576179,12830016
2020,6747,1.249883629115413,1,0.052934769123480066,8421572
2020,6749,0.6111197706456056,0,0.17710848678735774,28176790
2020,6750,0.7277248032336914,0,0.09135445396845812,14533890
2020,6760,0.007908455239481953,0,0.00018978160896151382,30193
2020,6770,0.0725646813587054,0,0.006683445386543435,1063292
2020,6781,0.1465309250186337,0,0.002671927434405791,425086
2020,6782,0.14780815029993594,0,0.019546324027196332,3109691
2020,6783,0.836581469936289,0,0.15076166662933682,23985185
2020,6784,0.0769766881115797,0,0.002221544179117501,353433
2020,6785,0.009748944363717102,0,0.00132311591775543,210499
2020,6793,0.06999743817161994,0,0.005641679934085469,897554
2020,6794,0.05665751419395815,0,0.00687626294811411,1093968
2020,6911,0.04599668652862046,0,0.020457612659238206,3254671
2020,6912,0.017571904718732993,0,0.002021102165134998,321544
2020,6921,0.01702618472742344,0,0.0003089191778104699,49147
2020,6924,1.3288942185846266,1,0.19005297158272025,30236172
2020,6931,0.02376263221554549,0,0.0017361437561570817,276209
2020,6932,0.04176439913151499,0,0.00011076512811313206,17622
2020,6935,0.026304804292186606,0,0.0012503976243074203,198930
2020,6940,0.05121464751543736,0,0.016999404927140443,2704493
2020,6951,0.2200727545254299,0,0.0034714829534446545,552290
2020,6953,0.501685985228337,0,0.07209056153254015,11469132
2020,6954,0.10595186359482676,0,0.0252539400748845,4017735
2020,6960,6.3788638195569884,1,0.5832078036280743,92784508
2020,6973,0.027544711258143645,0,0.005694736820159862,905995
2020,6974,0.8932424984067375,0,0.15834059860887567,25190943
2020,6975,0.7931400209545498,0,0.012937564331961502,2058281
2020,6978,0.006249771217417738,0,6.655210398716618e-05,10588
2020,6991,0.02143487245411522,0,0.008182263133043977,1301744
2020,6992,0.017521182879861714,0,0.0006665204528423794,106039
2020,6993,0.23735981833477987,0,0.006556721078979659,1043131
2020,6994,0.023043391514389854,0,0.0018114957227794984,288197
2020,6996,0.06565774347256972,0,0.006632852462006913,1055243
2020,6997,0.06710675452751302,0,0.02272826635747657,3615917
2020,6998,0.037587428589110405,0,0.009353518564179654,1488083
2020,6999,0.013447706135789128,0,0.0007674360204201989,122094
2020,7111,0.0,0,0.0,0
2020,7112,0.024690463459604715,0,0.00019855632913209217,31589
2020,7119,0.10949346373764249,0,0.0022631172444528918,360047
2020,7126,1.9520261547932523,1,0.018968851898606517,3017819
2020,7129,0.18918366102507375,0,0.007555612343555451,1202048
2020,7131,2.8100255432768617,1,0.0845383066533751,13449486
2020,7132,0.011856017151024209,0,0.00595955611493539,948126
2020,7133,0.4946004590597238,0,0.025027859032552575,3981767
2020,7138,0.09616027576493619,0,0.007976094922732394,1268944
2020,7139,0.0186253837576103,0,0.008280614169225238,1317391
2020,7144,0.09331832172552373,0,0.033190209333576214,5280343
2020,7148,0.7221068874360601,0,0.06248680001747864,9941237
2020,7149,0.1457678766632848,0,0.06859120187139026,10912407
2020,7161,1.0532182897627558,1,0.24290245746603242,38644176
2020,7162,0.6313933108147441,0,0.22888711738658626,36414428
2020,7163,0.05695703677816045,0,7.854505963577904e-05,12496
2020,7169,0.007945545796217535,0,0.0012022372332279277,191268
2020,7187,0.007840447373459835,0,0.00020086943588192949,31957
2020,7188,0.010082006749074193,0,0.0012574123719509486,200046
2020,7211,0.2574830112056011,0,0.017274501204350708,2748259
2020,7212,0.041792294775503384,0,0.007455099055412385,1186057
2020,7213,0.12806196946840395,0,0.0022715651125827323,361391
2020,7219,0.03670999048819807,0,0.0022712948310875066,361348
2020,7223,1.6857153894348829,1,0.015909472797986816,2531092
2020,7224,0.9535934127555031,0,0.14848969923731933,23623730
2020,7233,0.4171745085813209,0,0.020236792677638928,3219540
2020,7234,0.10798007276563967,0,0.03304750698971329,5257640
2020,7239,0.12152138750768618,0,0.02963935790477777,4715426
2020,7243,0.1419637216832722,0,0.005227520684773571,831664
2020,7244,0.25239633474406503,0,0.008474148291039069,1348181
2020,7245,0.15948883765442087,0,0.007387679536394031,1175331
2020,7246,0.28288536715860396,0,0.006154605070245718,979157
2020,7247,0.048966558827762165,0,0.004328677572744409,688664
2020,7248,0.09328236228267234,0,0.0007017136177672135,111638
2020,7251,0.010573641961448253,0,0.00019857518598059628,31592
2020,7252,0.05969756499547717,0,0.0022170813916381955,352723
2020,7259,0.03848766849243847,0,0.001462996019958905,232753
2020,7263,0.0518193672782659,0,0.0004075153530222841,64833
2020,7264,0.038946421138537954,0,0.0009244884259947488,147080
2020,7267,0.07255924117295606,0,0.0014297388248138262,227462
2020,7268,0.01641997838219054,0,9.051287281971976e-05,14400
2020,7269,0.007648261151018792,0,5.097634712277273e-05,8110
2020,7271,0.09952693543772628,0,0.0008434982616696038,134195
2020,7272,0.37250225874310183,0,0.04110054413995862,6538825
2020,7281,0.021802687637690606,0,0.003736880524907643,594513
2020,7283,0.22050585055285601,0,0.026825086406630633,4267694
2020,7284,0.02979288528516803,0,0.0312579166392794,4972928
2020,7361,0.037211627554755704,0,0.004506076517854892,716887
2020,7362,0.059197625771212146,0,0.004481946037385802,713048
2020,7367,0.002362270494391155,0,0.00016970535092080652,26999
2020,7368,0.00911590260047026,0,0.0008866364454308354,141058
2020,7369,0.009012586856761456,0,0.0017437179236395653,277414
2020,7371,0.0044375516501478285,0,8.000960820293144e-05,12729
2020,7372,0.07899976601807149,0,0.0029083420297179646,462698
2020,7373,0.0033241408316072433,0,0.0006594554202695069,104915
2020,7411,0.0,0,0.0,0
2020,7412,0.650491579537521,0,0.012956138327738047,2061236
2020,7413,0.026636532630850977,0,0.002988647061880794,475474
2020,7414,0.012852585587106984,0,0.002501794661585558,398019
2020,7415,0.01801796508925151,0,0.00684739311305432,1089375
2020,7416,0.023270387338199153,0,0.005669116648658946,901919
2020,7421,0.011352868756810372,0,0.0014375769881753671,228709
2020,7422,0.1547734503186518,0,0.01860551814162936,2960015
2020,7423,0.01733524789876078,0,0.0012308179299439879,195815
2020,7428,0.05666259787899995,0,0.0038729955430264642,616168
2020,7429,0.06956650676485009,0,0.007761874838109555,1234863
2020,7431,0.00865966325131723,0,0.0027056057658341286,430444
2020,7432,0.36021735867034244,0,0.027216674008283114,4329993
2020,7433,0.08287738349346585,0,2.737385841179719e-05,4355
2020,7434,0.918621344557601,0,0.1118675057622984,17797381
2020,7435,0.012121507866621764,0,0.0007849288902158434,124877
2020,7436,0.3311416716377736,0,0.1695787146118691,26978853
2020,7439,0.010168619288521006,0,0.0016541038939318746,263157
2020,7441,0.029035884259612083,0,0.0074762124401208194,1189416
2020,7442,0.04645443647457087,0,0.019987769136293673,3179922
2020,7449,0.017695071101530294,0,0.003941238477762832,627025
2020,7451,0.030481763347426933,0,0.003342822676101124,531821
2020,7452,0.053017247192223185,0,0.025675579207436357,4084815
2020,7491,0.010000113907150804,0,0.0022477426273058753,357601
2020,7492,0.01280438003323103,0,0.009046107934249514,1439176
2020,7493,0.0316464361435545,0,0.014355970190824357,2283940
2020,7499,0.03533626496728513,0,0.006991585147949069,1112315
2020,7511,0.0,0,0.0,0
2020,7512,0.047938392565235285,0,0.004576607416876425,728108
2020,7518,0.009911669504019123,0,0.004140523938370416,658730
2020,7521,0.0,0,0.0,0
2020,7522,0.002115607261506951,0,0.00041586265129343604,66161
2020,7523,0.004640787510415019,0,0.007072864450617943,1125246
2020,7524,0.007588355380521749,0,0.0007749850454380103,123295
2020,7525,0.005456068264483088,0,0.010599855680442525,1686367
2020,7528,0.005579205226680616,0,0.0011700360215990788,186145
2020,7591,0.014177362372965971,0,0.0031263649121224648,497384
2020,7599,0.00879453509292485,0,0.009379453016488973,1492209
2020,7611,0.005153020856806357,0,0.003694427473308727,587759
2020,7621,6.827579015514992e-05,0,3.7839409331577286e-06,602
2020,7622,0.0,0,0.0,0
2020,7628,0.0,0,0.0,0
2020,7631,0.028008707854146567,0,6.369214863070974e-05,10133
2020,7638,0.029137619362797296,0,0.010735549562278087,1707955
2020,7641,0.01024336825449449,0,0.012593011996094434,2003465
2020,7642,0.0013350788201206098,0,0.0004169249204258342,66330
2020,7643,0.04515948646441661,0,0.03602375253089455,5731141
2020,7648,0.020752411859537714,0,0.011022839934854345,1753661
2020,7649,0.034970197608905906,0,0.037285747117031996,5931916
2020,7711,0.027198265256330022,0,0.004685298291654105,745400
2020,7712,0.0037200276036666955,0,0.0023597145937232704,375415
2020,7721,0.005269728580180937,0,0.008650736391663876,1376275
2020,7722,0.0005581627179544573,0,0.00019217642872153558,30574
2020,7723,0.012188279701175959,0,0.0010123613400238934,161060
2020,7731,0.03235209347888438,0,0.024809132161137254,3946969
2020,7732,0.019158755857532305,0,0.0013105006861061815,208492
2020,7741,0.37139355718283673,0,0.09229537928073227,14683585
2020,7742,0.057136593156372394,0,0.010475413051547746,1666569
2020,7751,0.057503541281663725,0,0.00564020281428598,897319
2020,7752,0.058129026508453724,0,0.010867591501120022,1728962
2020,7753,0.00029654441655105665,0,1.1515248819842125e-05,1832
2020,7754,0.008575748331983194,0,0.00034541346528208747,54953
2020,7757,0.1992975890005896,0,0.057815688361515793,9198094
2020,7758,0.004603730948138877,0,0.0020863531465753807,331925
2020,7761,0.0,0,0.0,0
2020,7762,0.001863081419216093,0,1.2388949467199142e-05,1971
2020,7763,0.0016271638831461706,0,0.0012119673670560477,192816
2020,7764,0.061484426012618075,0,0.17703634677059718,28165313
2020,7768,0.001814799387189701,0,0.0006818447850600515,108477
2020,7781,0.045899081289247114,0,0.026604775559940966,4232644
2020,7782,0.015326419919065075,0,0.0004801833615409494,76394
2020,7783,0.006011529423310002,0,0.0024700083006238,392962
2020,7784,0.0006472251764250753,0,4.9310658838243165e-05,7845
2020,7788,0.00584941762765784,0,0.010463828660950055,1664726
2020,7810,0.00074467038977349,0,0.003338913022844605,531199
2020,7821,0.004969589498217438,0,0.007810494079169315,1242598
2020,7822,0.1040568892283928,0,0.009638659256026446,1533447
2020,7831,0.005159317456860687,0,0.0005672202886197452,90241
2020,7832,0.1889710769313051,0,0.03951245178702346,6286170
2020,7841,0.0612537766181958,0,0.0011447867014520777,182128
2020,7842,0.003841160931077764,0,0.0002195251446686606,34925
2020,7849,0.029875072214164366,0,0.08848376277958668,14077182
2020,7851,0.04214616639007774,0,0.010401764486906866,1654852
2020,7852,0.01253942756086029,0,0.0014853602422847775,236311
2020,7853,0.014548246552297917,0,0.002835045459582496,451037
2020,7861,0.02229758599497656,0,0.003917673702748864,623276
2020,7868,0.022727211882041333,0,0.0022473906328004654,357545
2020,7912,0.37656142705948814,0,0.004271346467675752,679543
2020,7913,0.0,0,0.0,0
2020,7914,0.0,0,0.0,0
2020,7915,0.0,0,0.0,0
2020,7919,0.026635688073762414,0,0.00262846868421999,418172
2020,7921,0.0,0,0.0,0
2020,7922,0.8511776005458006,0,0.008443298486886349,1343273
2020,7923,0.0001185943777059552,0,9.560422191582899e-06,1521
2020,7924,0.4620842624920245,0,0.29336008411453796,46671651
2020,7928,0.0,0,0.0,0
2020,7929,0.18984414426265891,0,0.1073345268072443,17076214
2020,7931,0.023858588596308017,0,0.013639328234658058,2169927
2020,7932,0.0008785774462085049,0,0.00013363219973244736,21260
2020,7933,0.016598631708582272,0,0.00025708798688884433,40901
2020,7938,0.22123870819414695,0,0.0430397447264241,6847339
2020,8121,0.05169278206018492,0,0.004412175697920601,701948
2020,8122,0.07380680005955512,0,0.007578913122690361,1205755
2020,8124,0.06517584652826248,0,0.019667806130875966,3129018
2020,8211,0.00848180787620473,0,0.0051703655769576185,822571
2020,8212,4.231004365903887,1,0.8171834981540397,130008495
2020,8219,0.03894940818554783,0,0.02645251279388646,4208420
2020,8310,0.43606684691246145,0,0.18049558534374652,28715655
2020,8421,1.3004589962981457,1,0.110923205074142,17647149
2020,8422,84.41904052438295,1,4.491365290923866,714546541
2020,8423,11.537347430288317,1,2.8597323930797103,454964528
2020,8424,13.523879770276245,1,0.7029356986906838,111832425
2020,8429,38.24212734144055,1,4.383197052559326,697337689
2020,8431,1.2362585699224447,1,0.22943928362448357,36502274
2020,8432,19.08696699047306,1,0.2561025656997166,40744226
2020,8433,0.35662887304150964,0,0.04447835255565103,7076212
2020,8434,1.5100993722799017,1,0.05470080727013232,8702537
2020,8435,0.6824396558734773,0,0.052690095228523096,8382646
2020,8439,3.7948123296393903,1,1.2923580470247824,205605626
2020,8441,0.7672941463604047,0,0.061363510123321245,9762529
2020,8442,50.99712638647306,1,0.5079351049111528,80809119
2020,8443,14.04848819667917,1,0.2415577064574266,38430235
2020,8451,5.269298114447785,1,2.712957988209719,431613690
2020,8452,4.779077023498451,1,1.3100490520132757,208420148
2020,8459,17.7321392687987,1,5.295974539646073,842554556
2020,8461,9.790740986624035,1,0.05905282333570866,9394914
2020,8462,11.773738216037893,1,3.7019383886357113,588953937
2020,8463,13.379517963924384,1,2.5187663783734786,400719088
2020,8464,27.397690447873355,1,0.8540412765230386,135872324
2020,8465,0.3530837792569488,0,0.028175224188292446,4482492
2020,8471,0.5829896300779944,0,0.022756639628859085,3620431
2020,8472,17.411772251804877,1,1.512524707965169,240632687
2020,8481,48.813786054117514,1,2.9288146649998446,465955061
2020,8482,0.23334518402505175,0,0.046529110257866824,7402474
2020,8483,0.13578788132309796,0,0.004420472711262408,703268
2020,8484,0.21336608401214457,0,0.014350225137646774,2283026
2020,8510,0.8159342388764955,0,0.728362405211563,115877646
2020,8710,0.008811463379532886,0,0.005446373268512251,866482
2020,8720,2.1079845937886246,1,2.1135451935395175,336251075
2020,8731,0.009811537496646905,0,0.0005314237045427796,84546
2020,8732,0.0028045071599965498,0,7.175030855813202e-05,11415
2020,8741,0.39249366612825914,0,0.026768761000148862,4258733
2020,8742,0.039803177379540935,0,0.0034901512334637214,555260
2020,8743,0.012753154117483676,0,0.0022399358920251744,356359
2020,8744,0.01733807388893812,0,0.0019335058182172469,307608
2020,8745,0.04478033349058665,0,0.0052218762014546736,830766
2020,8748,0.03158214549652422,0,0.026757723458157787,4256977
2020,8749,0.040290562368207584,0,0.014087366955115673,2241207
2020,8811,0.011332095828655334,0,0.00023945683353750305,38096
2020,8812,0.0,0,0.0,0
2020,8813,0.012612744847187935,0,0.0013348637343734893,212368
2020,8821,0.023410279456929525,0,0.004383739570376405,697424
2020,8822,0.005917737360659553,0,0.0003606057995602307,57370
2020,8830,0.10324380088723145,0,6.706752451294512e-06,1067
2020,8841,0.00801179513941611,0,0.0026426993192244235,420436
2020,8842,0.020652344501052283,0,0.002169379850538969,345134
2020,8851,0.013476397031329933,0,0.003554038236195641,565424
2020,8852,0.012302977555148894,0,0.0004685549716300826,74544
2020,8921,0.1347523381148346,0,0.01682319396348572,2676459
2020,8922,0.02747139413026868,0,0.0005447743532836884,86670
2020,8924,0.06747902066340697,0,0.0008687098681195965,138206
2020,8928,0.16852294682933636,0,0.03494984872296941,5560290
2020,8931,0.19057309284395355,0,0.08888002687966819,14140225
2020,8932,0.041133132104842915,0,0.001381817287148719,219838
2020,8933,0.016232512605586433,0,0.0001424320623676979,22660
2020,8935,0.5625371720050159,0,0.022232425526061042,3537032
2020,8939,0.3534095327967496,0,0.28669613670934774,45611461
2020,8941,0.0,0,0.0,0
2020,8942,0.0077830108890903785,0,0.00553467989005699,880531
2020,8946,0.23740324319914533,0,0.0042791720598049565,680788
2020,8947,5.316031526680067,1,1.2120927525273675,192835948
2020,8951,0.00673603538524788,0,2.849898370587565e-05,4534
2020,8952,0.07017192822433291,0,0.008811484739545232,1401849
2020,8959,0.02411781117826937,0,0.001625479197902638,258603
2020,8960,0.8083582753236905,0,0.0819925503923103,13044473
2020,8972,0.055573459875403144,0,0.0024639615378701488,392000
2020,8973,0.06545195307815013,0,0.03919191679053445,6235175
2020,8974,0.8607739906324606,0,0.04484010862297001,7133765
2020,8981,0.1959529553900845,0,0.0029641268732092853,471573
2020,8982,0.45770779513106796,0,0.01260979459126309,2006135
2020,8983,0.0008514458797658053,0,0.0012313270648535988,195896
2020,8989,0.42769040389515345,0,0.004735180941563639,753336
2020,8991,1.021805539359163,1,0.010121696287307682,1610295
2020,8993,1.2735942532331284,1,0.06230914964772143,9912974
2020,8994,0.13348080680815164,0,0.003415654110640158,543408
2020,8996,0.04018402334206489,0,0.017662204295211346,2809940
2020,8997,0.1494940162257117,0,0.014589103694496815,2321030
2020,8998,0.06814441701856029,0,0.0031190735973675426,496224
2020,8999,0.045522710149410096,0,0.0027492970838181472,437395
2021,5111,0.021620649317895407,0,0.003869702938652327,793756
2021,5112,0.0009395634650417834,0,0.00027879688714505543,57187
2021,5113,0.00019264437573276294,0,1.7146006121831186e-05,3517
2021,5114,0.10153819928887303,0,0.0016654929295942058,341627
2021,5121,5.1511345686395575,1,1.240672117876421,254487477
2021,5122,0.0017998390988691203,0,3.063562765697673e-05,6284
2021,5123,0.0,0,0.0,0
2021,5137,0.06441839058970678,0,0.013018913208993985,2670448
2021,5138,0.558742183227689,0,0.05785394465226312,11867039
2021,5139,0.014671181222702013,0,0.0035157356595844637,721150
2021,5145,0.01995814916396048,0,0.0013843559563136716,283960
2021,5146,0.0012297279940128895,0,0.00013507172181161637,27706
2021,5147,0.0048406041209679805,0,0.0002916137339162508,59816
2021,5148,0.0020982607257706925,0,0.00026254303886237557,53853
2021,5154,0.01009159629064424,0,0.0006197571874432156,127125
2021,5155,0.07209614233061001,0,0.02651600839423472,5438981
2021,5156,0.036276091102184445,0,0.0165519265045454,3395142
2021,5157,0.004086537492460748,0,0.00027602291003862324,56618
2021,5161,3.923030709366464e-05,0,5.240817907582747e-06,1075
2021,5162,0.0,0,0.0,0
2021,5163,0.0035804009290645237,0,8.041608500983946e-05,16495
2021,5169,2.2895494901854905,1,0.2195954526434713,45043563
2021,5221,0.0006298307191247934,0,8.478424579606657e-05,17391
2021,5222,0.19148591139328291,0,0.01708930290966086,3505369
2021,5223,0.0,0,0.0,0
2021,5224,0.42967850287869186,0,0.02209001335420514,4531118
2021,5225,0.11482103946848238,0,0.017066682077017902,3500729
2021,5231,0.12599752649075008,0,0.01804031391511945,3700441
2021,5232,0.6434025560332521,0,0.11703101788214101,24005479
2021,5233,0.0016757095616867176,0,0.00013462808048176519,27615
2021,5239,0.07151024606623842,0,0.00647237598960855,1327618
2021,5241,9.622420094180289e-05,0,6.259730412405812e-06,1284
2021,5249,0.1624928005970932,0,0.024108639907181446,4945180
2021,5311,1.4904716674958,1,0.12942892098257341,26548545
2021,5312,0.2662289693102382,0,0.003188250355283102,653976
2021,5322,0.06062122873175218,0,0.002126197387516596,436127
2021,5323,0.15774239317716846,0,0.0006459856528783739,132505
2021,5331,0.042192677506632,0,0.0069513331193876765,1425862
2021,5332,0.027303241592662782,0,0.0011823333951301168,242521
2021,5334,0.3723415269955133,0,0.06571288992965515,13479071
2021,5335,0.47439714806242805,0,0.061801123942717605,12676687
2021,5411,0.02367867154540789,0,0.0013171077309953492,270166
2021,5413,0.032017876985361106,0,0.0019141904588216652,392640
2021,5414,0.004172088757659815,0,4.627520332909343e-05,9492
2021,5415,0.010961069580241142,0,0.0010366386572993164,212636
2021,5416,0.03396513876709096,0,0.01830282770290513,3754288
2021,5417,0.28742424199485134,0,0.8846431887969448,181458590
2021,5419,0.15661952244531596,0,0.060384196912505725,12386046
2021,5513,0.1923843907798707,0,0.010712860701248047,2197429
2021,5514,0.12234439088874119,0,0.02233335793639769,4581033
2021,5530,0.18715790594178774,0,0.13488587022066487,27667878
2021,5541,3.1346263773281255,1,0.1485484241212223,30470350
2021,5542,0.435666755572681,0,0.1566447077597258,32131065
2021,5543,0.3788003194219167,0,0.00723403990045076,1483851
2021,5621,0.018709034636174782,0,0.005122321795897439,1050694
2021,5622,0.0,0,0.0,0
2021,5623,0.005221661738372128,0,0.000703074004225159,144215
2021,5629,0.028770137725349178,0,0.005657484869543096,1160467
2021,5721,0.05840054504754113,0,0.000513273517920032,105283
2021,5722,0.0012126115313072484,0,1.4055142351219593e-05,2883
2021,5723,0.1336008397919278,0,0.001077731544874214,221065
2021,5821,0.02620269459269531,0,0.001542887041633463,316478
2021,5822,0.1931941346488066,0,0.02213448961631758,4540241
2021,5823,1.5318739680100755,1,0.6969995257566325,142968999
2021,5824,0.05706383449500094,0,0.007822771445881086,1604612
2021,5825,0.1901043371330826,0,0.05373533942684648,11022228
2021,5826,0.1053486812933895,0,0.010752583663397798,2205577
2021,5827,0.0346910871835825,0,0.0029400452191799833,603064
2021,5828,0.0631036450899358,0,0.00017848031962474826,36610
2021,5829,0.06158763347672265,0,0.01340313097654236,2749259
2021,5831,0.059853164845242744,0,0.02631168474835127,5397070
2021,5832,0.031579311590963347,0,0.011326046146794125,2323206
2021,5833,2.564316820785322,1,0.40908200664316496,83911169
2021,5834,0.47668490545278025,0,0.15957066371029843,32731239
2021,5835,0.06439803491413433,0,0.0007671094862866469,157350
2021,5836,0.12307348423059074,0,0.020863174445885885,4279468
2021,5837,0.2908007779679811,0,0.01932414854637596,3963782
2021,5838,0.06641108949019804,0,0.0009222133204538516,189165
2021,5839,0.09997121589674181,0,0.046165662922055775,9469531
2021,5841,0.22189762422822162,0,0.013649156907431813,2799724
2021,5842,0.09474705213408154,0,0.0015585509932028244,319691
2021,5843,0.0605180111788341,0,0.0033816926006365678,693655
2021,5849,0.1680772010807197,0,0.00994377189210514,2039673
2021,5851,0.023328076648076724,0,0.0002927691514456435,60053
2021,5852,0.681360630759441,0,0.07508668509166994,15401830
2021,5911,0.14046802113953466,0,0.008287439424695444,1699925
2021,5912,0.04187803644165195,0,0.00349824351572176,717562
2021,5913,0.0195883799534662,0,0.00206929429298887,424455
2021,5914,0.04926337672682558,0,0.0015484057447696339,317610
2021,5921,1.4080108233327109,1,0.06823434736617191,13996274
2021,5922,0.29047985005646176,0,0.05362353206136509,10999294
2021,5981,0.14930179012788408,0,0.006776996702294504,1390102
2021,5982,0.012323935225156762,0,0.0009511182594064637,195094
2021,5983,6.099324890029011,1,0.44186436106831767,90635507
2021,5989,0.1390871107624175,0,0.10623527425508197,21791049
2021,6112,2.348512399825966,1,0.003161631875492031,648516
2021,6113,7.497151929941472,1,0.11629307659449721,23854112
2021,6114,6.650728569827075,1,0.3077616347991469,63128268
2021,6115,15.374317950468217,1,0.07185919441700253,14739805
2021,6116,44.863739016010136,1,0.26226254541278227,53795465
2021,6118,1.791537471197076,1,0.005586112242410992,1145827
2021,6121,0.5719714666372124,0,0.0042616673663450275,874156
2021,6122,2.7963459823078454,1,0.05412192165642758,11101524
2021,6123,0.15185091924057545,0,0.008891405905903626,1823811
2021,6129,0.2554118759485545,0,0.00351462899384956,720923
2021,6130,0.04643567219803321,0,0.0003506180307864592,71919
2021,6210,0.3073555234689087,0,0.03511853554189293,7203537
2021,6251,0.0284056672258442,0,0.007928226452540548,1626243
2021,6252,0.0018982592253196328,0,0.00033600224279861445,68921
2021,6253,0.150905038657689,0,0.0006371323269991457,130689
2021,6254,3.4600873308154902,1,0.07824743943486118,16050166
2021,6259,0.6368335146348917,0,0.06696772699354953,13736464
2021,6281,0.010545562819015574,0,9.227739660904767e-05,18928
2021,6282,0.005167438897301053,0,0.00020618108925347866,42292
2021,6289,0.03735947420908314,0,0.007068703064620284,1449937
2021,6330,0.028746079470512713,0,0.00047917651285432617,98289
2021,6341,0.0,0,0.0,0
2021,6342,0.051135613594980096,0,0.005835121783123182,1196904
2021,6343,0.13312228263047135,0,0.012746751441078901,2614622
2021,6344,0.18523754400413298,0,0.005744887086703229,1178395
2021,6349,0.576640118549552,0,0.010294677558479085,2111651
2021,6351,0.041895937871550666,0,0.0006821789851071128,139929
2021,6352,0.0,0,0.0,0
2021,6353,0.0068757262475598845,0,0.0008948879396426875,183560
2021,6354,0.03636481929822181,0,0.0006651353577537088,136433
2021,6359,0.0574141320723395,0,0.005091237651731162,1044318
2021,6411,0.013580173025179507,0,0.0015632994179860667,320665
2021,6412,0.08882975687646834,0,0.018202725643280578,3733755
2021,6413,0.04742832916382591,0,0.005230901792583656,1072966
2021,6415,0.1576662371785987,0,0.015336456514701013,3145824
2021,6416,1.3532309529407216,1,0.10668340075002616,21882969
2021,6417,0.11675732055254517,0,0.002838032089211454,582139
2021,6418,0.9048126634162126,0,0.18895402839812983,38758374
2021,6419,0.07516570894808823,0,0.0011026924636526546,226185
2021,6421,0.2117719573186126,0,0.04263992826942159,8746330
2021,6422,0.03586385636310505,0,0.00025407485215961156,52116
2021,6423,0.060501995143797976,0,0.0016643423872442621,341391
2021,6424,0.12727096111965971,0,0.008791040586588831,1803224
2021,6428,0.16410149046868427,0,0.02430347157867785,4985144
2021,6511,0.06427863425364541,0,0.00010526974984040397,21593
2021,6512,0.21319121031436375,0,0.005961988577922276,1222927
2021,6513,51.91911471796173,1,6.394113198233605,1311564685
2021,6514,1.0839777127210466,1,0.17638571827524008,36180354
2021,6515,1.2535958258131452,1,0.00716929751736918,1470571
2021,6516,1.9751181438377268,1,0.05146694768034341,10556934
2021,6517,1.2958475097234339,1,0.016788367832638287,3443641
2021,6518,0.8280430821492419,0,0.00029595264362578444,60706
2021,6519,0.07825346815607452,0,0.0027409038890507365,562216
2021,6521,94.53780400297045,1,2.7569592590276923,565509288
2021,6522,49.36907937228761,1,6.946606662163029,1424892506
2021,6531,5.930412182199459,1,1.930593804482146,396004665
2021,6532,17.090627531455624,1,0.3995670067835918,81959446
2021,6534,25.91341279304694,1,1.4960902526054891,306879012
2021,6535,4.266024561529015,1,0.04255148763903884,8728189
2021,6536,1.0445733605515424,1,0.021271197714683308,4363162
2021,6538,5.34549163554747,1,0.055051540374464344,11292208
2021,6539,5.967292081057773,1,0.12395738033239136,25426219
2021,6541,1.9394713655439861,1,0.012496976497193231,2563388
2021,6542,1.9682316407575897,1,0.02008733351320623,4120327
2021,6543,5.273601750545513,1,0.054676497694638816,11215279
2021,6544,1.1820522831741307,1,0.012532867568296137,2570750
2021,6545,19.29178930055002,1,0.0591370480066023,12130230
2021,6546,0.0019407909621095547,0,4.0234855991888754e-05,8253
2021,6549,11.684390355027036,1,0.014027085693491089,2877245
2021,6551,1.2136651800798495,1,0.2840536956412306,58265280
2021,6552,0.6326669268231574,0,0.054040350153888354,11084792
2021,6553,0.3730675753662153,0,0.0010746991832569894,220443
2021,6560,1.0956786832377923,1,0.05314024089705587,10900161
2021,6571,2.86796710788042,1,0.05100659911052079,10462507
2021,6572,0.781023151515576,0,0.12541355743234642,25724911
2021,6573,0.27949232613392916,0,0.03939579373211559,8080891
2021,6574,14.705345111048528,1,0.07312923716559806,15000317
2021,6575,0.7642828586594502,0,0.03138249539819149,6437198
2021,6576,0.3362759840878692,0,0.00020902331887219562,42875
2021,6577,0.4443961596104855,0,0.031871227262765686,6537447
2021,6579,0.14895031694618815,0,8.49646274356764e-05,17428
2021,6581,5.303491733273739,1,0.1438241412266109,29501302
2021,6582,10.007684943599005,1,0.47461118031046723,97352556
2021,6583,5.801757450372651,1,0.1971451732783503,40438547
2021,6584,90.35886768931668,1,19.28225445718489,3955188657
2021,6589,9.40059155256311,1,0.4780614715611294,98060282
2021,6591,0.0791888337093145,0,0.0008755529779482939,179594
2021,6592,50.304800248092455,1,0.3372555344306235,69178076
2021,6593,23.26267884775912,1,0.022726048765828278,4661582
2021,6594,0.27783039466907156,0,0.01097155234834578,2250492
2021,6595,0.0992937523208068,0,0.00597126604441356,1224830
2021,6596,0.10511858409612335,0,0.0010879352954607914,223158
2021,6597,0.18063604118577584,0,0.0005568234959371824,114216
2021,6611,0.07256347550977085,0,0.0005473705229857378,112277
2021,6612,14.22774003970674,1,1.3128760703585125,269297999
2021,6613,0.45869077575518225,0,0.0627336872691415,12867975
2021,6618,0.008645642331265602,0,0.0003915939140545829,80324
2021,6623,0.15203909126065082,0,0.0068304042931573595,1401057
2021,6624,0.11472050513325872,0,0.018003257676128252,3692840
2021,6631,0.007258962119506362,0,0.0002604077102637511,53415
2021,6632,0.009836935476710294,0,0.0003345006875283489,68613
2021,6633,0.4720973130440086,0,0.07774579809510625,15947269
2021,6635,0.0013784956452320943,0,4.6411708353663025e-05,9520
2021,6637,0.00507009407869397,0,7.804674779766718e-05,16009
2021,6638,0.03340428163044655,0,0.0003340131695834575,68513
2021,6639,0.22487829818803579,0,0.021511241800388943,4412400
2021,6641,0.313681663737529,0,0.003507798867441631,719522
2021,6642,0.006721479058448164,0,0.0012337129113422233,253060
2021,6643,0.04876636911247986,0,0.00016329413564138059,33495
2021,6644,1.021770596430805,1,0.07087773791588547,14538488
2021,6645,0.030168097951114727,0,0.00027671031034092017,56759
2021,6646,0.0,0,0.0,0
2021,6647,0.002380738979709138,0,0.00018269247466861011,37474
2021,6648,0.08247651415144068,0,0.004400059085361354,902543
2021,6649,0.0063295693826921386,0,0.00047457921863400016,97346
2021,6651,0.41562066424017885,0,0.04627810893604499,9492596
2021,6652,0.44291738032552475,0,0.03052669664737019,6261656
2021,6658,0.034769611708316786,0,0.001268784952297712,260254
2021,6664,0.1867941939430046,0,0.010149938355820272,2081962
2021,6665,0.18545813661891994,0,0.004009586462580021,822449
2021,6666,0.0181423390004696,0,0.0005895554507571922,120930
2021,6671,2.6885245299002736,1,0.007382552492003033,1514314
2021,6672,9.434071101431694e-05,0,6.724822531832225e-05,13794
2021,6673,0.4306925605402081,0,0.025685355819010925,5268597
2021,6674,0.023938436122190827,0,0.0006796731428703709,139415
2021,6712,0.0012941970444177219,0,6.0208466194090165e-05,12350
2021,6713,10.210154981175592,1,0.5224025449474552,107155552
2021,6716,0.0039366360649502235,0,0.0008755042261538048,179584
2021,6724,0.1520928951863001,0,0.002030224604885272,416441
2021,6725,0.002622881934943362,0,0.0008549845958533249,175375
2021,6727,0.004076921468009747,0,0.0020824572775009383,427155
2021,6731,0.06228041596771842,0,0.011054562028822441,2267519
2021,6732,0.006257100009428607,0,0.001907155574876882,391197
2021,6733,0.03368129834483956,0,0.004793466566170934,983239
2021,6741,0.010912758365206188,0,0.0002434177098842852,49930
2021,6744,0.10214188322585037,0,0.021569431942291183,4424336
2021,6745,0.158966125436524,0,0.014713866847997978,3018118
2021,6746,0.23275923854148606,0,0.06373814974207798,13074011
2021,6747,0.3493114161467286,0,0.015422669188075612,3163508
2021,6749,0.47396070370747806,0,0.18781277326503626,38524279
2021,6750,0.4673659444294535,0,0.08227049114307909,16875377
2021,6760,0.0,0,0.0,0
2021,6770,0.0637409619820172,0,0.007050153006817167,1446132
2021,6781,0.014562977640423004,0,0.00024243779881505346,49729
2021,6782,0.014973213717921447,0,0.0018077019141190325,370797
2021,6783,1.1673516951887906,1,0.24612427788447722,50485173
2021,6784,0.0,0,0.0,0
2021,6785,0.009028481064620791,0,0.001148967666981748,235677
2021,6793,0.09986408480346716,0,0.008259231636404027,1694139
2021,6794,0.08685088123711113,0,0.010580782339618061,2170337
2021,6911,0.01788427645698804,0,0.007990848132561852,1639088
2021,6912,0.016743954722405245,0,0.0018430274644058646,378043
2021,6921,0.00639703927977702,0,0.00010793647299896003,22140
2021,6924,1.3905380521329436,1,0.19022004912368,39018061
2021,6931,0.027638386097995512,0,0.002137181166815,438380
2021,6932,0.0,0,0.0,0
2021,6935,0.006357561887504467,0,0.0003372307880197408,69173
2021,6940,0.024885531101412974,0,0.008312395468294435,1705044
2021,6951,0.2745822886373275,0,0.0044922487287403215,921453
2021,6953,0.4855656734444403,0,0.07108174955028419,14580335
2021,6954,0.053861429115681286,0,0.012301082036576962,2523206
2021,6960,6.319482256059109,1,0.5577987658355787,114416048
2021,6973,0.03069211303730359,0,0.006355771447549422,1303700
2021,6974,0.8474718252212633,0,0.1504428944791731,30858945
2021,6975,0.3480296091991982,0,0.005651566401692115,1159253
2021,6978,0.01618535847150013,0,0.00018767978324484933,38497
2021,6991,0.02713721927584917,0,0.010180047464096766,2088138
2021,6992,0.014014584564248433,0,0.0005354945858481829,109841
2021,6993,0.2209995423743001,0,0.0065610555037843,1345808
2021,6994,0.014138765980364967,0,0.0011160992071371685,228935
2021,6996,0.04126549508902807,0,0.004157260523267081,852740
2021,6997,0.0932746908189937,0,0.032376861374489266,6641163
2021,6998,0.03636656154381809,0,0.009095490667994071,1865673
2021,6999,0.004113267128977619,0,0.00022000709817059926,45128
2021,7111,1.7394181637325787,1,0.014287776164162878,2930718
2021,7112,0.0751034893852341,0,0.0004518121306075709,92676
2021,7119,0.03757796707922159,0,0.0005684605492817406,116603
2021,7126,0.004938478251316971,0,4.6674968043904396e-05,9574
2021,7129,0.17173606055129245,0,0.006350218618157108,1302561
2021,7131,2.179534527102031,1,0.0443503118513814,9097165
2021,7132,0.007529868827518126,0,0.0033139617325528034,679762
2021,7133,0.35950004563555105,0,0.01788784755303411,3669167
2021,7138,0.025353055569042115,0,0.002032993706812255,417009
2021,7139,0.012466878440315913,0,0.005378176088555905,1103175
2021,7144,0.01907212254058238,0,0.005950556282114572,1220582
2021,7148,0.24390243648214624,0,0.017165126575629824,3520922
2021,7149,0.09588260612300907,0,0.037342763037768296,7659772
2021,7161,0.03466495260214903,0,0.007452404063147075,1528642
2021,7162,0.08103652975119142,0,0.027872536826253982,5717233
2021,7163,0.04019156433495998,0,3.680272965985317e-05,7549
2021,7169,0.016395335518893616,0,0.002576707845211307,528536
2021,7187,0.0,0,0.0,0
2021,7188,0.00847606640801916,0,0.0010053595059550831,206220
2021,7211,0.28656919956080595,0,0.020200447426779938,4143529
2021,7212,0.04498866670664829,0,0.007955273948123126,1631791
2021,7213,0.18952366498428433,0,0.002675834868946079,548869
2021,7219,0.018685055556354285,0,0.0011096688454440508,227616
2021,7223,0.8246012539083969,0,0.009061140153597023,1858627
2021,7224,1.094491871845172,1,0.18206967536919078,37346251
2021,7233,0.03105490383742833,0,0.0015098918271232117,309710
2021,7234,0.017159634499360137,0,0.005943272764017894,1219088
2021,7239,0.15448901149398353,0,0.03750965505584297,7694005
2021,7243,0.1475108446891918,0,0.005573470902099958,1143234
2021,7244,0.27356793386793393,0,0.009646156812287275,1978626
2021,7245,0.33960137609800733,0,0.015250370595992085,3128166
2021,7246,0.2359669231271487,0,0.00556529035098468,1141556
2021,7247,0.03313708922001242,0,0.00284536923428207,583644
2021,7248,0.03593888225646487,0,0.0002696315497810968,55307
2021,7251,0.04023464829787159,0,0.0006181581285839718,126797
2021,7252,0.05152788648806232,0,0.0018989262719671146,389509
2021,7259,0.014105889991096743,0,0.0004755347538059873,97542
2021,7263,0.041530622831937467,0,0.0002803081927742188,57497
2021,7264,0.12111874997629539,0,0.002698382573897307,553494
2021,7267,0.17608501985737812,0,0.0032828775883865266,673386
2021,7268,0.007105538078521425,0,3.807515149601978e-05,7810
2021,7269,0.004925142834070797,0,3.31365947142697e-05,6797
2021,7271,0.0975814726615361,0,0.0006844508187303068,140395
2021,7272,0.4321399765958029,0,0.0442968896349802,9086207
2021,7281,0.012070243966435886,0,0.002032535439944057,416915
2021,7283,0.014570043531234169,0,0.0017175159694935692,352298
2021,7284,0.02126173629103409,0,0.022390811926203145,4592818
2021,7361,0.058301230608962244,0,0.006829253750807416,1400821
2021,7362,0.011118837522788378,0,0.000886224745761967,181783
2021,7367,0.0015246043617752586,0,0.0001115392306117076,22879
2021,7368,0.007988562813336491,0,0.0007107572870366477,145791
2021,7369,0.006656096776889009,0,0.0012272191723162696,251728
2021,7371,0.14520904270900767,0,0.0022659444064197214,464792
2021,7372,0.05049961397245922,0,0.0015134068315058788,310431
2021,7373,0.012404897789345027,0,0.0024930692665857354,511380
2021,7411,0.0,0,0.0,0
2021,7412,0.0064841057097112095,0,0.0001012233508978052,20763
2021,7413,0.017776610819232385,0,0.0019681196938855536,403702
2021,7414,0.013331597086727083,0,0.0026968273916531033,553175
2021,7415,0.010346185304766907,0,0.003754468322018342,770119
2021,7416,0.012899640441395268,0,0.0028622032289191703,587097
2021,7421,0.017648151324871214,0,0.002114487206480304,433725
2021,7422,0.10196659745152843,0,0.011626503456230706,2384836
2021,7423,0.010192381526321759,0,0.0006800241557906927,139487
2021,7428,0.012456239243462572,0,0.0007359912158642275,150967
2021,7429,0.12904852860178515,0,0.013537500672513334,2776821
2021,7431,0.013174330143989423,0,0.004006051957479559,821724
2021,7432,0.1768079149257262,0,0.0124329068888756,2550246
2021,7433,0.05190177314653069,0,1.648785689622777e-05,3382
2021,7434,0.8741176579365713,0,0.10045800135129959,20606011
2021,7435,0.015569317194147062,0,0.0009273176333368647,190212
2021,7436,0.3392488784208498,0,0.16785350584077355,34430221
2021,7439,0.006449142114861908,0,0.0009307936362839405,190925
2021,7441,0.021689896816714734,0,0.005496842831521925,1127516
2021,7442,0.02311504450548687,0,0.009529147630333886,1954625
2021,7449,0.013858679141080337,0,0.00299016693909427,613345
2021,7451,0.020706134866087467,0,0.002209952970448942,453307
2021,7452,0.10638277368255916,0,0.04795589706820935,9836745
2021,7491,0.007432153810997998,0,0.0016872606058336076,346092
2021,7492,0.008709272347275645,0,0.005796154473788011,1188911
2021,7493,0.02493720348502615,0,0.011036050972454914,2263722
2021,7499,0.09404143938086339,0,0.01737456428475518,3563882
2021,7511,0.0,0,0.0,0
2021,7512,0.005464927295383244,0,0.000519352866692828,106530
2021,7518,0.005251561419821281,0,0.0020467612135759887,419833
2021,7521,0.0,0,0.0,0
2021,7522,0.0067773214738812235,0,0.001198007097058376,245736
2021,7523,0.007102940142391255,0,0.01011641174675009,2075085
2021,7524,0.004682056658127283,0,0.0004310341157962986,88414
2021,7525,0.006854151598566318,0,0.012154041749218261,2493045
2021,7528,0.01053299250500637,0,0.0020152821798743495,413376
2021,7591,0.02510671452393334,0,0.005305672419791653,1088303
2021,7599,0.014326954862609396,0,0.014903862341481063,3057090
2021,7611,0.0024353688247188924,0,0.0016604568692234775,340594
2021,7621,0.0,0,0.0,0
2021,7622,0.0010776478891064362,0,7.069010200925567e-06,1450
2021,7628,0.0029088666843997356,0,7.589679366069601e-05,15568
2021,7631,0.0,0,0.0,0
2021,7638,0.00989774380356142,0,0.0036512851489820734,748954
2021,7641,0.009293384316515104,0,0.0105240450011916,2158699
2021,7642,0.0006389288356732106,0,0.00018072290217124878,37070
2021,7643,0.011540877773799344,0,0.008431422974539676,1729459
2021,7648,0.008610788691736537,0,0.004145491840077402,850326
2021,7649,0.03709523191346151,0,0.037743692920467545,7742011
2021,7711,0.05731796659647268,0,0.008989338510673415,1843899
2021,7712,0.010388335448464809,0,0.00669749715102106,1373795
2021,7721,0.006336000529867608,0,0.009968206291503098,2044685
2021,7722,0.00048520182351647863,0,0.00016887621611038733,34640
2021,7723,0.0040178649478379465,0,0.0003479464324484542,71371
2021,7731,0.012665614961157359,0,0.009885367242307149,2027693
2021,7732,0.02338126859368087,0,0.0014103065365202417,289283
2021,7741,0.37071206197183215,0,0.08160556054286223,16738986
2021,7742,0.038402542556581196,0,0.0062404685784031525,1280049
2021,7751,0.03872905035174135,0,0.00335276816096616,687722
2021,7752,0.0616354896715387,0,0.011668907767077361,2393534
2021,7753,0.0,0,0.0,0
2021,7754,0.004937361945913166,0,0.0001726593553627447,35416
2021,7757,0.16078907001221307,0,0.044444354062950955,9116455
2021,7758,0.004869079569059561,0,0.0021782935551076933,446813
2021,7761,0.0,0,0.0,0
2021,7762,0.0027001454308588422,0,1.6843744995998507e-05,3455
2021,7763,0.001458904407662829,0,0.0010930006069082131,224197
2021,7764,0.044812662369710335,0,0.134830410179254,27656502
2021,7768,0.0019738297461458824,0,0.0007270793878316125,149139
2021,7781,0.040693190472165755,0,0.0247313514533707,5072911
2021,7782,0.01153643331254793,0,0.00028609015560063103,58683
2021,7783,0.008187555991068936,0,0.0031675990951375017,649740
2021,7784,7.115374410908143e-05,0,5.513827956721942e-06,1131
2021,7788,0.005321295966292757,0,0.009631336266762576,1975586
2021,7810,0.0015412865594986729,0,0.006224702248065364,1276815
2021,7821,0.0011474734025020653,0,0.0017609391928450477,361205
2021,7822,0.4325486041570327,0,0.03697536951449812,7584412
2021,7831,0.0028485334965208378,0,0.00022920168661125142,47014
2021,7832,0.10931137280009147,0,0.025675834593547196,5266644
2021,7841,0.07314738133233147,0,0.0011268441026425755,231139
2021,7842,0.005683192714123812,0,0.0002891712690123448,59315
2021,7849,0.04103759852417304,0,0.11670661856643082,23938938
2021,7851,0.08024509066596726,0,0.021100912571712184,4328233
2021,7852,0.01680446117977735,0,0.0020001057462498795,410263
2021,7853,0.018393248547296577,0,0.004031329762922179,826909
2021,7861,0.008503741123443622,0,0.0024185228976323883,496089
2021,7868,0.05877769673399325,0,0.006243822701864006,1280737
2021,7912,0.0,0,0.0,0
2021,7913,0.016950175598099457,0,0.0007714435208167315,158239
2021,7914,0.0,0,0.0,0
2021,7915,0.0,0,0.0,0
2021,7919,0.0012892924653896984,0,0.00010850199381503406,22256
2021,7921,0.0,0,0.0,0
2021,7922,0.06061294625844364,0,0.000974621499529679,199915
2021,7923,7.365468956008289e-05,0,5.274944163725147e-06,1082
2021,7924,0.41310286340589764,0,0.22050071008980185,45229250
2021,7928,0.0,0,0.0,0
2021,7929,0.13699806611018436,0,0.06261191503686651,12842997
2021,7931,1.763386619748008,1,0.9356605961803038,191923314
2021,7932,0.0018657958313622388,0,0.0002663359284736308,54631
2021,7933,0.020621578374322515,0,0.00025191514766374263,51673
2021,7938,0.08911773628352025,0,0.014833459875059291,3042649
2021,8121,0.0028810916754862556,0,0.00023715310429243047,48645
2021,8122,0.06235355666608936,0,0.005566928411279515,1141892
2021,8124,0.0365231635416934,0,0.010650190269432255,2184574
2021,8211,0.004872273898286482,0,0.002869320990914585,588557
2021,8212,4.86340237029692,1,0.874904574206409,179460999
2021,8219,0.04745016615937878,0,0.031285298945518486,6417261
2021,8310,0.3357981417644736,0,0.13935363579821275,28584309
2021,8421,1.3263542292035218,1,0.11014145328637108,22592287
2021,8422,128.55263220346254,1,4.385481279896595,899552791
2021,8423,12.72452242396159,1,2.9452519498328593,604132008
2021,8424,20.732566215840425,1,0.8129420866991116,166751213
2021,8429,40.106427869381385,1,4.299738973585587,881965273
2021,8431,1.4293481450588472,1,0.2675326241474174,54876467
2021,8432,16.863560669110047,1,0.21958282592869863,45040973
2021,8433,0.47132710565042557,0,0.05710572648634102,11713564
2021,8434,1.4064245996821605,1,0.04429837656471212,9086512
2021,8435,0.5765652511347183,0,0.04065218597825416,8338603
2021,8439,3.788648219244879,1,1.2483574531384578,256063898
2021,8441,0.8618109790887042,0,0.0566274177554286,11615453
2021,8442,48.11016063763576,1,0.4714961258994301,96713594
2021,8443,8.01083792005827,1,0.14760386297817463,30276601
2021,8451,7.8070978190385825,1,3.5232880487029288,722699151
2021,8452,4.987554671753017,1,1.4829362627995042,304180857
2021,8459,18.139265316786645,1,5.718990986627001,1173083175
2021,8461,10.918856521761214,1,0.06590520113337647,13518518
2021,8462,12.965254990728987,1,4.110695904910003,843188635
2021,8463,14.886465330780526,1,2.7585761659188988,565840949
2021,8464,24.619937074746307,1,0.7253829570132354,148791027
2021,8465,0.2632554929797857,0,0.021229393050908867,4354587
2021,8471,0.3099875871962183,0,0.01078499385637418,2212225
2021,8472,18.958075764427228,1,1.5374590119598626,315364599
2021,8481,45.58834662522918,1,2.692764977746015,552341715
2021,8482,0.1808878904237525,0,0.03840161788781631,7876965
2021,8483,0.30491072217296966,0,0.007022330357702213,1440425
2021,8484,0.2870033243774798,0,0.020120986876942085,4127230
2021,8510,0.7402289233616324,0,0.635544563930685,130363317
2021,8710,0.012601362941877052,0,0.007590010878272128,1556868
2021,8720,2.068933268843191,1,1.8703913201332394,383655892
2021,8731,0.08151695455686098,0,0.003480629492372833,713949
2021,8732,0.0005128775362419374,0,1.131529150092982e-05,2321
2021,8741,0.059280115731509514,0,0.0035825889953674233,734863
2021,8742,0.01440476510700758,0,0.0012329670088865395,252907
2021,8743,0.006473073656836918,0,0.0010246457158549875,210176
2021,8744,0.02171303507378519,0,0.0022393015507314053,459327
2021,8745,0.05968866872765555,0,0.005652565813479142,1159458
2021,8748,0.024451055406172588,0,0.019417849495384092,3983002
2021,8749,0.03205268756126329,0,0.010239934168447228,2100422
2021,8811,0.000506885240426908,0,9.852737666255565e-06,2021
2021,8812,0.037197865633744616,0,0.00013861110209152807,28432
2021,8813,0.009398451794299918,0,0.001060522161419547,217535
2021,8821,0.03511239133167052,0,0.005877506593252042,1205598
2021,8822,0.015439665949926415,0,0.0008588311124385182,176164
2021,8841,0.003471527032431683,0,0.001088291183560562,223231
2021,8842,0.03984780964073,0,0.0042185610296577285,865314
2021,8851,0.043502167960012106,0,0.012245802376805726,2511867
2021,8852,0.01396679922431286,0,0.0005444990422903273,111688
2021,8921,0.12076660161282825,0,0.013405588066984614,2749763
2021,8922,0.01722538640941909,0,0.00030596626221385416,62760
2021,8924,0.04762368318658893,0,0.0005591538317137635,114694
2021,8928,0.24987784766892843,0,0.049420191341946876,10137102
2021,8931,0.10289789378234002,0,0.04479648827454603,9188685
2021,8932,0.04510093054612409,0,0.001522547792972593,312306
2021,8933,0.016325608215167656,0,0.0001575657997889064,32320
2021,8935,0.4806665285757842,0,0.024809695587114752,5088981
2021,8939,0.3368336018561691,0,0.31822548108450327,65274619
2021,8941,0.0,0,0.0,0
2021,8942,0.011810654060953331,0,0.008384996640647666,1719936
2021,8946,0.0750313074620124,0,0.0014518528157838884,297805
2021,8947,4.878994278832835,1,1.1930704757228672,244723397
2021,8951,0.1439538077907155,0,0.0005842658810551204,119845
2021,8952,0.05668498105579319,0,0.006917796759958595,1418983
2021,8959,0.02723651369235097,0,0.0015917265893526853,326496
2021,8960,0.3926202264780738,0,0.04438413097121852,9104102
2021,8972,0.033758653913877154,0,0.0015893475017816152,326008
2021,8973,0.048235035921122375,0,0.03327684387665607,6825768
2021,8974,0.5121203008263107,0,0.02622550132605337,5379392
2021,8981,0.20748087753551608,0,0.0031468990831974124,645494
2021,8982,0.487545034964412,0,0.013161677963975988,2699732
2021,8983,0.002750532779225241,0,0.0039990755756881624,820293
2021,8989,0.20781634553574474,0,0.0022140237452887854,454142
2021,8991,2.879951703841315,1,0.027812391737392732,5704896
2021,8993,1.123842349497809,1,0.057281271947937515,11749572
2021,8994,0.08968105959595848,0,0.002290837072685877,469898
2021,8996,0.04833480211046834,0,0.02069240178496987,4244439
2021,8997,0.18628843911152815,0,0.017599763449038873,3610075
2021,8998,0.03799213351767827,0,0.0017692318730876506,362906
2021,8999,0.0708063637343269,0,0.004432132890955761,909122
2022,5111,0.043167457586028586,0,0.007583105884326084,1596507
2022,5112,0.0,0,0.0,0
2022,5113,0.0028576992586029507,0,0.0002359705910048123,49680
2022,5114,0.009571011863714894,0,0.00013840473130614383,29139
2022,5121,6.459340014360007,1,1.5558776158199668,327566243
2022,5122,0.0005916227752279724,0,1.8700004363646255e-05,3937
2022,5123,0.0,0,0.0,0
2022,5137,0.027813221482262694,0,0.005079219473272505,1069352
2022,5138,0.2260356701769666,0,0.024268245337874708,5109308
2022,5139,0.01255518311595123,0,0.0036868124935410087,776202
2022,5145,0.0004497351560141945,0,3.406089186987739e-05,7171
2022,5146,0.004545943518144198,0,0.00047455832765462563,99911
2022,5147,0.004613671387130836,0,0.0002823952398872808,59454
2022,5148,0.0009577498738113504,0,0.00011851727429050074,24952
2022,5154,0.005508158048939301,0,0.00034810886964878595,73289
2022,5155,0.06303986487500991,0,0.024014909439287094,5055972
2022,5156,0.02027781232975413,0,0.009743756731414671,2051399
2022,5157,0.005817137470533178,0,0.0003301688349824177,69512
2022,5161,0.0014417944649507811,0,0.00020850718606942937,43898
2022,5162,5.017697947625972e-05,0,2.7501403420246844e-06,579
2022,5163,0.001957904039301917,0,3.9974406076821664e-05,8416
2022,5169,2.994597852499226,1,0.26707269285227736,56228072
2022,5221,0.001605431838699463,0,0.0002687252849574932,56576
2022,5222,0.13601322041717162,0,0.0148083610374464,3117674
2022,5223,0.022323684675298043,0,0.00015942739305709592,33565
2022,5224,0.5200610173176398,0,0.023364888357962806,4919120
2022,5225,0.26899637808052984,0,0.06401801862161283,13478015
2022,5231,0.3034923758046013,0,0.047702699422002094,10043074
2022,5232,0.5658092879273008,0,0.14904026497920814,31378149
2022,5233,0.0010113991095391762,0,0.0001171398292141844,24662
2022,5239,0.1606402839601531,0,0.01620467236149766,3411646
2022,5241,0.0,0,0.0,0
2022,5249,0.18315518386970966,0,0.027809737375864344,5854915
2022,5311,1.9977019872582857,1,0.14443033154381538,30407598
2022,5312,0.1420625134072788,0,0.0015766853818895818,331947
2022,5322,0.06584835880522204,0,0.002539657234742332,534686
2022,5323,0.13477491906126873,0,0.0005441858013571124,114570
2022,5331,0.017358697524873682,0,0.0026996926035572502,568379
2022,5332,0.015641817173136268,0,0.0005858653894422016,123345
2022,5334,0.12418276921174959,0,0.020093461051522116,4230371
2022,5335,0.2664969929479299,0,0.0311294940052413,6553839
2022,5411,0.045388608348794164,0,0.0023556590714101174,495948
2022,5413,0.038781811979290925,0,0.0022261222365090863,468676
2022,5414,0.002593695883751976,0,3.226546346005817e-05,6793
2022,5415,0.002007547751252239,0,0.00017598048302593187,37050
2022,5416,0.03370631025404677,0,0.017413261670700047,3666096
2022,5417,0.3791403586562249,0,1.0953441061954623,230607954
2022,5419,0.18692165729197144,0,0.06930432983739357,14590967
2022,5513,0.18259442278600446,0,0.009464824103460613,1992674
2022,5514,0.22058768221619848,0,0.03803490166183036,8007667
2022,5530,0.23295555938407056,0,0.1546273674513609,32554428
2022,5541,3.4673382597664544,1,0.15329824694817024,32274602
2022,5542,0.44379466485872043,0,0.1517878356736939,31956608
2022,5543,0.20311405211596972,0,0.003465224329057182,729550
2022,5621,0.02543960443802054,0,0.009656925443690055,2033118
2022,5622,0.011832404388504936,0,0.00027177466336782103,57218
2022,5623,0.00023040144388381797,0,4.5721676912486375e-05,9626
2022,5629,0.02304837673395246,0,0.005444095174367486,1146171
2022,5721,0.0,0,0.0,0
2022,5722,0.0018086387501261806,0,1.9559720083691968e-05,4118
2022,5723,2.4806823029771627,1,0.024442097905748264,5145910
2022,5821,0.03154572331523534,0,0.0018083051463774777,380711
2022,5822,0.2481258047983333,0,0.02694204197399721,5672235
2022,5823,1.2961542046749042,1,0.5824062116220483,122616723
2022,5824,0.08308395490499167,0,0.010700701074605887,2252869
2022,5825,0.2549986963634706,0,0.06987229319065427,14710543
2022,5826,0.1440808406208864,0,0.013103654010239735,2758774
2022,5827,0.023922073390630166,0,0.0020750212614477925,436864
2022,5828,0.044331681681433185,0,0.0001322917250536641,27852
2022,5829,0.07945234683334433,0,0.014991285743581209,3156186
2022,5831,0.06661405178110893,0,0.02669493782692728,5620211
2022,5832,0.03150940410288868,0,0.00947238580194853,1994266
2022,5833,4.093982775573881,1,0.5319643059220411,111996951
2022,5834,0.3269855335945248,0,0.10142438734530942,21353354
2022,5835,0.07809297226583911,0,0.0009049339170337528,190520
2022,5836,0.1467363828201997,0,0.02357419351221438,4963186
2022,5837,0.40983235417940245,0,0.027033376082178196,5691464
2022,5838,0.052375937663457474,0,0.0007672131584551591,161525
2022,5839,0.09869518425137885,0,0.04595775674913517,9675703
2022,5841,0.2813421182522864,0,0.016558357508800223,3486109
2022,5842,0.12715446337018926,0,0.001983782149478963,417655
2022,5843,0.06806607475650812,0,0.0037627144670566463,792182
2022,5849,0.20915963735854293,0,0.0119634809730348,2518728
2022,5851,0.030668987824698075,0,0.00036149383594209436,76107
2022,5852,0.8946124403234869,0,0.09965730580519867,20981322
2022,5911,0.13898969531790187,0,0.008013842459311417,1687192
2022,5912,0.04618907510148698,0,0.003787223489793862,797342
2022,5913,0.017743327980204986,0,0.00214497647208223,451592
2022,5914,0.0171625622414748,0,0.00046982276647846224,98914
2022,5921,2.736639334254483,1,0.142807383006604,30065911
2022,5922,0.5533782320493428,0,0.10232142232730211,21542211
2022,5981,0.1765694578941821,0,0.007776033691601314,1637125
2022,5982,0.01443581456843513,0,0.001231545143870788,259283
2022,5983,7.311229026150507,1,0.5376058127248977,113184684
2022,5989,0.11362768031048466,0,0.08538057206986187,17975574
2022,6112,1.4137154186448018,1,0.0015507371665381467,326484
2022,6113,8.524511782772615,1,0.11287885011472866,23764916
2022,6114,7.185788614359449,1,0.2943701061563429,61975125
2022,6115,19.009208152502673,1,0.09473682500244511,19945390
2022,6116,52.403580949992076,1,0.2885582996439475,60751538
2022,6118,3.383341029931312,1,0.00909367865236309,1914535
2022,6121,0.6343078356542974,0,0.003686190268351362,776071
2022,6122,2.9034331824573303,1,0.05042361892916644,10615922
2022,6123,0.1529256941527918,0,0.009356666166106134,1969903
2022,6129,0.28284382793286206,0,0.0030606639603324663,644376
2022,6130,0.1359344418499474,0,0.0006941895701679614,146151
2022,6210,0.24773305384614677,0,0.026663574827482734,5613608
2022,6251,0.02452552108201285,0,0.006578093457782037,1384917
2022,6252,0.3513177285431492,0,0.06311002107673691,13286850
2022,6253,2.0714643915482776,1,0.010521690212412059,2215181
2022,6254,3.891543441546768,1,0.08309453572234363,17494284
2022,6259,0.7377075224545772,0,0.07826144668496643,16476751
2022,6281,0.025115017024904075,0,0.00020500657565134266,43161
2022,6282,0.018545941915992504,0,0.0007272577516207693,153113
2022,6289,0.03528985122249312,0,0.00591622634880143,1245571
2022,6330,0.009451955192878284,0,0.0001482653381283256,31215
2022,6341,0.0,0,0.0,0
2022,6342,0.0759673834594979,0,0.007700535451987355,1621230
2022,6343,0.13149992617517867,0,0.010464872977919313,2203219
2022,6344,0.16603094622317252,0,0.004712671838843512,992181
2022,6349,0.6142921589906436,0,0.009834758352853102,2070558
2022,6351,0.026363862068820902,0,0.00047174643977469707,99319
2022,6352,0.0,0,0.0,0
2022,6353,0.01140624509383159,0,0.001411558216102901,297182
2022,6354,0.05217412669939796,0,0.0009624683729283038,202633
2022,6359,0.17031378269181782,0,0.015133058090608418,3186034
2022,6411,0.038101381782421694,0,0.004910216462029706,1033771
2022,6412,0.17388898906330308,0,0.03733252341817423,7859792
2022,6413,0.07100090437644235,0,0.008317863586896866,1751199
2022,6415,0.12638832336458744,0,0.012615074241670332,2655911
2022,6416,1.354614585061012,1,0.09978430149142443,21008059
2022,6417,0.09208813081518627,0,0.00261039141431648,549578
2022,6418,1.4199319145507743,1,0.30343656364411165,63883929
2022,6419,0.07940323182702749,0,0.0009989231693446068,210308
2022,6421,0.37030009730283475,0,0.07315784168403251,15402265
2022,6422,0.05511767167629073,0,0.000397734890881038,83737
2022,6423,0.046691401513305385,0,0.0013832825935535522,291229
2022,6424,0.09478506741949459,0,0.006680789112937333,1406538
2022,6428,0.11951376424049577,0,0.01823386745019959,3838862
2022,6511,0.05925763654921201,0,8.91301960588829e-05,18765
2022,6512,0.05113236941075657,0,0.0013943924005656349,293568
2022,6513,47.737023376590805,1,4.493843461567055,946110031
2022,6514,1.1733111001887637,1,0.17437023073247562,36710986
2022,6515,1.4195092308241615,1,0.007323637980243558,1541880
2022,6516,2.489484996120664,1,0.06255897654886187,13170836
2022,6517,1.8408040077232921,1,0.023699864001280508,4989644
2022,6518,0.9604626395675864,0,0.00032907162873197263,69281
2022,6519,0.07647626524431556,0,0.00245854946880034,517610
2022,6521,123.95575627605113,1,2.987010152924369,628869317
2022,6522,57.7853213833693,1,7.47855660133159,1574495747
2022,6531,6.427741238652464,1,1.913220763264923,402799379
2022,6532,21.843613821804873,1,0.4726054952710683,99499861
2022,6534,24.629850668069725,1,1.4196005194273755,298875184
2022,6535,4.098573982022529,1,0.04009762566361407,8441942
2022,6536,1.2726525008153462,1,0.02437218069359869,5131190
2022,6538,3.7251211494558905,1,0.034443256373630986,7251501
2022,6539,7.173806765429808,1,0.11726122012389271,24687557
2022,6541,1.7340843517190832,1,0.011499462475119298,2421036
2022,6542,1.6586858484785658,1,0.019071582047509108,4015230
2022,6543,5.270875194993321,1,0.052018481836252795,10951696
2022,6544,1.026596223103253,1,0.01154158379559093,2429904
2022,6545,23.05712343560556,1,0.058465556518224104,12309029
2022,6546,0.0038721940690844433,0,6.887700362642479e-05,14501
2022,6549,14.521238175988938,1,0.01333865089006991,2808249
2022,6551,1.5434609503953853,1,0.33252207165041775,70007438
2022,6552,0.7037283850351919,0,0.05507783959866806,11595797
2022,6553,0.26872700822522366,0,0.0007091704728255535,149305
2022,6560,1.2422017351386845,1,0.05758716929267839,12124098
2022,6571,3.243242161772894,1,0.052674178941253626,11089743
2022,6572,0.7640740347552981,0,0.10375852502485475,21844771
2022,6573,0.3240695007936584,0,0.043662363274719194,9192443
2022,6574,16.275497469223716,1,0.07983872104337139,16808822
2022,6575,0.6788988560861987,0,0.025980770553342122,5469854
2022,6576,0.06444068631139335,0,6.234126422983417e-05,13125
2022,6577,0.47930715341722047,0,0.032074449826457956,6752785
2022,6579,0.18213460936394124,0,9.882455950978512e-05,20806
2022,6581,7.160583372778557,1,0.17896347808320254,37678024
2022,6582,11.541701216509399,1,0.5108370533415012,107548931
2022,6583,7.137236142537282,1,0.22817769548555264,48039325
2022,6584,97.78269906516711,1,18.226202300836633,3837248220
2022,6589,9.702087332321291,1,0.4553341911900092,95863652
2022,6591,0.09764469526749908,0,0.0010182263996554675,214372
2022,6592,53.924420480673966,1,0.3297098845324209,69415375
2022,6593,29.079743612403593,1,0.023015373544374055,4845535
2022,6594,0.6202600438648497,0,0.020133919938280953,4238889
2022,6595,0.2070948995882274,0,0.010722212966849462,2257398
2022,6596,0.09014862752288537,0,0.0007655269756893235,161170
2022,6597,0.3051328014106267,0,0.0008940046028247739,188219
2022,6611,0.07989529449344827,0,0.0006430056110562895,135375
2022,6612,9.264233446223125,1,0.7939734014281356,167158960
2022,6613,0.473832870111209,0,0.06530586327062009,13749151
2022,6618,0.0272731618450483,0,0.0011335375517855766,238649
2022,6623,0.08836248912483764,0,0.004091909590864427,861489
2022,6624,0.02824314458527505,0,0.004572718669279164,962716
2022,6631,0.016687826763357894,0,0.0005167841439596333,108801
2022,6632,0.015047812271170441,0,0.0004352631444947461,91638
2022,6633,0.3903551894873565,0,0.061382538707664955,12923155
2022,6635,0.007187725618896397,0,0.000229686591570445,48357
2022,6637,0.010685331759284154,0,0.0001576272148366687,33186
2022,6638,0.09674391173353065,0,0.0008794796819855485,185161
2022,6639,0.13134381415111493,0,0.011424116229444795,2405173
2022,6641,0.5266047064724961,0,0.005767766268438177,1214315
2022,6642,0.014918980829222642,0,0.002575812793090332,542298
2022,6643,0.1937388524307015,0,0.00045680353560196885,96173
2022,6644,1.998636376643296,1,0.13736201013318297,28919471
2022,6645,0.0,0,0.0,0
2022,6646,0.0,0,0.0,0
2022,6647,0.012470395289839595,0,0.0008677856482686836,182699
2022,6648,0.06592417728695667,0,0.0032957368371323687,693867
2022,6649,0.004883003817265338,0,0.0003741188325381248,78765
2022,6651,0.22136473012028918,0,0.024257648510408288,5107077
2022,6652,0.5046866630044279,0,0.03395219720392421,7148116
2022,6658,0.031068767426488397,0,0.0011211452959093377,236040
2022,6664,0.13593299369909576,0,0.00746867819696906,1572416
2022,6665,0.1345222063330036,0,0.0029408167390717293,619144
2022,6666,0.06530856458047257,0,0.0019216118784310164,404566
2022,6671,1.2988850271251169,1,0.003653578068716921,769205
2022,6672,0.0005203653678060681,0,0.00037055172477152627,78014
2022,6673,0.47089384902204123,0,0.03164493870260948,6662358
2022,6674,0.05044143068390685,0,0.0016677297516234837,351115
2022,6712,0.0,0,0.0,0
2022,6713,9.007211888430609,1,0.3936214836473618,82870985
2022,6716,0.0005544456830256318,0,0.00014761936388563932,31079
2022,6724,0.0007645882107626214,0,9.684863829686237e-06,2039
2022,6725,1.7934735367230312,1,0.4507454276604962,94897558
2022,6727,0.00010340332925777552,0,4.970201820197978e-05,10464
2022,6731,0.007850735803819604,0,0.001214654817348785,255727
2022,6732,0.004081011919225617,0,0.0012154955338263987,255904
2022,6733,0.00420806892064279,0,0.0006177271190005809,130053
2022,6741,0.016683910200360155,0,0.0003203462266450998,67444
2022,6744,0.05826225689663935,0,0.010409699177896933,2191603
2022,6745,0.0678920488733199,0,0.006265280430761206,1319059
2022,6746,0.10545716236204795,0,0.02844103945358255,5987826
2022,6747,0.09940193604178223,0,0.005418355950682803,1140752
2022,6749,0.2947814129197406,0,0.10124980330660224,21316598
2022,6750,0.2739245092083091,0,0.04125303609324943,8685196
2022,6760,0.00038419669237773393,0,8.625656064105055e-06,1816
2022,6770,0.11943687586949465,0,0.013832298706558036,2912179
2022,6781,0.02982256224742446,0,0.0006224674299873522,131051
2022,6782,0.030967947719620127,0,0.004687241352848347,986827
2022,6783,0.8132873083319172,0,0.177022643721241,37269411
2022,6784,0.004106909246785668,0,8.689778507312884e-05,18295
2022,6785,0.008611080538467151,0,0.0011477442353140669,241640
2022,6793,0.10047275044361965,0,0.008332269762470892,1754232
2022,6794,0.0792047564850784,0,0.00955521774914122,2011705
2022,6911,0.01881829957284584,0,0.008515298964439075,1792766
2022,6912,0.004110199057885622,0,0.0004726441539796067,99508
2022,6921,0.025727319278953484,0,0.00045529784563923687,95856
2022,6924,1.8644297715773395,1,0.25114399398672493,52874528
2022,6931,0.02657053692743134,0,0.002205398812826437,464313
2022,6932,0.005200323105669669,0,1.700907178720275e-05,3581
2022,6935,0.0036742622671018057,0,0.0002020854421274304,42546
2022,6940,0.030798587256026567,0,0.010360082656285897,2181157
2022,6951,0.2272710069541,0,0.0034876861834223544,734279
2022,6953,0.51268089182182,0,0.06813218582498629,14344190
2022,6954,0.08155757734824062,0,0.016525750058976392,3479244
2022,6960,3.5095311880424283,1,0.2923443214316575,61548627
2022,6973,0.03120997922391947,0,0.005640889327477618,1187603
2022,6974,0.9494686714784255,0,0.14442408554286587,30406283
2022,6975,0.30045177599990136,0,0.004540030472674995,955834
2022,6978,0.013484412827623735,0,0.00016726458056027504,35215
2022,6991,0.04075585884072655,0,0.014223740098383493,2994591
2022,6992,0.011650022391933388,0,0.0004426680992325985,93197
2022,6993,0.23720580480666173,0,0.0071683761710896665,1509192
2022,6994,0.015159429698947135,0,0.001075879600815218,226510
2022,6996,0.03298266671006809,0,0.0033131923911167223,697542
2022,6997,0.09038845844529321,0,0.031416297069372795,6614221
2022,6998,0.04093685949919685,0,0.010038601224905488,2113474
2022,6999,0.004439853568212986,0,0.000277037453521471,58326
2022,7111,1.0103067390587148,1,0.00815600429080848,1717122
2022,7112,0.03751099322989578,0,0.00019373052526798067,40787
2022,7119,0.04158523635906237,0,0.0005885585320569304,123912
2022,7126,0.01998464995954994,0,0.00015062124418988734,31711
2022,7129,0.7908078056169929,0,0.024919943102343616,5246513
2022,7131,0.9134377187186073,0,0.02226108937039384,4686732
2022,7132,0.013360050896947287,0,0.005323763472424734,1120837
2022,7133,0.4006626534427605,0,0.01925293456633267,4053411
2022,7138,0.1273160260101415,0,0.009814201172541732,2066230
2022,7139,0.02915754259696215,0,0.011606033975730711,2443473
2022,7144,0.00011934185594773937,0,3.657354168150271e-05,7700
2022,7148,0.7873116879226004,0,0.051488759208197,10840171
2022,7149,0.1792228017731847,0,0.07250538394986633,15264900
2022,7161,0.2126009055115325,0,0.04256504302881952,8961419
2022,7162,0.20623117246878148,0,0.067407478721662,14191614
2022,7163,0.005741823993518202,0,5.049048676290569e-06,1063
2022,7169,0.018785515400810558,0,0.00281634795208942,592939
2022,7187,0.0004436351089442832,0,7.039219321037275e-06,1482
2022,7188,0.08303411239425228,0,0.00899885343338523,1894571
2022,7211,0.29073990054684185,0,0.019986348072501395,4207820
2022,7212,0.03113119577826404,0,0.005469478162256571,1151515
2022,7213,0.45946966372160575,0,0.005611312256821681,1181376
2022,7219,0.022298050300206332,0,0.001266783988771446,266702
2022,7223,0.5181549111637146,0,0.00656952004963462,1383112
2022,7224,0.8700266814447678,0,0.1442367767615399,30366848
2022,7233,0.03894609806676248,0,0.0018697914446978742,393656
2022,7234,0.01897227548581776,0,0.006650019839818789,1400060
2022,7239,0.08172692441199914,0,0.020578487961756747,4332486
2022,7243,0.038092312198068884,0,0.0012717522906674009,267748
2022,7244,0.42007678075502364,0,0.015789942648261245,3324331
2022,7245,0.3214329108073097,0,0.012129619848480981,2553706
2022,7246,0.328781525532052,0,0.007730516256544972,1627542
2022,7247,0.04117923937959104,0,0.003051819812980394,642514
2022,7248,0.06317739975046108,0,0.00046748110984872447,98421
2022,7251,0.006519054530173681,0,9.02606509835839e-05,19003
2022,7252,0.049496836816899294,0,0.0016362147582394877,344480
2022,7259,0.005781953962264898,0,0.00017376232147200176,36583
2022,7263,0.276141162856219,0,0.0017121974785354612,360477
2022,7264,0.077725047797611,0,0.0016577741485891422,349019
2022,7267,0.07286492436364841,0,0.0012998569200348622,273665
2022,7268,0.0,0,0.0,0
2022,7269,0.002928360153913248,0,1.84957625075028e-05,3894
2022,7271,0.3649761344755989,0,0.0024654556934243536,519064
2022,7272,0.5963352219839836,0,0.05728759398782202,12061027
2022,7281,0.018278792580468353,0,0.002899251146441232,610393
2022,7283,0.05359141496276914,0,0.006323641353701547,1331346
2022,7284,0.03132225659297191,0,0.031520370169604406,6636132
2022,7361,0.06886693690534322,0,0.007660779537198501,1612860
2022,7362,0.00873211579966334,0,0.0006736371396672,141824
2022,7367,0.007775092537691559,0,0.000550360555147496,115870
2022,7368,0.01256394604134195,0,0.0010484731936071308,220740
2022,7369,0.005830402554199769,0,0.0010267523096968048,216167
2022,7371,0.028849952780992023,0,0.0004549083611693819,95774
2022,7372,0.09730081585807168,0,0.002899412640001903,610427
2022,7373,0.011707052743851885,0,0.0023094434141944006,486218
2022,7411,0.0,0,0.0,0
2022,7412,0.10814197274783197,0,0.0014564106776741258,306625
2022,7413,0.02248056365792167,0,0.0026576757789189944,559533
2022,7414,0.01147206246812733,0,0.0023163021407123343,487662
2022,7415,0.02849168555296844,0,0.010326748485439042,2174139
2022,7416,0.010174740442829965,0,0.002204705340477671,464167
2022,7421,0.05000489810887632,0,0.005562550701120083,1171110
2022,7422,0.2524553890867792,0,0.024854737702317165,5232785
2022,7423,0.004890479747795423,0,0.0002955617148926218,62226
2022,7428,0.01887103174572996,0,0.001029625945114637,216772
2022,7429,0.10489625573612599,0,0.010298225872738077,2168134
2022,7431,0.0037359583510364097,0,0.0010456660555378105,220149
2022,7432,0.07402325852311963,0,0.00465603509715387,980257
2022,7433,0.0,0,0.0,0
2022,7434,0.9435734987029111,0,0.1058502276211578,22285147
2022,7435,0.024177573276658534,0,0.001339717330657092,282057
2022,7436,0.3679773145529021,0,0.16944445389089416,35673939
2022,7439,0.006598051325539466,0,0.0008983174308568265,189127
2022,7441,0.11120818219369194,0,0.029297891037831647,6168223
2022,7442,0.02344254836346721,0,0.009280773692211712,1953925
2022,7449,0.015387546500821525,0,0.0032030680321705352,674357
2022,7451,0.017356065819036256,0,0.0016389743982027282,345061
2022,7452,0.08754056754511697,0,0.03472054081730407,7309879
2022,7491,0.007783616956655147,0,0.001595090897995533,335822
2022,7492,0.014211903062508857,0,0.008829722177256015,1858963
2022,7493,0.03147561676222174,0,0.012988556599586984,2734542
2022,7499,0.05544175270337138,0,0.009791145591850561,2061376
2022,7511,0.0,0,0.0,0
2022,7512,0.018452626380067522,0,0.001822060597898209,383607
2022,7518,0.009180832581947294,0,0.0032780722914812644,690148
2022,7521,0.0,0,0.0,0
2022,7522,0.004667527779838969,0,0.0008595922249699054,180974
2022,7523,0.00730674996489952,0,0.009832250452852085,2070030
2022,7524,0.003398736712678824,0,0.000256385276997942,53978
2022,7525,0.01115850816495672,0,0.018035325366785718,3797062
2022,7528,0.01888010412051061,0,0.0036996654810462224,778908
2022,7591,0.014359408098209297,0,0.0023511894996280014,495007
2022,7599,0.00442552896734982,0,0.003991004614308344,840245
2022,7611,0.004228088681244063,0,0.002433299475608279,512294
2022,7621,0.0,0,0.0,0
2022,7622,0.0,0,0.0,0
2022,7628,0.0011382868161582968,0,2.5349739214828568e-05,5337
2022,7631,0.0,0,0.0,0
2022,7638,0.004291655113685182,0,0.0014021108428036143,295193
2022,7641,0.01027135302235996,0,0.011108695556400178,2338766
2022,7642,0.002600267952301998,0,0.0006850651839900177,144230
2022,7643,0.014902178412838788,0,0.010422338423924787,2194264
2022,7648,0.012371955776751351,0,0.005593476717988689,1177621
2022,7649,0.016627789076486463,0,0.012565310475930446,2645434
2022,7711,0.025467673364405075,0,0.004214967684096163,887397
2022,7712,0.005368378138328127,0,0.003575486432511001,752764
2022,7721,0.003763367606587661,0,0.0056757956856357174,1194952
2022,7722,0.003293313362116181,0,0.00105628663205727,222385
2022,7723,0.005504094757941493,0,0.00048299874110501915,101688
2022,7731,0.02549333137107595,0,0.019481675945592126,4101569
2022,7732,0.01182273865790166,0,0.0006455467597315628,135910
2022,7741,0.3995775702199559,0,0.08261775923313508,17393906
2022,7742,0.02505227418017286,0,0.0037754487092966607,794863
2022,7751,0.03426018899587392,0,0.002493778814079782,525027
2022,7752,0.030303965334558536,0,0.004725225588280422,994824
2022,7753,0.0,0,0.0,0
2022,7754,0.0055316127481962645,0,0.00015862467506434603,33396
2022,7757,0.1727250739108967,0,0.0422226244322791,8889328
2022,7758,0.004781341713090027,0,0.0019083504072135154,401774
2022,7761,0.07619502937369052,0,9.062638640039892e-06,1908
2022,7762,0.008840408653294322,0,4.460547141960934e-05,9391
2022,7763,0.0012139261313985346,0,0.0009659309848615265,203362
2022,7764,0.058205682993069205,0,0.17839461226592632,37558258
2022,7768,0.0016011308210083168,0,0.0005853951581920108,123246
2022,7781,0.03137396067597783,0,0.020615636230521817,4340307
2022,7782,0.008493696564410656,0,0.0001964949150418293,41369
2022,7783,0.0060885584623883385,0,0.0021482253425380935,452276
2022,7784,5.994803910253522e-05,0,3.6241054938943597e-06,763
2022,7788,0.0053163751651294396,0,0.009570773378882381,2014980
2022,7810,0.0015044925953021932,0,0.005964935656586341,1255826
2022,7821,0.0010470284085460678,0,0.001573569506130742,331291
2022,7822,0.015318001070447113,0,0.0012258121224669471,258076
2022,7831,0.0004214174310830896,0,3.517234755214644e-05,7405
2022,7832,0.01366611191077366,0,0.002694743300903728,567337
2022,7841,0.0,0,0.0,0
2022,7842,0.002904828686365611,0,0.00014782835555239075,31123
2022,7849,0.039280926339942616,0,0.10557967840892685,22228187
2022,7851,0.15549443849523673,0,0.038900017916537355,8189804
2022,7852,0.021661616215771808,0,0.002413032033743997,508027
2022,7853,0.019679580242317533,0,0.004217679825953325,887968
2022,7861,0.02094734577823952,0,0.004759951453635418,1002135
2022,7868,0.06473073166724486,0,0.006574379105886591,1384135
2022,7911,0.0,0,0.0,0
2022,7912,0.0,0,0.0,0
2022,7913,0.0,0,0.0,0
2022,7914,0.0,0,0.0,0
2022,7915,0.0,0,0.0,0
2022,7919,0.00140662700020438,0,0.00010397810401945142,21891
2022,7921,0.040990516373625274,0,0.0016291375404335862,342990
2022,7922,0.0,0,0.0,0
2022,7923,0.41244877125217444,0,0.024856675625045222,5233193
2022,7924,0.009473452463046329,0,0.004638142560593582,976490
2022,7928,0.08090537680799645,0,0.0009113414115439277,191869
2022,7929,0.09461331652498567,0,0.04207794995097042,8858869
2022,7931,0.15811535103704974,0,0.07585855074705987,15970858
2022,7932,0.0037367422913159756,0,0.0003659919065878584,77054
2022,7933,0.020604281265016126,0,0.0002232695974390541,47006
2022,7938,0.004402430830153994,0,0.0006284236924897684,132305
2022,8121,0.0011535630673370262,0,8.452762957974316e-05,17796
2022,8122,0.0712484688163492,0,0.005687418472193463,1197399
2022,8124,0.035189844286456815,0,0.009031147395708936,1901370
2022,8211,0.013035699514978082,0,0.006321997919231182,1331000
2022,8212,5.588439603808319,1,0.8828049388956094,185861082
2022,8219,0.047292988038952294,0,0.028419660556036,5983325
2022,8310,0.3457887661836871,0,0.15775973930244214,33213901
2022,8421,1.1639880997744203,1,0.10240309057089583,21559405
2022,8422,131.59183625114434,1,4.530633874851107,953855690
2022,8423,14.281463107330628,1,3.4718133945774685,730937227
2022,8424,20.597070513912975,1,0.9324302809049445,196308939
2022,8429,39.00497134555474,1,4.472865068050969,941693351
2022,8431,1.0429761486714924,1,0.1890871104176122,39809400
2022,8432,20.496348772873613,1,0.27628253287286936,58167063
2022,8433,0.36609498367043025,0,0.046714111840540466,9834942
2022,8434,1.7762385765404127,1,0.056438764833689814,11882319
2022,8435,0.7356494413857732,0,0.052074857338358996,10963565
2022,8439,4.288312159585545,1,1.4332761503808398,301754379
2022,8441,1.1691078712592964,1,0.09249016458486709,19472390
2022,8442,51.73053217079842,1,0.48286011313261445,101658814
2022,8443,9.335880002111066,1,0.16262564953112055,34238344
2022,8451,8.499691370010538,1,3.8976921910098854,820599496
2022,8452,4.9484764420374585,1,1.397511116711218,294224598
2022,8459,18.746392201499344,1,5.937656677297245,1250082828
2022,8461,10.852495663475958,1,0.0664814081474227,13996644
2022,8462,13.236832217194516,1,4.2800258114949035,901093994
2022,8463,14.745923227844536,1,2.8613762516493524,602419020
2022,8464,24.29030189963271,1,0.6991147437835956,147187920
2022,8465,0.31658322160374724,0,0.02413312747550929,5080861
2022,8471,0.4920818538867214,0,0.01572205835505189,3310039
2022,8472,18.78273321399823,1,1.5048279908519102,316818525
2022,8481,50.32280939904496,1,2.7102968597274613,570611564
2022,8482,0.6520469728310466,0,0.058363901071591964,12287627
2022,8483,0.8132149403367785,0,0.01372526647431765,2889645
2022,8484,0.36432671940142275,0,0.028554317686772444,6011675
2022,8510,0.8200495686190322,0,0.782853733809231,164817884
2022,8710,0.06277871213701443,0,0.022145250989286245,4662344
2022,8720,2.2516792331809787,1,1.8885839516231109,397612475
2022,8731,0.09154483436722494,0,0.003835975545874244,807606
2022,8732,0.004109704098160411,0,8.852222030106052e-05,18637
2022,8741,0.17035347838186837,0,0.009401133893018112,1979265
2022,8742,0.016376059631193467,0,0.001331846894479657,280400
2022,8743,0.010986830587762328,0,0.0016211768578545996,341314
2022,8744,0.010324897926297216,0,0.0009628626072087667,202716
2022,8745,0.13823598680894858,0,0.012114548699421837,2550533
2022,8748,0.020511788051634235,0,0.015376941866086135,3237380
2022,8749,0.025128405774040952,0,0.007535175545480883,1586416
2022,8811,0.0007843565039492373,0,1.5028400763672022e-05,3164
2022,8812,0.0005539931162314132,0,2.313157766089847e-06,487
2022,8813,0.017492182650780206,0,0.002087575010884703,439507
2022,8821,0.010731747411071593,0,0.0017357802882041185,365442
2022,8822,0.0037001780436343415,0,0.00018501937261293183,38953
2022,8830,0.1899205485372644,0,6.678233714830235e-06,1406
2022,8841,0.00858203120491985,0,0.002501003276014531,526548
2022,8842,0.021945149387774438,0,0.0023583902125097105,496523
2022,8851,0.046942795479896784,0,0.01226683237732452,2582594
2022,8852,0.012839123623420606,0,0.00047369861193457993,99730
2022,8921,0.15153854375329873,0,0.014381125072879152,3027726
2022,8922,0.053451148434154654,0,0.0007873428558118097,165763
2022,8924,0.0529011100258675,0,0.0005167603949065933,108796
2022,8928,0.29428907874697896,0,0.0583697480884504,12288858
2022,8931,0.2364999190209506,0,0.0993670021306491,20920203
2022,8932,0.06090481498169698,0,0.0019199066964227488,404207
2022,8933,0.014568896236332972,0,0.00015092048225819052,31774
2022,8935,0.5552239867568564,0,0.02396717859248743,5045923
2022,8939,0.38042682255395294,0,0.3178772180933407,66924188
2022,8941,0.004615421045257134,0,6.662084358763079e-05,14026
2022,8942,0.01092201910262661,0,0.0077078644097554804,1622773
2022,8946,0.11186314636063437,0,0.0018868527644017646,397248
2022,8947,7.679306894431499,1,1.528414757112804,321784358
2022,8951,0.017980328125930006,0,7.29713403705099e-05,15363
2022,8952,0.05895067420461012,0,0.007238146139110393,1523881
2022,8959,0.03529351367337224,0,0.0017992330081162218,378801
2022,8960,0.24665097237794964,0,0.02960418732469832,6232709
2022,8972,0.02832955636022946,0,0.001363143396575686,286989
2022,8973,0.10364961288238737,0,0.0756275342085192,15922221
2022,8974,0.0006089514453928626,0,2.8147377662933126e-05,5926
2022,8981,0.2563034108652191,0,0.0033315456593059857,701406
2022,8982,0.5458631569277954,0,0.01432033224690752,3014927
2022,8983,0.0008937733866725005,0,0.0012577213501314063,264794
2022,8989,0.22028702692317037,0,0.002174306552586552,457767
2022,8991,6.008923291558013,1,0.05681872593327577,11962314
2022,8993,1.2647695737369375,1,0.06313661526633105,13292449
2022,8994,0.11641368585830413,0,0.003160419482721417,665378
2022,8996,0.05836974991978814,0,0.023129487744230955,4869560
2022,8997,0.3178863578424861,0,0.02866661270916648,6035317
2022,8998,0.03407892823305012,0,0.0016278693410012538,342723
2022,8999,0.10588000036609951,0,0.006511947595255205,1370991
2023,5111,0.022688479579677453,0,0.0035704262698806827,701961
2023,5112,0.003037211720876814,0,0.0007839809942173273,154134
2023,5113,0.00018529863607229412,0,1.2771849666392284e-05,2511
2023,5114,0.06276858939451563,0,0.0008729465149321289,171625
2023,5121,6.698673889373578,1,1.4343609080252042,282001459
2023,5122,0.0007149321983588014,0,1.0050647128949086e-05,1976
2023,5123,0.0,0,0.0,0
2023,5137,0.01337746152427255,0,0.0019744333521304223,388182
2023,5138,0.12059342556591021,0,0.012113028729817696,2381473
2023,5139,0.011966823862787178,0,0.0043161273196180155,848569
2023,5145,7.727637957357104e-05,0,5.1575689214344e-06,1014
2023,5146,0.009981118148156488,0,0.001004723926782743,197533
2023,5147,0.012968849974741447,0,0.0007131737782850902,140213
2023,5148,0.0005142286443937218,0,5.77810482716911e-05,11360
2023,5154,0.003378556282632879,0,0.00020601792070392398,40504
2023,5155,0.08171422120525901,0,0.02854928025129029,5612910
2023,5156,0.01211504442729661,0,0.007020300724172691,1380221
2023,5157,0.0017210274020983164,0,9.931117671696909e-05,19525
2023,5161,0.0,0,0.0,0
2023,5162,2.667543512168888e-05,0,1.3173672097154926e-06,259
2023,5163,0.0,0,0.0,0
2023,5169,2.6388157332222004,1,0.25662872744844933,50454300
2023,5221,0.0020660392334463334,0,0.000317505842980966,62423
2023,5222,0.12558580728643617,0,0.011776108251163046,2315233
2023,5223,0.0,0,0.0,0
2023,5224,0.29406690386421297,0,0.013712434595049497,2695923
2023,5225,0.2266608406508851,0,0.04542204826428796,8930168
2023,5231,0.3113116644385687,0,0.04869728255199471,9574093
2023,5232,1.1682786190947854,1,0.2896647010116766,56949313
2023,5233,0.001161189434257057,0,0.00015873511923089224,31208
2023,5239,0.10054510093823721,0,0.010013587910841028,1968714
2023,5241,0.000700526614653537,0,7.437275421027001e-05,14622
2023,5249,0.16812428175025143,0,0.02732883871550661,5372966
2023,5311,2.120463890449855,1,0.14181780996439852,27881985
2023,5312,0.08896595363699124,0,0.000895957207043144,176149
2023,5322,0.07024500980391651,0,0.0027401695734471723,538729
2023,5323,0.0925070947328824,0,0.00033118815106642803,65113
2023,5331,0.027492334231213795,0,0.004170067409215736,819853
2023,5332,0.10570734385407715,0,0.003947824000484814,776159
2023,5334,0.29294602532439035,0,0.050838253499416654,9995017
2023,5335,0.14259027471408212,0,0.017758852595507767,3491466
2023,5411,0.0568299790131569,0,0.0027470768501683834,540087
2023,5413,0.04472431387813859,0,0.0029636489676296805,582666
2023,5414,0.0,0,0.0,0
2023,5415,6.49448040110271e-05,0,8.046621335018955e-06,1582
2023,5416,0.028117845045380258,0,0.01687490937050844,3317679
2023,5417,0.3829379388170336,0,1.1926144118222322,234473069
2023,5419,0.14838721694583457,0,0.06399280596977112,12581258
2023,5513,0.24678603474954933,0,0.013784579523630982,2710107
2023,5514,0.12791820614770147,0,0.025173427592376625,4949203
2023,5530,0.1981704634476674,0,0.15750675314641074,30966498
2023,5541,2.748084998327712,1,0.13362048487240405,26270356
2023,5542,0.39870468999480935,0,0.1496830110151081,29428317
2023,5543,0.17357666110567546,0,0.002948964646647253,579779
2023,5621,0.025497860399893466,0,0.006819175881676282,1340679
2023,5622,0.02143228701914801,0,0.0003962579530505605,77906
2023,5623,0.01432738584072389,0,0.0023070660294036427,453579
2023,5629,0.03150392623004905,0,0.006374058355588937,1253167
2023,5721,0.7383654188664616,0,0.009985078863696413,1963109
2023,5722,0.015771657739873848,0,0.00021478680514233907,42228
2023,5723,0.001149603837813431,0,1.2019068403697718e-05,2363
2023,5821,0.06627499320213258,0,0.0036217883319799382,712059
2023,5822,0.18929323172410034,0,0.02104132477332813,4136814
2023,5823,2.1263935183461533,1,0.8857434149209454,174140925
2023,5824,0.09335405589415777,0,0.011068361618873195,2176087
2023,5825,0.21470449570694938,0,0.059226668045858244,11644215
2023,5826,0.13119184159481412,0,0.011119438844818997,2186129
2023,5827,0.019381786066050462,0,0.0016332250720943436,321099
2023,5828,0.06455191981522361,0,0.00018213746105290375,35809
2023,5829,0.08135643231442984,0,0.014900328513941408,2929468
2023,5831,0.035500759046217724,0,0.013013578919835253,2558525
2023,5832,0.033958740535165684,0,0.00920493298483092,1809729
2023,5833,2.8357226201734513,1,0.30754889168742294,60465421
2023,5834,0.4128706467339423,0,0.12016551164191587,23625051
2023,5835,0.07467392139903038,0,0.0008779820112163698,172615
2023,5836,0.1257664458680624,0,0.02019624642419535,3970668
2023,5837,0.2747385047978409,0,0.01792077177602546,3523300
2023,5838,0.07444928485179692,0,0.0010313357616909724,202765
2023,5839,0.1315578446910846,0,0.05907454519447534,11614307
2023,5841,0.22800602334927986,0,0.013989086795449635,2750314
2023,5842,0.0948684910398151,0,0.001553771044360885,305478
2023,5843,0.05905286085148065,0,0.0033662241796550154,661814
2023,5849,0.15791907495489912,0,0.009298984865428794,1828220
2023,5851,0.024821914312281868,0,0.00029600071339534013,58195
2023,5852,0.9868247948493923,0,0.11680298015953597,22963963
2023,5911,0.22737053582226976,0,0.012757694326837698,2508217
2023,5912,0.06910668282536678,0,0.005733700905389897,1127270
2023,5913,0.031851832340732265,0,0.003432301080895996,674805
2023,5914,0.015492280981622485,0,0.00043019414619041287,84578
2023,5921,1.8678808355802805,1,0.10401673609467459,20450133
2023,5922,0.5717927706645644,0,0.1149910763511092,22607735
2023,5981,0.16546846370517387,0,0.007679915132889038,1509904
2023,5982,0.002611248460904323,0,0.00022263505844191824,43771
2023,5983,7.370299890044194,1,0.5033754918071118,98965764
2023,5989,0.14251938423001514,0,0.10758912061311024,21152479
2023,6112,2.2262260391797932,1,0.002771542241205957,544897
2023,6113,6.80613829882876,1,0.09107215873301307,17905174
2023,6114,6.160359126667491,1,0.24834123645480766,48824944
2023,6115,20.761990955219325,1,0.09527020620794559,18730528
2023,6116,36.11716957789674,1,0.21257623753263705,41793393
2023,6118,1.640656516963445,1,0.0043555720405112335,856324
2023,6121,0.3147330692083751,0,0.0019429640435338594,381995
2023,6122,2.6681127493893784,1,0.04248915651487121,8353549
2023,6123,0.16419417219304208,0,0.009695288595718303,1906135
2023,6129,0.1419560943862468,0,0.001633413267410017,321136
2023,6130,0.04748633495723074,0,0.0003712584942252645,72991
2023,6210,0.3121037982177364,0,0.036925329856856134,7259677
2023,6251,0.042979503510949715,0,0.01387701394178604,2728280
2023,6252,0.8523465516808948,0,0.17080698913653614,33581381
2023,6253,0.37596019320085666,0,0.002563469431109272,503989
2023,6254,4.5415772444085665,1,0.0948641926166393,18650704
2023,6259,0.8113656427285325,0,0.09559461424128787,18794308
2023,6281,0.04074232416390527,0,0.0003621132191555022,71193
2023,6282,0.008649649108887476,0,0.0003804393738142084,74796
2023,6289,0.050386593818507984,0,0.008740914545418083,1718501
2023,6330,0.04823526019272347,0,0.0008208825351690102,161389
2023,6341,0.0,0,0.0,0
2023,6342,0.18257721115905254,0,0.016584813920937344,3260645
2023,6343,0.11730882707582227,0,0.00821253330804486,1614619
2023,6344,0.2704623180310377,0,0.00715392448466086,1406492
2023,6349,0.9519465654025663,0,0.013976752372733185,2747889
2023,6351,0.027489553804786678,0,0.0004300415553939207,84548
2023,6352,0.0008535948722571148,0,7.054781157820031e-06,1387
2023,6353,0.004943076189327407,0,0.0005861012493263174,115230
2023,6354,0.06465032918495042,0,0.0012439354320835907,244563
2023,6359,0.2282114597514554,0,0.01866967214612925,3670537
2023,6411,0.015110858071886326,0,0.001824904544287889,358784
2023,6412,0.10014772833508606,0,0.01850978750956478,3639103
2023,6413,0.017499289268012457,0,0.0018067462395053241,355214
2023,6415,0.02879401879009463,0,0.002810971703019526,552649
2023,6416,1.8419922065180518,1,0.12702071929700381,24972814
2023,6417,0.0315507606947599,0,0.0008942481901224321,175813
2023,6418,0.8464560486492341,0,0.17227226260529147,33869460
2023,6419,0.027617225880469484,0,0.00037677210833851393,74075
2023,6421,0.37009859542868073,0,0.07299029685313085,14350203
2023,6422,0.046961050909024714,0,0.00034752045265097034,68324
2023,6423,0.0237921597892241,0,0.0008085684578920943,158968
2023,6424,0.06826012054605074,0,0.005113053099737758,1005248
2023,6428,0.1433989519985019,0,0.024530465925917448,4822794
2023,6511,0.10347246782461719,0,0.0001373876668016416,27011
2023,6512,0.02814961095797795,0,0.000789311499374786,155182
2023,6513,61.88070704725742,1,5.848988699631144,1149936071
2023,6514,1.132913966799027,1,0.16612491856877065,32660866
2023,6515,1.3221701047521337,1,0.006774965241572626,1331987
2023,6516,1.6711538960260637,1,0.03857738463323761,7584478
2023,6517,1.3578414002896755,1,0.019002950791107618,3736061
2023,6518,0.7106104338931591,0,0.0002443741605821654,48045
2023,6519,0.12726793389170826,0,0.0035749582165364993,702852
2023,6521,119.92920368624802,1,2.3778473608504345,467494911
2023,6522,54.46827559581747,1,6.65784424184776,1308960513
2023,6531,6.821425849896262,1,1.988190444965245,390886703
2023,6532,18.385491528990705,1,0.4079582440213065,80206327
2023,6534,24.95931061094091,1,1.3824950877567699,271804418
2023,6535,3.899424793010991,1,0.04032991027638939,7929032
2023,6536,1.2498666638949625,1,0.025215100138898626,4957396
2023,6538,2.78377815804259,1,0.025688299457900406,5050429
2023,6539,7.531258728021617,1,0.12304330794107918,24190838
2023,6541,1.8751436570990105,1,0.01207146808321312,2373302
2023,6542,1.4931811354490967,1,0.020186592513137282,3968770
2023,6543,5.322589399433492,1,0.05457450018784535,10729579
2023,6544,0.9450606354060285,0,0.011822007562747882,2324257
2023,6545,20.17960168977561,1,0.04613479478834287,9070297
2023,6546,0.0026873488784712476,0,4.823903713104916e-05,9484
2023,6549,17.040039124319993,1,0.01401181773776708,2754783
2023,6551,1.1449039294993721,1,0.24099098865138,47379854
2023,6552,0.5039750093126163,0,0.03876960834593864,7622270
2023,6553,0.19890015003105657,0,0.0005168046822793526,101606
2023,6560,1.5525307676841338,1,0.0732809772340885,14407352
2023,6571,2.7821029915387094,1,0.04848604602605076,9532563
2023,6572,0.9208725253073297,0,0.12588382630865946,24749296
2023,6573,0.45983594366790126,0,0.06299335151182724,12384761
2023,6574,13.160742691731759,1,0.0669365927020574,13160019
2023,6575,0.7957347641222999,0,0.030783570643486947,6052181
2023,6576,0.15281384094018455,0,0.0001850468589060206,36381
2023,6577,0.6627191212617938,0,0.050916257914583436,10010353
2023,6579,0.3346726080810198,0,0.0001837498371358374,36126
2023,6581,6.5429833074365025,1,0.1535187062119706,30182431
2023,6582,14.872582280376575,1,0.6340524646106632,124657413
2023,6583,7.097743789664324,1,0.23351537224955443,45910116
2023,6584,95.52688471836687,1,18.3812546205609,3613832887
2023,6589,8.508116697057384,1,0.4094657139316517,80502702
2023,6591,0.049150125098575456,0,0.0005528568011305627,108694
2023,6592,51.37220264505673,1,0.30075497466892603,59129708
2023,6593,26.211282211104532,1,0.020359961089751768,4002855
2023,6594,0.41711365005693585,0,0.01437498891977826,2826184
2023,6595,0.13734721295630467,0,0.00771893259955208,1517575
2023,6596,0.09032002909402227,0,0.000845241112649039,166178
2023,6597,0.40784628902812853,0,0.0012264129222864099,241118
2023,6611,0.026463210969515642,0,0.00023522379915252,46246
2023,6612,12.988036396152117,1,1.200988681201839,236119486
2023,6613,0.4276848520540665,0,0.059132239774629024,11625650
2023,6618,0.01693198512538703,0,0.0007708887038783014,151560
2023,6623,0.05407263672297464,0,0.0026516567387619636,521327
2023,6624,0.05524148565099553,0,0.008862636223779865,1742432
2023,6631,0.017364688379791413,0,0.0005873931847366176,115484
2023,6632,0.011745595060186267,0,0.0003665841294927219,72072
2023,6633,0.30518976610521337,0,0.049308663009939885,9694293
2023,6635,0.004012706412319824,0,0.00013725542144468172,26985
2023,6637,0.013273823716635507,0,0.00020422243566519977,40151
2023,6638,0.03829496853952533,0,0.0004011815494173736,78874
2023,6639,0.12845445784076473,0,0.011270630892343293,2215854
2023,6641,0.7352139971102845,0,0.008861603692723602,1742229
2023,6642,0.02624006281317226,0,0.004804875640782346,944659
2023,6643,0.04505742338453532,0,0.00012146227400774503,23880
2023,6644,2.14813370489991,1,0.1347102679955114,26484612
2023,6645,0.00864425915961055,0,6.940338060450925e-05,13645
2023,6646,0.0,0,0.0,0
2023,6647,0.020613314216497865,0,0.001687689813722272,331807
2023,6648,0.055890013642949564,0,0.0031852667540949843,626237
2023,6649,0.0048606782422370995,0,0.00038674137370933384,76035
2023,6651,0.17519058523094302,0,0.021009784255693203,4130613
2023,6652,0.4208193604362948,0,0.03107576167332987,6109627
2023,6658,0.061510813893715884,0,0.0025360895558586985,498606
2023,6664,0.20652905372126684,0,0.011042151606395727,2170934
2023,6665,0.20488545595831215,0,0.0043584356611254035,856887
2023,6666,0.07226840263596525,0,0.001934398613490767,380311
2023,6671,0.4868282260300117,0,0.0023798925302094586,467897
2023,6672,0.0002712642629021305,0,0.00017474698014280102,34356
2023,6673,0.37605892989830186,0,0.02822143383866704,5548454
2023,6674,0.027932268413396917,0,0.0008209333987678409,161399
2023,6712,1.6434045924396792,1,0.05327865845315501,10474811
2023,6713,8.33657119061851,1,0.34687352362380236,68196811
2023,6716,0.03616932332915514,0,0.009053395064834576,1779936
2023,6724,0.017219189418604498,0,0.00016590180030613986,32617
2023,6725,1.1098320693888213,1,0.2702031182362723,53123083
2023,6727,0.0008685553912399863,0,0.0004114203918619963,80887
2023,6731,0.005140346418765684,0,0.0006746496885307074,132639
2023,6732,0.005007814919422761,0,0.0013495689541352174,265331
2023,6733,0.004792622592468767,0,0.0006202510695812588,121944
2023,6741,0.013171082715978853,0,0.0002479498715799646,48748
2023,6744,0.07321617912805342,0,0.01154534518962798,2269864
2023,6745,0.02598101073767861,0,0.0020919893017479685,411294
2023,6746,0.14598130949951052,0,0.03549609833423225,6978684
2023,6747,0.008506443323474614,0,0.00035381736618621273,69562
2023,6749,0.6389163191594874,0,0.2092460603854734,41138666
2023,6750,0.5178842444376146,0,0.07289606694993707,14331677
2023,6760,0.0006622349786152842,0,1.9170490399296107e-05,3769
2023,6770,0.09757171906179665,0,0.0091577671696352,1800456
2023,6781,0.06799929472845993,0,0.001611104492962866,316750
2023,6782,0.06831493708459765,0,0.011737350188854042,2307613
2023,6783,0.43762937721670786,0,0.08844100002457989,17387877
2023,6784,0.00012486799688266972,0,4.516687576167403e-06,888
2023,6785,0.015701542816682276,0,0.002169754658000247,426583
2023,6793,0.12086552917330684,0,0.010725601999072779,2108699
2023,6794,0.09352519179643673,0,0.012081595025740315,2375293
2023,6911,0.030559534870641194,0,0.01533754183677046,3015426
2023,6912,0.010257989861094774,0,0.0013137965850775766,258298
2023,6921,0.021578486327153635,0,0.000438820612552102,86274
2023,6924,2.1674560872124267,1,0.3109087070536253,61125975
2023,6931,0.014947463582155032,0,0.0012855113377678166,252737
2023,6932,0.1393247917399204,0,0.0003122262014223379,61385
2023,6935,0.017021234116048615,0,0.0007510366412546737,147657
2023,6940,0.0334686044073834,0,0.011387708724131832,2238872
2023,6951,0.4608218969269639,0,0.006421300466182904,1262455
2023,6953,0.5116226060709711,0,0.07247849714897645,14249581
2023,6954,0.16470593699305255,0,0.03663129756473554,7201869
2023,6960,3.5581280739377252,1,0.3040042278303501,59768525
2023,6973,0.05696242200124041,0,0.010129211043703007,1991446
2023,6974,0.9197571015020899,0,0.1369139537602916,26917866
2023,6975,0.3824100459568239,0,0.005713792892807556,1123356
2023,6978,0.005444257608263861,0,7.328427319529273e-05,14408
2023,6991,0.03763073657490836,0,0.013643071905324053,2682286
2023,6992,0.030221949307881895,0,0.0011891095589039642,233784
2023,6993,0.16136801164818873,0,0.005192898777182213,1020946
2023,6994,0.01244659641726426,0,0.000975746934528885,191836
2023,6996,0.04177999464831418,0,0.004486026998792249,881972
2023,6997,0.10917818144767498,0,0.04031215379403759,7925541
2023,6998,0.043236934257652467,0,0.011561260409702111,2272993
2023,6999,0.0030666387180899907,0,0.0002223959995274139,43724
2023,7111,0.43350962606770516,0,0.004878622772726998,959158
2023,7112,0.024114536527431923,0,0.00013144679845821417,25843
2023,7119,0.030967080092051125,0,0.0005776477192006527,113568
2023,7126,0.08432931322764671,0,0.0006691869380162888,131565
2023,7129,0.2361149758531322,0,0.008195427879758093,1611256
2023,7131,1.3055348933919486,1,0.04298699416114659,8451426
2023,7132,0.005430677685439068,0,0.002642775954406121,519581
2023,7133,1.0937489169257766,1,0.06444940341011456,12671027
2023,7138,0.04888031401710389,0,0.004383058729319351,861728
2023,7139,0.022789446964692393,0,0.010508511072903407,2066018
2023,7144,0.09851252690551893,0,0.04044369723333358,7951403
2023,7148,1.0658095195840331,1,0.07667432188464005,15074498
2023,7149,0.2649437521255572,0,0.14242559945226627,28001479
2023,7161,0.03358875201071288,0,0.00753905348228726,1482210
2023,7162,0.1159493664274098,0,0.04329672295986634,8512320
2023,7163,0.03640883317526749,0,3.8249426320696924e-05,7520
2023,7169,0.009006563505281619,0,0.0014800035669767005,290975
2023,7187,0.0,0,0.0,0
2023,7188,0.028462256665635274,0,0.003459380860913468,680129
2023,7211,0.12476995010414337,0,0.009377798011816986,1843715
2023,7212,0.02583918428094027,0,0.005087377155048014,1000200
2023,7213,0.5713397151551253,0,0.00867315914541569,1705180
2023,7219,0.034629457982479496,0,0.002165080293267704,425664
2023,7223,0.2649119861528055,0,0.004087922697104133,803703
2023,7224,0.8018138592190089,0,0.15876180227483885,31213246
2023,7233,0.1024644746057311,0,0.006324751182882443,1243473
2023,7234,0.08635250742476973,0,0.038172225550391674,7504822
2023,7239,0.09645573370378878,0,0.027881273348766875,5481577
2023,7243,0.04396285664594151,0,0.00127301415153511,250280
2023,7244,0.22632988926651487,0,0.008617504195575124,1694238
2023,7245,0.6971763492437898,0,0.02430734766328664,4778928
2023,7246,0.1976467071914496,0,0.004644950313338814,913217
2023,7247,0.06134906917645466,0,0.005355799625157341,1052973
2023,7248,0.18067715529519818,0,0.0011090756861438357,218049
2023,7251,0.0094666573583631,0,0.00016143597632880315,31739
2023,7252,0.15325490991163088,0,0.005747362868035827,1129956
2023,7259,0.04448975047663329,0,0.0016092784897648433,316391
2023,7263,0.07080077568915286,0,0.0004756712899049542,93519
2023,7264,0.04291020081948453,0,0.0010477240132342285,205987
2023,7267,0.06507610683526274,0,0.0012226693614124692,240382
2023,7268,0.08780770453246202,0,0.0004919323824511335,96716
2023,7269,0.028382291585959202,0,0.00015583589409754156,30638
2023,7271,0.07793308865779423,0,0.0005684871850512412,111767
2023,7272,0.7378689562665075,0,0.08339432900767609,16395680
2023,7281,0.023649821166311577,0,0.004142245020655336,814383
2023,7283,0.06059179390126766,0,0.008318100707418006,1635374
2023,7284,0.021097162877522654,0,0.023502258275554567,4620644
2023,7361,0.07782554953709418,0,0.01037189144644411,2039158
2023,7362,0.015403562828145171,0,0.0014006360073612544,275371
2023,7367,0.00723968475996547,0,0.0005967520869214689,117324
2023,7368,0.012056683619786302,0,0.0010600991268297413,208420
2023,7369,0.009773414134028996,0,0.0018388004794884403,361516
2023,7371,0.014415949955865334,0,0.0002912398805447853,57259
2023,7372,0.06428266140832727,0,0.002567752146130818,504831
2023,7373,0.006991188948973994,0,0.0015478047442180423,304305
2023,7411,0.06317312756460827,0,3.8040885565491e-05,7479
2023,7412,0.06431987340069388,0,0.0010203695697830705,200609
2023,7413,0.05054924198396513,0,0.006786653696583923,1334285
2023,7414,0.019952439644169387,0,0.004552795644977327,895099
2023,7415,0.016042645668598293,0,0.006414535607538419,1261125
2023,7416,0.04583767192785489,0,0.011869046218946527,2333505
2023,7421,0.03257951098673476,0,0.0042781016931321735,841093
2023,7422,0.21162866343090658,0,0.02463514321231106,4843374
2023,7423,0.009127637598077356,0,0.0006529767090689403,128378
2023,7428,0.0421869343954084,0,0.002508348549056427,493152
2023,7429,0.1532785407766574,0,0.017112630572363546,3364416
2023,7431,0.007035515559450137,0,0.0022849505366320483,449231
2023,7432,0.3523366716257677,0,0.025903340581036903,5092707
2023,7433,0.0965259943476729,0,3.254253053189081e-05,6398
2023,7434,0.8856484903983786,0,0.10918927417324487,21467076
2023,7435,0.06710517944776233,0,0.00436257087171034,857700
2023,7436,0.370012854622139,0,0.18478660512988349,36329833
2023,7439,0.01189328669165402,0,0.0018111154226448825,356073
2023,7441,0.013152814052691,0,0.00462354691095085,909009
2023,7442,0.07983360831637222,0,0.03547554944030464,6974644
2023,7449,0.01526156891223669,0,0.003535808504516499,695155
2023,7451,0.1759477542609992,0,0.0184886587706105,3634949
2023,7452,0.08987960122504347,0,0.040795831014398494,8020634
2023,7491,0.0150933496791035,0,0.003268815301534315,642663
2023,7492,0.01172442415969912,0,0.008231276544213979,1618304
2023,7493,0.02667879018036242,0,0.01262503188836743,2482135
2023,7499,0.026053839621970117,0,0.005175991716930884,1017622
2023,7511,0.0,0,0.0,0
2023,7512,0.019130008676194948,0,0.0018802085352965245,369657
2023,7518,0.0180368548440893,0,0.0061432952940538715,1207798
2023,7521,0.0,0,0.0,0
2023,7522,0.005884636902812446,0,0.0010313764525700369,202773
2023,7523,0.013370137058348162,0,0.017784676044634122,3496543
2023,7524,0.0065517264271225005,0,0.00044720293363940364,87922
2023,7525,0.02375825055190522,0,0.03874197415269391,7616837
2023,7528,0.03584927669024394,0,0.00845915055333546,1663105
2023,7591,0.012087752724655797,0,0.0018666889907273207,366999
2023,7599,0.0041516538303327894,0,0.003483663142995251,684903
2023,7611,0.004521117384201364,0,0.0025461300302678813,500580
2023,7621,0.0010359012388529898,0,4.499902588553268e-05,8847
2023,7622,0.0012606467412485068,0,8.865525276193451e-06,1743
2023,7628,0.00919506662394212,0,0.00018380070073466812,36136
2023,7631,0.5865472138175168,0,0.0010498704571048846,206409
2023,7638,0.011635779621380325,0,0.004006464643576745,787688
2023,7641,0.007951385085164416,0,0.009421042243542859,1852217
2023,7642,0.004051499098363187,0,0.001102315913859234,216720
2023,7643,0.00857358080851056,0,0.00660107276989018,1297799
2023,7648,0.008050282247719092,0,0.004051046587951865,796453
2023,7649,0.01513123015351204,0,0.010871748377593068,2137432
2023,7711,0.039060976566148514,0,0.008517424978515811,1674562
2023,7712,0.009973357573438169,0,0.007666202306644279,1507208
2023,7721,0.005558614327789652,0,0.00951247464880095,1870193
2023,7722,0.006292522423295128,0,0.0018999029207637768,373529
2023,7723,0.005050386456072908,0,0.0003516454905161412,69135
2023,7731,0.04384458254660661,0,0.03759217706932621,7390782
2023,7732,0.045845950812655765,0,0.0028459455135755253,559525
2023,7741,0.38266551827076095,0,0.09312253652455764,18308287
2023,7742,0.010442249960721874,0,0.0018829856877926815,370203
2023,7751,0.057718452878108666,0,0.004843913452884919,952334
2023,7752,0.05873273932140943,0,0.00993781132130303,1953816
2023,7753,0.0009227356738905396,0,3.244080333422939e-05,6378
2023,7754,0.004130557469718891,0,0.00013765724387544438,27064
2023,7757,0.23777060892655275,0,0.06525746831837821,12829896
2023,7758,0.004117942708182542,0,0.001723518132738627,338851
2023,7761,0.34486290423078547,0,3.561469190126594e-05,7002
2023,7762,0.0,0,0.0,0
2023,7763,0.0016202049325934821,0,0.0014212255921679275,279419
2023,7764,0.047273472829902304,0,0.1500599357142431,29502422
2023,7768,0.003493670252904079,0,0.0011653613446099037,229115
2023,7781,0.03580140649181095,0,0.0235478880100656,4629615
2023,7782,0.017775715721624785,0,0.00036338480912627,71443
2023,7783,0.01934078857868663,0,0.007739583220677349,1521635
2023,7784,0.0027574793074305547,0,0.0001549559538377702,30465
2023,7788,0.004421508964991029,0,0.007903989631177867,1553958
2023,7810,0.0017062023124133575,0,0.009213544192112962,1811422
2023,7821,0.004048557442245607,0,0.008194619148536683,1611097
2023,7822,0.08966792187129285,0,0.00991167760422381,1948678
2023,7831,0.004566075595063598,0,0.000579804335791075,113992
2023,7832,0.0004022088587007807,0,0.00014729589585386467,28959
2023,7841,0.07268261320398825,0,0.0012965639977937306,254910
2023,7842,0.013661441945570686,0,0.0009411088237251688,185026
2023,7849,0.03346513751094775,0,0.10572600224702083,20786182
2023,7851,0.34528565054111515,0,0.09202027656065712,18091578
2023,7852,0.025902050103172612,0,0.002576800780362802,506610
2023,7853,0.029548348645680903,0,0.005585535241996027,1098140
2023,7861,0.01184492173681381,0,0.0025345992524129584,498313
2023,7868,0.03500870205807548,0,0.003885205823964322,763848
2023,7912,0.0,0,0.0,0
2023,7913,0.014451910643612556,0,0.0006967295767831204,136980
2023,7914,0.0,0,0.0,0
2023,7915,0.0003076211409060767,0,7.609194385074815e-06,1496
2023,7919,0.0021923139396980303,0,0.00019731007258410574,38792
2023,7921,0.0006689085440694408,0,3.1672762991885605e-05,6227
2023,7922,5.90628282800377,1,0.06468218067016332,12716792
2023,7923,0.0,0,0.0,0
2023,7924,4.220695124529264e-05,0,2.5492835733953856e-05,5012
2023,7928,0.18774044364055612,0,0.0026107318871427714,513281
2023,7929,0.08039130504633464,0,0.04624650651045477,9092260
2023,7931,0.0033207004193890857,0,0.002024142347267679,397955
2023,7932,0.005374711874625974,0,0.0008580383941148468,168694
2023,7933,0.03537323035432062,0,0.0002555641523249225,50245
2023,7938,0.2908796048945356,0,0.04764407035644665,9367027
2023,8121,0.008306352267110087,0,0.0005948345292455511,116947
2023,8122,0.0722180304021829,0,0.004642208765361839,912678
2023,8124,0.0627619198603836,0,0.016871460818507718,3317001
2023,8211,0.010859810987368056,0,0.005955089805660463,1170796
2023,8212,6.079778084977289,1,1.0284062167663588,202189039
2023,8219,0.059148981631179744,0,0.03560807454705807,7000699
2023,8310,0.28271410868575786,0,0.14356892159950282,28226261
2023,8421,0.6400185152002904,0,0.05533333421880077,10878769
2023,8422,103.89097134559063,1,3.7016106477734496,727752407
2023,8423,16.898233126038026,1,4.191305326884906,824028465
2023,8424,20.739505564345926,1,1.003768657533103,197345190
2023,8429,31.96187539194726,1,3.7284201335403755,733023266
2023,8431,1.0307666767521444,1,0.19382222336692673,38106274
2023,8432,19.93657022311541,1,0.3052638546826729,60016173
2023,8433,0.3556064023521679,0,0.046671197215251696,9175756
2023,8434,2.1781481229037536,1,0.08206727228238335,16134775
2023,8435,0.9939719894387382,0,0.07227691962045044,14209950
2023,8439,5.143491271321652,1,1.7691044907725777,347813472
2023,8441,1.295310121554146,1,0.11125506363523512,21873219
2023,8442,53.89929324591264,1,0.5070855386557828,99695175
2023,8443,8.891225772428562,1,0.15973843932234727,31405257
2023,8451,7.405397703866527,1,3.2755151514131344,643980219
2023,8452,5.187196352256019,1,1.370710759948036,269487569
2023,8459,18.0609597102866,1,5.601441316795088,1101267202
2023,8461,11.308098593030737,1,0.06837092075728413,13442014
2023,8462,12.822244492853123,1,4.106034039525898,807263767
2023,8463,14.73973085643774,1,2.8803824588458657,566295450
2023,8464,24.473286825341216,1,0.7098715405127642,139563766
2023,8465,0.36340838140942217,0,0.027470259865695526,5400770
2023,8471,0.487146784095729,0,0.017927012739601993,3524527
2023,8472,21.030734730516283,1,1.6891258151899002,332089324
2023,8481,49.65173516907099,1,2.7275268969763706,536243396
2023,8482,0.952759552792811,0,0.06886739017275095,13539622
2023,8483,0.3852360975772179,0,0.005325373020336808,1046991
2023,8484,0.4801035991348715,0,0.03731227977132067,7335753
2023,8510,0.8350739674805027,0,0.7828508406558278,153911807
2023,8710,0.03616699224861214,0,0.014290636727477405,2809600
2023,8720,2.174480321262167,1,2.1201330210939817,416827175
2023,8731,0.0824028693727792,0,0.00448271577850837,881321
2023,8732,0.0036399636887388363,0,8.921475234907235e-05,17540
2023,8741,0.12318403717844942,0,0.007933068350629386,1559675
2023,8742,0.02007311057391778,0,0.0018635405339596995,366380
2023,8743,0.005706007848453365,0,0.000927380738400759,182327
2023,8744,0.025938822451568203,0,0.0027024186103950165,531307
2023,8745,0.08201015504716883,0,0.00813338954826427,1599059
2023,8748,0.04801716001913056,0,0.04021757801837175,7906947
2023,8749,0.05292847656271645,0,0.018148823807742853,3568136
2023,8811,0.0016481965569305529,0,3.4287151971784304e-05,6741
2023,8812,0.0015363002886308417,0,6.8055495235495334e-06,1338
2023,8813,0.017307667402305788,0,0.0023161756999542232,455370
2023,8821,0.01609106207127692,0,0.0026896925379675716,528805
2023,8822,0.0019593234670995307,0,0.00010332431466471242,20314
2023,8841,0.014011358001744103,0,0.004262491654651027,838024
2023,8842,0.06322015644672982,0,0.007714314184778251,1516667
2023,8851,0.0013801179339639766,0,0.00042946171036725055,84434
2023,8852,0.01950774315083824,0,0.0007976073523440754,156813
2023,8921,0.17357319061422816,0,0.017060709010677154,3354208
2023,8922,0.08797558210210508,0,0.0012330760537332334,242428
2023,8924,0.06743334897624503,0,0.0006406778908716735,125960
2023,8928,0.19583746824440812,0,0.0392127371053117,7709391
2023,8931,0.09774554988200763,0,0.04286491135123311,8427424
2023,8932,0.038474239384070116,0,0.001297459197133151,255086
2023,8933,0.009508274959753411,0,0.00010796307487807355,21226
2023,8935,0.399316815824093,0,0.016569234400615498,3257582
2023,8939,0.2666780665847764,0,0.22252178520732224,43748730
2023,8941,0.0009370964440781242,0,1.4435089348156635e-05,2838
2023,8942,0.00969986456695273,0,0.006624302175476167,1302366
2023,8946,0.009565841662040856,0,0.00018145080246868912,35674
2023,8947,8.155673489198552,1,1.5779320269321766,310228152
2023,8951,0.03437751331890797,0,0.0001297886451363329,25517
2023,8952,0.09959132071198779,0,0.01373550632347911,2700459
2023,8959,0.03629851118959405,0,0.0019343579226117026,380303
2023,8960,0.03641704482296933,0,0.004815409492100187,946730
2023,8972,0.04164653743715206,0,0.00221164083163734,434818
2023,8973,0.05447940667255961,0,0.05069872956146412,9967586
2023,8974,8.081681903108239,1,0.3349133044039518,65845381
2023,8981,0.14707899660072632,0,0.001888280588430959,371244
2023,8982,0.5334288542315414,0,0.01514794268576909,2978150
2023,8983,0.003000489925614277,0,0.003952722165052212,777122
2023,8989,0.2593013606310649,0,0.0025876550723532765,508744
2023,8991,2.5283801135436477,1,0.024799951445242337,4875776
2023,8993,1.1394580140188308,1,0.05487689445561371,10789031
2023,8994,0.09911258893167373,0,0.002640476919738973,519129
2023,8996,0.03255813718461806,0,0.015107572247377151,2970213
2023,8997,0.4117765211367646,0,0.038153339896145826,7501109
2023,8998,0.05343501570804369,0,0.0027423211036777116,539152
2023,8999,0.17480346498884797,0,0.00869347915314856,1709175
2024,5111,0.01928980774587689,0,0.003530835467221769,733237
2024,5112,0.002857551997192285,0,0.0007712839324596424,160170
2024,5113,0.0004301780725472285,0,2.887318760709256e-05,5996
2024,5114,3.411895257067136,1,0.04787264553389411,9941555
2024,5121,4.078290806085765,1,0.9537438232450747,198060846
2024,5122,0.0102955650789246,0,0.00015755052570527926,32718
2024,5123,0.0004670211175763772,0,1.525039779047067e-05,3167
2024,5137,0.03913589944170966,0,0.006165210465651947,1280309
2024,5138,0.16527317360414695,0,0.018282978155141825,3796766
2024,5139,0.008052528579693859,0,0.0024279480794273675,504204
2024,5145,0.002474873637971801,0,0.0001704269272498699,35392
2024,5146,0.009150840194983972,0,0.0009232582154616172,191730
2024,5147,0.016473597603397085,0,0.000900168333110715,186935
2024,5148,0.011059428382426044,0,0.001183521398214809,245778
2024,5154,0.005688361186110537,0,0.00036965481098373256,76765
2024,5155,0.07804474666170004,0,0.026023828709276352,5404283
2024,5156,0.01942170710798483,0,0.010720740722208482,2226341
2024,5157,0.002973893581688149,0,0.00017516528892521664,36376
2024,5161,9.216444628895404e-05,0,1.1224716529708598e-05,2331
2024,5162,0.0001494721809747283,0,7.974315990217692e-06,1656
2024,5163,0.0,0,0.0,0
2024,5169,1.7163136458481538,1,0.16856349428991668,35005027
2024,5221,0.00943092803825562,0,0.0014349097836431391,297983
2024,5222,0.11211035337463446,0,0.010782748733685555,2239218
2024,5223,0.0,0,0.0,0
2024,5224,0.03200446171645808,0,0.0009140222625212564,189812
2024,5225,0.2667661088173798,0,0.04136390866218773,8589907
2024,5231,0.1951049796114764,0,0.03017708939506549,6266777
2024,5232,1.205802605070481,1,0.258019539607466,53582070
2024,5233,0.00108454559832274,0,0.00010021346018865965,20811
2024,5239,0.10231830572000987,0,0.010118217585759207,2101217
2024,5241,2.547272421831832e-06,0,3.804172483256024e-07,79
2024,5249,0.21306359452469983,0,0.03692333664574863,7667748
2024,5311,1.3232091157387718,1,0.09513633936138306,19756651
2024,5312,0.10778254228840195,0,0.0012174941031127472,252833
2024,5322,0.05706281157807111,0,0.0021885163525761572,454482
2024,5323,0.08538170338871959,0,0.00030378965753313016,63087
2024,5331,0.03304527359234216,0,0.005437356699808109,1129158
2024,5332,0.08037348293544912,0,0.00353286275407677,733658
2024,5334,0.3579922554296128,0,0.06433786969133104,13360834
2024,5335,0.08253746096410258,0,0.010463063413662262,2172830
2024,5411,0.057279665588845986,0,0.003144090772512624,652923
2024,5413,0.03561023660859288,0,0.0023825869341206943,494784
2024,5414,0.0,0,0.0,0
2024,5415,0.0004953734616684217,0,6.52487812001508e-05,13550
2024,5416,0.031714087000779406,0,0.0221011538454628,4589674
2024,5417,0.46192895724495964,0,1.5548179263184359,322883930
2024,5419,0.171582388845678,0,0.08565850365139384,17788420
2024,5513,0.5228641782049046,0,0.03198527036125556,6642276
2024,5514,0.07227514821607989,0,0.016178928877918573,3359825
2024,5530,0.19304391168303714,0,0.1594662347367239,33115829
2024,5541,2.3548856332609533,1,0.11569444380110591,24025885
2024,5542,0.3001601167027351,0,0.11892907869412823,24697611
2024,5543,0.19197743491000924,0,0.0036391917826878793,755739
2024,5621,0.019923888089367084,0,0.005095987596630257,1058267
2024,5622,1.1429792048923313,1,0.029650153721236056,6157350
2024,5623,0.002145388377022636,0,0.0003102663815710787,64432
2024,5629,0.02571022628588877,0,0.005670408010785504,1177555
2024,5721,2.855410732770198,1,0.051653704057758196,10726755
2024,5722,0.3929321455063443,0,0.005912810844500218,1227894
2024,5723,0.0,0,0.0,0
2024,5821,0.16462380655491046,0,0.009464179212315156,1965395
2024,5822,0.34083010500691663,0,0.04018040171019754,8344132
2024,5823,2.9256660745696332,1,1.3111491940173148,272282045
2024,5824,0.13882548203915876,0,0.017326349160808104,3598106
2024,5825,0.2763833327977149,0,0.07968990630281954,16548941
2024,5826,0.21487261029236981,0,0.01869103103116541,3881505
2024,5827,0.06695539054457819,0,0.005929289171383386,1231316
2024,5828,0.09771555810728073,0,0.00028650234207124514,59497
2024,5829,0.1101339296606142,0,0.021146739938904136,4391474
2024,5831,0.03218377608220441,0,0.012606276405830228,2617904
2024,5832,0.04532890740018878,0,0.013481876526270597,2799737
2024,5833,3.7512305174324134,1,0.43109193655627415,89523446
2024,5834,0.3325805021450005,0,0.09919569477173426,20599644
2024,5835,0.10984511076073539,0,0.0012962163964751138,269181
2024,5836,0.16188241098809658,0,0.027940096328072955,5802228
2024,5837,0.2800794156340843,0,0.019085952289009455,3963517
2024,5838,0.10747799408339975,0,0.0015470943486335386,321280
2024,5839,0.11661627271616726,0,0.05352257361357672,11114857
2024,5841,0.3802975852102253,0,0.024545570620956917,5097298
2024,5842,0.14627687257310112,0,0.002558349333663536,531284
2024,5843,0.0839478950987093,0,0.005114599149348972,1062132
2024,5849,0.27569288815600934,0,0.017230171012696617,3578133
2024,5851,0.03068833215298599,0,0.00035567568095981833,73862
2024,5852,0.6999228849605539,0,0.08716746478243889,18101781
2024,5911,0.1587927676329904,0,0.009233641544421635,1917520
2024,5912,0.07260765006141746,0,0.006077295558023079,1262052
2024,5913,0.05068339866096212,0,0.005294478722908502,1099487
2024,5914,0.008390612341795594,0,0.0002493177598994692,51775
2024,5921,3.2269527155731046,1,0.17227209055108705,35775179
2024,5922,0.4573542075991093,0,0.09654189441659844,20048538
2024,5981,0.21401522887842286,0,0.010325448677932527,2144252
2024,5982,0.007538978885636491,0,0.0006176242565853389,128260
2024,5983,4.447685725428923,1,0.3390439303557789,70408139
2024,5989,0.10434460602029892,0,0.07625039986764515,15834670
2024,6112,1.6210368752461164,1,0.002407270716587999,499910
2024,6113,5.518738034519462,1,0.07164555020023608,14878396
2024,6114,4.923226685499299,1,0.19975441009799452,41482342
2024,6115,20.166024412344402,1,0.08841147252313747,18360120
2024,6116,39.53802517268233,1,0.21452636819068496,44549986
2024,6118,0.930164638587235,0,0.0024355901322513263,505791
2024,6121,0.23622207059593356,0,0.0013230334047779654,274750
2024,6122,2.5643875319255964,1,0.041916601954514555,8704683
2024,6123,0.13053082806019606,0,0.008213155421859483,1705599
2024,6129,0.18988784889354993,0,0.00198030291712868,411243
2024,6130,0.03302044832687162,0,0.0002740930351226999,56920
2024,6210,0.29891843018297376,0,0.03630677177896875,7539708
2024,6251,0.0024892705142026015,0,0.0008461057451746196,175708
2024,6252,1.054516188999099,1,0.213035257777862,44240332
2024,6253,0.4168406710622462,0,0.0029399078337341155,610521
2024,6254,5.802602973313999,1,0.12486754121814529,25930832
2024,6259,1.0615293068948395,1,0.11932085067500513,24778969
2024,6281,0.02298338821077244,0,0.00020271905468368623,42098
2024,6282,0.011588467517394003,0,0.0005034509280055915,104550
2024,6289,0.024389158521263426,0,0.004348222117851909,902981
2024,6330,0.04031807988634037,0,0.0006303176726180767,130896
2024,6341,0.0,0,0.0,0
2024,6342,0.05731258285152411,0,0.005550220237355646,1152596
2024,6343,0.3645326522093318,0,0.026782823719992615,5561901
2024,6344,0.10204871972549975,0,0.002748500172927858,570772
2024,6349,0.7914207093651084,0,0.011796257329756267,2449690
2024,6351,0.018310851569270602,0,0.00027338998552452854,56774
2024,6352,0.0018833671600487496,0,1.648314229137389e-05,3423
2024,6353,0.00904041564823522,0,0.0010826674887346645,224834
2024,6354,0.10933582059916211,0,0.002027648010616494,421075
2024,6359,0.5229104515297625,0,0.043546603186242046,9043180
2024,6411,0.009512117144481441,0,0.001126689950559888,233976
2024,6412,0.11484530595055602,0,0.02137905449242591,4439718
2024,6413,0.018114807857566653,0,0.0019953510677744716,414368
2024,6415,0.029635728710292495,0,0.0030541678396615824,634249
2024,6416,1.9494486199113168,1,0.13489085192355957,28012340
2024,6417,0.022607623162584533,0,0.0006707285782883102,139288
2024,6418,0.9000895446518229,0,0.19458307580915477,40408428
2024,6419,0.032323427174457325,0,0.00042436266361951954,88126
2024,6421,0.4217467319864966,0,0.08430837394463704,17508043
2024,6422,0.053619303730665424,0,0.00039659220449175055,82359
2024,6423,0.025710281179613104,0,0.0008908794106800811,185006
2024,6424,0.080751261295406,0,0.006251902259596323,1298312
2024,6428,0.20289009994655796,0,0.0348326934649727,7233591
2024,6511,0.10668571998933259,0,0.00014648953305459685,30421
2024,6512,0.10920873275053485,0,0.002676890237486718,555901
2024,6513,40.69743034755796,1,3.6765372620940644,763494413
2024,6514,0.7657349059067238,0,0.11377343300522574,23626955
2024,6515,0.9238579601064882,0,0.004650798292516963,965816
2024,6516,1.4294847837528724,1,0.032738934715087056,6798787
2024,6517,0.6332041663680108,0,0.009232413615328939,1917265
2024,6518,0.7328201526044431,0,0.00025449913912982804,52851
2024,6519,0.07991071171887947,0,0.002321392726630546,482076
2024,6521,109.64325791351303,1,2.000729739094465,415484971
2024,6522,54.6756630619853,1,6.767611714488693,1405407688
2024,6531,6.527551229864547,1,1.9827841573307303,411758271
2024,6532,19.227143398964383,1,0.4224348245748023,87725652
2024,6534,21.887356828346466,1,1.2361328436261967,256703646
2024,6535,4.635175525419737,1,0.04723700683520768,9809554
2024,6536,1.3596823953503707,1,0.030627416739735285,6360295
2024,6538,2.834832447514472,1,0.03129534275044732,6499001
2024,6539,6.821171704344879,1,0.1224769992296672,25434396
2024,6541,1.9701779284457714,1,0.012168363183517186,2526964
2024,6542,1.649035240832012,1,0.019825801236696063,4117159
2024,6543,5.460864151524025,1,0.054254756431398335,11266907
2024,6544,0.8343722694666327,0,0.012773091776925106,2652546
2024,6545,19.920659857134076,1,0.04681043871462951,9720970
2024,6546,0.011674121880891728,0,0.0002353145528345217,48867
2024,6549,15.78599815505466,1,0.013958052982193705,2898623
2024,6551,0.9979420664048503,0,0.2285735399325592,47467116
2024,6552,0.4923685344878629,0,0.040551583005582786,8421214
2024,6553,0.23933136163364999,0,0.000661165177589897,137302
2024,6560,1.6043436303422234,1,0.07954451949824426,16518749
2024,6571,2.550158608867699,1,0.04690340498546716,9740276
2024,6572,0.84947994304295,0,0.11969910098963772,24857519
2024,6573,0.336404008341672,0,0.04805274180082294,9978955
2024,6574,11.219204614753421,1,0.06325318454655779,13135581
2024,6575,0.5193067034893225,0,0.021223921301640372,4407502
2024,6576,0.40074989718955306,0,0.0003824204581395702,79416
2024,6577,0.7222993998047433,0,0.056331459005416,11698169
2024,6579,0.2960449952335794,0,0.00016884747335808766,35064
2024,6581,5.855739959631257,1,0.14223805248761662,29538109
2024,6582,12.875483036316098,1,0.5513014948928582,114486970
2024,6583,7.234367672312507,1,0.2415299061458295,50157722
2024,6584,93.5920885112788,1,19.215615707138564,3990443776
2024,6589,8.636409122021876,1,0.42335097043234265,87915905
2024,6591,0.055249480531707224,0,0.0006680704729582378,138736
2024,6592,40.20577099085419,1,0.24648165300503766,51186035
2024,6593,21.268036337121675,1,0.01747325281896847,3628613
2024,6594,0.40440689060451457,0,0.014905373792463967,3095350
2024,6595,0.11037559294427302,0,0.006561374098813305,1362579
2024,6596,0.0735854150660658,0,0.0007253160457189309,150624
2024,6597,0.24510095771523377,0,0.0007583979000986383,157494
2024,6611,0.03454560809124111,0,0.00032819414632444857,68155
2024,6612,16.216484643778927,1,1.4211190275728611,295119119
2024,6613,0.41925974729321014,0,0.055774706323970975,11582550
2024,6618,0.011849465043150507,0,0.0005717526780087605,118734
2024,6623,0.03669317080458848,0,0.001687381635917966,350413
2024,6624,0.06429406199645028,0,0.009150190520200335,1900190
2024,6631,0.022081559663351194,0,0.0007709998233754498,160111
2024,6632,0.0071800722767444555,0,0.0002321363834181306,48207
2024,6633,0.2721023210184765,0,0.04321618913673433,8974564
2024,6635,0.0025239237407318747,0,9.011073377110124e-05,18713
2024,6637,0.007170278933200411,0,0.00010944459772081383,22728
2024,6638,0.016122512294924528,0,0.00016944939938391928,35189
2024,6639,0.13947279916535527,0,0.012799104612057447,2657948
2024,6641,0.6167880953510153,0,0.007084837863325746,1471285
2024,6642,0.02559825681447843,0,0.004970213949680682,1032148
2024,6643,0.009741424316515422,0,4.7990358187505744e-05,9966
2024,6644,0.999064751564767,0,0.05821514557228639,12089348
2024,6645,0.07310131459026947,0,0.0004848971601853568,100697
2024,6646,0.0,0,0.0,0
2024,6647,0.023993491618885563,0,0.00198751158321404,412740
2024,6648,0.04259955081748462,0,0.0025345756633472897,526347
2024,6649,0.00355103211808689,0,0.00028381534429193267,58939
2024,6651,0.5809512569171547,0,0.06714469408845788,13943718
2024,6652,0.42822649446006106,0,0.03270242429006421,6791205
2024,6658,0.03670670317598699,0,0.0015545100772717845,322820
2024,6664,0.22447155781885086,0,0.01165903264209127,2421193
2024,6665,0.22301532686803566,0,0.00460883200999598,957101
2024,6666,0.031659211343693025,0,0.0008777815003579844,182286
2024,6671,0.40115767974948696,0,0.0019003478792654104,394639
2024,6672,0.0010898453235105505,0,0.0004971234816220492,103236
2024,6673,0.32040924092240286,0,0.023059588617874018,4788709
2024,6674,0.05519287827940176,0,0.0013852436633997182,287669
2024,6712,0.0002659819673304384,0,8.133224461037247e-06,1689
2024,6713,0.06551314825282714,0,0.0029359351219636265,609696
2024,6716,6.465019002560968e-05,0,1.5048150645791235e-05,3125
2024,6724,0.15788077088160432,0,0.0013930687017355294,289294
2024,6725,1.2984027235171245,1,0.2948589773960301,61232395
2024,6727,0.00024811908389971073,0,0.00011404812796637428,23684
2024,6731,0.0004416944335264461,0,5.513642396617909e-05,11450
2024,6732,0.0016125927332715953,0,0.0003909774385227929,81193
2024,6733,0.0002201493634777379,0,2.6995178406497815e-05,5606
2024,6741,0.008772617926435614,0,0.0001700031713276844,35304
2024,6744,0.06206243350245147,0,0.00926282773356216,1923581
2024,6745,0.01598652506476143,0,0.0012465647224563128,258870
2024,6746,0.1240634266709931,0,0.028367786438763275,5891045
2024,6747,0.007920261820620124,0,0.0003552663712622528,73777
2024,6749,0.47792976587895236,0,0.15537291625229116,32265783
2024,6750,0.38622884635312943,0,0.05333431522973761,11075762
2024,6760,0.0,0,0.0,0
2024,6770,0.02090370971921258,0,0.0017384634861741432,361021
2024,6781,0.024650145731812394,0,0.0005172615187422729,107418
2024,6782,0.02526339094732918,0,0.0038443281722913055,798339
2024,6783,0.3198232002914239,0,0.05941088366112149,12337663
2024,6784,0.0,0,0.0,0
2024,6785,0.008472173796250695,0,0.0011699082392146005,242951
2024,6793,0.07320731076051248,0,0.006582191108490666,1366902
2024,6794,0.0566609335886763,0,0.007510052854197843,1559588
2024,6911,0.05426465847102948,0,0.0284950432314405,5917472
2024,6912,0.006930811922295572,0,0.0008969853482861174,186274
2024,6921,0.05805387255771747,0,0.0011873448323308916,246572
2024,6924,2.2558215109585937,1,0.33192683407287676,68930155
2024,6931,0.0059482783633425015,0,0.0005067735596681823,105240
2024,6932,0.2313237653969374,0,0.00044037389590664133,91451
2024,6935,0.014630106576906287,0,0.0006105793143790052,126797
2024,6940,0.03103190605472491,0,0.010744581808239622,2231292
2024,6951,0.29050425005571817,0,0.00420988025548297,874252
2024,6953,0.4966880518467334,0,0.07433092037157471,15436058
2024,6954,0.0698510687490728,0,0.015589965930979234,3237517
2024,6960,3.2245974860075193,1,0.2866377946886901,59525129
2024,6973,0.05520610795554788,0,0.010112087571112139,2099944
2024,6974,0.8917808705757226,0,0.1404639116420394,29169679
2024,6975,0.26044201615446516,0,0.004114467757276343,854438
2024,6978,0.014352738612801967,0,0.00017619578628144043,36590
2024,6991,0.04064598420682496,0,0.015530038175847433,3225072
2024,6992,0.01922406855071296,0,0.0007457478227397604,154867
2024,6993,0.1589870335742612,0,0.005196894475600675,1079222
2024,6994,0.012014107904758113,0,0.0009916803506699523,205939
2024,6996,0.04375175337899926,0,0.00493515296252804,1024867
2024,6997,0.06933953341984532,0,0.025939645743007642,5386801
2024,6998,0.03860660289653096,0,0.010738702194819299,2230071
2024,6999,0.06620329768508543,0,0.005359843073905612,1113061
2024,7111,0.0009520316695809505,0,1.2260029294139035e-05,2546
2024,7112,0.0,0,0.0,0
2024,7119,0.0025900968619393073,0,3.9433377804283016e-05,8189
2024,7126,0.0860085708208935,0,0.0006394236095368579,132787
2024,7129,0.3438944489442463,0,0.012638457778875291,2624587
2024,7131,1.483409237407646,1,0.04092784937203425,8499352
2024,7132,0.003472971589863579,0,0.0017522018457877247,363874
2024,7133,0.5051266638524011,0,0.026164506044625516,5433497
2024,7138,0.02684698778463577,0,0.0021370300080306216,443790
2024,7139,0.011917400633581534,0,0.005592383951613102,1161352
2024,7144,0.0425035197316759,0,0.018215774318209775,3782810
2024,7148,0.42617134868367107,0,0.03294445152193881,6841466
2024,7149,0.23759849480080958,0,0.14539106139612795,30192884
2024,7161,0.03375902936141634,0,0.007819664340252818,1623884
2024,7162,0.10990103860742756,0,0.04325449089361005,8982518
2024,7163,0.0,0,0.0,0
2024,7169,0.0030455108043671917,0,0.0005084107984584444,105580
2024,7187,0.0,0,0.0,0
2024,7188,0.016572395983153448,0,0.002120373511043808,440331
2024,7211,0.2027235204253726,0,0.01265002438938767,2626989
2024,7212,0.031151007210367804,0,0.0056393197354033505,1171099
2024,7213,0.440174875238598,0,0.006772288978264714,1406379
2024,7219,0.04139414278049594,0,0.0026490138393784027,550112
2024,7223,0.0018930848528385118,0,2.8203845866367764e-05,5857
2024,7224,1.1216928865626454,1,0.17380733899553222,36093999
2024,7233,0.09661726079206849,0,0.006009041962101977,1247878
2024,7234,0.0981735162541811,0,0.03751633008935693,7790893
2024,7239,0.09219681352758977,0,0.025179832112896247,5229013
2024,7243,0.05572065215449148,0,0.0018314297570117897,380327
2024,7244,0.256919827201159,0,0.007554566487660145,1568832
2024,7245,2.113032698289444,1,0.07184238482609123,14919272
2024,7246,0.22642627138437385,0,0.004623504558801652,960148
2024,7247,0.05957233261994671,0,0.00542748511298447,1127108
2024,7248,0.013237571591678165,0,9.68041511783492e-05,20103
2024,7251,0.03058617785582651,0,0.00043097903449546097,89500
2024,7252,0.7404009761396734,0,0.02799073997618233,5812745
2024,7259,0.0029770727464833568,0,0.0001051059149266193,21827
2024,7263,0.06339084150219283,0,0.0004313498209273733,89577
2024,7264,0.02851984023471057,0,0.0006964187810708051,144623
2024,7267,0.09162048866660921,0,0.0018317909126272887,380402
2024,7268,0.02163632105348338,0,0.0001257736469495748,26119
2024,7269,0.007980620324379961,0,4.133546404591103e-05,8584
2024,7271,0.41157462348456303,0,0.0032824567119225973,681657
2024,7272,0.73394467917723,0,0.09042681716578596,18778640
2024,7281,0.018003840701847372,0,0.003266459925860095,678335
2024,7283,0.05717940248455294,0,0.007476465381956437,1552613
2024,7284,0.01637039448715794,0,0.01977074185926119,4105725
2024,7361,0.08160318822696971,0,0.010783283243996494,2239329
2024,7362,0.017360251663708443,0,0.0016674073226767686,346265
2024,7367,0.005134609734456171,0,0.00039947181859932915,82957
2024,7368,0.019226330304471708,0,0.0017685357104246925,367266
2024,7369,0.011772366027221821,0,0.0023689063594055926,491943
2024,7371,0.021130519125428925,0,0.0004373064808790033,90814
2024,7372,0.07968216806669486,0,0.003414605959337781,709100
2024,7373,0.007013749329411503,0,0.001735882427375377,360485
2024,7411,0.008078359649533424,0,4.993578310299364e-06,1037
2024,7412,0.00950873669142123,0,0.0001523402540256805,31636
2024,7413,0.026231110510330467,0,0.003799289659334478,788986
2024,7414,0.013064903772603286,0,0.0030229928869317095,627775
2024,7415,0.018461401394735916,0,0.008158033444117925,1694152
2024,7416,0.013588947305662439,0,0.003594389224733178,746435
2024,7421,0.012535351489098416,0,0.0016773752176645407,348335
2024,7422,0.11483069277682093,0,0.014818629029029319,3077336
2024,7423,0.005327995189694985,0,0.000399751112275315,83015
2024,7428,0.054008696105400794,0,0.003329599558265732,691447
2024,7429,0.11195124038776581,0,0.012671260339579011,2631399
2024,7431,0.008797736600115614,0,0.0030105306104928915,625187
2024,7432,0.01343352183458267,0,0.001050283868544922,218109
2024,7433,0.0,0,0.0,0
2024,7434,0.8211687082185336,0,0.11155721842464493,23166721
2024,7435,0.035238502952410114,0,0.0025277859377759084,524937
2024,7436,0.3285259184957984,0,0.17059100746910338,35426074
2024,7439,0.006704745187866904,0,0.0010770864306231536,223675
2024,7441,0.010377074847955981,0,0.0037540729762740046,779596
2024,7442,0.05716163342438045,0,0.026586677697511007,5521168
2024,7449,0.011892459479891928,0,0.0028243284059580255,586519
2024,7451,0.0877533979607328,0,0.009929222444464484,2061969
2024,7452,0.06626323678984065,0,0.032635475669767114,6777302
2024,7491,0.007565239373000314,0,0.001586662557867608,329497
2024,7492,0.008034944411968153,0,0.0060163758288007095,1249401
2024,7493,0.02668860278056749,0,0.012885897529574163,2675972
2024,7499,0.014206875836662232,0,0.002974925482212898,617793
2024,7511,0.0,0,0.0,0
2024,7512,0.026635298123975762,0,0.002839049108845764,589576
2024,7518,0.012802504063642483,0,0.005106557417643861,1060462
2024,7521,0.0,0,0.0,0
2024,7522,0.0003138211550574895,0,8.449115239393696e-05,17546
2024,7523,0.0063277800225749505,0,0.010995734238665825,2283448
2024,7524,0.002627037552621111,0,0.00021114601904532933,43848
2024,7525,0.016041889944009576,0,0.030363594970317376,6305508
2024,7528,0.024146593782875755,0,0.007034020860520935,1460732
2024,7591,0.0062389661920383335,0,0.0011389836877114738,236529
2024,7599,0.0024751973140454187,0,0.0027175659906083175,564348
2024,7611,0.007457967485531056,0,0.004503215661799455,935168
2024,7621,0.0033354129090801747,0,0.00013357942365255964,27740
2024,7622,0.0,0,0.0,0
2024,7628,0.007854905218164919,0,0.00014411072140051018,29927
2024,7631,0.0,0,0.0,0
2024,7638,0.007851855841928655,0,0.0027894889275828895,579284
2024,7641,0.010038803001759392,0,0.011586151438883575,2406058
2024,7642,0.0022673452823699985,0,0.0007219597061988936,149927
2024,7643,0.013832529000835208,0,0.010417928592541302,2163457
2024,7648,0.01505361814097548,0,0.007574280768858184,1572926
2024,7649,0.00814720786348952,0,0.006841939042565746,1420843
2024,7711,0.1082929377044288,0,0.027443319555841787,5699064
2024,7712,0.008923727326620709,0,0.006883886063453902,1429554
2024,7721,0.02002961913295317,0,0.035923263038574474,7460066
2024,7722,0.0027646305635420725,0,0.0009059371921422856,188133
2024,7723,0.011617378889962282,0,0.000838420353676801,174112
2024,7731,0.04188241220757108,0,0.03843703613846902,7982093
2024,7732,0.0805704120561774,0,0.005210252417965931,1081996
2024,7741,0.34003783641139196,0,0.0876076075387516,18193184
2024,7742,0.006128749385464413,0,0.0011115791996074104,230838
2024,7751,0.07184106670365799,0,0.006216855718668301,1291034
2024,7752,0.1148537480391049,0,0.019504724263701048,4050482
2024,7753,0.0,0,0.0,0
2024,7754,0.002423054371070062,0,8.628248424681196e-05,17918
2024,7757,0.14387376091128154,0,0.043662755647594725,9067301
2024,7758,0.0044868396229749245,0,0.0020146175160092906,418369
2024,7761,0.333540669094406,0,2.279614245029623e-05,4734
2024,7762,0.0,0,0.0,0
2024,7763,0.007725795028542109,0,0.005779712961668325,1200254
2024,7764,0.047181552438412495,0,0.16780278499387885,34847053
2024,7768,0.000753657748642408,0,0.00027413637379655975,56929
2024,7781,0.03156867269301582,0,0.021137980711376233,4389655
2024,7782,0.007935236180672947,0,0.00015868214663384276,32953
2024,7783,0.00613270253954186,0,0.002525084493771976,524376
2024,7784,0.0019048860996596724,0,0.00011604652237213534,24099
2024,7788,0.0033270322083168353,0,0.0064245779824787,1334171
2024,7810,0.002824720825180831,0,0.015014996560288428,3118115
2024,7821,0.0027663271679997364,0,0.005529114303185885,1148213
2024,7822,0.014616261309862098,0,0.0017021167850303249,353473
2024,7831,0.02079641281264912,0,0.002941684719362371,610890
2024,7832,0.0026447535647478714,0,0.0008238826363009152,171093
2024,7841,0.128113527733179,0,0.0027079303587868044,562347
2024,7842,0.006498700151527588,0,0.00038991323330912254,80972
2024,7849,0.03393970804919797,0,0.10736606047626943,22296357
2024,7851,0.42978864952028933,0,0.11798635178328712,24501838
2024,7852,0.046222875050666155,0,0.004649762979752532,965601
2024,7853,0.03164745764593478,0,0.005893149532792454,1223811
2024,7861,0.004960908589341738,0,0.0012822661589004395,266284
2024,7868,0.013803100723492612,0,0.0015082051119566075,313204
2024,7911,0.0,0,0.0,0
2024,7912,0.0,0,0.0,0
2024,7913,0.0,0,0.0,0
2024,7914,0.0,0,0.0,0
2024,7915,0.0,0,0.0,0
2024,7919,0.0020654788612593294,0,0.00019336271653815906,40155
2024,7921,0.001536104917125972,0,7.113321002868101e-05,14772
2024,7922,4.756769684638306,1,0.06712906808882729,13940473
2024,7924,0.10490573832208533,0,0.06794558796598024,14110037
2024,7928,0.000864735208563546,0,1.2452645622405163e-05,2586
2024,7929,0.06769002356668137,0,0.04069089758040947,8450145
2024,7931,0.0028126961249658835,0,0.0020951215104081187,435087
2024,7932,0.0006759678904168293,0,0.00010678167698253461,22175
2024,7933,0.066477098704146,0,0.0002984686314647784,61982
2024,7938,7.582669084778993e-05,0,1.4027284105980757e-05,2913
2024,8121,0.0005602074546083349,0,3.785392391250077e-05,7861
2024,8122,0.11408467308375773,0,0.006751842755019265,1402133
2024,8124,0.03988549260179113,0,0.011065157978781145,2297865
2024,8211,0.01001176433004358,0,0.005808937674074502,1206323
2024,8212,6.419967609844301,1,1.1044501562967475,229357535
2024,8219,0.04006271173414478,0,0.025349281512280164,5264202
2024,8310,0.32916772450281906,0,0.16777518788944654,34841322
2024,8421,0.6364188271275953,0,0.05464921059464633,11348822
2024,8422,125.15174733394875,1,4.605908638274028,956493913
2024,8423,14.103878875013107,1,3.6479412975374284,757555983
2024,8424,21.69267008638186,1,1.0143347612105023,210643567
2024,8429,38.64876106681362,1,4.53655097519012,942090635
2024,8431,1.2298076814064405,1,0.22335614144881458,46383636
2024,8432,22.046545390058153,1,0.3553567709205163,73795773
2024,8433,0.36333581118364655,0,0.04708218183054737,9777402
2024,8434,3.8692513555495696,1,0.16342868487232437,33938698
2024,8435,0.6674258986505041,0,0.05233870550597103,10869007
2024,8439,4.846741198266099,1,1.7493281305551993,363277225
2024,8441,0.9911936732772963,0,0.0860485228236835,17869414
2024,8442,54.37263271580319,1,0.5104817851429208,106010075
2024,8443,8.3125665435823,1,0.16563390587596943,34396649
2024,8451,7.408464149811184,1,3.4636864296351084,719292380
2024,8452,5.700565891420142,1,1.5607231962336845,324110258
2024,8459,19.129084587627467,1,5.949612760628037,1235536533
2024,8461,11.272519906509174,1,0.07312150170802452,15184902
2024,8462,12.454850469872893,1,4.340506191850652,901378659
2024,8463,14.589360618655803,1,3.071704939977963,637890872
2024,8464,23.562287505937178,1,0.7160646786569006,148702799
2024,8465,0.2699418547358748,0,0.021522828135251956,4469575
2024,8471,0.4724994529030461,0,0.018238608983925726,3787552
2024,8472,21.135002503292913,1,1.7611036768142587,365722614
2024,8481,45.93469328303774,1,2.6238990634303785,544896497
2024,8482,0.7685693731491364,0,0.06518906532298009,13537599
2024,8483,0.37146403826811525,0,0.0034463250531950058,715687
2024,8484,0.4133854818361349,0,0.033564955392631726,6970324
2024,8510,0.7978574523584522,0,0.7873438100004678,163505102
2024,8710,0.009976591216961709,0,0.004346401893549794,902603
2024,8720,1.9245062546559608,1,2.0304418863809537,421655195
2024,8731,0.08760880800087861,0,0.004900250883846218,1017619
2024,8732,0.001026889470845912,0,2.542535533112887e-05,5280
2024,8741,0.11510219794121962,0,0.00779523095901226,1618810
2024,8742,0.007518401858038416,0,0.000756736584267343,157149
2024,8743,0.01118611108267278,0,0.0017867283226294282,371044
2024,8744,0.016442607342412915,0,0.001738935396178395,361119
2024,8745,0.07250391589525002,0,0.007628882682513425,1584265
2024,8748,0.022025955969150097,0,0.01935597630419753,4019592
2024,8749,0.02770835396931522,0,0.009618368583092191,1997415
2024,8811,0.016844302261223708,0,0.00028274632367005566,58717
2024,8812,0.07610416304427846,0,0.0003404108369447277,70692
2024,8813,0.041261664037240846,0,0.006173815600117236,1282096
2024,8821,0.011977224269541821,0,0.00224727396351374,466684
2024,8822,0.0006597532611625989,0,3.9154084128297134e-05,8131
2024,8830,1.4384385855126187,1,5.287318210905209e-05,10980
2024,8841,0.011496569921074904,0,0.003863300880625519,802279
2024,8842,0.02985743410201908,0,0.003932859452170624,816724
2024,8851,0.007921787446354077,0,0.0024738244734121527,513731
2024,8852,0.03125288502641426,0,0.001290702754078496,268036
2024,8921,0.16813475456037766,0,0.01698122403922906,3526435
2024,8922,0.018038140724407202,0,0.00024305772923082004,50475
2024,8924,0.04039320015125039,0,0.00041300793106823126,85768
2024,8928,0.19887029928990163,0,0.03916475507288308,8133216
2024,8931,0.13980417235429807,0,0.06451913128704588,13398476
2024,8932,0.029974705321504407,0,0.0010549211066479289,219072
2024,8933,0.01362720492147783,0,0.00013998873197561506,29071
2024,8935,0.5073994971389063,0,0.020895255245311672,4339249
2024,8939,0.3188272620989664,0,0.270188504717009,56109159
2024,8941,0.0024861149674074595,0,4.1138032309438245e-05,8543
2024,8942,0.010729182012703096,0,0.007005393258732383,1454787
2024,8946,0.005760023712637502,0,0.00011508825613901137,23900
2024,8947,7.05712082645295,1,1.5156902739657852,314758419
2024,8951,0.019087608811530744,0,7.342052892684128e-05,15247
2024,8952,0.05121287089203456,0,0.006165393451163798,1280347
2024,8959,0.03592525905971889,0,0.002273156782624501,472059
2024,8960,0.00955177023417654,0,0.001174010967006669,243803
2024,8972,0.0647332169554007,0,0.0035776123425411985,742951
2024,8973,0.07779657918082064,0,0.07145493226637571,14838811
2024,8974,0.7802753451327601,0,0.03993459919828893,8293087
2024,8981,0.15633015829418456,0,0.001818678556080572,377679
2024,8982,0.5571252453213765,0,0.016177985057910068,3359629
2024,8983,0.0005750020655971535,0,0.0008901811764901163,184861
2024,8989,0.21868984056507024,0,0.002149246698650901,446327
2024,8991,0.5318601252704394,0,0.005343470686002992,1109661
2024,8993,0.6344153470047835,0,0.03084122086411069,6404695
2024,8994,0.07672266371215869,0,0.002145466603208678,445542
2024,8996,0.025579517155713532,0,0.01328132922068811,2758090
2024,8997,0.25264698299563754,0,0.024045567525227293,4993464
2024,8998,0.08502057630237468,0,0.004580146623308946,951144
2024,8999,0.15930415916228013,0,0.008501742835684209,1765529
